2619406 execve("/usr/bin/bash", ["bash", "/data/source/.nanhai-plus-opaley"...], 0x7ffe2e5a8358 /* 26 vars */) = 0
2619407 execve("/usr/bin/uname", ["uname", "-s"], 0x5651cf42d090 /* 26 vars */) = 0
2619406 --- SIGCHLD {si_signo=SIGCHLD, si_code=CLD_EXITED, si_pid=2619407, si_uid=1000, si_status=0, si_utime=0, si_stime=0} ---
2619408 execve("/usr/bin/uname", ["uname", "-m"], 0x5651cf42d090 /* 26 vars */) = 0
2619406 --- SIGCHLD {si_signo=SIGCHLD, si_code=CLD_EXITED, si_pid=2619408, si_uid=1000, si_status=0, si_utime=0, si_stime=0} ---
2619409 execve("/usr/bin/readlink", ["readlink", "-f", "/data/source/.nanhai-plus-opaley"...], 0x5651cf42d090 /* 26 vars */) = 0
2619406 --- SIGCHLD {si_signo=SIGCHLD, si_code=CLD_EXITED, si_pid=2619409, si_uid=1000, si_status=0, si_utime=0, si_stime=0} ---
2619410 execve("/usr/bin/readlink", ["readlink", "-f", "/opt/19.SourceCode/AOSP-16.0.0_r"...], 0x5651cf42d090 /* 26 vars */) = 0
2619406 --- SIGCHLD {si_signo=SIGCHLD, si_code=CLD_EXITED, si_pid=2619410, si_uid=1000, si_status=0, si_utime=0, si_stime=0} ---
2619411 execve("/usr/bin/readlink", ["readlink", "-f", "/data/source/.nanhai-plus-opaley"...], 0x5651cf42d090 /* 26 vars */) = 0
2619406 --- SIGCHLD {si_signo=SIGCHLD, si_code=CLD_EXITED, si_pid=2619411, si_uid=1000, si_status=0, si_utime=0, si_stime=0} ---
2619412 execve("/usr/bin/readlink", ["readlink", "-m", "/data/source/.nanhai-plus-opaley"...], 0x5651cf42d090 /* 26 vars */) = 0
2619406 --- SIGCHLD {si_signo=SIGCHLD, si_code=CLD_EXITED, si_pid=2619412, si_uid=1000, si_status=0, si_utime=0, si_stime=0} ---
2619413 execve("/usr/bin/readlink", ["readlink", "-m", "/data/source/.nanhai-plus-opaley"...], 0x5651cf42d090 /* 26 vars */) = 0
2619406 --- SIGCHLD {si_signo=SIGCHLD, si_code=CLD_EXITED, si_pid=2619413, si_uid=1000, si_status=0, si_utime=0, si_stime=0} ---
2619414 execve("/usr/bin/mkdir", ["mkdir", "-p", "/data/source/.nanhai-plus-opaley"..., "/data/source/.nanhai-plus-opaley"...], 0x5651cf42d090 /* 26 vars */) = 0
2619406 --- SIGCHLD {si_signo=SIGCHLD, si_code=CLD_EXITED, si_pid=2619414, si_uid=1000, si_status=0, si_utime=0, si_stime=0} ---
2619415 execve("/usr/bin/uname", ["uname"], 0x5651cf42d090 /* 26 vars */) = 0
2619406 --- SIGCHLD {si_signo=SIGCHLD, si_code=CLD_EXITED, si_pid=2619415, si_uid=1000, si_status=0, si_utime=0, si_stime=0} ---
2619416 execve("/usr/bin/uname", ["uname", "-m"], 0x5651cf42d090 /* 26 vars */) = 0
2619406 --- SIGCHLD {si_signo=SIGCHLD, si_code=CLD_EXITED, si_pid=2619416, si_uid=1000, si_status=0, si_utime=0, si_stime=0} ---
2619406 --- SIGCHLD {si_signo=SIGCHLD, si_code=CLD_EXITED, si_pid=2619417, si_uid=1000, si_status=0, si_utime=0, si_stime=0} ---
2619418 execve("/usr/bin/uname", ["uname"], 0x5651cf43f620 /* 31 vars */) = 0
2619406 --- SIGCHLD {si_signo=SIGCHLD, si_code=CLD_EXITED, si_pid=2619418, si_uid=1000, si_status=0, si_utime=0, si_stime=0} ---
2619419 execve("/usr/bin/uname", ["uname"], 0x5651cf4406e0 /* 31 vars */) = 0
2619406 --- SIGCHLD {si_signo=SIGCHLD, si_code=CLD_EXITED, si_pid=2619419, si_uid=1000, si_status=0, si_utime=0, si_stime=0} ---
2619420 execve("/usr/bin/uname", ["uname"], 0x5651cf440cc0 /* 31 vars */) = 0
2619406 --- SIGCHLD {si_signo=SIGCHLD, si_code=CLD_EXITED, si_pid=2619420, si_uid=1000, si_status=0, si_utime=0, si_stime=0} ---
2619421 execve("/usr/bin/mkdir", ["mkdir", "-p", "/data/source/.nanhai-plus-opaley"...], 0x5651cf43f620 /* 31 vars */) = 0
2619406 --- SIGCHLD {si_signo=SIGCHLD, si_code=CLD_EXITED, si_pid=2619421, si_uid=1000, si_status=0, si_utime=0, si_stime=0} ---
2619422 execve("/usr/bin/sed", ["sed", "s/^package microfactory/package "..., "/data/source/.nanhai-plus-opaley"...], 0x5651cf43f620 /* 31 vars */) = 0
2619406 --- SIGCHLD {si_signo=SIGCHLD, si_code=CLD_EXITED, si_pid=2619422, si_uid=1000, si_status=0, si_utime=0, si_stime=0} ---
2619423 execve("/usr/bin/rm", ["rm", "-f", "/data/source/.nanhai-plus-opaley"...], 0x5651cf43f620 /* 31 vars */) = 0
2619406 --- SIGCHLD {si_signo=SIGCHLD, si_code=CLD_EXITED, si_pid=2619423, si_uid=1000, si_status=0, si_utime=0, si_stime=0} ---
2619406 --- SIGCHLD {si_signo=SIGCHLD, si_code=CLD_EXITED, si_pid=2619424, si_uid=1000, si_status=0, si_utime=0, si_stime=0} ---
2619425 execve("/data/source/.nanhai-plus-opaleye-native/source-view/prebuilts/go/linux-x86//bin/go", ["/data/source/.nanhai-plus-opaley"..., "run", "/data/source/.nanhai-plus-opaley"..., "-b", "/data/source/.nanhai-plus-opaley"..., "-pkg-path", "github.com/google/blueprint=/dat"..., "-trimpath", "/data/source/.nanhai-plus-opaley"..., "-pkg-path", "android/soong=/data/source/.nanh"..., "-pkg-path", "prebuilts/bazel/common/proto=/da"..., "-pkg-path", "rbcrun=/data/source/.nanhai-plus"..., "-pkg-path", "google.golang.org/protobuf=/data"..., "-pkg-path", "go.starlark.net=/data/source/.na"..., "-pkg-path", "github.com/akrylysov/pogreb=/dat"..., "-o", "/data/source/.nanhai-plus-opaley"..., "android/soong/cmd/soong_ui"], 0x5651cf442db0 /* 31 vars */) = 0
2619431 execve("/data/source/aosp-16.0.0-r4/prebuilts/go/linux-x86/bin/go", ["/data/source/aosp-16.0.0-r4/preb"..., "** telemetry **"], 0xc0001a4900 /* 33 vars */) = 0
2619432 --- SIGURG {si_signo=SIGURG, si_code=SI_TKILL, si_pid=2619425, si_uid=1000} ---
2619442 --- SIGURG {si_signo=SIGURG, si_code=SI_TKILL, si_pid=2619425, si_uid=1000} ---
2619435 --- SIGURG {si_signo=SIGURG, si_code=SI_TKILL, si_pid=2619425, si_uid=1000} ---
2619429 --- SIGURG {si_signo=SIGURG, si_code=SI_TKILL, si_pid=2619425, si_uid=1000} ---
2619439 --- SIGURG {si_signo=SIGURG, si_code=SI_TKILL, si_pid=2619425, si_uid=1000} ---
2619442 --- SIGURG {si_signo=SIGURG, si_code=SI_TKILL, si_pid=2619425, si_uid=1000} ---
2619435 --- SIGURG {si_signo=SIGURG, si_code=SI_TKILL, si_pid=2619425, si_uid=1000} ---
2619429 --- SIGURG {si_signo=SIGURG, si_code=SI_TKILL, si_pid=2619425, si_uid=1000} ---
2619429 --- SIGURG {si_signo=SIGURG, si_code=SI_TKILL, si_pid=2619425, si_uid=1000} ---
2619449 --- SIGCHLD {si_signo=SIGCHLD, si_code=CLD_EXITED, si_pid=2619431, si_uid=1000, si_status=0, si_utime=0, si_stime=0} ---
2619433 --- SIGURG {si_signo=SIGURG, si_code=SI_TKILL, si_pid=2619425, si_uid=1000} ---
2619440 --- SIGURG {si_signo=SIGURG, si_code=SI_TKILL, si_pid=2619425, si_uid=1000} ---
2619438 --- SIGURG {si_signo=SIGURG, si_code=SI_TKILL, si_pid=2619425, si_uid=1000} ---
2619442 --- SIGURG {si_signo=SIGURG, si_code=SI_TKILL, si_pid=2619425, si_uid=1000} ---
2619446 --- SIGURG {si_signo=SIGURG, si_code=SI_TKILL, si_pid=2619425, si_uid=1000} ---
2619439 --- SIGURG {si_signo=SIGURG, si_code=SI_TKILL, si_pid=2619425, si_uid=1000} ---
2619438 --- SIGURG {si_signo=SIGURG, si_code=SI_TKILL, si_pid=2619425, si_uid=1000} ---
2619439 --- SIGURG {si_signo=SIGURG, si_code=SI_TKILL, si_pid=2619425, si_uid=1000} ---
2619438 --- SIGURG {si_signo=SIGURG, si_code=SI_TKILL, si_pid=2619425, si_uid=1000} ---
2619432 --- SIGURG {si_signo=SIGURG, si_code=SI_TKILL, si_pid=2619425, si_uid=1000} ---
2619433 --- SIGURG {si_signo=SIGURG, si_code=SI_TKILL, si_pid=2619425, si_uid=1000} ---
2619432 --- SIGURG {si_signo=SIGURG, si_code=SI_TKILL, si_pid=2619425, si_uid=1000} ---
2619427 --- SIGURG {si_signo=SIGURG, si_code=SI_TKILL, si_pid=2619425, si_uid=1000} ---
2619428 --- SIGURG {si_signo=SIGURG, si_code=SI_TKILL, si_pid=2619425, si_uid=1000} ---
2619436 --- SIGURG {si_signo=SIGURG, si_code=SI_TKILL, si_pid=2619425, si_uid=1000} ---
2619438 --- SIGURG {si_signo=SIGURG, si_code=SI_TKILL, si_pid=2619425, si_uid=1000} ---
2619425 --- SIGURG {si_signo=SIGURG, si_code=SI_TKILL, si_pid=2619425, si_uid=1000} ---
2619427 --- SIGURG {si_signo=SIGURG, si_code=SI_TKILL, si_pid=2619425, si_uid=1000} ---
2619428 --- SIGURG {si_signo=SIGURG, si_code=SI_TKILL, si_pid=2619425, si_uid=1000} ---
2619436 --- SIGURG {si_signo=SIGURG, si_code=SI_TKILL, si_pid=2619425, si_uid=1000} ---
2619438 --- SIGURG {si_signo=SIGURG, si_code=SI_TKILL, si_pid=2619425, si_uid=1000} ---
2619442 --- SIGURG {si_signo=SIGURG, si_code=SI_TKILL, si_pid=2619425, si_uid=1000} ---
2619425 --- SIGURG {si_signo=SIGURG, si_code=SI_TKILL, si_pid=2619425, si_uid=1000} ---
2619442 --- SIGURG {si_signo=SIGURG, si_code=SI_TKILL, si_pid=2619425, si_uid=1000} ---
2619437 --- SIGURG {si_signo=SIGURG, si_code=SI_TKILL, si_pid=2619425, si_uid=1000} ---
2619437 --- SIGURG {si_signo=SIGURG, si_code=SI_TKILL, si_pid=2619425, si_uid=1000} ---
2619432 --- SIGURG {si_signo=SIGURG, si_code=SI_TKILL, si_pid=2619425, si_uid=1000} ---
2619437 --- SIGURG {si_signo=SIGURG, si_code=SI_TKILL, si_pid=2619425, si_uid=1000} ---
2619450 --- SIGURG {si_signo=SIGURG, si_code=SI_TKILL, si_pid=2619425, si_uid=1000} ---
2619448 --- SIGURG {si_signo=SIGURG, si_code=SI_TKILL, si_pid=2619425, si_uid=1000} ---
2619437 --- SIGURG {si_signo=SIGURG, si_code=SI_TKILL, si_pid=2619425, si_uid=1000} ---
2619438 --- SIGURG {si_signo=SIGURG, si_code=SI_TKILL, si_pid=2619425, si_uid=1000} ---
2619432 --- SIGURG {si_signo=SIGURG, si_code=SI_TKILL, si_pid=2619425, si_uid=1000} ---
2619437 --- SIGURG {si_signo=SIGURG, si_code=SI_TKILL, si_pid=2619425, si_uid=1000} ---
2619438 --- SIGURG {si_signo=SIGURG, si_code=SI_TKILL, si_pid=2619425, si_uid=1000} ---
2619428 --- SIGURG {si_signo=SIGURG, si_code=SI_TKILL, si_pid=2619425, si_uid=1000} ---
2619435 --- SIGURG {si_signo=SIGURG, si_code=SI_TKILL, si_pid=2619425, si_uid=1000} ---
2619439 --- SIGURG {si_signo=SIGURG, si_code=SI_TKILL, si_pid=2619425, si_uid=1000} ---
2619437 --- SIGURG {si_signo=SIGURG, si_code=SI_TKILL, si_pid=2619425, si_uid=1000} ---
2619434 --- SIGURG {si_signo=SIGURG, si_code=SI_TKILL, si_pid=2619425, si_uid=1000} ---
2619432 --- SIGURG {si_signo=SIGURG, si_code=SI_TKILL, si_pid=2619425, si_uid=1000} ---
2619449 --- SIGURG {si_signo=SIGURG, si_code=SI_TKILL, si_pid=2619425, si_uid=1000} ---
2619439 --- SIGURG {si_signo=SIGURG, si_code=SI_TKILL, si_pid=2619425, si_uid=1000} ---
2619425 --- SIGURG {si_signo=SIGURG, si_code=SI_TKILL, si_pid=2619425, si_uid=1000} ---
2619446 --- SIGURG {si_signo=SIGURG, si_code=SI_TKILL, si_pid=2619425, si_uid=1000} ---
2619436 --- SIGURG {si_signo=SIGURG, si_code=SI_TKILL, si_pid=2619425, si_uid=1000} ---
2619428 --- SIGURG {si_signo=SIGURG, si_code=SI_TKILL, si_pid=2619425, si_uid=1000} ---
2619432 --- SIGURG {si_signo=SIGURG, si_code=SI_TKILL, si_pid=2619425, si_uid=1000} ---
2619450 --- SIGURG {si_signo=SIGURG, si_code=SI_TKILL, si_pid=2619425, si_uid=1000} ---
2619448 --- SIGURG {si_signo=SIGURG, si_code=SI_TKILL, si_pid=2619425, si_uid=1000} ---
2619438 --- SIGURG {si_signo=SIGURG, si_code=SI_TKILL, si_pid=2619425, si_uid=1000} ---
2619427 --- SIGURG {si_signo=SIGURG, si_code=SI_TKILL, si_pid=2619425, si_uid=1000} ---
2619438 --- SIGURG {si_signo=SIGURG, si_code=SI_TKILL, si_pid=2619425, si_uid=1000} ---
2619446 --- SIGURG {si_signo=SIGURG, si_code=SI_TKILL, si_pid=2619425, si_uid=1000} ---
2619442 --- SIGURG {si_signo=SIGURG, si_code=SI_TKILL, si_pid=2619425, si_uid=1000} ---
2619448 --- SIGURG {si_signo=SIGURG, si_code=SI_TKILL, si_pid=2619425, si_uid=1000} ---
2619440 --- SIGURG {si_signo=SIGURG, si_code=SI_TKILL, si_pid=2619425, si_uid=1000} ---
2619442 --- SIGURG {si_signo=SIGURG, si_code=SI_TKILL, si_pid=2619425, si_uid=1000} ---
2619437 --- SIGURG {si_signo=SIGURG, si_code=SI_TKILL, si_pid=2619425, si_uid=1000} ---
2619446 --- SIGURG {si_signo=SIGURG, si_code=SI_TKILL, si_pid=2619425, si_uid=1000} ---
2619434 --- SIGURG {si_signo=SIGURG, si_code=SI_TKILL, si_pid=2619425, si_uid=1000} ---
2619440 --- SIGURG {si_signo=SIGURG, si_code=SI_TKILL, si_pid=2619425, si_uid=1000} ---
2619451 --- SIGURG {si_signo=SIGURG, si_code=SI_TKILL, si_pid=2619425, si_uid=1000} ---
2619442 --- SIGURG {si_signo=SIGURG, si_code=SI_TKILL, si_pid=2619425, si_uid=1000} ---
2619451 --- SIGURG {si_signo=SIGURG, si_code=SI_TKILL, si_pid=2619425, si_uid=1000} ---
2619429 --- SIGURG {si_signo=SIGURG, si_code=SI_TKILL, si_pid=2619425, si_uid=1000} ---
2619449 --- SIGURG {si_signo=SIGURG, si_code=SI_TKILL, si_pid=2619425, si_uid=1000} ---
2619442 --- SIGURG {si_signo=SIGURG, si_code=SI_TKILL, si_pid=2619425, si_uid=1000} ---
2619438 --- SIGURG {si_signo=SIGURG, si_code=SI_TKILL, si_pid=2619425, si_uid=1000} ---
2619449 --- SIGURG {si_signo=SIGURG, si_code=SI_TKILL, si_pid=2619425, si_uid=1000} ---
2619425 --- SIGURG {si_signo=SIGURG, si_code=SI_TKILL, si_pid=2619425, si_uid=1000} ---
2619446 --- SIGURG {si_signo=SIGURG, si_code=SI_TKILL, si_pid=2619425, si_uid=1000} ---
2619449 --- SIGURG {si_signo=SIGURG, si_code=SI_TKILL, si_pid=2619425, si_uid=1000} ---
2619444 --- SIGURG {si_signo=SIGURG, si_code=SI_TKILL, si_pid=2619425, si_uid=1000} ---
2619428 --- SIGURG {si_signo=SIGURG, si_code=SI_TKILL, si_pid=2619425, si_uid=1000} ---
2619433 --- SIGURG {si_signo=SIGURG, si_code=SI_TKILL, si_pid=2619425, si_uid=1000} ---
2619439 --- SIGURG {si_signo=SIGURG, si_code=SI_TKILL, si_pid=2619425, si_uid=1000} ---
2619440 --- SIGURG {si_signo=SIGURG, si_code=SI_TKILL, si_pid=2619425, si_uid=1000} ---
2619450 --- SIGURG {si_signo=SIGURG, si_code=SI_TKILL, si_pid=2619425, si_uid=1000} ---
2619438 --- SIGURG {si_signo=SIGURG, si_code=SI_TKILL, si_pid=2619425, si_uid=1000} ---
2619425 --- SIGURG {si_signo=SIGURG, si_code=SI_TKILL, si_pid=2619425, si_uid=1000} ---
2619427 --- SIGURG {si_signo=SIGURG, si_code=SI_TKILL, si_pid=2619425, si_uid=1000} ---
2619449 --- SIGURG {si_signo=SIGURG, si_code=SI_TKILL, si_pid=2619425, si_uid=1000} ---
2619444 --- SIGURG {si_signo=SIGURG, si_code=SI_TKILL, si_pid=2619425, si_uid=1000} ---
2619432 --- SIGURG {si_signo=SIGURG, si_code=SI_TKILL, si_pid=2619425, si_uid=1000} ---
2619448 --- SIGURG {si_signo=SIGURG, si_code=SI_TKILL, si_pid=2619425, si_uid=1000} ---
2619436 --- SIGURG {si_signo=SIGURG, si_code=SI_TKILL, si_pid=2619425, si_uid=1000} ---
2619435 --- SIGURG {si_signo=SIGURG, si_code=SI_TKILL, si_pid=2619425, si_uid=1000} ---
2619433 --- SIGURG {si_signo=SIGURG, si_code=SI_TKILL, si_pid=2619425, si_uid=1000} ---
2619439 --- SIGURG {si_signo=SIGURG, si_code=SI_TKILL, si_pid=2619425, si_uid=1000} ---
2619440 --- SIGURG {si_signo=SIGURG, si_code=SI_TKILL, si_pid=2619425, si_uid=1000} ---
2619444 --- SIGURG {si_signo=SIGURG, si_code=SI_TKILL, si_pid=2619425, si_uid=1000} ---
2619425 --- SIGURG {si_signo=SIGURG, si_code=SI_TKILL, si_pid=2619425, si_uid=1000} ---
2619453 --- SIGURG {si_signo=SIGURG, si_code=SI_TKILL, si_pid=2619425, si_uid=1000} ---
2619434 --- SIGURG {si_signo=SIGURG, si_code=SI_TKILL, si_pid=2619425, si_uid=1000} ---
2619439 --- SIGURG {si_signo=SIGURG, si_code=SI_TKILL, si_pid=2619425, si_uid=1000} ---
2619453 --- SIGURG {si_signo=SIGURG, si_code=SI_TKILL, si_pid=2619425, si_uid=1000} ---
2619438 --- SIGURG {si_signo=SIGURG, si_code=SI_TKILL, si_pid=2619425, si_uid=1000} ---
2619435 --- SIGURG {si_signo=SIGURG, si_code=SI_TKILL, si_pid=2619425, si_uid=1000} ---
2619451 --- SIGURG {si_signo=SIGURG, si_code=SI_TKILL, si_pid=2619425, si_uid=1000} ---
2619440 --- SIGURG {si_signo=SIGURG, si_code=SI_TKILL, si_pid=2619425, si_uid=1000} ---
2619438 --- SIGURG {si_signo=SIGURG, si_code=SI_TKILL, si_pid=2619425, si_uid=1000} ---
2619453 --- SIGURG {si_signo=SIGURG, si_code=SI_TKILL, si_pid=2619425, si_uid=1000} ---
2619438 --- SIGURG {si_signo=SIGURG, si_code=SI_TKILL, si_pid=2619425, si_uid=1000} ---
2619435 --- SIGURG {si_signo=SIGURG, si_code=SI_TKILL, si_pid=2619425, si_uid=1000} ---
2619453 --- SIGURG {si_signo=SIGURG, si_code=SI_TKILL, si_pid=2619425, si_uid=1000} ---
2619440 --- SIGURG {si_signo=SIGURG, si_code=SI_TKILL, si_pid=2619425, si_uid=1000} ---
2619453 --- SIGURG {si_signo=SIGURG, si_code=SI_TKILL, si_pid=2619425, si_uid=1000} ---
2619435 --- SIGURG {si_signo=SIGURG, si_code=SI_TKILL, si_pid=2619425, si_uid=1000} ---
2619439 --- SIGURG {si_signo=SIGURG, si_code=SI_TKILL, si_pid=2619425, si_uid=1000} ---
2619444 --- SIGURG {si_signo=SIGURG, si_code=SI_TKILL, si_pid=2619425, si_uid=1000} ---
2619437 --- SIGURG {si_signo=SIGURG, si_code=SI_TKILL, si_pid=2619425, si_uid=1000} ---
2619442 --- SIGURG {si_signo=SIGURG, si_code=SI_TKILL, si_pid=2619425, si_uid=1000} ---
2619433 --- SIGURG {si_signo=SIGURG, si_code=SI_TKILL, si_pid=2619425, si_uid=1000} ---
2619432 --- SIGURG {si_signo=SIGURG, si_code=SI_TKILL, si_pid=2619425, si_uid=1000} ---
2619436 --- SIGURG {si_signo=SIGURG, si_code=SI_TKILL, si_pid=2619425, si_uid=1000} ---
2619450 --- SIGURG {si_signo=SIGURG, si_code=SI_TKILL, si_pid=2619425, si_uid=1000} ---
2619427 --- SIGURG {si_signo=SIGURG, si_code=SI_TKILL, si_pid=2619425, si_uid=1000} ---
2619449 --- SIGURG {si_signo=SIGURG, si_code=SI_TKILL, si_pid=2619425, si_uid=1000} ---
2619442 --- SIGURG {si_signo=SIGURG, si_code=SI_TKILL, si_pid=2619425, si_uid=1000} ---
2619451 --- SIGURG {si_signo=SIGURG, si_code=SI_TKILL, si_pid=2619425, si_uid=1000} ---
2619453 --- SIGURG {si_signo=SIGURG, si_code=SI_TKILL, si_pid=2619425, si_uid=1000} ---
2619435 --- SIGURG {si_signo=SIGURG, si_code=SI_TKILL, si_pid=2619425, si_uid=1000} ---
2619439 --- SIGURG {si_signo=SIGURG, si_code=SI_TKILL, si_pid=2619425, si_uid=1000} ---
2619437 --- SIGURG {si_signo=SIGURG, si_code=SI_TKILL, si_pid=2619425, si_uid=1000} ---
2619442 --- SIGURG {si_signo=SIGURG, si_code=SI_TKILL, si_pid=2619425, si_uid=1000} ---
2619449 --- SIGURG {si_signo=SIGURG, si_code=SI_TKILL, si_pid=2619425, si_uid=1000} ---
2619437 --- SIGURG {si_signo=SIGURG, si_code=SI_TKILL, si_pid=2619425, si_uid=1000} ---
2619453 --- SIGURG {si_signo=SIGURG, si_code=SI_TKILL, si_pid=2619425, si_uid=1000} ---
2619433 --- SIGURG {si_signo=SIGURG, si_code=SI_TKILL, si_pid=2619425, si_uid=1000} ---
2619439 --- SIGURG {si_signo=SIGURG, si_code=SI_TKILL, si_pid=2619425, si_uid=1000} ---
2619436 --- SIGURG {si_signo=SIGURG, si_code=SI_TKILL, si_pid=2619425, si_uid=1000} ---
2619450 --- SIGURG {si_signo=SIGURG, si_code=SI_TKILL, si_pid=2619425, si_uid=1000} ---
2619427 --- SIGURG {si_signo=SIGURG, si_code=SI_TKILL, si_pid=2619425, si_uid=1000} ---
2619434 --- SIGURG {si_signo=SIGURG, si_code=SI_TKILL, si_pid=2619425, si_uid=1000} ---
2619448 --- SIGURG {si_signo=SIGURG, si_code=SI_TKILL, si_pid=2619425, si_uid=1000} ---
2619449 --- SIGURG {si_signo=SIGURG, si_code=SI_TKILL, si_pid=2619425, si_uid=1000} ---
2619432 --- SIGURG {si_signo=SIGURG, si_code=SI_TKILL, si_pid=2619425, si_uid=1000} ---
2619444 --- SIGURG {si_signo=SIGURG, si_code=SI_TKILL, si_pid=2619425, si_uid=1000} ---
2619435 --- SIGURG {si_signo=SIGURG, si_code=SI_TKILL, si_pid=2619425, si_uid=1000} ---
2619451 --- SIGURG {si_signo=SIGURG, si_code=SI_TKILL, si_pid=2619425, si_uid=1000} ---
2619433 --- SIGURG {si_signo=SIGURG, si_code=SI_TKILL, si_pid=2619425, si_uid=1000} ---
2619439 --- SIGURG {si_signo=SIGURG, si_code=SI_TKILL, si_pid=2619425, si_uid=1000} ---
2619436 --- SIGURG {si_signo=SIGURG, si_code=SI_TKILL, si_pid=2619425, si_uid=1000} ---
2619449 --- SIGURG {si_signo=SIGURG, si_code=SI_TKILL, si_pid=2619425, si_uid=1000} ---
2619432 --- SIGURG {si_signo=SIGURG, si_code=SI_TKILL, si_pid=2619425, si_uid=1000} ---
2619435 --- SIGURG {si_signo=SIGURG, si_code=SI_TKILL, si_pid=2619425, si_uid=1000} ---
2619435 --- SIGURG {si_signo=SIGURG, si_code=SI_TKILL, si_pid=2619425, si_uid=1000} ---
2619428 --- SIGURG {si_signo=SIGURG, si_code=SI_TKILL, si_pid=2619425, si_uid=1000} ---
2619438 --- SIGURG {si_signo=SIGURG, si_code=SI_TKILL, si_pid=2619425, si_uid=1000} ---
2619444 --- SIGURG {si_signo=SIGURG, si_code=SI_TKILL, si_pid=2619425, si_uid=1000} ---
2619444 --- SIGURG {si_signo=SIGURG, si_code=SI_TKILL, si_pid=2619425, si_uid=1000} ---
2619440 --- SIGURG {si_signo=SIGURG, si_code=SI_TKILL, si_pid=2619425, si_uid=1000} ---
2619436 --- SIGURG {si_signo=SIGURG, si_code=SI_TKILL, si_pid=2619425, si_uid=1000} ---
2619442 --- SIGURG {si_signo=SIGURG, si_code=SI_TKILL, si_pid=2619425, si_uid=1000} ---
2619437 --- SIGURG {si_signo=SIGURG, si_code=SI_TKILL, si_pid=2619425, si_uid=1000} ---
2619428 --- SIGURG {si_signo=SIGURG, si_code=SI_TKILL, si_pid=2619425, si_uid=1000} ---
2619444 --- SIGURG {si_signo=SIGURG, si_code=SI_TKILL, si_pid=2619425, si_uid=1000} ---
2619440 --- SIGURG {si_signo=SIGURG, si_code=SI_TKILL, si_pid=2619425, si_uid=1000} ---
2619432 --- SIGURG {si_signo=SIGURG, si_code=SI_TKILL, si_pid=2619425, si_uid=1000} ---
2619442 --- SIGURG {si_signo=SIGURG, si_code=SI_TKILL, si_pid=2619425, si_uid=1000} ---
2619425 --- SIGURG {si_signo=SIGURG, si_code=SI_TKILL, si_pid=2619425, si_uid=1000} ---
2619427 --- SIGURG {si_signo=SIGURG, si_code=SI_TKILL, si_pid=2619425, si_uid=1000} ---
2619444 --- SIGURG {si_signo=SIGURG, si_code=SI_TKILL, si_pid=2619425, si_uid=1000} ---
2619428 --- SIGURG {si_signo=SIGURG, si_code=SI_TKILL, si_pid=2619425, si_uid=1000} ---
2619449 --- SIGURG {si_signo=SIGURG, si_code=SI_TKILL, si_pid=2619425, si_uid=1000} ---
2619453 --- SIGURG {si_signo=SIGURG, si_code=SI_TKILL, si_pid=2619425, si_uid=1000} ---
2619436 --- SIGURG {si_signo=SIGURG, si_code=SI_TKILL, si_pid=2619425, si_uid=1000} ---
2619433 --- SIGURG {si_signo=SIGURG, si_code=SI_TKILL, si_pid=2619425, si_uid=1000} ---
2619425 --- SIGURG {si_signo=SIGURG, si_code=SI_TKILL, si_pid=2619425, si_uid=1000} ---
2619435 --- SIGURG {si_signo=SIGURG, si_code=SI_TKILL, si_pid=2619425, si_uid=1000} ---
2619444 --- SIGURG {si_signo=SIGURG, si_code=SI_TKILL, si_pid=2619425, si_uid=1000} ---
2619428 --- SIGURG {si_signo=SIGURG, si_code=SI_TKILL, si_pid=2619425, si_uid=1000} ---
2619432 --- SIGURG {si_signo=SIGURG, si_code=SI_TKILL, si_pid=2619425, si_uid=1000} ---
2619453 --- SIGURG {si_signo=SIGURG, si_code=SI_TKILL, si_pid=2619425, si_uid=1000} ---
2619433 --- SIGURG {si_signo=SIGURG, si_code=SI_TKILL, si_pid=2619425, si_uid=1000} ---
2619435 --- SIGURG {si_signo=SIGURG, si_code=SI_TKILL, si_pid=2619425, si_uid=1000} ---
2619448 --- SIGURG {si_signo=SIGURG, si_code=SI_TKILL, si_pid=2619425, si_uid=1000} ---
2619444 --- SIGURG {si_signo=SIGURG, si_code=SI_TKILL, si_pid=2619425, si_uid=1000} ---
2619425 --- SIGURG {si_signo=SIGURG, si_code=SI_TKILL, si_pid=2619425, si_uid=1000} ---
2619435 --- SIGURG {si_signo=SIGURG, si_code=SI_TKILL, si_pid=2619425, si_uid=1000} ---
2619428 --- SIGURG {si_signo=SIGURG, si_code=SI_TKILL, si_pid=2619425, si_uid=1000} ---
2619439 --- SIGURG {si_signo=SIGURG, si_code=SI_TKILL, si_pid=2619425, si_uid=1000} ---
2619453 --- SIGURG {si_signo=SIGURG, si_code=SI_TKILL, si_pid=2619425, si_uid=1000} ---
2619433 --- SIGURG {si_signo=SIGURG, si_code=SI_TKILL, si_pid=2619425, si_uid=1000} ---
2619433 --- SIGURG {si_signo=SIGURG, si_code=SI_TKILL, si_pid=2619425, si_uid=1000} ---
2619433 --- SIGURG {si_signo=SIGURG, si_code=SI_TKILL, si_pid=2619425, si_uid=1000} ---
2619444 --- SIGURG {si_signo=SIGURG, si_code=SI_TKILL, si_pid=2619425, si_uid=1000} ---
2619444 --- SIGURG {si_signo=SIGURG, si_code=SI_TKILL, si_pid=2619425, si_uid=1000} ---
2619439 --- SIGURG {si_signo=SIGURG, si_code=SI_TKILL, si_pid=2619425, si_uid=1000} ---
2619435 --- SIGURG {si_signo=SIGURG, si_code=SI_TKILL, si_pid=2619425, si_uid=1000} ---
2619427 --- SIGURG {si_signo=SIGURG, si_code=SI_TKILL, si_pid=2619425, si_uid=1000} ---
2619448 --- SIGURG {si_signo=SIGURG, si_code=SI_TKILL, si_pid=2619425, si_uid=1000} ---
2619433 --- SIGURG {si_signo=SIGURG, si_code=SI_TKILL, si_pid=2619425, si_uid=1000} ---
2619450 --- SIGURG {si_signo=SIGURG, si_code=SI_TKILL, si_pid=2619425, si_uid=1000} ---
2619435 --- SIGURG {si_signo=SIGURG, si_code=SI_TKILL, si_pid=2619425, si_uid=1000} ---
2619442 --- SIGURG {si_signo=SIGURG, si_code=SI_TKILL, si_pid=2619425, si_uid=1000} ---
2619433 --- SIGURG {si_signo=SIGURG, si_code=SI_TKILL, si_pid=2619425, si_uid=1000} ---
2619435 --- SIGURG {si_signo=SIGURG, si_code=SI_TKILL, si_pid=2619425, si_uid=1000} ---
2619432 --- SIGURG {si_signo=SIGURG, si_code=SI_TKILL, si_pid=2619425, si_uid=1000} ---
2619442 --- SIGURG {si_signo=SIGURG, si_code=SI_TKILL, si_pid=2619425, si_uid=1000} ---
2619439 --- SIGURG {si_signo=SIGURG, si_code=SI_TKILL, si_pid=2619425, si_uid=1000} ---
2619435 --- SIGURG {si_signo=SIGURG, si_code=SI_TKILL, si_pid=2619425, si_uid=1000} ---
2619427 --- SIGURG {si_signo=SIGURG, si_code=SI_TKILL, si_pid=2619425, si_uid=1000} ---
2619448 --- SIGURG {si_signo=SIGURG, si_code=SI_TKILL, si_pid=2619425, si_uid=1000} ---
2619438 --- SIGURG {si_signo=SIGURG, si_code=SI_TKILL, si_pid=2619425, si_uid=1000} ---
2619442 --- SIGURG {si_signo=SIGURG, si_code=SI_TKILL, si_pid=2619425, si_uid=1000} ---
2619437 --- SIGURG {si_signo=SIGURG, si_code=SI_TKILL, si_pid=2619425, si_uid=1000} ---
2619436 --- SIGURG {si_signo=SIGURG, si_code=SI_TKILL, si_pid=2619425, si_uid=1000} ---
2619451 --- SIGURG {si_signo=SIGURG, si_code=SI_TKILL, si_pid=2619425, si_uid=1000} ---
2619432 --- SIGURG {si_signo=SIGURG, si_code=SI_TKILL, si_pid=2619425, si_uid=1000} ---
2619425 --- SIGURG {si_signo=SIGURG, si_code=SI_TKILL, si_pid=2619425, si_uid=1000} ---
2619428 --- SIGURG {si_signo=SIGURG, si_code=SI_TKILL, si_pid=2619425, si_uid=1000} ---
2619449 --- SIGURG {si_signo=SIGURG, si_code=SI_TKILL, si_pid=2619425, si_uid=1000} ---
2619444 --- SIGURG {si_signo=SIGURG, si_code=SI_TKILL, si_pid=2619425, si_uid=1000} ---
2619450 --- SIGURG {si_signo=SIGURG, si_code=SI_TKILL, si_pid=2619425, si_uid=1000} ---
2619435 --- SIGURG {si_signo=SIGURG, si_code=SI_TKILL, si_pid=2619425, si_uid=1000} ---
2619427 --- SIGURG {si_signo=SIGURG, si_code=SI_TKILL, si_pid=2619425, si_uid=1000} ---
2619448 --- SIGURG {si_signo=SIGURG, si_code=SI_TKILL, si_pid=2619425, si_uid=1000} ---
2619449 --- SIGURG {si_signo=SIGURG, si_code=SI_TKILL, si_pid=2619425, si_uid=1000} ---
2619444 --- SIGURG {si_signo=SIGURG, si_code=SI_TKILL, si_pid=2619425, si_uid=1000} ---
2619450 --- SIGURG {si_signo=SIGURG, si_code=SI_TKILL, si_pid=2619425, si_uid=1000} ---
2619440 --- SIGURG {si_signo=SIGURG, si_code=SI_TKILL, si_pid=2619425, si_uid=1000} ---
2619432 --- SIGURG {si_signo=SIGURG, si_code=SI_TKILL, si_pid=2619425, si_uid=1000} ---
2619453 --- SIGURG {si_signo=SIGURG, si_code=SI_TKILL, si_pid=2619425, si_uid=1000} ---
2619440 --- SIGURG {si_signo=SIGURG, si_code=SI_TKILL, si_pid=2619425, si_uid=1000} ---
2619448 --- SIGURG {si_signo=SIGURG, si_code=SI_TKILL, si_pid=2619425, si_uid=1000} ---
2619438 --- SIGURG {si_signo=SIGURG, si_code=SI_TKILL, si_pid=2619425, si_uid=1000} ---
2619442 --- SIGURG {si_signo=SIGURG, si_code=SI_TKILL, si_pid=2619425, si_uid=1000} ---
2619437 --- SIGURG {si_signo=SIGURG, si_code=SI_TKILL, si_pid=2619425, si_uid=1000} ---
2619436 --- SIGURG {si_signo=SIGURG, si_code=SI_TKILL, si_pid=2619425, si_uid=1000} ---
2619451 --- SIGURG {si_signo=SIGURG, si_code=SI_TKILL, si_pid=2619425, si_uid=1000} ---
2619432 --- SIGURG {si_signo=SIGURG, si_code=SI_TKILL, si_pid=2619425, si_uid=1000} ---
2619425 --- SIGURG {si_signo=SIGURG, si_code=SI_TKILL, si_pid=2619425, si_uid=1000} ---
2619428 --- SIGURG {si_signo=SIGURG, si_code=SI_TKILL, si_pid=2619425, si_uid=1000} ---
2619449 --- SIGURG {si_signo=SIGURG, si_code=SI_TKILL, si_pid=2619425, si_uid=1000} ---
2619453 --- SIGURG {si_signo=SIGURG, si_code=SI_TKILL, si_pid=2619425, si_uid=1000} ---
2619434 --- SIGURG {si_signo=SIGURG, si_code=SI_TKILL, si_pid=2619425, si_uid=1000} ---
2619439 --- SIGURG {si_signo=SIGURG, si_code=SI_TKILL, si_pid=2619425, si_uid=1000} ---
2619435 --- SIGURG {si_signo=SIGURG, si_code=SI_TKILL, si_pid=2619425, si_uid=1000} ---
2619442 --- SIGURG {si_signo=SIGURG, si_code=SI_TKILL, si_pid=2619425, si_uid=1000} ---
2619428 --- SIGURG {si_signo=SIGURG, si_code=SI_TKILL, si_pid=2619425, si_uid=1000} ---
2619450 --- SIGURG {si_signo=SIGURG, si_code=SI_TKILL, si_pid=2619425, si_uid=1000} ---
2619437 --- SIGURG {si_signo=SIGURG, si_code=SI_TKILL, si_pid=2619425, si_uid=1000} ---
2619453 --- SIGURG {si_signo=SIGURG, si_code=SI_TKILL, si_pid=2619425, si_uid=1000} ---
2619436 --- SIGURG {si_signo=SIGURG, si_code=SI_TKILL, si_pid=2619425, si_uid=1000} ---
2619448 --- SIGURG {si_signo=SIGURG, si_code=SI_TKILL, si_pid=2619425, si_uid=1000} ---
2619429 --- SIGURG {si_signo=SIGURG, si_code=SI_TKILL, si_pid=2619425, si_uid=1000} ---
2619451 --- SIGURG {si_signo=SIGURG, si_code=SI_TKILL, si_pid=2619425, si_uid=1000} ---
2619436 --- SIGURG {si_signo=SIGURG, si_code=SI_TKILL, si_pid=2619425, si_uid=1000} ---
2619427 --- SIGURG {si_signo=SIGURG, si_code=SI_TKILL, si_pid=2619425, si_uid=1000} ---
2619437 --- SIGURG {si_signo=SIGURG, si_code=SI_TKILL, si_pid=2619425, si_uid=1000} ---
2619451 --- SIGURG {si_signo=SIGURG, si_code=SI_TKILL, si_pid=2619425, si_uid=1000} ---
2619448 --- SIGURG {si_signo=SIGURG, si_code=SI_TKILL, si_pid=2619425, si_uid=1000} ---
2619438 --- SIGURG {si_signo=SIGURG, si_code=SI_TKILL, si_pid=2619425, si_uid=1000} ---
2619429 --- SIGURG {si_signo=SIGURG, si_code=SI_TKILL, si_pid=2619425, si_uid=1000} ---
2619425 --- SIGURG {si_signo=SIGURG, si_code=SI_TKILL, si_pid=2619425, si_uid=1000} ---
2619440 --- SIGURG {si_signo=SIGURG, si_code=SI_TKILL, si_pid=2619425, si_uid=1000} ---
2619427 --- SIGURG {si_signo=SIGURG, si_code=SI_TKILL, si_pid=2619425, si_uid=1000} ---
2619448 --- SIGURG {si_signo=SIGURG, si_code=SI_TKILL, si_pid=2619425, si_uid=1000} ---
2619451 --- SIGURG {si_signo=SIGURG, si_code=SI_TKILL, si_pid=2619425, si_uid=1000} ---
2619434 --- SIGURG {si_signo=SIGURG, si_code=SI_TKILL, si_pid=2619425, si_uid=1000} ---
2619439 --- SIGURG {si_signo=SIGURG, si_code=SI_TKILL, si_pid=2619425, si_uid=1000} ---
2619453 --- SIGURG {si_signo=SIGURG, si_code=SI_TKILL, si_pid=2619425, si_uid=1000} ---
2619444 --- SIGURG {si_signo=SIGURG, si_code=SI_TKILL, si_pid=2619425, si_uid=1000} ---
2619442 --- SIGURG {si_signo=SIGURG, si_code=SI_TKILL, si_pid=2619425, si_uid=1000} ---
2619449 --- SIGURG {si_signo=SIGURG, si_code=SI_TKILL, si_pid=2619425, si_uid=1000} ---
2619437 --- SIGURG {si_signo=SIGURG, si_code=SI_TKILL, si_pid=2619425, si_uid=1000} ---
2619453 --- SIGURG {si_signo=SIGURG, si_code=SI_TKILL, si_pid=2619425, si_uid=1000} ---
2619437 --- SIGURG {si_signo=SIGURG, si_code=SI_TKILL, si_pid=2619425, si_uid=1000} ---
2619425 --- SIGURG {si_signo=SIGURG, si_code=SI_TKILL, si_pid=2619425, si_uid=1000} ---
2619451 --- SIGURG {si_signo=SIGURG, si_code=SI_TKILL, si_pid=2619425, si_uid=1000} ---
2619439 --- SIGURG {si_signo=SIGURG, si_code=SI_TKILL, si_pid=2619425, si_uid=1000} ---
2619450 --- SIGURG {si_signo=SIGURG, si_code=SI_TKILL, si_pid=2619425, si_uid=1000} ---
2619451 --- SIGURG {si_signo=SIGURG, si_code=SI_TKILL, si_pid=2619425, si_uid=1000} ---
2619439 --- SIGURG {si_signo=SIGURG, si_code=SI_TKILL, si_pid=2619425, si_uid=1000} ---
2619427 --- SIGURG {si_signo=SIGURG, si_code=SI_TKILL, si_pid=2619425, si_uid=1000} ---
2619453 --- SIGURG {si_signo=SIGURG, si_code=SI_TKILL, si_pid=2619425, si_uid=1000} ---
2619439 --- SIGURG {si_signo=SIGURG, si_code=SI_TKILL, si_pid=2619425, si_uid=1000} ---
2619440 --- SIGURG {si_signo=SIGURG, si_code=SI_TKILL, si_pid=2619425, si_uid=1000} ---
2619438 --- SIGURG {si_signo=SIGURG, si_code=SI_TKILL, si_pid=2619425, si_uid=1000} ---
2619438 --- SIGURG {si_signo=SIGURG, si_code=SI_TKILL, si_pid=2619425, si_uid=1000} ---
2619448 --- SIGURG {si_signo=SIGURG, si_code=SI_TKILL, si_pid=2619425, si_uid=1000} ---
2619452 --- SIGURG {si_signo=SIGURG, si_code=SI_TKILL, si_pid=2619425, si_uid=1000} ---
2619432 --- SIGURG {si_signo=SIGURG, si_code=SI_TKILL, si_pid=2619425, si_uid=1000} ---
2619438 --- SIGURG {si_signo=SIGURG, si_code=SI_TKILL, si_pid=2619425, si_uid=1000} ---
2619451 --- SIGURG {si_signo=SIGURG, si_code=SI_TKILL, si_pid=2619425, si_uid=1000} ---
2619428 --- SIGURG {si_signo=SIGURG, si_code=SI_TKILL, si_pid=2619425, si_uid=1000} ---
2619438 --- SIGURG {si_signo=SIGURG, si_code=SI_TKILL, si_pid=2619425, si_uid=1000} ---
2619437 --- SIGURG {si_signo=SIGURG, si_code=SI_TKILL, si_pid=2619425, si_uid=1000} ---
2619432 --- SIGURG {si_signo=SIGURG, si_code=SI_TKILL, si_pid=2619425, si_uid=1000} ---
2619428 --- SIGURG {si_signo=SIGURG, si_code=SI_TKILL, si_pid=2619425, si_uid=1000} ---
2619451 --- SIGURG {si_signo=SIGURG, si_code=SI_TKILL, si_pid=2619425, si_uid=1000} ---
2619432 --- SIGURG {si_signo=SIGURG, si_code=SI_TKILL, si_pid=2619425, si_uid=1000} ---
2619442 --- SIGURG {si_signo=SIGURG, si_code=SI_TKILL, si_pid=2619425, si_uid=1000} ---
2619428 --- SIGURG {si_signo=SIGURG, si_code=SI_TKILL, si_pid=2619425, si_uid=1000} ---
2619438 --- SIGURG {si_signo=SIGURG, si_code=SI_TKILL, si_pid=2619425, si_uid=1000} ---
2619452 --- SIGURG {si_signo=SIGURG, si_code=SI_TKILL, si_pid=2619425, si_uid=1000} ---
2619450 --- SIGURG {si_signo=SIGURG, si_code=SI_TKILL, si_pid=2619425, si_uid=1000} ---
2619442 --- SIGURG {si_signo=SIGURG, si_code=SI_TKILL, si_pid=2619425, si_uid=1000} ---
2619436 --- SIGURG {si_signo=SIGURG, si_code=SI_TKILL, si_pid=2619425, si_uid=1000} ---
2619427 --- SIGURG {si_signo=SIGURG, si_code=SI_TKILL, si_pid=2619425, si_uid=1000} ---
2619453 --- SIGURG {si_signo=SIGURG, si_code=SI_TKILL, si_pid=2619425, si_uid=1000} ---
2619425 --- SIGURG {si_signo=SIGURG, si_code=SI_TKILL, si_pid=2619425, si_uid=1000} ---
2619448 --- SIGURG {si_signo=SIGURG, si_code=SI_TKILL, si_pid=2619425, si_uid=1000} ---
2619440 --- SIGURG {si_signo=SIGURG, si_code=SI_TKILL, si_pid=2619425, si_uid=1000} ---
2619439 --- SIGURG {si_signo=SIGURG, si_code=SI_TKILL, si_pid=2619425, si_uid=1000} ---
2619444 --- SIGURG {si_signo=SIGURG, si_code=SI_TKILL, si_pid=2619425, si_uid=1000} ---
2619438 --- SIGURG {si_signo=SIGURG, si_code=SI_TKILL, si_pid=2619425, si_uid=1000} ---
2619452 --- SIGURG {si_signo=SIGURG, si_code=SI_TKILL, si_pid=2619425, si_uid=1000} ---
2619450 --- SIGURG {si_signo=SIGURG, si_code=SI_TKILL, si_pid=2619425, si_uid=1000} ---
2619446 --- SIGURG {si_signo=SIGURG, si_code=SI_TKILL, si_pid=2619425, si_uid=1000} ---
2619436 --- SIGURG {si_signo=SIGURG, si_code=SI_TKILL, si_pid=2619425, si_uid=1000} ---
2619427 --- SIGURG {si_signo=SIGURG, si_code=SI_TKILL, si_pid=2619425, si_uid=1000} ---
2619444 --- SIGURG {si_signo=SIGURG, si_code=SI_TKILL, si_pid=2619425, si_uid=1000} ---
2619446 --- SIGURG {si_signo=SIGURG, si_code=SI_TKILL, si_pid=2619425, si_uid=1000} ---
2619442 --- SIGURG {si_signo=SIGURG, si_code=SI_TKILL, si_pid=2619425, si_uid=1000} ---
2619436 --- SIGURG {si_signo=SIGURG, si_code=SI_TKILL, si_pid=2619425, si_uid=1000} ---
2619453 --- SIGURG {si_signo=SIGURG, si_code=SI_TKILL, si_pid=2619425, si_uid=1000} ---
2619425 --- SIGURG {si_signo=SIGURG, si_code=SI_TKILL, si_pid=2619425, si_uid=1000} ---
2619448 --- SIGURG {si_signo=SIGURG, si_code=SI_TKILL, si_pid=2619425, si_uid=1000} ---
2619440 --- SIGURG {si_signo=SIGURG, si_code=SI_TKILL, si_pid=2619425, si_uid=1000} ---
2619439 --- SIGURG {si_signo=SIGURG, si_code=SI_TKILL, si_pid=2619425, si_uid=1000} ---
2619449 --- SIGURG {si_signo=SIGURG, si_code=SI_TKILL, si_pid=2619425, si_uid=1000} ---
2619433 --- SIGURG {si_signo=SIGURG, si_code=SI_TKILL, si_pid=2619425, si_uid=1000} ---
2619438 --- SIGURG {si_signo=SIGURG, si_code=SI_TKILL, si_pid=2619425, si_uid=1000} ---
2619451 --- SIGURG {si_signo=SIGURG, si_code=SI_TKILL, si_pid=2619425, si_uid=1000} ---
2619437 --- SIGURG {si_signo=SIGURG, si_code=SI_TKILL, si_pid=2619425, si_uid=1000} ---
2619442 --- SIGURG {si_signo=SIGURG, si_code=SI_TKILL, si_pid=2619425, si_uid=1000} ---
2619453 --- SIGURG {si_signo=SIGURG, si_code=SI_TKILL, si_pid=2619425, si_uid=1000} ---
2619448 --- SIGURG {si_signo=SIGURG, si_code=SI_TKILL, si_pid=2619425, si_uid=1000} ---
2619440 --- SIGURG {si_signo=SIGURG, si_code=SI_TKILL, si_pid=2619425, si_uid=1000} ---
2619439 --- SIGURG {si_signo=SIGURG, si_code=SI_TKILL, si_pid=2619425, si_uid=1000} ---
2619449 --- SIGURG {si_signo=SIGURG, si_code=SI_TKILL, si_pid=2619425, si_uid=1000} ---
2619435 --- SIGURG {si_signo=SIGURG, si_code=SI_TKILL, si_pid=2619425, si_uid=1000} ---
2619432 --- SIGURG {si_signo=SIGURG, si_code=SI_TKILL, si_pid=2619425, si_uid=1000} ---
2619438 --- SIGURG {si_signo=SIGURG, si_code=SI_TKILL, si_pid=2619425, si_uid=1000} ---
2619435 --- SIGURG {si_signo=SIGURG, si_code=SI_TKILL, si_pid=2619425, si_uid=1000} ---
2619440 --- SIGURG {si_signo=SIGURG, si_code=SI_TKILL, si_pid=2619425, si_uid=1000} ---
2619446 --- SIGURG {si_signo=SIGURG, si_code=SI_TKILL, si_pid=2619425, si_uid=1000} ---
2619449 --- SIGURG {si_signo=SIGURG, si_code=SI_TKILL, si_pid=2619425, si_uid=1000} ---
2619444 --- SIGURG {si_signo=SIGURG, si_code=SI_TKILL, si_pid=2619425, si_uid=1000} ---
2619448 --- SIGURG {si_signo=SIGURG, si_code=SI_TKILL, si_pid=2619425, si_uid=1000} ---
2619440 --- SIGURG {si_signo=SIGURG, si_code=SI_TKILL, si_pid=2619425, si_uid=1000} ---
2619425 --- SIGURG {si_signo=SIGURG, si_code=SI_TKILL, si_pid=2619425, si_uid=1000} ---
2619446 --- SIGURG {si_signo=SIGURG, si_code=SI_TKILL, si_pid=2619425, si_uid=1000} ---
2619448 --- SIGURG {si_signo=SIGURG, si_code=SI_TKILL, si_pid=2619425, si_uid=1000} ---
2619425 --- SIGURG {si_signo=SIGURG, si_code=SI_TKILL, si_pid=2619425, si_uid=1000} ---
2619449 --- SIGURG {si_signo=SIGURG, si_code=SI_TKILL, si_pid=2619425, si_uid=1000} ---
2619437 --- SIGURG {si_signo=SIGURG, si_code=SI_TKILL, si_pid=2619425, si_uid=1000} ---
2619436 --- SIGURG {si_signo=SIGURG, si_code=SI_TKILL, si_pid=2619425, si_uid=1000} ---
2619428 --- SIGURG {si_signo=SIGURG, si_code=SI_TKILL, si_pid=2619425, si_uid=1000} ---
2619442 --- SIGURG {si_signo=SIGURG, si_code=SI_TKILL, si_pid=2619425, si_uid=1000} ---
2619446 --- SIGURG {si_signo=SIGURG, si_code=SI_TKILL, si_pid=2619425, si_uid=1000} ---
2619437 --- SIGURG {si_signo=SIGURG, si_code=SI_TKILL, si_pid=2619425, si_uid=1000} ---
2619440 --- SIGURG {si_signo=SIGURG, si_code=SI_TKILL, si_pid=2619425, si_uid=1000} ---
2619449 --- SIGURG {si_signo=SIGURG, si_code=SI_TKILL, si_pid=2619425, si_uid=1000} ---
2619436 --- SIGURG {si_signo=SIGURG, si_code=SI_TKILL, si_pid=2619425, si_uid=1000} ---
2619428 --- SIGURG {si_signo=SIGURG, si_code=SI_TKILL, si_pid=2619425, si_uid=1000} ---
2619442 --- SIGURG {si_signo=SIGURG, si_code=SI_TKILL, si_pid=2619425, si_uid=1000} ---
2619438 --- SIGURG {si_signo=SIGURG, si_code=SI_TKILL, si_pid=2619425, si_uid=1000} ---
2619433 --- SIGURG {si_signo=SIGURG, si_code=SI_TKILL, si_pid=2619425, si_uid=1000} ---
2619453 --- SIGURG {si_signo=SIGURG, si_code=SI_TKILL, si_pid=2619425, si_uid=1000} ---
2619442 --- SIGURG {si_signo=SIGURG, si_code=SI_TKILL, si_pid=2619425, si_uid=1000} ---
2619446 --- SIGURG {si_signo=SIGURG, si_code=SI_TKILL, si_pid=2619425, si_uid=1000} ---
2619448 --- SIGURG {si_signo=SIGURG, si_code=SI_TKILL, si_pid=2619425, si_uid=1000} ---
2619440 --- SIGURG {si_signo=SIGURG, si_code=SI_TKILL, si_pid=2619425, si_uid=1000} ---
2619437 --- SIGURG {si_signo=SIGURG, si_code=SI_TKILL, si_pid=2619425, si_uid=1000} ---
2619436 --- SIGURG {si_signo=SIGURG, si_code=SI_TKILL, si_pid=2619425, si_uid=1000} ---
2619453 --- SIGURG {si_signo=SIGURG, si_code=SI_TKILL, si_pid=2619425, si_uid=1000} ---
2619442 --- SIGURG {si_signo=SIGURG, si_code=SI_TKILL, si_pid=2619425, si_uid=1000} ---
2619437 --- SIGURG {si_signo=SIGURG, si_code=SI_TKILL, si_pid=2619425, si_uid=1000} ---
2619442 --- SIGURG {si_signo=SIGURG, si_code=SI_TKILL, si_pid=2619425, si_uid=1000} ---
2619440 --- SIGURG {si_signo=SIGURG, si_code=SI_TKILL, si_pid=2619425, si_uid=1000} ---
2619425 --- SIGURG {si_signo=SIGURG, si_code=SI_TKILL, si_pid=2619425, si_uid=1000} ---
2619449 --- SIGURG {si_signo=SIGURG, si_code=SI_TKILL, si_pid=2619425, si_uid=1000} ---
2619427 --- SIGURG {si_signo=SIGURG, si_code=SI_TKILL, si_pid=2619425, si_uid=1000} ---
2619451 --- SIGURG {si_signo=SIGURG, si_code=SI_TKILL, si_pid=2619425, si_uid=1000} ---
2619434 --- SIGURG {si_signo=SIGURG, si_code=SI_TKILL, si_pid=2619425, si_uid=1000} ---
2619438 --- SIGURG {si_signo=SIGURG, si_code=SI_TKILL, si_pid=2619425, si_uid=1000} ---
2619433 --- SIGURG {si_signo=SIGURG, si_code=SI_TKILL, si_pid=2619425, si_uid=1000} ---
2619452 --- SIGURG {si_signo=SIGURG, si_code=SI_TKILL, si_pid=2619425, si_uid=1000} ---
2619446 --- SIGURG {si_signo=SIGURG, si_code=SI_TKILL, si_pid=2619425, si_uid=1000} ---
2619432 --- SIGURG {si_signo=SIGURG, si_code=SI_TKILL, si_pid=2619425, si_uid=1000} ---
2619448 --- SIGURG {si_signo=SIGURG, si_code=SI_TKILL, si_pid=2619425, si_uid=1000} ---
2619425 --- SIGURG {si_signo=SIGURG, si_code=SI_TKILL, si_pid=2619425, si_uid=1000} ---
2619449 --- SIGURG {si_signo=SIGURG, si_code=SI_TKILL, si_pid=2619425, si_uid=1000} ---
2619427 --- SIGURG {si_signo=SIGURG, si_code=SI_TKILL, si_pid=2619425, si_uid=1000} ---
2619434 --- SIGURG {si_signo=SIGURG, si_code=SI_TKILL, si_pid=2619425, si_uid=1000} ---
2619438 --- SIGURG {si_signo=SIGURG, si_code=SI_TKILL, si_pid=2619425, si_uid=1000} ---
2619433 --- SIGURG {si_signo=SIGURG, si_code=SI_TKILL, si_pid=2619425, si_uid=1000} ---
2619446 --- SIGURG {si_signo=SIGURG, si_code=SI_TKILL, si_pid=2619425, si_uid=1000} ---
2619438 --- SIGURG {si_signo=SIGURG, si_code=SI_TKILL, si_pid=2619425, si_uid=1000} ---
2619433 --- SIGURG {si_signo=SIGURG, si_code=SI_TKILL, si_pid=2619425, si_uid=1000} ---
2619446 --- SIGURG {si_signo=SIGURG, si_code=SI_TKILL, si_pid=2619425, si_uid=1000} ---
2619440 --- SIGURG {si_signo=SIGURG, si_code=SI_TKILL, si_pid=2619425, si_uid=1000} ---
2619436 --- SIGURG {si_signo=SIGURG, si_code=SI_TKILL, si_pid=2619425, si_uid=1000} ---
2619446 --- SIGURG {si_signo=SIGURG, si_code=SI_TKILL, si_pid=2619425, si_uid=1000} ---
2619438 --- SIGURG {si_signo=SIGURG, si_code=SI_TKILL, si_pid=2619425, si_uid=1000} ---
2619448 --- SIGURG {si_signo=SIGURG, si_code=SI_TKILL, si_pid=2619425, si_uid=1000} ---
2619436 --- SIGURG {si_signo=SIGURG, si_code=SI_TKILL, si_pid=2619425, si_uid=1000} ---
2619449 --- SIGURG {si_signo=SIGURG, si_code=SI_TKILL, si_pid=2619425, si_uid=1000} ---
2619438 --- SIGURG {si_signo=SIGURG, si_code=SI_TKILL, si_pid=2619425, si_uid=1000} ---
2619425 --- SIGURG {si_signo=SIGURG, si_code=SI_TKILL, si_pid=2619425, si_uid=1000} ---
2619451 --- SIGURG {si_signo=SIGURG, si_code=SI_TKILL, si_pid=2619425, si_uid=1000} ---
2619438 --- SIGURG {si_signo=SIGURG, si_code=SI_TKILL, si_pid=2619425, si_uid=1000} ---
2619452 --- SIGURG {si_signo=SIGURG, si_code=SI_TKILL, si_pid=2619425, si_uid=1000} ---
2619436 --- SIGURG {si_signo=SIGURG, si_code=SI_TKILL, si_pid=2619425, si_uid=1000} ---
2619437 --- SIGURG {si_signo=SIGURG, si_code=SI_TKILL, si_pid=2619425, si_uid=1000} ---
2619446 --- SIGURG {si_signo=SIGURG, si_code=SI_TKILL, si_pid=2619425, si_uid=1000} ---
2619425 --- SIGURG {si_signo=SIGURG, si_code=SI_TKILL, si_pid=2619425, si_uid=1000} ---
2619448 --- SIGURG {si_signo=SIGURG, si_code=SI_TKILL, si_pid=2619425, si_uid=1000} ---
2619449 --- SIGURG {si_signo=SIGURG, si_code=SI_TKILL, si_pid=2619425, si_uid=1000} ---
2619451 --- SIGURG {si_signo=SIGURG, si_code=SI_TKILL, si_pid=2619425, si_uid=1000} ---
2619452 --- SIGURG {si_signo=SIGURG, si_code=SI_TKILL, si_pid=2619425, si_uid=1000} ---
2619433 --- SIGURG {si_signo=SIGURG, si_code=SI_TKILL, si_pid=2619425, si_uid=1000} ---
2619434 --- SIGURG {si_signo=SIGURG, si_code=SI_TKILL, si_pid=2619425, si_uid=1000} ---
2619442 --- SIGURG {si_signo=SIGURG, si_code=SI_TKILL, si_pid=2619425, si_uid=1000} ---
2619444 --- SIGURG {si_signo=SIGURG, si_code=SI_TKILL, si_pid=2619425, si_uid=1000} ---
2619446 --- SIGURG {si_signo=SIGURG, si_code=SI_TKILL, si_pid=2619425, si_uid=1000} ---
2619449 --- SIGURG {si_signo=SIGURG, si_code=SI_TKILL, si_pid=2619425, si_uid=1000} ---
2619451 --- SIGURG {si_signo=SIGURG, si_code=SI_TKILL, si_pid=2619425, si_uid=1000} ---
2619452 --- SIGURG {si_signo=SIGURG, si_code=SI_TKILL, si_pid=2619425, si_uid=1000} ---
2619434 --- SIGURG {si_signo=SIGURG, si_code=SI_TKILL, si_pid=2619425, si_uid=1000} ---
2619434 --- SIGURG {si_signo=SIGURG, si_code=SI_TKILL, si_pid=2619425, si_uid=1000} ---
2619432 --- SIGURG {si_signo=SIGURG, si_code=SI_TKILL, si_pid=2619425, si_uid=1000} ---
2619448 --- SIGURG {si_signo=SIGURG, si_code=SI_TKILL, si_pid=2619425, si_uid=1000} ---
2619449 --- SIGURG {si_signo=SIGURG, si_code=SI_TKILL, si_pid=2619425, si_uid=1000} ---
2619452 --- SIGURG {si_signo=SIGURG, si_code=SI_TKILL, si_pid=2619425, si_uid=1000} ---
2619433 --- SIGURG {si_signo=SIGURG, si_code=SI_TKILL, si_pid=2619425, si_uid=1000} ---
2619440 --- SIGURG {si_signo=SIGURG, si_code=SI_TKILL, si_pid=2619425, si_uid=1000} ---
2619427 --- SIGURG {si_signo=SIGURG, si_code=SI_TKILL, si_pid=2619425, si_uid=1000} ---
2619434 --- SIGURG {si_signo=SIGURG, si_code=SI_TKILL, si_pid=2619425, si_uid=1000} ---
2619442 --- SIGURG {si_signo=SIGURG, si_code=SI_TKILL, si_pid=2619425, si_uid=1000} ---
2619444 --- SIGURG {si_signo=SIGURG, si_code=SI_TKILL, si_pid=2619425, si_uid=1000} ---
2619446 --- SIGURG {si_signo=SIGURG, si_code=SI_TKILL, si_pid=2619425, si_uid=1000} ---
2619449 --- SIGURG {si_signo=SIGURG, si_code=SI_TKILL, si_pid=2619425, si_uid=1000} ---
2619452 --- SIGURG {si_signo=SIGURG, si_code=SI_TKILL, si_pid=2619425, si_uid=1000} ---
2619433 --- SIGURG {si_signo=SIGURG, si_code=SI_TKILL, si_pid=2619425, si_uid=1000} ---
2619444 --- SIGURG {si_signo=SIGURG, si_code=SI_TKILL, si_pid=2619425, si_uid=1000} ---
2619440 --- SIGURG {si_signo=SIGURG, si_code=SI_TKILL, si_pid=2619425, si_uid=1000} ---
2619451 --- SIGURG {si_signo=SIGURG, si_code=SI_TKILL, si_pid=2619425, si_uid=1000} ---
2619425 --- SIGURG {si_signo=SIGURG, si_code=SI_TKILL, si_pid=2619425, si_uid=1000} ---
2619425 --- SIGURG {si_signo=SIGURG, si_code=SI_TKILL, si_pid=2619425, si_uid=1000} ---
2619451 --- SIGURG {si_signo=SIGURG, si_code=SI_TKILL, si_pid=2619425, si_uid=1000} ---
2619433 --- SIGURG {si_signo=SIGURG, si_code=SI_TKILL, si_pid=2619425, si_uid=1000} ---
2619444 --- SIGURG {si_signo=SIGURG, si_code=SI_TKILL, si_pid=2619425, si_uid=1000} ---
2619442 --- SIGURG {si_signo=SIGURG, si_code=SI_TKILL, si_pid=2619425, si_uid=1000} ---
2619440 --- SIGURG {si_signo=SIGURG, si_code=SI_TKILL, si_pid=2619425, si_uid=1000} ---
2619433 --- SIGURG {si_signo=SIGURG, si_code=SI_TKILL, si_pid=2619425, si_uid=1000} ---
2619425 --- SIGURG {si_signo=SIGURG, si_code=SI_TKILL, si_pid=2619425, si_uid=1000} ---
2619442 --- SIGURG {si_signo=SIGURG, si_code=SI_TKILL, si_pid=2619425, si_uid=1000} ---
2619440 --- SIGURG {si_signo=SIGURG, si_code=SI_TKILL, si_pid=2619425, si_uid=1000} ---
2619453 --- SIGURG {si_signo=SIGURG, si_code=SI_TKILL, si_pid=2619425, si_uid=1000} ---
2619452 --- SIGURG {si_signo=SIGURG, si_code=SI_TKILL, si_pid=2619425, si_uid=1000} ---
2619437 --- SIGURG {si_signo=SIGURG, si_code=SI_TKILL, si_pid=2619425, si_uid=1000} ---
2619452 --- SIGURG {si_signo=SIGURG, si_code=SI_TKILL, si_pid=2619425, si_uid=1000} ---
2619437 --- SIGURG {si_signo=SIGURG, si_code=SI_TKILL, si_pid=2619425, si_uid=1000} ---
2619433 --- SIGURG {si_signo=SIGURG, si_code=SI_TKILL, si_pid=2619425, si_uid=1000} ---
2619433 --- SIGURG {si_signo=SIGURG, si_code=SI_TKILL, si_pid=2619425, si_uid=1000} ---
2619449 --- SIGURG {si_signo=SIGURG, si_code=SI_TKILL, si_pid=2619425, si_uid=1000} ---
2619451 --- SIGURG {si_signo=SIGURG, si_code=SI_TKILL, si_pid=2619425, si_uid=1000} ---
2619442 --- SIGURG {si_signo=SIGURG, si_code=SI_TKILL, si_pid=2619425, si_uid=1000} ---
2619440 --- SIGURG {si_signo=SIGURG, si_code=SI_TKILL, si_pid=2619425, si_uid=1000} ---
2619453 --- SIGURG {si_signo=SIGURG, si_code=SI_TKILL, si_pid=2619425, si_uid=1000} ---
2619452 --- SIGURG {si_signo=SIGURG, si_code=SI_TKILL, si_pid=2619425, si_uid=1000} ---
2619434 --- SIGURG {si_signo=SIGURG, si_code=SI_TKILL, si_pid=2619425, si_uid=1000} ---
2619449 --- SIGURG {si_signo=SIGURG, si_code=SI_TKILL, si_pid=2619425, si_uid=1000} ---
2619427 --- SIGURG {si_signo=SIGURG, si_code=SI_TKILL, si_pid=2619425, si_uid=1000} ---
2619432 --- SIGURG {si_signo=SIGURG, si_code=SI_TKILL, si_pid=2619425, si_uid=1000} ---
2619446 --- SIGURG {si_signo=SIGURG, si_code=SI_TKILL, si_pid=2619425, si_uid=1000} ---
2619436 --- SIGURG {si_signo=SIGURG, si_code=SI_TKILL, si_pid=2619425, si_uid=1000} ---
2619425 --- SIGURG {si_signo=SIGURG, si_code=SI_TKILL, si_pid=2619425, si_uid=1000} ---
2619428 --- SIGURG {si_signo=SIGURG, si_code=SI_TKILL, si_pid=2619425, si_uid=1000} ---
2619444 --- SIGURG {si_signo=SIGURG, si_code=SI_TKILL, si_pid=2619425, si_uid=1000} ---
2619442 --- SIGURG {si_signo=SIGURG, si_code=SI_TKILL, si_pid=2619425, si_uid=1000} ---
2619435 --- SIGURG {si_signo=SIGURG, si_code=SI_TKILL, si_pid=2619425, si_uid=1000} ---
2619451 --- SIGURG {si_signo=SIGURG, si_code=SI_TKILL, si_pid=2619425, si_uid=1000} ---
2619440 --- SIGURG {si_signo=SIGURG, si_code=SI_TKILL, si_pid=2619425, si_uid=1000} ---
2619453 --- SIGURG {si_signo=SIGURG, si_code=SI_TKILL, si_pid=2619425, si_uid=1000} ---
2619452 --- SIGURG {si_signo=SIGURG, si_code=SI_TKILL, si_pid=2619425, si_uid=1000} ---
2619432 --- SIGURG {si_signo=SIGURG, si_code=SI_TKILL, si_pid=2619425, si_uid=1000} ---
2619446 --- SIGURG {si_signo=SIGURG, si_code=SI_TKILL, si_pid=2619425, si_uid=1000} ---
2619438 --- SIGURG {si_signo=SIGURG, si_code=SI_TKILL, si_pid=2619425, si_uid=1000} ---
2619436 --- SIGURG {si_signo=SIGURG, si_code=SI_TKILL, si_pid=2619425, si_uid=1000} ---
2619425 --- SIGURG {si_signo=SIGURG, si_code=SI_TKILL, si_pid=2619425, si_uid=1000} ---
2619428 --- SIGURG {si_signo=SIGURG, si_code=SI_TKILL, si_pid=2619425, si_uid=1000} ---
2619429 --- SIGURG {si_signo=SIGURG, si_code=SI_TKILL, si_pid=2619425, si_uid=1000} ---
2619451 --- SIGURG {si_signo=SIGURG, si_code=SI_TKILL, si_pid=2619425, si_uid=1000} ---
2619440 --- SIGURG {si_signo=SIGURG, si_code=SI_TKILL, si_pid=2619425, si_uid=1000} ---
2619452 --- SIGURG {si_signo=SIGURG, si_code=SI_TKILL, si_pid=2619425, si_uid=1000} ---
2619449 --- SIGURG {si_signo=SIGURG, si_code=SI_TKILL, si_pid=2619425, si_uid=1000} ---
2619432 --- SIGURG {si_signo=SIGURG, si_code=SI_TKILL, si_pid=2619425, si_uid=1000} ---
2619440 --- SIGURG {si_signo=SIGURG, si_code=SI_TKILL, si_pid=2619425, si_uid=1000} ---
2619446 --- SIGURG {si_signo=SIGURG, si_code=SI_TKILL, si_pid=2619425, si_uid=1000} ---
2619449 --- SIGURG {si_signo=SIGURG, si_code=SI_TKILL, si_pid=2619425, si_uid=1000} ---
2619452 --- SIGURG {si_signo=SIGURG, si_code=SI_TKILL, si_pid=2619425, si_uid=1000} ---
2619451 --- SIGURG {si_signo=SIGURG, si_code=SI_TKILL, si_pid=2619425, si_uid=1000} ---
2619435 --- SIGURG {si_signo=SIGURG, si_code=SI_TKILL, si_pid=2619425, si_uid=1000} ---
2619453 --- SIGURG {si_signo=SIGURG, si_code=SI_TKILL, si_pid=2619425, si_uid=1000} ---
2619435 --- SIGURG {si_signo=SIGURG, si_code=SI_TKILL, si_pid=2619425, si_uid=1000} ---
2619434 --- SIGURG {si_signo=SIGURG, si_code=SI_TKILL, si_pid=2619425, si_uid=1000} ---
2619449 --- SIGURG {si_signo=SIGURG, si_code=SI_TKILL, si_pid=2619425, si_uid=1000} ---
2619440 --- SIGURG {si_signo=SIGURG, si_code=SI_TKILL, si_pid=2619425, si_uid=1000} ---
2619429 --- SIGURG {si_signo=SIGURG, si_code=SI_TKILL, si_pid=2619425, si_uid=1000} ---
2619428 --- SIGURG {si_signo=SIGURG, si_code=SI_TKILL, si_pid=2619425, si_uid=1000} ---
2619434 --- SIGURG {si_signo=SIGURG, si_code=SI_TKILL, si_pid=2619425, si_uid=1000} ---
2619453 --- SIGURG {si_signo=SIGURG, si_code=SI_TKILL, si_pid=2619425, si_uid=1000} ---
2619428 --- SIGURG {si_signo=SIGURG, si_code=SI_TKILL, si_pid=2619425, si_uid=1000} ---
2619449 --- SIGURG {si_signo=SIGURG, si_code=SI_TKILL, si_pid=2619425, si_uid=1000} ---
2619434 --- SIGURG {si_signo=SIGURG, si_code=SI_TKILL, si_pid=2619425, si_uid=1000} ---
2619446 --- SIGURG {si_signo=SIGURG, si_code=SI_TKILL, si_pid=2619425, si_uid=1000} ---
2619428 --- SIGURG {si_signo=SIGURG, si_code=SI_TKILL, si_pid=2619425, si_uid=1000} ---
2619453 --- SIGURG {si_signo=SIGURG, si_code=SI_TKILL, si_pid=2619425, si_uid=1000} ---
2619450 --- SIGURG {si_signo=SIGURG, si_code=SI_TKILL, si_pid=2619425, si_uid=1000} ---
2619434 --- SIGURG {si_signo=SIGURG, si_code=SI_TKILL, si_pid=2619425, si_uid=1000} ---
2619449 --- SIGURG {si_signo=SIGURG, si_code=SI_TKILL, si_pid=2619425, si_uid=1000} ---
2619429 --- SIGURG {si_signo=SIGURG, si_code=SI_TKILL, si_pid=2619425, si_uid=1000} ---
2619436 --- SIGURG {si_signo=SIGURG, si_code=SI_TKILL, si_pid=2619425, si_uid=1000} ---
2619438 --- SIGURG {si_signo=SIGURG, si_code=SI_TKILL, si_pid=2619425, si_uid=1000} ---
2619427 --- SIGURG {si_signo=SIGURG, si_code=SI_TKILL, si_pid=2619425, si_uid=1000} ---
2619444 --- SIGURG {si_signo=SIGURG, si_code=SI_TKILL, si_pid=2619425, si_uid=1000} ---
2619425 --- SIGURG {si_signo=SIGURG, si_code=SI_TKILL, si_pid=2619425, si_uid=1000} ---
2619428 --- SIGURG {si_signo=SIGURG, si_code=SI_TKILL, si_pid=2619425, si_uid=1000} ---
2619451 --- SIGURG {si_signo=SIGURG, si_code=SI_TKILL, si_pid=2619425, si_uid=1000} ---
2619452 --- SIGURG {si_signo=SIGURG, si_code=SI_TKILL, si_pid=2619425, si_uid=1000} ---
2619442 --- SIGURG {si_signo=SIGURG, si_code=SI_TKILL, si_pid=2619425, si_uid=1000} ---
2619453 --- SIGURG {si_signo=SIGURG, si_code=SI_TKILL, si_pid=2619425, si_uid=1000} ---
2619439 --- SIGURG {si_signo=SIGURG, si_code=SI_TKILL, si_pid=2619425, si_uid=1000} ---
2619437 --- SIGURG {si_signo=SIGURG, si_code=SI_TKILL, si_pid=2619425, si_uid=1000} ---
2619429 --- SIGURG {si_signo=SIGURG, si_code=SI_TKILL, si_pid=2619425, si_uid=1000} ---
2619436 --- SIGURG {si_signo=SIGURG, si_code=SI_TKILL, si_pid=2619425, si_uid=1000} ---
2619432 --- SIGURG {si_signo=SIGURG, si_code=SI_TKILL, si_pid=2619425, si_uid=1000} ---
2619444 --- SIGURG {si_signo=SIGURG, si_code=SI_TKILL, si_pid=2619425, si_uid=1000} ---
2619425 --- SIGURG {si_signo=SIGURG, si_code=SI_TKILL, si_pid=2619425, si_uid=1000} ---
2619451 --- SIGURG {si_signo=SIGURG, si_code=SI_TKILL, si_pid=2619425, si_uid=1000} ---
2619452 --- SIGURG {si_signo=SIGURG, si_code=SI_TKILL, si_pid=2619425, si_uid=1000} ---
2619442 --- SIGURG {si_signo=SIGURG, si_code=SI_TKILL, si_pid=2619425, si_uid=1000} ---
2619436 --- SIGURG {si_signo=SIGURG, si_code=SI_TKILL, si_pid=2619425, si_uid=1000} ---
2619444 --- SIGURG {si_signo=SIGURG, si_code=SI_TKILL, si_pid=2619425, si_uid=1000} ---
2619444 --- SIGURG {si_signo=SIGURG, si_code=SI_TKILL, si_pid=2619425, si_uid=1000} ---
2619427 --- SIGURG {si_signo=SIGURG, si_code=SI_TKILL, si_pid=2619425, si_uid=1000} ---
2619427 --- SIGURG {si_signo=SIGURG, si_code=SI_TKILL, si_pid=2619425, si_uid=1000} ---
2619425 --- SIGURG {si_signo=SIGURG, si_code=SI_TKILL, si_pid=2619425, si_uid=1000} ---
2619427 --- SIGURG {si_signo=SIGURG, si_code=SI_TKILL, si_pid=2619425, si_uid=1000} ---
2619440 --- SIGURG {si_signo=SIGURG, si_code=SI_TKILL, si_pid=2619425, si_uid=1000} ---
2619456 --- SIGURG {si_signo=SIGURG, si_code=SI_TKILL, si_pid=2619425, si_uid=1000} ---
2619452 --- SIGURG {si_signo=SIGURG, si_code=SI_TKILL, si_pid=2619425, si_uid=1000} ---
2619425 --- SIGURG {si_signo=SIGURG, si_code=SI_TKILL, si_pid=2619425, si_uid=1000} ---
2619435 --- SIGURG {si_signo=SIGURG, si_code=SI_TKILL, si_pid=2619425, si_uid=1000} ---
2619440 --- SIGURG {si_signo=SIGURG, si_code=SI_TKILL, si_pid=2619425, si_uid=1000} ---
2619456 --- SIGURG {si_signo=SIGURG, si_code=SI_TKILL, si_pid=2619425, si_uid=1000} ---
2619452 --- SIGURG {si_signo=SIGURG, si_code=SI_TKILL, si_pid=2619425, si_uid=1000} ---
2619427 --- SIGURG {si_signo=SIGURG, si_code=SI_TKILL, si_pid=2619425, si_uid=1000} ---
2619425 --- SIGURG {si_signo=SIGURG, si_code=SI_TKILL, si_pid=2619425, si_uid=1000} ---
2619436 --- SIGURG {si_signo=SIGURG, si_code=SI_TKILL, si_pid=2619425, si_uid=1000} ---
2619434 --- SIGURG {si_signo=SIGURG, si_code=SI_TKILL, si_pid=2619425, si_uid=1000} ---
2619444 --- SIGURG {si_signo=SIGURG, si_code=SI_TKILL, si_pid=2619425, si_uid=1000} ---
2619444 --- SIGURG {si_signo=SIGURG, si_code=SI_TKILL, si_pid=2619425, si_uid=1000} ---
2619432 --- SIGURG {si_signo=SIGURG, si_code=SI_TKILL, si_pid=2619425, si_uid=1000} ---
2619446 --- SIGURG {si_signo=SIGURG, si_code=SI_TKILL, si_pid=2619425, si_uid=1000} ---
2619438 --- SIGURG {si_signo=SIGURG, si_code=SI_TKILL, si_pid=2619425, si_uid=1000} ---
2619427 --- SIGURG {si_signo=SIGURG, si_code=SI_TKILL, si_pid=2619425, si_uid=1000} ---
2619425 --- SIGURG {si_signo=SIGURG, si_code=SI_TKILL, si_pid=2619425, si_uid=1000} ---
2619456 --- SIGURG {si_signo=SIGURG, si_code=SI_TKILL, si_pid=2619425, si_uid=1000} ---
2619446 --- SIGURG {si_signo=SIGURG, si_code=SI_TKILL, si_pid=2619425, si_uid=1000} ---
2619429 --- SIGURG {si_signo=SIGURG, si_code=SI_TKILL, si_pid=2619425, si_uid=1000} ---
2619454 --- SIGURG {si_signo=SIGURG, si_code=SI_TKILL, si_pid=2619425, si_uid=1000} ---
2619428 --- SIGURG {si_signo=SIGURG, si_code=SI_TKILL, si_pid=2619425, si_uid=1000} ---
2619429 --- SIGURG {si_signo=SIGURG, si_code=SI_TKILL, si_pid=2619425, si_uid=1000} ---
2619444 --- SIGURG {si_signo=SIGURG, si_code=SI_TKILL, si_pid=2619425, si_uid=1000} ---
2619425 --- SIGURG {si_signo=SIGURG, si_code=SI_TKILL, si_pid=2619425, si_uid=1000} ---
2619429 --- SIGURG {si_signo=SIGURG, si_code=SI_TKILL, si_pid=2619425, si_uid=1000} ---
2619432 --- SIGURG {si_signo=SIGURG, si_code=SI_TKILL, si_pid=2619425, si_uid=1000} ---
2619434 --- SIGURG {si_signo=SIGURG, si_code=SI_TKILL, si_pid=2619425, si_uid=1000} ---
2619444 --- SIGURG {si_signo=SIGURG, si_code=SI_TKILL, si_pid=2619425, si_uid=1000} ---
2619442 --- SIGURG {si_signo=SIGURG, si_code=SI_TKILL, si_pid=2619425, si_uid=1000} ---
2619450 --- SIGURG {si_signo=SIGURG, si_code=SI_TKILL, si_pid=2619425, si_uid=1000} ---
2619451 --- SIGURG {si_signo=SIGURG, si_code=SI_TKILL, si_pid=2619425, si_uid=1000} ---
2619432 --- SIGURG {si_signo=SIGURG, si_code=SI_TKILL, si_pid=2619425, si_uid=1000} ---
2619432 --- SIGURG {si_signo=SIGURG, si_code=SI_TKILL, si_pid=2619425, si_uid=1000} ---
2619434 --- SIGURG {si_signo=SIGURG, si_code=SI_TKILL, si_pid=2619425, si_uid=1000} ---
2619444 --- SIGURG {si_signo=SIGURG, si_code=SI_TKILL, si_pid=2619425, si_uid=1000} ---
2619432 --- SIGURG {si_signo=SIGURG, si_code=SI_TKILL, si_pid=2619425, si_uid=1000} ---
2619452 --- SIGURG {si_signo=SIGURG, si_code=SI_TKILL, si_pid=2619425, si_uid=1000} ---
2619439 --- SIGURG {si_signo=SIGURG, si_code=SI_TKILL, si_pid=2619425, si_uid=1000} ---
2619428 --- SIGURG {si_signo=SIGURG, si_code=SI_TKILL, si_pid=2619425, si_uid=1000} ---
2619427 --- SIGURG {si_signo=SIGURG, si_code=SI_TKILL, si_pid=2619425, si_uid=1000} ---
2619454 --- SIGURG {si_signo=SIGURG, si_code=SI_TKILL, si_pid=2619425, si_uid=1000} ---
2619427 --- SIGURG {si_signo=SIGURG, si_code=SI_TKILL, si_pid=2619425, si_uid=1000} ---
2619439 --- SIGURG {si_signo=SIGURG, si_code=SI_TKILL, si_pid=2619425, si_uid=1000} ---
2619434 --- SIGURG {si_signo=SIGURG, si_code=SI_TKILL, si_pid=2619425, si_uid=1000} ---
2619427 --- SIGURG {si_signo=SIGURG, si_code=SI_TKILL, si_pid=2619425, si_uid=1000} ---
2619454 --- SIGURG {si_signo=SIGURG, si_code=SI_TKILL, si_pid=2619425, si_uid=1000} ---
2619439 --- SIGURG {si_signo=SIGURG, si_code=SI_TKILL, si_pid=2619425, si_uid=1000} ---
2619434 --- SIGURG {si_signo=SIGURG, si_code=SI_TKILL, si_pid=2619425, si_uid=1000} ---
2619429 --- SIGURG {si_signo=SIGURG, si_code=SI_TKILL, si_pid=2619425, si_uid=1000} ---
2619450 --- SIGURG {si_signo=SIGURG, si_code=SI_TKILL, si_pid=2619425, si_uid=1000} ---
2619425 --- SIGURG {si_signo=SIGURG, si_code=SI_TKILL, si_pid=2619425, si_uid=1000} ---
2619456 --- SIGURG {si_signo=SIGURG, si_code=SI_TKILL, si_pid=2619425, si_uid=1000} ---
2619446 --- SIGURG {si_signo=SIGURG, si_code=SI_TKILL, si_pid=2619425, si_uid=1000} ---
2619452 --- SIGURG {si_signo=SIGURG, si_code=SI_TKILL, si_pid=2619425, si_uid=1000} ---
2619451 --- SIGURG {si_signo=SIGURG, si_code=SI_TKILL, si_pid=2619425, si_uid=1000} ---
2619440 --- SIGURG {si_signo=SIGURG, si_code=SI_TKILL, si_pid=2619425, si_uid=1000} ---
2619428 --- SIGURG {si_signo=SIGURG, si_code=SI_TKILL, si_pid=2619425, si_uid=1000} ---
2619427 --- SIGURG {si_signo=SIGURG, si_code=SI_TKILL, si_pid=2619425, si_uid=1000} ---
2619454 --- SIGURG {si_signo=SIGURG, si_code=SI_TKILL, si_pid=2619425, si_uid=1000} ---
2619446 --- SIGURG {si_signo=SIGURG, si_code=SI_TKILL, si_pid=2619425, si_uid=1000} ---
2619452 --- SIGURG {si_signo=SIGURG, si_code=SI_TKILL, si_pid=2619425, si_uid=1000} ---
2619451 --- SIGURG {si_signo=SIGURG, si_code=SI_TKILL, si_pid=2619425, si_uid=1000} ---
2619454 --- SIGURG {si_signo=SIGURG, si_code=SI_TKILL, si_pid=2619425, si_uid=1000} ---
2619456 --- SIGURG {si_signo=SIGURG, si_code=SI_TKILL, si_pid=2619425, si_uid=1000} ---
2619438 --- SIGURG {si_signo=SIGURG, si_code=SI_TKILL, si_pid=2619425, si_uid=1000} ---
2619425 --- SIGURG {si_signo=SIGURG, si_code=SI_TKILL, si_pid=2619425, si_uid=1000} ---
2619452 --- SIGURG {si_signo=SIGURG, si_code=SI_TKILL, si_pid=2619425, si_uid=1000} ---
2619428 --- SIGURG {si_signo=SIGURG, si_code=SI_TKILL, si_pid=2619425, si_uid=1000} ---
2619425 --- SIGURG {si_signo=SIGURG, si_code=SI_TKILL, si_pid=2619425, si_uid=1000} ---
2619432 --- SIGURG {si_signo=SIGURG, si_code=SI_TKILL, si_pid=2619425, si_uid=1000} ---
2619452 --- SIGURG {si_signo=SIGURG, si_code=SI_TKILL, si_pid=2619425, si_uid=1000} ---
2619454 --- SIGURG {si_signo=SIGURG, si_code=SI_TKILL, si_pid=2619425, si_uid=1000} ---
2619439 --- SIGURG {si_signo=SIGURG, si_code=SI_TKILL, si_pid=2619425, si_uid=1000} ---
2619432 --- SIGURG {si_signo=SIGURG, si_code=SI_TKILL, si_pid=2619425, si_uid=1000} ---
2619442 --- SIGURG {si_signo=SIGURG, si_code=SI_TKILL, si_pid=2619425, si_uid=1000} ---
2619452 --- SIGURG {si_signo=SIGURG, si_code=SI_TKILL, si_pid=2619425, si_uid=1000} ---
2619439 --- SIGURG {si_signo=SIGURG, si_code=SI_TKILL, si_pid=2619425, si_uid=1000} ---
2619432 --- SIGURG {si_signo=SIGURG, si_code=SI_TKILL, si_pid=2619425, si_uid=1000} ---
2619425 --- SIGURG {si_signo=SIGURG, si_code=SI_TKILL, si_pid=2619425, si_uid=1000} ---
2619442 --- SIGURG {si_signo=SIGURG, si_code=SI_TKILL, si_pid=2619425, si_uid=1000} ---
2619452 --- SIGURG {si_signo=SIGURG, si_code=SI_TKILL, si_pid=2619425, si_uid=1000} ---
2619440 --- SIGURG {si_signo=SIGURG, si_code=SI_TKILL, si_pid=2619425, si_uid=1000} ---
2619432 --- SIGURG {si_signo=SIGURG, si_code=SI_TKILL, si_pid=2619425, si_uid=1000} ---
2619425 --- SIGURG {si_signo=SIGURG, si_code=SI_TKILL, si_pid=2619425, si_uid=1000} ---
2619449 --- SIGURG {si_signo=SIGURG, si_code=SI_TKILL, si_pid=2619425, si_uid=1000} ---
2619438 --- SIGURG {si_signo=SIGURG, si_code=SI_TKILL, si_pid=2619425, si_uid=1000} ---
2619425 --- SIGURG {si_signo=SIGURG, si_code=SI_TKILL, si_pid=2619425, si_uid=1000} ---
2619432 --- SIGURG {si_signo=SIGURG, si_code=SI_TKILL, si_pid=2619425, si_uid=1000} ---
2619439 --- SIGURG {si_signo=SIGURG, si_code=SI_TKILL, si_pid=2619425, si_uid=1000} ---
2619442 --- SIGURG {si_signo=SIGURG, si_code=SI_TKILL, si_pid=2619425, si_uid=1000} ---
2619454 --- SIGURG {si_signo=SIGURG, si_code=SI_TKILL, si_pid=2619425, si_uid=1000} ---
2619433 --- SIGURG {si_signo=SIGURG, si_code=SI_TKILL, si_pid=2619425, si_uid=1000} ---
2619438 --- SIGURG {si_signo=SIGURG, si_code=SI_TKILL, si_pid=2619425, si_uid=1000} ---
2619427 --- SIGURG {si_signo=SIGURG, si_code=SI_TKILL, si_pid=2619425, si_uid=1000} ---
2619444 --- SIGURG {si_signo=SIGURG, si_code=SI_TKILL, si_pid=2619425, si_uid=1000} ---
2619446 --- SIGURG {si_signo=SIGURG, si_code=SI_TKILL, si_pid=2619425, si_uid=1000} ---
2619451 --- SIGURG {si_signo=SIGURG, si_code=SI_TKILL, si_pid=2619425, si_uid=1000} ---
2619450 --- SIGURG {si_signo=SIGURG, si_code=SI_TKILL, si_pid=2619425, si_uid=1000} ---
2619436 --- SIGURG {si_signo=SIGURG, si_code=SI_TKILL, si_pid=2619425, si_uid=1000} ---
2619434 --- SIGURG {si_signo=SIGURG, si_code=SI_TKILL, si_pid=2619425, si_uid=1000} ---
2619429 --- SIGURG {si_signo=SIGURG, si_code=SI_TKILL, si_pid=2619425, si_uid=1000} ---
2619452 --- SIGURG {si_signo=SIGURG, si_code=SI_TKILL, si_pid=2619425, si_uid=1000} ---
2619428 --- SIGURG {si_signo=SIGURG, si_code=SI_TKILL, si_pid=2619425, si_uid=1000} ---
2619432 --- SIGURG {si_signo=SIGURG, si_code=SI_TKILL, si_pid=2619425, si_uid=1000} ---
2619439 --- SIGURG {si_signo=SIGURG, si_code=SI_TKILL, si_pid=2619425, si_uid=1000} ---
2619442 --- SIGURG {si_signo=SIGURG, si_code=SI_TKILL, si_pid=2619425, si_uid=1000} ---
2619454 --- SIGURG {si_signo=SIGURG, si_code=SI_TKILL, si_pid=2619425, si_uid=1000} ---
2619433 --- SIGURG {si_signo=SIGURG, si_code=SI_TKILL, si_pid=2619425, si_uid=1000} ---
2619427 --- SIGURG {si_signo=SIGURG, si_code=SI_TKILL, si_pid=2619425, si_uid=1000} ---
2619444 --- SIGURG {si_signo=SIGURG, si_code=SI_TKILL, si_pid=2619425, si_uid=1000} ---
2619450 --- SIGURG {si_signo=SIGURG, si_code=SI_TKILL, si_pid=2619425, si_uid=1000} ---
2619434 --- SIGURG {si_signo=SIGURG, si_code=SI_TKILL, si_pid=2619425, si_uid=1000} ---
2619429 --- SIGURG {si_signo=SIGURG, si_code=SI_TKILL, si_pid=2619425, si_uid=1000} ---
2619449 --- SIGURG {si_signo=SIGURG, si_code=SI_TKILL, si_pid=2619425, si_uid=1000} ---
2619454 --- SIGURG {si_signo=SIGURG, si_code=SI_TKILL, si_pid=2619425, si_uid=1000} ---
2619451 --- SIGURG {si_signo=SIGURG, si_code=SI_TKILL, si_pid=2619425, si_uid=1000} ---
2619444 --- SIGURG {si_signo=SIGURG, si_code=SI_TKILL, si_pid=2619425, si_uid=1000} ---
2619446 --- SIGURG {si_signo=SIGURG, si_code=SI_TKILL, si_pid=2619425, si_uid=1000} ---
2619451 --- SIGURG {si_signo=SIGURG, si_code=SI_TKILL, si_pid=2619425, si_uid=1000} ---
2619450 --- SIGURG {si_signo=SIGURG, si_code=SI_TKILL, si_pid=2619425, si_uid=1000} ---
2619436 --- SIGURG {si_signo=SIGURG, si_code=SI_TKILL, si_pid=2619425, si_uid=1000} ---
2619434 --- SIGURG {si_signo=SIGURG, si_code=SI_TKILL, si_pid=2619425, si_uid=1000} ---
2619452 --- SIGURG {si_signo=SIGURG, si_code=SI_TKILL, si_pid=2619425, si_uid=1000} ---
2619435 --- SIGURG {si_signo=SIGURG, si_code=SI_TKILL, si_pid=2619425, si_uid=1000} ---
2619453 --- SIGURG {si_signo=SIGURG, si_code=SI_TKILL, si_pid=2619425, si_uid=1000} ---
2619428 --- SIGURG {si_signo=SIGURG, si_code=SI_TKILL, si_pid=2619425, si_uid=1000} ---
2619449 --- SIGURG {si_signo=SIGURG, si_code=SI_TKILL, si_pid=2619425, si_uid=1000} ---
2619439 --- SIGURG {si_signo=SIGURG, si_code=SI_TKILL, si_pid=2619425, si_uid=1000} ---
2619448 --- SIGURG {si_signo=SIGURG, si_code=SI_TKILL, si_pid=2619425, si_uid=1000} ---
2619446 --- SIGURG {si_signo=SIGURG, si_code=SI_TKILL, si_pid=2619425, si_uid=1000} ---
2619436 --- SIGURG {si_signo=SIGURG, si_code=SI_TKILL, si_pid=2619425, si_uid=1000} ---
2619434 --- SIGURG {si_signo=SIGURG, si_code=SI_TKILL, si_pid=2619425, si_uid=1000} ---
2619452 --- SIGURG {si_signo=SIGURG, si_code=SI_TKILL, si_pid=2619425, si_uid=1000} ---
2619435 --- SIGURG {si_signo=SIGURG, si_code=SI_TKILL, si_pid=2619425, si_uid=1000} ---
2619439 --- SIGURG {si_signo=SIGURG, si_code=SI_TKILL, si_pid=2619425, si_uid=1000} ---
2619448 --- SIGURG {si_signo=SIGURG, si_code=SI_TKILL, si_pid=2619425, si_uid=1000} ---
2619438 --- SIGURG {si_signo=SIGURG, si_code=SI_TKILL, si_pid=2619425, si_uid=1000} ---
2619454 --- SIGURG {si_signo=SIGURG, si_code=SI_TKILL, si_pid=2619425, si_uid=1000} ---
2619444 --- SIGURG {si_signo=SIGURG, si_code=SI_TKILL, si_pid=2619425, si_uid=1000} ---
2619428 --- SIGURG {si_signo=SIGURG, si_code=SI_TKILL, si_pid=2619425, si_uid=1000} ---
2619425 --- SIGURG {si_signo=SIGURG, si_code=SI_TKILL, si_pid=2619425, si_uid=1000} ---
2619440 --- SIGURG {si_signo=SIGURG, si_code=SI_TKILL, si_pid=2619425, si_uid=1000} ---
2619439 --- SIGURG {si_signo=SIGURG, si_code=SI_TKILL, si_pid=2619425, si_uid=1000} ---
2619427 --- SIGURG {si_signo=SIGURG, si_code=SI_TKILL, si_pid=2619425, si_uid=1000} ---
2619451 --- SIGURG {si_signo=SIGURG, si_code=SI_TKILL, si_pid=2619425, si_uid=1000} ---
2619435 --- SIGURG {si_signo=SIGURG, si_code=SI_TKILL, si_pid=2619425, si_uid=1000} ---
2619444 --- SIGURG {si_signo=SIGURG, si_code=SI_TKILL, si_pid=2619425, si_uid=1000} ---
2619427 --- SIGURG {si_signo=SIGURG, si_code=SI_TKILL, si_pid=2619425, si_uid=1000} ---
2619453 --- SIGURG {si_signo=SIGURG, si_code=SI_TKILL, si_pid=2619425, si_uid=1000} ---
2619439 --- SIGURG {si_signo=SIGURG, si_code=SI_TKILL, si_pid=2619425, si_uid=1000} ---
2619428 --- SIGURG {si_signo=SIGURG, si_code=SI_TKILL, si_pid=2619425, si_uid=1000} ---
2619435 --- SIGURG {si_signo=SIGURG, si_code=SI_TKILL, si_pid=2619425, si_uid=1000} ---
2619439 --- SIGURG {si_signo=SIGURG, si_code=SI_TKILL, si_pid=2619425, si_uid=1000} ---
2619427 --- SIGURG {si_signo=SIGURG, si_code=SI_TKILL, si_pid=2619425, si_uid=1000} ---
2619433 --- SIGURG {si_signo=SIGURG, si_code=SI_TKILL, si_pid=2619425, si_uid=1000} ---
2619444 --- SIGURG {si_signo=SIGURG, si_code=SI_TKILL, si_pid=2619425, si_uid=1000} ---
2619439 --- SIGURG {si_signo=SIGURG, si_code=SI_TKILL, si_pid=2619425, si_uid=1000} ---
2619433 --- SIGURG {si_signo=SIGURG, si_code=SI_TKILL, si_pid=2619425, si_uid=1000} ---
2619438 --- SIGURG {si_signo=SIGURG, si_code=SI_TKILL, si_pid=2619425, si_uid=1000} ---
2619433 --- SIGURG {si_signo=SIGURG, si_code=SI_TKILL, si_pid=2619425, si_uid=1000} ---
2619435 --- SIGURG {si_signo=SIGURG, si_code=SI_TKILL, si_pid=2619425, si_uid=1000} ---
2619427 --- SIGURG {si_signo=SIGURG, si_code=SI_TKILL, si_pid=2619425, si_uid=1000} ---
2619435 --- SIGURG {si_signo=SIGURG, si_code=SI_TKILL, si_pid=2619425, si_uid=1000} ---
2619453 --- SIGURG {si_signo=SIGURG, si_code=SI_TKILL, si_pid=2619425, si_uid=1000} ---
2619450 --- SIGURG {si_signo=SIGURG, si_code=SI_TKILL, si_pid=2619425, si_uid=1000} ---
2619433 --- SIGURG {si_signo=SIGURG, si_code=SI_TKILL, si_pid=2619425, si_uid=1000} ---
2619434 --- SIGURG {si_signo=SIGURG, si_code=SI_TKILL, si_pid=2619425, si_uid=1000} ---
2619452 --- SIGURG {si_signo=SIGURG, si_code=SI_TKILL, si_pid=2619425, si_uid=1000} ---
2619439 --- SIGURG {si_signo=SIGURG, si_code=SI_TKILL, si_pid=2619425, si_uid=1000} ---
2619449 --- SIGURG {si_signo=SIGURG, si_code=SI_TKILL, si_pid=2619425, si_uid=1000} ---
2619438 --- SIGURG {si_signo=SIGURG, si_code=SI_TKILL, si_pid=2619425, si_uid=1000} ---
2619436 --- SIGURG {si_signo=SIGURG, si_code=SI_TKILL, si_pid=2619425, si_uid=1000} ---
2619444 --- SIGURG {si_signo=SIGURG, si_code=SI_TKILL, si_pid=2619425, si_uid=1000} ---
2619440 --- SIGURG {si_signo=SIGURG, si_code=SI_TKILL, si_pid=2619425, si_uid=1000} ---
2619428 --- SIGURG {si_signo=SIGURG, si_code=SI_TKILL, si_pid=2619425, si_uid=1000} ---
2619451 --- SIGURG {si_signo=SIGURG, si_code=SI_TKILL, si_pid=2619425, si_uid=1000} ---
2619453 --- SIGURG {si_signo=SIGURG, si_code=SI_TKILL, si_pid=2619425, si_uid=1000} ---
2619450 --- SIGURG {si_signo=SIGURG, si_code=SI_TKILL, si_pid=2619425, si_uid=1000} ---
2619434 --- SIGURG {si_signo=SIGURG, si_code=SI_TKILL, si_pid=2619425, si_uid=1000} ---
2619436 --- SIGURG {si_signo=SIGURG, si_code=SI_TKILL, si_pid=2619425, si_uid=1000} ---
2619435 --- SIGURG {si_signo=SIGURG, si_code=SI_TKILL, si_pid=2619425, si_uid=1000} ---
2619453 --- SIGURG {si_signo=SIGURG, si_code=SI_TKILL, si_pid=2619425, si_uid=1000} ---
2619450 --- SIGURG {si_signo=SIGURG, si_code=SI_TKILL, si_pid=2619425, si_uid=1000} ---
2619433 --- SIGURG {si_signo=SIGURG, si_code=SI_TKILL, si_pid=2619425, si_uid=1000} ---
2619452 --- SIGURG {si_signo=SIGURG, si_code=SI_TKILL, si_pid=2619425, si_uid=1000} ---
2619439 --- SIGURG {si_signo=SIGURG, si_code=SI_TKILL, si_pid=2619425, si_uid=1000} ---
2619449 --- SIGURG {si_signo=SIGURG, si_code=SI_TKILL, si_pid=2619425, si_uid=1000} ---
2619438 --- SIGURG {si_signo=SIGURG, si_code=SI_TKILL, si_pid=2619425, si_uid=1000} ---
2619436 --- SIGURG {si_signo=SIGURG, si_code=SI_TKILL, si_pid=2619425, si_uid=1000} ---
2619444 --- SIGURG {si_signo=SIGURG, si_code=SI_TKILL, si_pid=2619425, si_uid=1000} ---
2619454 --- SIGURG {si_signo=SIGURG, si_code=SI_TKILL, si_pid=2619425, si_uid=1000} ---
2619425 --- SIGURG {si_signo=SIGURG, si_code=SI_TKILL, si_pid=2619425, si_uid=1000} ---
2619427 --- SIGURG {si_signo=SIGURG, si_code=SI_TKILL, si_pid=2619425, si_uid=1000} ---
2619450 --- SIGURG {si_signo=SIGURG, si_code=SI_TKILL, si_pid=2619425, si_uid=1000} ---
2619433 --- SIGURG {si_signo=SIGURG, si_code=SI_TKILL, si_pid=2619425, si_uid=1000} ---
2619452 --- SIGURG {si_signo=SIGURG, si_code=SI_TKILL, si_pid=2619425, si_uid=1000} ---
2619439 --- SIGURG {si_signo=SIGURG, si_code=SI_TKILL, si_pid=2619425, si_uid=1000} ---
2619449 --- SIGURG {si_signo=SIGURG, si_code=SI_TKILL, si_pid=2619425, si_uid=1000} ---
2619425 --- SIGURG {si_signo=SIGURG, si_code=SI_TKILL, si_pid=2619425, si_uid=1000} ---
2619433 --- SIGURG {si_signo=SIGURG, si_code=SI_TKILL, si_pid=2619425, si_uid=1000} ---
2619435 --- SIGURG {si_signo=SIGURG, si_code=SI_TKILL, si_pid=2619425, si_uid=1000} ---
2619444 --- SIGURG {si_signo=SIGURG, si_code=SI_TKILL, si_pid=2619425, si_uid=1000} ---
2619446 --- SIGURG {si_signo=SIGURG, si_code=SI_TKILL, si_pid=2619425, si_uid=1000} ---
2619444 --- SIGURG {si_signo=SIGURG, si_code=SI_TKILL, si_pid=2619425, si_uid=1000} ---
2619442 --- SIGURG {si_signo=SIGURG, si_code=SI_TKILL, si_pid=2619425, si_uid=1000} ---
2619452 --- SIGURG {si_signo=SIGURG, si_code=SI_TKILL, si_pid=2619425, si_uid=1000} ---
2619428 --- SIGURG {si_signo=SIGURG, si_code=SI_TKILL, si_pid=2619425, si_uid=1000} ---
2619446 --- SIGURG {si_signo=SIGURG, si_code=SI_TKILL, si_pid=2619425, si_uid=1000} ---
2619448 --- SIGURG {si_signo=SIGURG, si_code=SI_TKILL, si_pid=2619425, si_uid=1000} ---
2619436 --- SIGURG {si_signo=SIGURG, si_code=SI_TKILL, si_pid=2619425, si_uid=1000} ---
2619444 --- SIGURG {si_signo=SIGURG, si_code=SI_TKILL, si_pid=2619425, si_uid=1000} ---
2619442 --- SIGURG {si_signo=SIGURG, si_code=SI_TKILL, si_pid=2619425, si_uid=1000} ---
2619425 --- SIGURG {si_signo=SIGURG, si_code=SI_TKILL, si_pid=2619425, si_uid=1000} ---
2619434 --- SIGURG {si_signo=SIGURG, si_code=SI_TKILL, si_pid=2619425, si_uid=1000} ---
2619440 --- SIGURG {si_signo=SIGURG, si_code=SI_TKILL, si_pid=2619425, si_uid=1000} ---
2619438 --- SIGURG {si_signo=SIGURG, si_code=SI_TKILL, si_pid=2619425, si_uid=1000} ---
2619427 --- SIGURG {si_signo=SIGURG, si_code=SI_TKILL, si_pid=2619425, si_uid=1000} ---
2619428 --- SIGURG {si_signo=SIGURG, si_code=SI_TKILL, si_pid=2619425, si_uid=1000} ---
2619436 --- SIGURG {si_signo=SIGURG, si_code=SI_TKILL, si_pid=2619425, si_uid=1000} ---
2619439 --- SIGURG {si_signo=SIGURG, si_code=SI_TKILL, si_pid=2619425, si_uid=1000} ---
2619450 --- SIGURG {si_signo=SIGURG, si_code=SI_TKILL, si_pid=2619425, si_uid=1000} ---
2619451 --- SIGURG {si_signo=SIGURG, si_code=SI_TKILL, si_pid=2619425, si_uid=1000} ---
2619438 --- SIGURG {si_signo=SIGURG, si_code=SI_TKILL, si_pid=2619425, si_uid=1000} ---
2619453 --- SIGURG {si_signo=SIGURG, si_code=SI_TKILL, si_pid=2619425, si_uid=1000} ---
2619435 --- SIGURG {si_signo=SIGURG, si_code=SI_TKILL, si_pid=2619425, si_uid=1000} ---
2619428 --- SIGURG {si_signo=SIGURG, si_code=SI_TKILL, si_pid=2619425, si_uid=1000} ---
2619425 --- SIGURG {si_signo=SIGURG, si_code=SI_TKILL, si_pid=2619425, si_uid=1000} ---
2619453 --- SIGURG {si_signo=SIGURG, si_code=SI_TKILL, si_pid=2619425, si_uid=1000} ---
2619435 --- SIGURG {si_signo=SIGURG, si_code=SI_TKILL, si_pid=2619425, si_uid=1000} ---
2619442 --- SIGURG {si_signo=SIGURG, si_code=SI_TKILL, si_pid=2619425, si_uid=1000} ---
2619434 --- SIGURG {si_signo=SIGURG, si_code=SI_TKILL, si_pid=2619425, si_uid=1000} ---
2619448 --- SIGURG {si_signo=SIGURG, si_code=SI_TKILL, si_pid=2619425, si_uid=1000} ---
2619454 --- SIGURG {si_signo=SIGURG, si_code=SI_TKILL, si_pid=2619425, si_uid=1000} ---
2619436 --- SIGURG {si_signo=SIGURG, si_code=SI_TKILL, si_pid=2619425, si_uid=1000} ---
2619429 --- SIGURG {si_signo=SIGURG, si_code=SI_TKILL, si_pid=2619425, si_uid=1000} ---
2619456 --- SIGURG {si_signo=SIGURG, si_code=SI_TKILL, si_pid=2619425, si_uid=1000} ---
2619449 --- SIGURG {si_signo=SIGURG, si_code=SI_TKILL, si_pid=2619425, si_uid=1000} ---
2619446 --- SIGURG {si_signo=SIGURG, si_code=SI_TKILL, si_pid=2619425, si_uid=1000} ---
2619435 --- SIGURG {si_signo=SIGURG, si_code=SI_TKILL, si_pid=2619425, si_uid=1000} ---
2619448 --- SIGURG {si_signo=SIGURG, si_code=SI_TKILL, si_pid=2619425, si_uid=1000} ---
2619454 --- SIGURG {si_signo=SIGURG, si_code=SI_TKILL, si_pid=2619425, si_uid=1000} ---
2619449 --- SIGURG {si_signo=SIGURG, si_code=SI_TKILL, si_pid=2619425, si_uid=1000} ---
2619434 --- SIGURG {si_signo=SIGURG, si_code=SI_TKILL, si_pid=2619425, si_uid=1000} ---
2619449 --- SIGURG {si_signo=SIGURG, si_code=SI_TKILL, si_pid=2619425, si_uid=1000} ---
2619454 --- SIGURG {si_signo=SIGURG, si_code=SI_TKILL, si_pid=2619425, si_uid=1000} ---
2619429 --- SIGURG {si_signo=SIGURG, si_code=SI_TKILL, si_pid=2619425, si_uid=1000} ---
2619427 --- SIGURG {si_signo=SIGURG, si_code=SI_TKILL, si_pid=2619425, si_uid=1000} ---
2619436 --- SIGURG {si_signo=SIGURG, si_code=SI_TKILL, si_pid=2619425, si_uid=1000} ---
2619427 --- SIGURG {si_signo=SIGURG, si_code=SI_TKILL, si_pid=2619425, si_uid=1000} ---
2619449 --- SIGURG {si_signo=SIGURG, si_code=SI_TKILL, si_pid=2619425, si_uid=1000} ---
2619436 --- SIGURG {si_signo=SIGURG, si_code=SI_TKILL, si_pid=2619425, si_uid=1000} ---
2619429 --- SIGURG {si_signo=SIGURG, si_code=SI_TKILL, si_pid=2619425, si_uid=1000} ---
2619446 --- SIGURG {si_signo=SIGURG, si_code=SI_TKILL, si_pid=2619425, si_uid=1000} ---
2619438 --- SIGURG {si_signo=SIGURG, si_code=SI_TKILL, si_pid=2619425, si_uid=1000} ---
2619427 --- SIGURG {si_signo=SIGURG, si_code=SI_TKILL, si_pid=2619425, si_uid=1000} ---
2619435 --- SIGURG {si_signo=SIGURG, si_code=SI_TKILL, si_pid=2619425, si_uid=1000} ---
2619453 --- SIGURG {si_signo=SIGURG, si_code=SI_TKILL, si_pid=2619425, si_uid=1000} ---
2619433 --- SIGURG {si_signo=SIGURG, si_code=SI_TKILL, si_pid=2619425, si_uid=1000} ---
2619448 --- SIGURG {si_signo=SIGURG, si_code=SI_TKILL, si_pid=2619425, si_uid=1000} ---
2619429 --- SIGURG {si_signo=SIGURG, si_code=SI_TKILL, si_pid=2619425, si_uid=1000} ---
2619450 --- SIGURG {si_signo=SIGURG, si_code=SI_TKILL, si_pid=2619425, si_uid=1000} ---
2619453 --- SIGURG {si_signo=SIGURG, si_code=SI_TKILL, si_pid=2619425, si_uid=1000} ---
2619427 --- SIGURG {si_signo=SIGURG, si_code=SI_TKILL, si_pid=2619425, si_uid=1000} ---
2619450 --- SIGURG {si_signo=SIGURG, si_code=SI_TKILL, si_pid=2619425, si_uid=1000} ---
2619433 --- SIGURG {si_signo=SIGURG, si_code=SI_TKILL, si_pid=2619425, si_uid=1000} ---
2619449 --- SIGURG {si_signo=SIGURG, si_code=SI_TKILL, si_pid=2619425, si_uid=1000} ---
2619456 --- SIGURG {si_signo=SIGURG, si_code=SI_TKILL, si_pid=2619425, si_uid=1000} ---
2619434 --- SIGURG {si_signo=SIGURG, si_code=SI_TKILL, si_pid=2619425, si_uid=1000} ---
2619436 --- SIGURG {si_signo=SIGURG, si_code=SI_TKILL, si_pid=2619425, si_uid=1000} ---
2619438 --- SIGURG {si_signo=SIGURG, si_code=SI_TKILL, si_pid=2619425, si_uid=1000} ---
2619446 --- SIGURG {si_signo=SIGURG, si_code=SI_TKILL, si_pid=2619425, si_uid=1000} ---
2619453 --- SIGURG {si_signo=SIGURG, si_code=SI_TKILL, si_pid=2619425, si_uid=1000} ---
2619435 --- SIGURG {si_signo=SIGURG, si_code=SI_TKILL, si_pid=2619425, si_uid=1000} ---
2619442 --- SIGURG {si_signo=SIGURG, si_code=SI_TKILL, si_pid=2619425, si_uid=1000} ---
2619448 --- SIGURG {si_signo=SIGURG, si_code=SI_TKILL, si_pid=2619425, si_uid=1000} ---
2619425 --- SIGURG {si_signo=SIGURG, si_code=SI_TKILL, si_pid=2619425, si_uid=1000} ---
2619428 --- SIGURG {si_signo=SIGURG, si_code=SI_TKILL, si_pid=2619425, si_uid=1000} ---
2619456 --- SIGURG {si_signo=SIGURG, si_code=SI_TKILL, si_pid=2619425, si_uid=1000} ---
2619436 --- SIGURG {si_signo=SIGURG, si_code=SI_TKILL, si_pid=2619425, si_uid=1000} ---
2619438 --- SIGURG {si_signo=SIGURG, si_code=SI_TKILL, si_pid=2619425, si_uid=1000} ---
2619446 --- SIGURG {si_signo=SIGURG, si_code=SI_TKILL, si_pid=2619425, si_uid=1000} ---
2619434 --- SIGURG {si_signo=SIGURG, si_code=SI_TKILL, si_pid=2619425, si_uid=1000} ---
2619448 --- SIGURG {si_signo=SIGURG, si_code=SI_TKILL, si_pid=2619425, si_uid=1000} ---
2619453 --- SIGURG {si_signo=SIGURG, si_code=SI_TKILL, si_pid=2619425, si_uid=1000} ---
2619425 --- SIGURG {si_signo=SIGURG, si_code=SI_TKILL, si_pid=2619425, si_uid=1000} ---
2619436 --- SIGURG {si_signo=SIGURG, si_code=SI_TKILL, si_pid=2619425, si_uid=1000} ---
2619438 --- SIGURG {si_signo=SIGURG, si_code=SI_TKILL, si_pid=2619425, si_uid=1000} ---
2619453 --- SIGURG {si_signo=SIGURG, si_code=SI_TKILL, si_pid=2619425, si_uid=1000} ---
2619433 --- SIGURG {si_signo=SIGURG, si_code=SI_TKILL, si_pid=2619425, si_uid=1000} ---
2619448 --- SIGURG {si_signo=SIGURG, si_code=SI_TKILL, si_pid=2619425, si_uid=1000} ---
2619450 --- SIGURG {si_signo=SIGURG, si_code=SI_TKILL, si_pid=2619425, si_uid=1000} ---
2619427 --- SIGURG {si_signo=SIGURG, si_code=SI_TKILL, si_pid=2619425, si_uid=1000} ---
2619425 --- SIGURG {si_signo=SIGURG, si_code=SI_TKILL, si_pid=2619425, si_uid=1000} ---
2619428 --- SIGURG {si_signo=SIGURG, si_code=SI_TKILL, si_pid=2619425, si_uid=1000} ---
2619449 --- SIGURG {si_signo=SIGURG, si_code=SI_TKILL, si_pid=2619425, si_uid=1000} ---
2619434 --- SIGURG {si_signo=SIGURG, si_code=SI_TKILL, si_pid=2619425, si_uid=1000} ---
2619436 --- SIGURG {si_signo=SIGURG, si_code=SI_TKILL, si_pid=2619425, si_uid=1000} ---
2619453 --- SIGURG {si_signo=SIGURG, si_code=SI_TKILL, si_pid=2619425, si_uid=1000} ---
2619435 --- SIGURG {si_signo=SIGURG, si_code=SI_TKILL, si_pid=2619425, si_uid=1000} ---
2619448 --- SIGURG {si_signo=SIGURG, si_code=SI_TKILL, si_pid=2619425, si_uid=1000} ---
2619452 --- SIGURG {si_signo=SIGURG, si_code=SI_TKILL, si_pid=2619425, si_uid=1000} ---
2619427 --- SIGURG {si_signo=SIGURG, si_code=SI_TKILL, si_pid=2619425, si_uid=1000} ---
2619425 --- SIGURG {si_signo=SIGURG, si_code=SI_TKILL, si_pid=2619425, si_uid=1000} ---
2619428 --- SIGURG {si_signo=SIGURG, si_code=SI_TKILL, si_pid=2619425, si_uid=1000} ---
2619451 --- SIGURG {si_signo=SIGURG, si_code=SI_TKILL, si_pid=2619425, si_uid=1000} ---
2619439 --- SIGURG {si_signo=SIGURG, si_code=SI_TKILL, si_pid=2619425, si_uid=1000} ---
2619456 --- SIGURG {si_signo=SIGURG, si_code=SI_TKILL, si_pid=2619425, si_uid=1000} ---
2619438 --- SIGURG {si_signo=SIGURG, si_code=SI_TKILL, si_pid=2619425, si_uid=1000} ---
2619435 --- SIGURG {si_signo=SIGURG, si_code=SI_TKILL, si_pid=2619425, si_uid=1000} ---
2619442 --- SIGURG {si_signo=SIGURG, si_code=SI_TKILL, si_pid=2619425, si_uid=1000} ---
2619425 --- SIGURG {si_signo=SIGURG, si_code=SI_TKILL, si_pid=2619425, si_uid=1000} ---
2619439 --- SIGURG {si_signo=SIGURG, si_code=SI_TKILL, si_pid=2619425, si_uid=1000} ---
2619438 --- SIGURG {si_signo=SIGURG, si_code=SI_TKILL, si_pid=2619425, si_uid=1000} ---
2619427 --- SIGURG {si_signo=SIGURG, si_code=SI_TKILL, si_pid=2619425, si_uid=1000} ---
2619454 --- SIGURG {si_signo=SIGURG, si_code=SI_TKILL, si_pid=2619425, si_uid=1000} ---
2619452 --- SIGURG {si_signo=SIGURG, si_code=SI_TKILL, si_pid=2619425, si_uid=1000} ---
2619454 --- SIGURG {si_signo=SIGURG, si_code=SI_TKILL, si_pid=2619425, si_uid=1000} ---
2619438 --- SIGURG {si_signo=SIGURG, si_code=SI_TKILL, si_pid=2619425, si_uid=1000} ---
2619448 --- SIGURG {si_signo=SIGURG, si_code=SI_TKILL, si_pid=2619425, si_uid=1000} ---
2619425 --- SIGURG {si_signo=SIGURG, si_code=SI_TKILL, si_pid=2619425, si_uid=1000} ---
2619453 --- SIGURG {si_signo=SIGURG, si_code=SI_TKILL, si_pid=2619425, si_uid=1000} ---
2619425 --- SIGURG {si_signo=SIGURG, si_code=SI_TKILL, si_pid=2619425, si_uid=1000} ---
2619448 --- SIGURG {si_signo=SIGURG, si_code=SI_TKILL, si_pid=2619425, si_uid=1000} ---
2619452 --- SIGURG {si_signo=SIGURG, si_code=SI_TKILL, si_pid=2619425, si_uid=1000} ---
2619438 --- SIGURG {si_signo=SIGURG, si_code=SI_TKILL, si_pid=2619425, si_uid=1000} ---
2619446 --- SIGURG {si_signo=SIGURG, si_code=SI_TKILL, si_pid=2619425, si_uid=1000} ---
2619425 --- SIGURG {si_signo=SIGURG, si_code=SI_TKILL, si_pid=2619425, si_uid=1000} ---
2619449 --- SIGURG {si_signo=SIGURG, si_code=SI_TKILL, si_pid=2619425, si_uid=1000} ---
2619433 --- SIGURG {si_signo=SIGURG, si_code=SI_TKILL, si_pid=2619425, si_uid=1000} ---
2619425 --- SIGURG {si_signo=SIGURG, si_code=SI_TKILL, si_pid=2619425, si_uid=1000} ---
2619436 --- SIGURG {si_signo=SIGURG, si_code=SI_TKILL, si_pid=2619425, si_uid=1000} ---
2619433 --- SIGURG {si_signo=SIGURG, si_code=SI_TKILL, si_pid=2619425, si_uid=1000} ---
2619451 --- SIGURG {si_signo=SIGURG, si_code=SI_TKILL, si_pid=2619425, si_uid=1000} ---
2619439 --- SIGURG {si_signo=SIGURG, si_code=SI_TKILL, si_pid=2619425, si_uid=1000} ---
2619456 --- SIGURG {si_signo=SIGURG, si_code=SI_TKILL, si_pid=2619425, si_uid=1000} ---
2619450 --- SIGURG {si_signo=SIGURG, si_code=SI_TKILL, si_pid=2619425, si_uid=1000} ---
2619433 --- SIGURG {si_signo=SIGURG, si_code=SI_TKILL, si_pid=2619425, si_uid=1000} ---
2619453 --- SIGURG {si_signo=SIGURG, si_code=SI_TKILL, si_pid=2619425, si_uid=1000} ---
2619429 --- SIGURG {si_signo=SIGURG, si_code=SI_TKILL, si_pid=2619425, si_uid=1000} ---
2619448 --- SIGURG {si_signo=SIGURG, si_code=SI_TKILL, si_pid=2619425, si_uid=1000} ---
2619438 --- SIGURG {si_signo=SIGURG, si_code=SI_TKILL, si_pid=2619425, si_uid=1000} ---
2619438 --- SIGURG {si_signo=SIGURG, si_code=SI_TKILL, si_pid=2619425, si_uid=1000} ---
2619434 --- SIGURG {si_signo=SIGURG, si_code=SI_TKILL, si_pid=2619425, si_uid=1000} ---
2619435 --- SIGURG {si_signo=SIGURG, si_code=SI_TKILL, si_pid=2619425, si_uid=1000} ---
2619427 --- SIGURG {si_signo=SIGURG, si_code=SI_TKILL, si_pid=2619425, si_uid=1000} ---
2619452 --- SIGURG {si_signo=SIGURG, si_code=SI_TKILL, si_pid=2619425, si_uid=1000} ---
2619453 --- SIGURG {si_signo=SIGURG, si_code=SI_TKILL, si_pid=2619425, si_uid=1000} ---
2619454 --- SIGURG {si_signo=SIGURG, si_code=SI_TKILL, si_pid=2619425, si_uid=1000} ---
2619452 --- SIGURG {si_signo=SIGURG, si_code=SI_TKILL, si_pid=2619425, si_uid=1000} ---
2619427 --- SIGURG {si_signo=SIGURG, si_code=SI_TKILL, si_pid=2619425, si_uid=1000} ---
2619427 --- SIGURG {si_signo=SIGURG, si_code=SI_TKILL, si_pid=2619425, si_uid=1000} ---
2619453 --- SIGURG {si_signo=SIGURG, si_code=SI_TKILL, si_pid=2619425, si_uid=1000} ---
2619449 --- SIGURG {si_signo=SIGURG, si_code=SI_TKILL, si_pid=2619425, si_uid=1000} ---
2619449 --- SIGURG {si_signo=SIGURG, si_code=SI_TKILL, si_pid=2619425, si_uid=1000} ---
2619436 --- SIGURG {si_signo=SIGURG, si_code=SI_TKILL, si_pid=2619425, si_uid=1000} ---
2619450 --- SIGURG {si_signo=SIGURG, si_code=SI_TKILL, si_pid=2619425, si_uid=1000} ---
2619438 --- SIGURG {si_signo=SIGURG, si_code=SI_TKILL, si_pid=2619425, si_uid=1000} ---
2619453 --- SIGURG {si_signo=SIGURG, si_code=SI_TKILL, si_pid=2619425, si_uid=1000} ---
2619434 --- SIGURG {si_signo=SIGURG, si_code=SI_TKILL, si_pid=2619425, si_uid=1000} ---
2619451 --- SIGURG {si_signo=SIGURG, si_code=SI_TKILL, si_pid=2619425, si_uid=1000} ---
2619456 --- SIGURG {si_signo=SIGURG, si_code=SI_TKILL, si_pid=2619425, si_uid=1000} ---
2619438 --- SIGURG {si_signo=SIGURG, si_code=SI_TKILL, si_pid=2619425, si_uid=1000} ---
2619452 --- SIGURG {si_signo=SIGURG, si_code=SI_TKILL, si_pid=2619425, si_uid=1000} ---
2619435 --- SIGURG {si_signo=SIGURG, si_code=SI_TKILL, si_pid=2619425, si_uid=1000} ---
2619433 --- SIGURG {si_signo=SIGURG, si_code=SI_TKILL, si_pid=2619425, si_uid=1000} ---
2619446 --- SIGURG {si_signo=SIGURG, si_code=SI_TKILL, si_pid=2619425, si_uid=1000} ---
2619428 --- SIGURG {si_signo=SIGURG, si_code=SI_TKILL, si_pid=2619425, si_uid=1000} ---
2619442 --- SIGURG {si_signo=SIGURG, si_code=SI_TKILL, si_pid=2619425, si_uid=1000} ---
2619454 --- SIGURG {si_signo=SIGURG, si_code=SI_TKILL, si_pid=2619425, si_uid=1000} ---
2619450 --- SIGURG {si_signo=SIGURG, si_code=SI_TKILL, si_pid=2619425, si_uid=1000} ---
2619448 --- SIGURG {si_signo=SIGURG, si_code=SI_TKILL, si_pid=2619425, si_uid=1000} ---
2619455 --- SIGURG {si_signo=SIGURG, si_code=SI_TKILL, si_pid=2619425, si_uid=1000} ---
2619451 --- SIGURG {si_signo=SIGURG, si_code=SI_TKILL, si_pid=2619425, si_uid=1000} ---
2619456 --- SIGURG {si_signo=SIGURG, si_code=SI_TKILL, si_pid=2619425, si_uid=1000} ---
2619438 --- SIGURG {si_signo=SIGURG, si_code=SI_TKILL, si_pid=2619425, si_uid=1000} ---
2619452 --- SIGURG {si_signo=SIGURG, si_code=SI_TKILL, si_pid=2619425, si_uid=1000} ---
2619435 --- SIGURG {si_signo=SIGURG, si_code=SI_TKILL, si_pid=2619425, si_uid=1000} ---
2619442 --- SIGURG {si_signo=SIGURG, si_code=SI_TKILL, si_pid=2619425, si_uid=1000} ---
2619442 --- SIGURG {si_signo=SIGURG, si_code=SI_TKILL, si_pid=2619425, si_uid=1000} ---
2619455 --- SIGURG {si_signo=SIGURG, si_code=SI_TKILL, si_pid=2619425, si_uid=1000} ---
2619435 --- SIGURG {si_signo=SIGURG, si_code=SI_TKILL, si_pid=2619425, si_uid=1000} ---
2619433 --- SIGURG {si_signo=SIGURG, si_code=SI_TKILL, si_pid=2619425, si_uid=1000} ---
2619454 --- SIGURG {si_signo=SIGURG, si_code=SI_TKILL, si_pid=2619425, si_uid=1000} ---
2619446 --- SIGURG {si_signo=SIGURG, si_code=SI_TKILL, si_pid=2619425, si_uid=1000} ---
2619440 --- SIGURG {si_signo=SIGURG, si_code=SI_TKILL, si_pid=2619425, si_uid=1000} ---
2619435 --- SIGURG {si_signo=SIGURG, si_code=SI_TKILL, si_pid=2619425, si_uid=1000} ---
2619456 --- SIGURG {si_signo=SIGURG, si_code=SI_TKILL, si_pid=2619425, si_uid=1000} ---
2619446 --- SIGURG {si_signo=SIGURG, si_code=SI_TKILL, si_pid=2619425, si_uid=1000} ---
2619442 --- SIGURG {si_signo=SIGURG, si_code=SI_TKILL, si_pid=2619425, si_uid=1000} ---
2619450 --- SIGURG {si_signo=SIGURG, si_code=SI_TKILL, si_pid=2619425, si_uid=1000} ---
2619453 --- SIGURG {si_signo=SIGURG, si_code=SI_TKILL, si_pid=2619425, si_uid=1000} ---
2619435 --- SIGURG {si_signo=SIGURG, si_code=SI_TKILL, si_pid=2619425, si_uid=1000} ---
2619456 --- SIGURG {si_signo=SIGURG, si_code=SI_TKILL, si_pid=2619425, si_uid=1000} ---
2619434 --- SIGURG {si_signo=SIGURG, si_code=SI_TKILL, si_pid=2619425, si_uid=1000} ---
2619427 --- SIGURG {si_signo=SIGURG, si_code=SI_TKILL, si_pid=2619425, si_uid=1000} ---
2619450 --- SIGURG {si_signo=SIGURG, si_code=SI_TKILL, si_pid=2619425, si_uid=1000} ---
2619429 --- SIGURG {si_signo=SIGURG, si_code=SI_TKILL, si_pid=2619425, si_uid=1000} ---
2619451 --- SIGURG {si_signo=SIGURG, si_code=SI_TKILL, si_pid=2619425, si_uid=1000} ---
2619428 --- SIGURG {si_signo=SIGURG, si_code=SI_TKILL, si_pid=2619425, si_uid=1000} ---
2619432 --- SIGURG {si_signo=SIGURG, si_code=SI_TKILL, si_pid=2619425, si_uid=1000} ---
2619440 --- SIGURG {si_signo=SIGURG, si_code=SI_TKILL, si_pid=2619425, si_uid=1000} ---
2619434 --- SIGURG {si_signo=SIGURG, si_code=SI_TKILL, si_pid=2619425, si_uid=1000} ---
2619437 --- SIGURG {si_signo=SIGURG, si_code=SI_TKILL, si_pid=2619425, si_uid=1000} ---
2619439 --- SIGURG {si_signo=SIGURG, si_code=SI_TKILL, si_pid=2619425, si_uid=1000} ---
2619442 --- SIGURG {si_signo=SIGURG, si_code=SI_TKILL, si_pid=2619425, si_uid=1000} ---
2619446 --- SIGURG {si_signo=SIGURG, si_code=SI_TKILL, si_pid=2619425, si_uid=1000} ---
2619448 --- SIGURG {si_signo=SIGURG, si_code=SI_TKILL, si_pid=2619425, si_uid=1000} ---
2619433 --- SIGURG {si_signo=SIGURG, si_code=SI_TKILL, si_pid=2619425, si_uid=1000} ---
2619449 --- SIGURG {si_signo=SIGURG, si_code=SI_TKILL, si_pid=2619425, si_uid=1000} ---
2619454 --- SIGURG {si_signo=SIGURG, si_code=SI_TKILL, si_pid=2619425, si_uid=1000} ---
2619450 --- SIGURG {si_signo=SIGURG, si_code=SI_TKILL, si_pid=2619425, si_uid=1000} ---
2619451 --- SIGURG {si_signo=SIGURG, si_code=SI_TKILL, si_pid=2619425, si_uid=1000} ---
2619434 --- SIGURG {si_signo=SIGURG, si_code=SI_TKILL, si_pid=2619425, si_uid=1000} ---
2619437 --- SIGURG {si_signo=SIGURG, si_code=SI_TKILL, si_pid=2619425, si_uid=1000} ---
2619448 --- SIGURG {si_signo=SIGURG, si_code=SI_TKILL, si_pid=2619425, si_uid=1000} ---
2619433 --- SIGURG {si_signo=SIGURG, si_code=SI_TKILL, si_pid=2619425, si_uid=1000} ---
2619449 --- SIGURG {si_signo=SIGURG, si_code=SI_TKILL, si_pid=2619425, si_uid=1000} ---
2619456 --- SIGURG {si_signo=SIGURG, si_code=SI_TKILL, si_pid=2619425, si_uid=1000} ---
2619455 --- SIGURG {si_signo=SIGURG, si_code=SI_TKILL, si_pid=2619425, si_uid=1000} ---
2619427 --- SIGURG {si_signo=SIGURG, si_code=SI_TKILL, si_pid=2619425, si_uid=1000} ---
2619450 --- SIGURG {si_signo=SIGURG, si_code=SI_TKILL, si_pid=2619425, si_uid=1000} ---
2619429 --- SIGURG {si_signo=SIGURG, si_code=SI_TKILL, si_pid=2619425, si_uid=1000} ---
2619451 --- SIGURG {si_signo=SIGURG, si_code=SI_TKILL, si_pid=2619425, si_uid=1000} ---
2619428 --- SIGURG {si_signo=SIGURG, si_code=SI_TKILL, si_pid=2619425, si_uid=1000} ---
2619432 --- SIGURG {si_signo=SIGURG, si_code=SI_TKILL, si_pid=2619425, si_uid=1000} ---
2619440 --- SIGURG {si_signo=SIGURG, si_code=SI_TKILL, si_pid=2619425, si_uid=1000} ---
2619434 --- SIGURG {si_signo=SIGURG, si_code=SI_TKILL, si_pid=2619425, si_uid=1000} ---
2619437 --- SIGURG {si_signo=SIGURG, si_code=SI_TKILL, si_pid=2619425, si_uid=1000} ---
2619439 --- SIGURG {si_signo=SIGURG, si_code=SI_TKILL, si_pid=2619425, si_uid=1000} ---
2619442 --- SIGURG {si_signo=SIGURG, si_code=SI_TKILL, si_pid=2619425, si_uid=1000} ---
2619433 --- SIGURG {si_signo=SIGURG, si_code=SI_TKILL, si_pid=2619425, si_uid=1000} ---
2619449 --- SIGURG {si_signo=SIGURG, si_code=SI_TKILL, si_pid=2619425, si_uid=1000} ---
2619456 --- SIGURG {si_signo=SIGURG, si_code=SI_TKILL, si_pid=2619425, si_uid=1000} ---
2619455 --- SIGURG {si_signo=SIGURG, si_code=SI_TKILL, si_pid=2619425, si_uid=1000} ---
2619427 --- SIGURG {si_signo=SIGURG, si_code=SI_TKILL, si_pid=2619425, si_uid=1000} ---
2619428 --- SIGURG {si_signo=SIGURG, si_code=SI_TKILL, si_pid=2619425, si_uid=1000} ---
2619440 --- SIGURG {si_signo=SIGURG, si_code=SI_TKILL, si_pid=2619425, si_uid=1000} ---
2619449 --- SIGURG {si_signo=SIGURG, si_code=SI_TKILL, si_pid=2619425, si_uid=1000} ---
2619456 --- SIGURG {si_signo=SIGURG, si_code=SI_TKILL, si_pid=2619425, si_uid=1000} ---
2619451 --- SIGURG {si_signo=SIGURG, si_code=SI_TKILL, si_pid=2619425, si_uid=1000} ---
2619439 --- SIGURG {si_signo=SIGURG, si_code=SI_TKILL, si_pid=2619425, si_uid=1000} ---
2619452 --- SIGURG {si_signo=SIGURG, si_code=SI_TKILL, si_pid=2619425, si_uid=1000} ---
2619428 --- SIGURG {si_signo=SIGURG, si_code=SI_TKILL, si_pid=2619425, si_uid=1000} ---
2619437 --- SIGURG {si_signo=SIGURG, si_code=SI_TKILL, si_pid=2619425, si_uid=1000} ---
2619454 --- SIGURG {si_signo=SIGURG, si_code=SI_TKILL, si_pid=2619425, si_uid=1000} ---
2619427 --- SIGURG {si_signo=SIGURG, si_code=SI_TKILL, si_pid=2619425, si_uid=1000} ---
2619454 --- SIGURG {si_signo=SIGURG, si_code=SI_TKILL, si_pid=2619425, si_uid=1000} ---
2619440 --- SIGURG {si_signo=SIGURG, si_code=SI_TKILL, si_pid=2619425, si_uid=1000} ---
2619449 --- SIGURG {si_signo=SIGURG, si_code=SI_TKILL, si_pid=2619425, si_uid=1000} ---
2619436 --- SIGURG {si_signo=SIGURG, si_code=SI_TKILL, si_pid=2619425, si_uid=1000} ---
2619456 --- SIGURG {si_signo=SIGURG, si_code=SI_TKILL, si_pid=2619425, si_uid=1000} ---
2619448 --- SIGURG {si_signo=SIGURG, si_code=SI_TKILL, si_pid=2619425, si_uid=1000} ---
2619449 --- SIGURG {si_signo=SIGURG, si_code=SI_TKILL, si_pid=2619425, si_uid=1000} ---
2619448 --- SIGURG {si_signo=SIGURG, si_code=SI_TKILL, si_pid=2619425, si_uid=1000} ---
2619427 --- SIGURG {si_signo=SIGURG, si_code=SI_TKILL, si_pid=2619425, si_uid=1000} ---
2619456 --- SIGURG {si_signo=SIGURG, si_code=SI_TKILL, si_pid=2619425, si_uid=1000} ---
2619450 --- SIGURG {si_signo=SIGURG, si_code=SI_TKILL, si_pid=2619425, si_uid=1000} ---
2619442 --- SIGURG {si_signo=SIGURG, si_code=SI_TKILL, si_pid=2619425, si_uid=1000} ---
2619448 --- SIGURG {si_signo=SIGURG, si_code=SI_TKILL, si_pid=2619425, si_uid=1000} ---
2619429 --- SIGURG {si_signo=SIGURG, si_code=SI_TKILL, si_pid=2619425, si_uid=1000} ---
2619436 --- SIGURG {si_signo=SIGURG, si_code=SI_TKILL, si_pid=2619425, si_uid=1000} ---
2619453 --- SIGURG {si_signo=SIGURG, si_code=SI_TKILL, si_pid=2619425, si_uid=1000} ---
2619448 --- SIGURG {si_signo=SIGURG, si_code=SI_TKILL, si_pid=2619425, si_uid=1000} ---
2619450 --- SIGURG {si_signo=SIGURG, si_code=SI_TKILL, si_pid=2619425, si_uid=1000} ---
2619436 --- SIGURG {si_signo=SIGURG, si_code=SI_TKILL, si_pid=2619425, si_uid=1000} ---
2619429 --- SIGURG {si_signo=SIGURG, si_code=SI_TKILL, si_pid=2619425, si_uid=1000} ---
2619433 --- SIGURG {si_signo=SIGURG, si_code=SI_TKILL, si_pid=2619425, si_uid=1000} ---
2619434 --- SIGURG {si_signo=SIGURG, si_code=SI_TKILL, si_pid=2619425, si_uid=1000} ---
2619442 --- SIGURG {si_signo=SIGURG, si_code=SI_TKILL, si_pid=2619425, si_uid=1000} ---
2619440 --- SIGURG {si_signo=SIGURG, si_code=SI_TKILL, si_pid=2619425, si_uid=1000} ---
2619453 --- SIGURG {si_signo=SIGURG, si_code=SI_TKILL, si_pid=2619425, si_uid=1000} ---
2619452 --- SIGURG {si_signo=SIGURG, si_code=SI_TKILL, si_pid=2619425, si_uid=1000} ---
2619455 --- SIGURG {si_signo=SIGURG, si_code=SI_TKILL, si_pid=2619425, si_uid=1000} ---
2619428 --- SIGURG {si_signo=SIGURG, si_code=SI_TKILL, si_pid=2619425, si_uid=1000} ---
2619449 --- SIGURG {si_signo=SIGURG, si_code=SI_TKILL, si_pid=2619425, si_uid=1000} ---
2619455 --- SIGURG {si_signo=SIGURG, si_code=SI_TKILL, si_pid=2619425, si_uid=1000} ---
2619429 --- SIGURG {si_signo=SIGURG, si_code=SI_TKILL, si_pid=2619425, si_uid=1000} ---
2619442 --- SIGURG {si_signo=SIGURG, si_code=SI_TKILL, si_pid=2619425, si_uid=1000} ---
2619432 --- SIGURG {si_signo=SIGURG, si_code=SI_TKILL, si_pid=2619425, si_uid=1000} ---
2619450 --- SIGURG {si_signo=SIGURG, si_code=SI_TKILL, si_pid=2619425, si_uid=1000} ---
2619429 --- SIGURG {si_signo=SIGURG, si_code=SI_TKILL, si_pid=2619425, si_uid=1000} ---
2619433 --- SIGURG {si_signo=SIGURG, si_code=SI_TKILL, si_pid=2619425, si_uid=1000} ---
2619434 --- SIGURG {si_signo=SIGURG, si_code=SI_TKILL, si_pid=2619425, si_uid=1000} ---
2619440 --- SIGURG {si_signo=SIGURG, si_code=SI_TKILL, si_pid=2619425, si_uid=1000} ---
2619450 --- SIGURG {si_signo=SIGURG, si_code=SI_TKILL, si_pid=2619425, si_uid=1000} ---
2619440 --- SIGURG {si_signo=SIGURG, si_code=SI_TKILL, si_pid=2619425, si_uid=1000} ---
2619453 --- SIGURG {si_signo=SIGURG, si_code=SI_TKILL, si_pid=2619425, si_uid=1000} ---
2619456 --- SIGURG {si_signo=SIGURG, si_code=SI_TKILL, si_pid=2619425, si_uid=1000} ---
2619448 --- SIGURG {si_signo=SIGURG, si_code=SI_TKILL, si_pid=2619425, si_uid=1000} ---
2619450 --- SIGURG {si_signo=SIGURG, si_code=SI_TKILL, si_pid=2619425, si_uid=1000} ---
2619449 --- SIGURG {si_signo=SIGURG, si_code=SI_TKILL, si_pid=2619425, si_uid=1000} ---
2619436 --- SIGURG {si_signo=SIGURG, si_code=SI_TKILL, si_pid=2619425, si_uid=1000} ---
2619429 --- SIGURG {si_signo=SIGURG, si_code=SI_TKILL, si_pid=2619425, si_uid=1000} ---
2619433 --- SIGURG {si_signo=SIGURG, si_code=SI_TKILL, si_pid=2619425, si_uid=1000} ---
2619434 --- SIGURG {si_signo=SIGURG, si_code=SI_TKILL, si_pid=2619425, si_uid=1000} ---
2619442 --- SIGURG {si_signo=SIGURG, si_code=SI_TKILL, si_pid=2619425, si_uid=1000} ---
2619453 --- SIGURG {si_signo=SIGURG, si_code=SI_TKILL, si_pid=2619425, si_uid=1000} ---
2619452 --- SIGURG {si_signo=SIGURG, si_code=SI_TKILL, si_pid=2619425, si_uid=1000} ---
2619428 --- SIGURG {si_signo=SIGURG, si_code=SI_TKILL, si_pid=2619425, si_uid=1000} ---
2619437 --- SIGURG {si_signo=SIGURG, si_code=SI_TKILL, si_pid=2619425, si_uid=1000} ---
2619451 --- SIGURG {si_signo=SIGURG, si_code=SI_TKILL, si_pid=2619425, si_uid=1000} ---
2619432 --- SIGURG {si_signo=SIGURG, si_code=SI_TKILL, si_pid=2619425, si_uid=1000} ---
2619427 --- SIGURG {si_signo=SIGURG, si_code=SI_TKILL, si_pid=2619425, si_uid=1000} ---
2619448 --- SIGURG {si_signo=SIGURG, si_code=SI_TKILL, si_pid=2619425, si_uid=1000} ---
2619449 --- SIGURG {si_signo=SIGURG, si_code=SI_TKILL, si_pid=2619425, si_uid=1000} ---
2619442 --- SIGURG {si_signo=SIGURG, si_code=SI_TKILL, si_pid=2619425, si_uid=1000} ---
2619452 --- SIGURG {si_signo=SIGURG, si_code=SI_TKILL, si_pid=2619425, si_uid=1000} ---
2619449 --- SIGURG {si_signo=SIGURG, si_code=SI_TKILL, si_pid=2619425, si_uid=1000} ---
2619453 --- SIGURG {si_signo=SIGURG, si_code=SI_TKILL, si_pid=2619425, si_uid=1000} ---
2619437 --- SIGURG {si_signo=SIGURG, si_code=SI_TKILL, si_pid=2619425, si_uid=1000} ---
2619451 --- SIGURG {si_signo=SIGURG, si_code=SI_TKILL, si_pid=2619425, si_uid=1000} ---
2619454 --- SIGURG {si_signo=SIGURG, si_code=SI_TKILL, si_pid=2619425, si_uid=1000} ---
2619427 --- SIGURG {si_signo=SIGURG, si_code=SI_TKILL, si_pid=2619425, si_uid=1000} ---
2619456 --- SIGURG {si_signo=SIGURG, si_code=SI_TKILL, si_pid=2619425, si_uid=1000} ---
2619433 --- SIGURG {si_signo=SIGURG, si_code=SI_TKILL, si_pid=2619425, si_uid=1000} ---
2619442 --- SIGURG {si_signo=SIGURG, si_code=SI_TKILL, si_pid=2619425, si_uid=1000} ---
2619451 --- SIGURG {si_signo=SIGURG, si_code=SI_TKILL, si_pid=2619425, si_uid=1000} ---
2619434 --- SIGURG {si_signo=SIGURG, si_code=SI_TKILL, si_pid=2619425, si_uid=1000} ---
2619442 --- SIGURG {si_signo=SIGURG, si_code=SI_TKILL, si_pid=2619425, si_uid=1000} ---
2619427 --- SIGURG {si_signo=SIGURG, si_code=SI_TKILL, si_pid=2619425, si_uid=1000} ---
2619427 --- SIGURG {si_signo=SIGURG, si_code=SI_TKILL, si_pid=2619425, si_uid=1000} ---
2619448 --- SIGURG {si_signo=SIGURG, si_code=SI_TKILL, si_pid=2619425, si_uid=1000} ---
2619453 --- SIGURG {si_signo=SIGURG, si_code=SI_TKILL, si_pid=2619425, si_uid=1000} ---
2619437 --- SIGURG {si_signo=SIGURG, si_code=SI_TKILL, si_pid=2619425, si_uid=1000} ---
2619454 --- SIGURG {si_signo=SIGURG, si_code=SI_TKILL, si_pid=2619425, si_uid=1000} ---
2619449 --- SIGURG {si_signo=SIGURG, si_code=SI_TKILL, si_pid=2619425, si_uid=1000} ---
2619452 --- SIGURG {si_signo=SIGURG, si_code=SI_TKILL, si_pid=2619425, si_uid=1000} ---
2619449 --- SIGURG {si_signo=SIGURG, si_code=SI_TKILL, si_pid=2619425, si_uid=1000} ---
2619453 --- SIGURG {si_signo=SIGURG, si_code=SI_TKILL, si_pid=2619425, si_uid=1000} ---
2619432 --- SIGURG {si_signo=SIGURG, si_code=SI_TKILL, si_pid=2619425, si_uid=1000} ---
2619437 --- SIGURG {si_signo=SIGURG, si_code=SI_TKILL, si_pid=2619425, si_uid=1000} ---
2619452 --- SIGURG {si_signo=SIGURG, si_code=SI_TKILL, si_pid=2619425, si_uid=1000} ---
2619436 --- SIGURG {si_signo=SIGURG, si_code=SI_TKILL, si_pid=2619425, si_uid=1000} ---
2619454 --- SIGURG {si_signo=SIGURG, si_code=SI_TKILL, si_pid=2619425, si_uid=1000} ---
2619454 --- SIGURG {si_signo=SIGURG, si_code=SI_TKILL, si_pid=2619425, si_uid=1000} ---
2619453 --- SIGURG {si_signo=SIGURG, si_code=SI_TKILL, si_pid=2619425, si_uid=1000} ---
2619427 --- SIGURG {si_signo=SIGURG, si_code=SI_TKILL, si_pid=2619425, si_uid=1000} ---
2619436 --- SIGURG {si_signo=SIGURG, si_code=SI_TKILL, si_pid=2619425, si_uid=1000} ---
2619453 --- SIGURG {si_signo=SIGURG, si_code=SI_TKILL, si_pid=2619425, si_uid=1000} ---
2619453 --- SIGURG {si_signo=SIGURG, si_code=SI_TKILL, si_pid=2619425, si_uid=1000} ---
2619456 --- SIGURG {si_signo=SIGURG, si_code=SI_TKILL, si_pid=2619425, si_uid=1000} ---
2619442 --- SIGURG {si_signo=SIGURG, si_code=SI_TKILL, si_pid=2619425, si_uid=1000} ---
2619448 --- SIGURG {si_signo=SIGURG, si_code=SI_TKILL, si_pid=2619425, si_uid=1000} ---
2619427 --- SIGURG {si_signo=SIGURG, si_code=SI_TKILL, si_pid=2619425, si_uid=1000} ---
2619454 --- SIGURG {si_signo=SIGURG, si_code=SI_TKILL, si_pid=2619425, si_uid=1000} ---
2619453 --- SIGURG {si_signo=SIGURG, si_code=SI_TKILL, si_pid=2619425, si_uid=1000} ---
2619451 --- SIGURG {si_signo=SIGURG, si_code=SI_TKILL, si_pid=2619425, si_uid=1000} ---
2619448 --- SIGURG {si_signo=SIGURG, si_code=SI_TKILL, si_pid=2619425, si_uid=1000} ---
2619442 --- SIGURG {si_signo=SIGURG, si_code=SI_TKILL, si_pid=2619425, si_uid=1000} ---
2619428 --- SIGURG {si_signo=SIGURG, si_code=SI_TKILL, si_pid=2619425, si_uid=1000} ---
2619448 --- SIGURG {si_signo=SIGURG, si_code=SI_TKILL, si_pid=2619425, si_uid=1000} ---
2619446 --- SIGURG {si_signo=SIGURG, si_code=SI_TKILL, si_pid=2619425, si_uid=1000} ---
2619449 --- SIGURG {si_signo=SIGURG, si_code=SI_TKILL, si_pid=2619425, si_uid=1000} ---
2619455 --- SIGURG {si_signo=SIGURG, si_code=SI_TKILL, si_pid=2619425, si_uid=1000} ---
2619434 --- SIGURG {si_signo=SIGURG, si_code=SI_TKILL, si_pid=2619425, si_uid=1000} ---
2619437 --- SIGURG {si_signo=SIGURG, si_code=SI_TKILL, si_pid=2619425, si_uid=1000} ---
2619429 --- SIGURG {si_signo=SIGURG, si_code=SI_TKILL, si_pid=2619425, si_uid=1000} ---
2619454 --- SIGURG {si_signo=SIGURG, si_code=SI_TKILL, si_pid=2619425, si_uid=1000} ---
2619453 --- SIGURG {si_signo=SIGURG, si_code=SI_TKILL, si_pid=2619425, si_uid=1000} ---
2619427 --- SIGURG {si_signo=SIGURG, si_code=SI_TKILL, si_pid=2619425, si_uid=1000} ---
2619428 --- SIGURG {si_signo=SIGURG, si_code=SI_TKILL, si_pid=2619425, si_uid=1000} ---
2619436 --- SIGURG {si_signo=SIGURG, si_code=SI_TKILL, si_pid=2619425, si_uid=1000} ---
2619455 --- SIGURG {si_signo=SIGURG, si_code=SI_TKILL, si_pid=2619425, si_uid=1000} ---
2619434 --- SIGURG {si_signo=SIGURG, si_code=SI_TKILL, si_pid=2619425, si_uid=1000} ---
2619453 --- SIGURG {si_signo=SIGURG, si_code=SI_TKILL, si_pid=2619425, si_uid=1000} ---
2619427 --- SIGURG {si_signo=SIGURG, si_code=SI_TKILL, si_pid=2619425, si_uid=1000} ---
2619456 --- SIGURG {si_signo=SIGURG, si_code=SI_TKILL, si_pid=2619425, si_uid=1000} ---
2619446 --- SIGURG {si_signo=SIGURG, si_code=SI_TKILL, si_pid=2619425, si_uid=1000} ---
2619453 --- SIGURG {si_signo=SIGURG, si_code=SI_TKILL, si_pid=2619425, si_uid=1000} ---
2619446 --- SIGURG {si_signo=SIGURG, si_code=SI_TKILL, si_pid=2619425, si_uid=1000} ---
2619432 --- SIGURG {si_signo=SIGURG, si_code=SI_TKILL, si_pid=2619425, si_uid=1000} ---
2619448 --- SIGURG {si_signo=SIGURG, si_code=SI_TKILL, si_pid=2619425, si_uid=1000} ---
2619432 --- SIGURG {si_signo=SIGURG, si_code=SI_TKILL, si_pid=2619425, si_uid=1000} ---
2619429 --- SIGURG {si_signo=SIGURG, si_code=SI_TKILL, si_pid=2619425, si_uid=1000} ---
2619446 --- SIGURG {si_signo=SIGURG, si_code=SI_TKILL, si_pid=2619425, si_uid=1000} ---
2619432 --- SIGURG {si_signo=SIGURG, si_code=SI_TKILL, si_pid=2619425, si_uid=1000} ---
2619449 --- SIGURG {si_signo=SIGURG, si_code=SI_TKILL, si_pid=2619425, si_uid=1000} ---
2619442 --- SIGURG {si_signo=SIGURG, si_code=SI_TKILL, si_pid=2619425, si_uid=1000} ---
2619428 --- SIGURG {si_signo=SIGURG, si_code=SI_TKILL, si_pid=2619425, si_uid=1000} ---
2619437 --- SIGURG {si_signo=SIGURG, si_code=SI_TKILL, si_pid=2619425, si_uid=1000} ---
2619432 --- SIGURG {si_signo=SIGURG, si_code=SI_TKILL, si_pid=2619425, si_uid=1000} ---
2619449 --- SIGURG {si_signo=SIGURG, si_code=SI_TKILL, si_pid=2619425, si_uid=1000} ---
2619456 --- SIGURG {si_signo=SIGURG, si_code=SI_TKILL, si_pid=2619425, si_uid=1000} ---
2619437 --- SIGURG {si_signo=SIGURG, si_code=SI_TKILL, si_pid=2619425, si_uid=1000} ---
2619454 --- SIGURG {si_signo=SIGURG, si_code=SI_TKILL, si_pid=2619425, si_uid=1000} ---
2619455 --- SIGURG {si_signo=SIGURG, si_code=SI_TKILL, si_pid=2619425, si_uid=1000} ---
2619446 --- SIGURG {si_signo=SIGURG, si_code=SI_TKILL, si_pid=2619425, si_uid=1000} ---
2619442 --- SIGURG {si_signo=SIGURG, si_code=SI_TKILL, si_pid=2619425, si_uid=1000} ---
2619429 --- SIGURG {si_signo=SIGURG, si_code=SI_TKILL, si_pid=2619425, si_uid=1000} ---
2619449 --- SIGURG {si_signo=SIGURG, si_code=SI_TKILL, si_pid=2619425, si_uid=1000} ---
2619446 --- SIGURG {si_signo=SIGURG, si_code=SI_TKILL, si_pid=2619425, si_uid=1000} ---
2619437 --- SIGURG {si_signo=SIGURG, si_code=SI_TKILL, si_pid=2619425, si_uid=1000} ---
2619428 --- SIGURG {si_signo=SIGURG, si_code=SI_TKILL, si_pid=2619425, si_uid=1000} ---
2619452 --- SIGURG {si_signo=SIGURG, si_code=SI_TKILL, si_pid=2619425, si_uid=1000} ---
2619440 --- SIGURG {si_signo=SIGURG, si_code=SI_TKILL, si_pid=2619425, si_uid=1000} ---
2619427 --- SIGURG {si_signo=SIGURG, si_code=SI_TKILL, si_pid=2619425, si_uid=1000} ---
2619454 --- SIGURG {si_signo=SIGURG, si_code=SI_TKILL, si_pid=2619425, si_uid=1000} ---
2619451 --- SIGURG {si_signo=SIGURG, si_code=SI_TKILL, si_pid=2619425, si_uid=1000} ---
2619453 --- SIGURG {si_signo=SIGURG, si_code=SI_TKILL, si_pid=2619425, si_uid=1000} ---
2619448 --- SIGURG {si_signo=SIGURG, si_code=SI_TKILL, si_pid=2619425, si_uid=1000} ---
2619432 --- SIGURG {si_signo=SIGURG, si_code=SI_TKILL, si_pid=2619425, si_uid=1000} ---
2619436 --- SIGURG {si_signo=SIGURG, si_code=SI_TKILL, si_pid=2619425, si_uid=1000} ---
2619450 --- SIGURG {si_signo=SIGURG, si_code=SI_TKILL, si_pid=2619425, si_uid=1000} ---
2619434 --- SIGURG {si_signo=SIGURG, si_code=SI_TKILL, si_pid=2619425, si_uid=1000} ---
2619429 --- SIGURG {si_signo=SIGURG, si_code=SI_TKILL, si_pid=2619425, si_uid=1000} ---
2619449 --- SIGURG {si_signo=SIGURG, si_code=SI_TKILL, si_pid=2619425, si_uid=1000} ---
2619437 --- SIGURG {si_signo=SIGURG, si_code=SI_TKILL, si_pid=2619425, si_uid=1000} ---
2619454 --- SIGURG {si_signo=SIGURG, si_code=SI_TKILL, si_pid=2619425, si_uid=1000} ---
2619451 --- SIGURG {si_signo=SIGURG, si_code=SI_TKILL, si_pid=2619425, si_uid=1000} ---
2619436 --- SIGURG {si_signo=SIGURG, si_code=SI_TKILL, si_pid=2619425, si_uid=1000} ---
2619434 --- SIGURG {si_signo=SIGURG, si_code=SI_TKILL, si_pid=2619425, si_uid=1000} ---
2619446 --- SIGURG {si_signo=SIGURG, si_code=SI_TKILL, si_pid=2619425, si_uid=1000} ---
2619437 --- SIGURG {si_signo=SIGURG, si_code=SI_TKILL, si_pid=2619425, si_uid=1000} ---
2619456 --- SIGURG {si_signo=SIGURG, si_code=SI_TKILL, si_pid=2619425, si_uid=1000} ---
2619432 --- SIGURG {si_signo=SIGURG, si_code=SI_TKILL, si_pid=2619425, si_uid=1000} ---
2619436 --- SIGURG {si_signo=SIGURG, si_code=SI_TKILL, si_pid=2619425, si_uid=1000} ---
2619450 --- SIGURG {si_signo=SIGURG, si_code=SI_TKILL, si_pid=2619425, si_uid=1000} ---
2619434 --- SIGURG {si_signo=SIGURG, si_code=SI_TKILL, si_pid=2619425, si_uid=1000} ---
2619442 --- SIGURG {si_signo=SIGURG, si_code=SI_TKILL, si_pid=2619425, si_uid=1000} ---
2619429 --- SIGURG {si_signo=SIGURG, si_code=SI_TKILL, si_pid=2619425, si_uid=1000} ---
2619449 --- SIGURG {si_signo=SIGURG, si_code=SI_TKILL, si_pid=2619425, si_uid=1000} ---
2619428 --- SIGURG {si_signo=SIGURG, si_code=SI_TKILL, si_pid=2619425, si_uid=1000} ---
2619432 --- SIGURG {si_signo=SIGURG, si_code=SI_TKILL, si_pid=2619425, si_uid=1000} ---
2619436 --- SIGURG {si_signo=SIGURG, si_code=SI_TKILL, si_pid=2619425, si_uid=1000} ---
2619434 --- SIGURG {si_signo=SIGURG, si_code=SI_TKILL, si_pid=2619425, si_uid=1000} ---
2619442 --- SIGURG {si_signo=SIGURG, si_code=SI_TKILL, si_pid=2619425, si_uid=1000} ---
2619449 --- SIGURG {si_signo=SIGURG, si_code=SI_TKILL, si_pid=2619425, si_uid=1000} ---
2619428 --- SIGURG {si_signo=SIGURG, si_code=SI_TKILL, si_pid=2619425, si_uid=1000} ---
2619454 --- SIGURG {si_signo=SIGURG, si_code=SI_TKILL, si_pid=2619425, si_uid=1000} ---
2619434 --- SIGURG {si_signo=SIGURG, si_code=SI_TKILL, si_pid=2619425, si_uid=1000} ---
2619454 --- SIGURG {si_signo=SIGURG, si_code=SI_TKILL, si_pid=2619425, si_uid=1000} ---
2619448 --- SIGURG {si_signo=SIGURG, si_code=SI_TKILL, si_pid=2619425, si_uid=1000} ---
2619455 --- SIGURG {si_signo=SIGURG, si_code=SI_TKILL, si_pid=2619425, si_uid=1000} ---
2619442 --- SIGURG {si_signo=SIGURG, si_code=SI_TKILL, si_pid=2619425, si_uid=1000} ---
2619432 --- SIGURG {si_signo=SIGURG, si_code=SI_TKILL, si_pid=2619425, si_uid=1000} ---
2619455 --- SIGURG {si_signo=SIGURG, si_code=SI_TKILL, si_pid=2619425, si_uid=1000} ---
2619450 --- SIGURG {si_signo=SIGURG, si_code=SI_TKILL, si_pid=2619425, si_uid=1000} ---
2619454 --- SIGURG {si_signo=SIGURG, si_code=SI_TKILL, si_pid=2619425, si_uid=1000} ---
2619432 --- SIGURG {si_signo=SIGURG, si_code=SI_TKILL, si_pid=2619425, si_uid=1000} ---
2619448 --- SIGURG {si_signo=SIGURG, si_code=SI_TKILL, si_pid=2619425, si_uid=1000} ---
2619442 --- SIGURG {si_signo=SIGURG, si_code=SI_TKILL, si_pid=2619425, si_uid=1000} ---
2619434 --- SIGURG {si_signo=SIGURG, si_code=SI_TKILL, si_pid=2619425, si_uid=1000} ---
2619454 --- SIGURG {si_signo=SIGURG, si_code=SI_TKILL, si_pid=2619425, si_uid=1000} ---
2619432 --- SIGURG {si_signo=SIGURG, si_code=SI_TKILL, si_pid=2619425, si_uid=1000} ---
2619455 --- SIGURG {si_signo=SIGURG, si_code=SI_TKILL, si_pid=2619425, si_uid=1000} ---
2619432 --- SIGURG {si_signo=SIGURG, si_code=SI_TKILL, si_pid=2619425, si_uid=1000} ---
2619453 --- SIGURG {si_signo=SIGURG, si_code=SI_TKILL, si_pid=2619425, si_uid=1000} ---
2619436 --- SIGURG {si_signo=SIGURG, si_code=SI_TKILL, si_pid=2619425, si_uid=1000} ---
2619442 --- SIGURG {si_signo=SIGURG, si_code=SI_TKILL, si_pid=2619425, si_uid=1000} ---
2619450 --- SIGURG {si_signo=SIGURG, si_code=SI_TKILL, si_pid=2619425, si_uid=1000} ---
2619437 --- SIGURG {si_signo=SIGURG, si_code=SI_TKILL, si_pid=2619425, si_uid=1000} ---
2619427 --- SIGURG {si_signo=SIGURG, si_code=SI_TKILL, si_pid=2619425, si_uid=1000} ---
2619456 --- SIGURG {si_signo=SIGURG, si_code=SI_TKILL, si_pid=2619425, si_uid=1000} ---
2619453 --- SIGURG {si_signo=SIGURG, si_code=SI_TKILL, si_pid=2619425, si_uid=1000} ---
2619432 --- SIGURG {si_signo=SIGURG, si_code=SI_TKILL, si_pid=2619425, si_uid=1000} ---
2619448 --- SIGURG {si_signo=SIGURG, si_code=SI_TKILL, si_pid=2619425, si_uid=1000} ---
2619437 --- SIGURG {si_signo=SIGURG, si_code=SI_TKILL, si_pid=2619425, si_uid=1000} ---
2619440 --- SIGURG {si_signo=SIGURG, si_code=SI_TKILL, si_pid=2619425, si_uid=1000} ---
2619448 --- SIGURG {si_signo=SIGURG, si_code=SI_TKILL, si_pid=2619425, si_uid=1000} ---
2619434 --- SIGURG {si_signo=SIGURG, si_code=SI_TKILL, si_pid=2619425, si_uid=1000} ---
2619452 --- SIGURG {si_signo=SIGURG, si_code=SI_TKILL, si_pid=2619425, si_uid=1000} ---
2619454 --- SIGURG {si_signo=SIGURG, si_code=SI_TKILL, si_pid=2619425, si_uid=1000} ---
2619456 --- SIGURG {si_signo=SIGURG, si_code=SI_TKILL, si_pid=2619425, si_uid=1000} ---
2619448 --- SIGURG {si_signo=SIGURG, si_code=SI_TKILL, si_pid=2619425, si_uid=1000} ---
2619434 --- SIGURG {si_signo=SIGURG, si_code=SI_TKILL, si_pid=2619425, si_uid=1000} ---
2619440 --- SIGURG {si_signo=SIGURG, si_code=SI_TKILL, si_pid=2619425, si_uid=1000} ---
2619442 --- SIGURG {si_signo=SIGURG, si_code=SI_TKILL, si_pid=2619425, si_uid=1000} ---
2619456 --- SIGURG {si_signo=SIGURG, si_code=SI_TKILL, si_pid=2619425, si_uid=1000} ---
2619452 --- SIGURG {si_signo=SIGURG, si_code=SI_TKILL, si_pid=2619425, si_uid=1000} ---
2619448 --- SIGURG {si_signo=SIGURG, si_code=SI_TKILL, si_pid=2619425, si_uid=1000} ---
2619440 --- SIGURG {si_signo=SIGURG, si_code=SI_TKILL, si_pid=2619425, si_uid=1000} ---
2619434 --- SIGURG {si_signo=SIGURG, si_code=SI_TKILL, si_pid=2619425, si_uid=1000} ---
2619428 --- SIGURG {si_signo=SIGURG, si_code=SI_TKILL, si_pid=2619425, si_uid=1000} ---
2619454 --- SIGURG {si_signo=SIGURG, si_code=SI_TKILL, si_pid=2619425, si_uid=1000} ---
2619432 --- SIGURG {si_signo=SIGURG, si_code=SI_TKILL, si_pid=2619425, si_uid=1000} ---
2619451 --- SIGURG {si_signo=SIGURG, si_code=SI_TKILL, si_pid=2619425, si_uid=1000} ---
2619450 --- SIGURG {si_signo=SIGURG, si_code=SI_TKILL, si_pid=2619425, si_uid=1000} ---
2619427 --- SIGURG {si_signo=SIGURG, si_code=SI_TKILL, si_pid=2619425, si_uid=1000} ---
2619439 --- SIGURG {si_signo=SIGURG, si_code=SI_TKILL, si_pid=2619425, si_uid=1000} ---
2619437 --- SIGURG {si_signo=SIGURG, si_code=SI_TKILL, si_pid=2619425, si_uid=1000} ---
2619446 --- SIGURG {si_signo=SIGURG, si_code=SI_TKILL, si_pid=2619425, si_uid=1000} ---
2619429 --- SIGURG {si_signo=SIGURG, si_code=SI_TKILL, si_pid=2619425, si_uid=1000} ---
2619440 --- SIGURG {si_signo=SIGURG, si_code=SI_TKILL, si_pid=2619425, si_uid=1000} ---
2619428 --- SIGURG {si_signo=SIGURG, si_code=SI_TKILL, si_pid=2619425, si_uid=1000} ---
2619454 --- SIGURG {si_signo=SIGURG, si_code=SI_TKILL, si_pid=2619425, si_uid=1000} ---
2619432 --- SIGURG {si_signo=SIGURG, si_code=SI_TKILL, si_pid=2619425, si_uid=1000} ---
2619450 --- SIGURG {si_signo=SIGURG, si_code=SI_TKILL, si_pid=2619425, si_uid=1000} ---
2619427 --- SIGURG {si_signo=SIGURG, si_code=SI_TKILL, si_pid=2619425, si_uid=1000} ---
2619451 --- SIGURG {si_signo=SIGURG, si_code=SI_TKILL, si_pid=2619425, si_uid=1000} ---
2619448 --- SIGURG {si_signo=SIGURG, si_code=SI_TKILL, si_pid=2619425, si_uid=1000} ---
2619454 --- SIGURG {si_signo=SIGURG, si_code=SI_TKILL, si_pid=2619425, si_uid=1000} ---
2619453 --- SIGURG {si_signo=SIGURG, si_code=SI_TKILL, si_pid=2619425, si_uid=1000} ---
2619429 --- SIGURG {si_signo=SIGURG, si_code=SI_TKILL, si_pid=2619425, si_uid=1000} ---
2619427 --- SIGURG {si_signo=SIGURG, si_code=SI_TKILL, si_pid=2619425, si_uid=1000} ---
2619432 --- SIGURG {si_signo=SIGURG, si_code=SI_TKILL, si_pid=2619425, si_uid=1000} ---
2619452 --- SIGURG {si_signo=SIGURG, si_code=SI_TKILL, si_pid=2619425, si_uid=1000} ---
2619451 --- SIGURG {si_signo=SIGURG, si_code=SI_TKILL, si_pid=2619425, si_uid=1000} ---
2619427 --- SIGURG {si_signo=SIGURG, si_code=SI_TKILL, si_pid=2619425, si_uid=1000} ---
2619453 --- SIGURG {si_signo=SIGURG, si_code=SI_TKILL, si_pid=2619425, si_uid=1000} ---
2619439 --- SIGURG {si_signo=SIGURG, si_code=SI_TKILL, si_pid=2619425, si_uid=1000} ---
2619454 --- SIGURG {si_signo=SIGURG, si_code=SI_TKILL, si_pid=2619425, si_uid=1000} ---
2619450 --- SIGURG {si_signo=SIGURG, si_code=SI_TKILL, si_pid=2619425, si_uid=1000} ---
2619429 --- SIGURG {si_signo=SIGURG, si_code=SI_TKILL, si_pid=2619425, si_uid=1000} ---
2619456 --- SIGURG {si_signo=SIGURG, si_code=SI_TKILL, si_pid=2619425, si_uid=1000} ---
2619454 --- SIGURG {si_signo=SIGURG, si_code=SI_TKILL, si_pid=2619425, si_uid=1000} ---
2619453 --- SIGURG {si_signo=SIGURG, si_code=SI_TKILL, si_pid=2619425, si_uid=1000} ---
2619432 --- SIGURG {si_signo=SIGURG, si_code=SI_TKILL, si_pid=2619425, si_uid=1000} ---
2619451 --- SIGURG {si_signo=SIGURG, si_code=SI_TKILL, si_pid=2619425, si_uid=1000} ---
2619439 --- SIGURG {si_signo=SIGURG, si_code=SI_TKILL, si_pid=2619425, si_uid=1000} ---
2619448 --- SIGURG {si_signo=SIGURG, si_code=SI_TKILL, si_pid=2619425, si_uid=1000} ---
2619437 --- SIGURG {si_signo=SIGURG, si_code=SI_TKILL, si_pid=2619425, si_uid=1000} ---
2619433 --- SIGURG {si_signo=SIGURG, si_code=SI_TKILL, si_pid=2619425, si_uid=1000} ---
2619452 --- SIGURG {si_signo=SIGURG, si_code=SI_TKILL, si_pid=2619425, si_uid=1000} ---
2619434 --- SIGURG {si_signo=SIGURG, si_code=SI_TKILL, si_pid=2619425, si_uid=1000} ---
2619451 --- SIGURG {si_signo=SIGURG, si_code=SI_TKILL, si_pid=2619425, si_uid=1000} ---
2619448 --- SIGURG {si_signo=SIGURG, si_code=SI_TKILL, si_pid=2619425, si_uid=1000} ---
2619440 --- SIGURG {si_signo=SIGURG, si_code=SI_TKILL, si_pid=2619425, si_uid=1000} ---
2619437 --- SIGURG {si_signo=SIGURG, si_code=SI_TKILL, si_pid=2619425, si_uid=1000} ---
2619446 --- SIGURG {si_signo=SIGURG, si_code=SI_TKILL, si_pid=2619425, si_uid=1000} ---
2619434 --- SIGURG {si_signo=SIGURG, si_code=SI_TKILL, si_pid=2619425, si_uid=1000} ---
2619453 --- SIGURG {si_signo=SIGURG, si_code=SI_TKILL, si_pid=2619425, si_uid=1000} ---
2619451 --- SIGURG {si_signo=SIGURG, si_code=SI_TKILL, si_pid=2619425, si_uid=1000} ---
2619448 --- SIGURG {si_signo=SIGURG, si_code=SI_TKILL, si_pid=2619425, si_uid=1000} ---
2619454 --- SIGURG {si_signo=SIGURG, si_code=SI_TKILL, si_pid=2619425, si_uid=1000} ---
2619451 --- SIGURG {si_signo=SIGURG, si_code=SI_TKILL, si_pid=2619425, si_uid=1000} ---
2619439 --- SIGURG {si_signo=SIGURG, si_code=SI_TKILL, si_pid=2619425, si_uid=1000} ---
2619428 --- SIGURG {si_signo=SIGURG, si_code=SI_TKILL, si_pid=2619425, si_uid=1000} ---
2619433 --- SIGURG {si_signo=SIGURG, si_code=SI_TKILL, si_pid=2619425, si_uid=1000} ---
2619452 --- SIGURG {si_signo=SIGURG, si_code=SI_TKILL, si_pid=2619425, si_uid=1000} ---
2619439 --- SIGURG {si_signo=SIGURG, si_code=SI_TKILL, si_pid=2619425, si_uid=1000} ---
2619428 --- SIGURG {si_signo=SIGURG, si_code=SI_TKILL, si_pid=2619425, si_uid=1000} ---
2619437 --- SIGURG {si_signo=SIGURG, si_code=SI_TKILL, si_pid=2619425, si_uid=1000} ---
2619433 --- SIGURG {si_signo=SIGURG, si_code=SI_TKILL, si_pid=2619425, si_uid=1000} ---
2619434 --- SIGURG {si_signo=SIGURG, si_code=SI_TKILL, si_pid=2619425, si_uid=1000} ---
2619429 --- SIGURG {si_signo=SIGURG, si_code=SI_TKILL, si_pid=2619425, si_uid=1000} ---
2619453 --- SIGURG {si_signo=SIGURG, si_code=SI_TKILL, si_pid=2619425, si_uid=1000} ---
2619446 --- SIGURG {si_signo=SIGURG, si_code=SI_TKILL, si_pid=2619425, si_uid=1000} ---
2619452 --- SIGURG {si_signo=SIGURG, si_code=SI_TKILL, si_pid=2619425, si_uid=1000} ---
2619428 --- SIGURG {si_signo=SIGURG, si_code=SI_TKILL, si_pid=2619425, si_uid=1000} ---
2619427 --- SIGURG {si_signo=SIGURG, si_code=SI_TKILL, si_pid=2619425, si_uid=1000} ---
2619450 --- SIGURG {si_signo=SIGURG, si_code=SI_TKILL, si_pid=2619425, si_uid=1000} ---
2619428 --- SIGURG {si_signo=SIGURG, si_code=SI_TKILL, si_pid=2619425, si_uid=1000} ---
2619446 --- SIGURG {si_signo=SIGURG, si_code=SI_TKILL, si_pid=2619425, si_uid=1000} ---
2619452 --- SIGURG {si_signo=SIGURG, si_code=SI_TKILL, si_pid=2619425, si_uid=1000} ---
2619450 --- SIGURG {si_signo=SIGURG, si_code=SI_TKILL, si_pid=2619425, si_uid=1000} ---
2619454 --- SIGURG {si_signo=SIGURG, si_code=SI_TKILL, si_pid=2619425, si_uid=1000} ---
2619427 --- SIGURG {si_signo=SIGURG, si_code=SI_TKILL, si_pid=2619425, si_uid=1000} ---
2619428 --- SIGURG {si_signo=SIGURG, si_code=SI_TKILL, si_pid=2619425, si_uid=1000} ---
2619434 --- SIGURG {si_signo=SIGURG, si_code=SI_TKILL, si_pid=2619425, si_uid=1000} ---
2619453 --- SIGURG {si_signo=SIGURG, si_code=SI_TKILL, si_pid=2619425, si_uid=1000} ---
2619432 --- SIGURG {si_signo=SIGURG, si_code=SI_TKILL, si_pid=2619425, si_uid=1000} ---
2619451 --- SIGURG {si_signo=SIGURG, si_code=SI_TKILL, si_pid=2619425, si_uid=1000} ---
2619448 --- SIGURG {si_signo=SIGURG, si_code=SI_TKILL, si_pid=2619425, si_uid=1000} ---
2619452 --- SIGURG {si_signo=SIGURG, si_code=SI_TKILL, si_pid=2619425, si_uid=1000} ---
2619454 --- SIGURG {si_signo=SIGURG, si_code=SI_TKILL, si_pid=2619425, si_uid=1000} ---
2619434 --- SIGURG {si_signo=SIGURG, si_code=SI_TKILL, si_pid=2619425, si_uid=1000} ---
2619453 --- SIGURG {si_signo=SIGURG, si_code=SI_TKILL, si_pid=2619425, si_uid=1000} ---
2619448 --- SIGURG {si_signo=SIGURG, si_code=SI_TKILL, si_pid=2619425, si_uid=1000} ---
2619450 --- SIGURG {si_signo=SIGURG, si_code=SI_TKILL, si_pid=2619425, si_uid=1000} ---
2619428 --- SIGURG {si_signo=SIGURG, si_code=SI_TKILL, si_pid=2619425, si_uid=1000} ---
2619432 --- SIGURG {si_signo=SIGURG, si_code=SI_TKILL, si_pid=2619425, si_uid=1000} ---
2619448 --- SIGURG {si_signo=SIGURG, si_code=SI_TKILL, si_pid=2619425, si_uid=1000} ---
2619451 --- SIGURG {si_signo=SIGURG, si_code=SI_TKILL, si_pid=2619425, si_uid=1000} ---
2619452 --- SIGURG {si_signo=SIGURG, si_code=SI_TKILL, si_pid=2619425, si_uid=1000} ---
2619434 --- SIGURG {si_signo=SIGURG, si_code=SI_TKILL, si_pid=2619425, si_uid=1000} ---
2619427 --- SIGURG {si_signo=SIGURG, si_code=SI_TKILL, si_pid=2619425, si_uid=1000} ---
2619451 --- SIGURG {si_signo=SIGURG, si_code=SI_TKILL, si_pid=2619425, si_uid=1000} ---
2619434 --- SIGURG {si_signo=SIGURG, si_code=SI_TKILL, si_pid=2619425, si_uid=1000} ---
2619428 --- SIGURG {si_signo=SIGURG, si_code=SI_TKILL, si_pid=2619425, si_uid=1000} ---
2619454 --- SIGURG {si_signo=SIGURG, si_code=SI_TKILL, si_pid=2619425, si_uid=1000} ---
2619428 --- SIGURG {si_signo=SIGURG, si_code=SI_TKILL, si_pid=2619425, si_uid=1000} ---
2619452 --- SIGURG {si_signo=SIGURG, si_code=SI_TKILL, si_pid=2619425, si_uid=1000} ---
2619448 --- SIGURG {si_signo=SIGURG, si_code=SI_TKILL, si_pid=2619425, si_uid=1000} ---
2619450 --- SIGURG {si_signo=SIGURG, si_code=SI_TKILL, si_pid=2619425, si_uid=1000} ---
2619440 --- SIGURG {si_signo=SIGURG, si_code=SI_TKILL, si_pid=2619425, si_uid=1000} ---
2619432 --- SIGURG {si_signo=SIGURG, si_code=SI_TKILL, si_pid=2619425, si_uid=1000} ---
2619454 --- SIGURG {si_signo=SIGURG, si_code=SI_TKILL, si_pid=2619425, si_uid=1000} ---
2619434 --- SIGURG {si_signo=SIGURG, si_code=SI_TKILL, si_pid=2619425, si_uid=1000} ---
2619437 --- SIGURG {si_signo=SIGURG, si_code=SI_TKILL, si_pid=2619425, si_uid=1000} ---
2619440 --- SIGURG {si_signo=SIGURG, si_code=SI_TKILL, si_pid=2619425, si_uid=1000} ---
2619433 --- SIGURG {si_signo=SIGURG, si_code=SI_TKILL, si_pid=2619425, si_uid=1000} ---
2619453 --- SIGURG {si_signo=SIGURG, si_code=SI_TKILL, si_pid=2619425, si_uid=1000} ---
2619440 --- SIGURG {si_signo=SIGURG, si_code=SI_TKILL, si_pid=2619425, si_uid=1000} ---
2619446 --- SIGURG {si_signo=SIGURG, si_code=SI_TKILL, si_pid=2619425, si_uid=1000} ---
2619448 --- SIGURG {si_signo=SIGURG, si_code=SI_TKILL, si_pid=2619425, si_uid=1000} ---
2619429 --- SIGURG {si_signo=SIGURG, si_code=SI_TKILL, si_pid=2619425, si_uid=1000} ---
2619432 --- SIGURG {si_signo=SIGURG, si_code=SI_TKILL, si_pid=2619425, si_uid=1000} ---
2619428 --- SIGURG {si_signo=SIGURG, si_code=SI_TKILL, si_pid=2619425, si_uid=1000} ---
2619448 --- SIGURG {si_signo=SIGURG, si_code=SI_TKILL, si_pid=2619425, si_uid=1000} ---
2619433 --- SIGURG {si_signo=SIGURG, si_code=SI_TKILL, si_pid=2619425, si_uid=1000} ---
2619428 --- SIGURG {si_signo=SIGURG, si_code=SI_TKILL, si_pid=2619425, si_uid=1000} ---
2619450 --- SIGURG {si_signo=SIGURG, si_code=SI_TKILL, si_pid=2619425, si_uid=1000} ---
2619427 --- SIGURG {si_signo=SIGURG, si_code=SI_TKILL, si_pid=2619425, si_uid=1000} ---
2619437 --- SIGURG {si_signo=SIGURG, si_code=SI_TKILL, si_pid=2619425, si_uid=1000} ---
2619432 --- SIGURG {si_signo=SIGURG, si_code=SI_TKILL, si_pid=2619425, si_uid=1000} ---
2619450 --- SIGURG {si_signo=SIGURG, si_code=SI_TKILL, si_pid=2619425, si_uid=1000} ---
2619434 --- SIGURG {si_signo=SIGURG, si_code=SI_TKILL, si_pid=2619425, si_uid=1000} ---
2619437 --- SIGURG {si_signo=SIGURG, si_code=SI_TKILL, si_pid=2619425, si_uid=1000} ---
2619427 --- SIGURG {si_signo=SIGURG, si_code=SI_TKILL, si_pid=2619425, si_uid=1000} ---
2619432 --- SIGURG {si_signo=SIGURG, si_code=SI_TKILL, si_pid=2619425, si_uid=1000} ---
2619437 --- SIGURG {si_signo=SIGURG, si_code=SI_TKILL, si_pid=2619425, si_uid=1000} ---
2619428 --- SIGURG {si_signo=SIGURG, si_code=SI_TKILL, si_pid=2619425, si_uid=1000} ---
2619451 --- SIGURG {si_signo=SIGURG, si_code=SI_TKILL, si_pid=2619425, si_uid=1000} ---
2619450 --- SIGURG {si_signo=SIGURG, si_code=SI_TKILL, si_pid=2619425, si_uid=1000} ---
2619440 --- SIGURG {si_signo=SIGURG, si_code=SI_TKILL, si_pid=2619425, si_uid=1000} ---
2619427 --- SIGURG {si_signo=SIGURG, si_code=SI_TKILL, si_pid=2619425, si_uid=1000} ---
2619440 --- SIGURG {si_signo=SIGURG, si_code=SI_TKILL, si_pid=2619425, si_uid=1000} ---
2619433 --- SIGURG {si_signo=SIGURG, si_code=SI_TKILL, si_pid=2619425, si_uid=1000} ---
2619433 --- SIGURG {si_signo=SIGURG, si_code=SI_TKILL, si_pid=2619425, si_uid=1000} ---
2619450 --- SIGURG {si_signo=SIGURG, si_code=SI_TKILL, si_pid=2619425, si_uid=1000} ---
2619434 --- SIGURG {si_signo=SIGURG, si_code=SI_TKILL, si_pid=2619425, si_uid=1000} ---
2619428 --- SIGURG {si_signo=SIGURG, si_code=SI_TKILL, si_pid=2619425, si_uid=1000} ---
2619429 --- SIGURG {si_signo=SIGURG, si_code=SI_TKILL, si_pid=2619425, si_uid=1000} ---
2619446 --- SIGURG {si_signo=SIGURG, si_code=SI_TKILL, si_pid=2619425, si_uid=1000} ---
2619448 --- SIGURG {si_signo=SIGURG, si_code=SI_TKILL, si_pid=2619425, si_uid=1000} ---
2619453 --- SIGURG {si_signo=SIGURG, si_code=SI_TKILL, si_pid=2619425, si_uid=1000} ---
2619437 --- SIGURG {si_signo=SIGURG, si_code=SI_TKILL, si_pid=2619425, si_uid=1000} ---
2619434 --- SIGURG {si_signo=SIGURG, si_code=SI_TKILL, si_pid=2619425, si_uid=1000} ---
2619429 --- SIGURG {si_signo=SIGURG, si_code=SI_TKILL, si_pid=2619425, si_uid=1000} ---
2619450 --- SIGURG {si_signo=SIGURG, si_code=SI_TKILL, si_pid=2619425, si_uid=1000} ---
2619429 --- SIGURG {si_signo=SIGURG, si_code=SI_TKILL, si_pid=2619425, si_uid=1000} ---
2619446 --- SIGURG {si_signo=SIGURG, si_code=SI_TKILL, si_pid=2619425, si_uid=1000} ---
2619433 --- SIGURG {si_signo=SIGURG, si_code=SI_TKILL, si_pid=2619425, si_uid=1000} ---
2619453 --- SIGURG {si_signo=SIGURG, si_code=SI_TKILL, si_pid=2619425, si_uid=1000} ---
2619432 --- SIGURG {si_signo=SIGURG, si_code=SI_TKILL, si_pid=2619425, si_uid=1000} ---
2619429 --- SIGURG {si_signo=SIGURG, si_code=SI_TKILL, si_pid=2619425, si_uid=1000} ---
2619448 --- SIGURG {si_signo=SIGURG, si_code=SI_TKILL, si_pid=2619425, si_uid=1000} ---
2619448 --- SIGURG {si_signo=SIGURG, si_code=SI_TKILL, si_pid=2619425, si_uid=1000} ---
2619446 --- SIGURG {si_signo=SIGURG, si_code=SI_TKILL, si_pid=2619425, si_uid=1000} ---
2619448 --- SIGURG {si_signo=SIGURG, si_code=SI_TKILL, si_pid=2619425, si_uid=1000} ---
2619446 --- SIGURG {si_signo=SIGURG, si_code=SI_TKILL, si_pid=2619425, si_uid=1000} ---
2619453 --- SIGURG {si_signo=SIGURG, si_code=SI_TKILL, si_pid=2619425, si_uid=1000} ---
2619448 --- SIGURG {si_signo=SIGURG, si_code=SI_TKILL, si_pid=2619425, si_uid=1000} ---
2619432 --- SIGURG {si_signo=SIGURG, si_code=SI_TKILL, si_pid=2619425, si_uid=1000} ---
2619451 --- SIGURG {si_signo=SIGURG, si_code=SI_TKILL, si_pid=2619425, si_uid=1000} ---
2619437 --- SIGURG {si_signo=SIGURG, si_code=SI_TKILL, si_pid=2619425, si_uid=1000} ---
2619448 --- SIGURG {si_signo=SIGURG, si_code=SI_TKILL, si_pid=2619425, si_uid=1000} ---
2619446 --- SIGURG {si_signo=SIGURG, si_code=SI_TKILL, si_pid=2619425, si_uid=1000} ---
2619446 --- SIGURG {si_signo=SIGURG, si_code=SI_TKILL, si_pid=2619425, si_uid=1000} ---
2619427 --- SIGURG {si_signo=SIGURG, si_code=SI_TKILL, si_pid=2619425, si_uid=1000} ---
2619442 --- SIGURG {si_signo=SIGURG, si_code=SI_TKILL, si_pid=2619425, si_uid=1000} ---
2619439 --- SIGURG {si_signo=SIGURG, si_code=SI_TKILL, si_pid=2619425, si_uid=1000} ---
2619448 --- SIGURG {si_signo=SIGURG, si_code=SI_TKILL, si_pid=2619425, si_uid=1000} ---
2619428 --- SIGURG {si_signo=SIGURG, si_code=SI_TKILL, si_pid=2619425, si_uid=1000} ---
2619451 --- SIGURG {si_signo=SIGURG, si_code=SI_TKILL, si_pid=2619425, si_uid=1000} ---
2619432 --- SIGURG {si_signo=SIGURG, si_code=SI_TKILL, si_pid=2619425, si_uid=1000} ---
2619440 --- SIGURG {si_signo=SIGURG, si_code=SI_TKILL, si_pid=2619425, si_uid=1000} ---
2619429 --- SIGURG {si_signo=SIGURG, si_code=SI_TKILL, si_pid=2619425, si_uid=1000} ---
2619437 --- SIGURG {si_signo=SIGURG, si_code=SI_TKILL, si_pid=2619425, si_uid=1000} ---
2619427 --- SIGURG {si_signo=SIGURG, si_code=SI_TKILL, si_pid=2619425, si_uid=1000} ---
2619434 --- SIGURG {si_signo=SIGURG, si_code=SI_TKILL, si_pid=2619425, si_uid=1000} ---
2619450 --- SIGURG {si_signo=SIGURG, si_code=SI_TKILL, si_pid=2619425, si_uid=1000} ---
2619453 --- SIGURG {si_signo=SIGURG, si_code=SI_TKILL, si_pid=2619425, si_uid=1000} ---
2619433 --- SIGURG {si_signo=SIGURG, si_code=SI_TKILL, si_pid=2619425, si_uid=1000} ---
2619440 --- SIGURG {si_signo=SIGURG, si_code=SI_TKILL, si_pid=2619425, si_uid=1000} ---
2619437 --- SIGURG {si_signo=SIGURG, si_code=SI_TKILL, si_pid=2619425, si_uid=1000} ---
2619451 --- SIGURG {si_signo=SIGURG, si_code=SI_TKILL, si_pid=2619425, si_uid=1000} ---
2619432 --- SIGURG {si_signo=SIGURG, si_code=SI_TKILL, si_pid=2619425, si_uid=1000} ---
2619440 --- SIGURG {si_signo=SIGURG, si_code=SI_TKILL, si_pid=2619425, si_uid=1000} ---
2619429 --- SIGURG {si_signo=SIGURG, si_code=SI_TKILL, si_pid=2619425, si_uid=1000} ---
2619434 --- SIGURG {si_signo=SIGURG, si_code=SI_TKILL, si_pid=2619425, si_uid=1000} ---
2619439 --- SIGURG {si_signo=SIGURG, si_code=SI_TKILL, si_pid=2619425, si_uid=1000} ---
2619450 --- SIGURG {si_signo=SIGURG, si_code=SI_TKILL, si_pid=2619425, si_uid=1000} ---
2619453 --- SIGURG {si_signo=SIGURG, si_code=SI_TKILL, si_pid=2619425, si_uid=1000} ---
2619451 --- SIGURG {si_signo=SIGURG, si_code=SI_TKILL, si_pid=2619425, si_uid=1000} ---
2619439 --- SIGURG {si_signo=SIGURG, si_code=SI_TKILL, si_pid=2619425, si_uid=1000} ---
2619440 --- SIGURG {si_signo=SIGURG, si_code=SI_TKILL, si_pid=2619425, si_uid=1000} ---
2619451 --- SIGURG {si_signo=SIGURG, si_code=SI_TKILL, si_pid=2619425, si_uid=1000} ---
2619434 --- SIGURG {si_signo=SIGURG, si_code=SI_TKILL, si_pid=2619425, si_uid=1000} ---
2619451 --- SIGURG {si_signo=SIGURG, si_code=SI_TKILL, si_pid=2619425, si_uid=1000} ---
2619440 --- SIGURG {si_signo=SIGURG, si_code=SI_TKILL, si_pid=2619425, si_uid=1000} ---
2619451 --- SIGURG {si_signo=SIGURG, si_code=SI_TKILL, si_pid=2619425, si_uid=1000} ---
2619453 --- SIGURG {si_signo=SIGURG, si_code=SI_TKILL, si_pid=2619425, si_uid=1000} ---
2619429 --- SIGURG {si_signo=SIGURG, si_code=SI_TKILL, si_pid=2619425, si_uid=1000} ---
2619442 --- SIGURG {si_signo=SIGURG, si_code=SI_TKILL, si_pid=2619425, si_uid=1000} ---
2619434 --- SIGURG {si_signo=SIGURG, si_code=SI_TKILL, si_pid=2619425, si_uid=1000} ---
2619439 --- SIGURG {si_signo=SIGURG, si_code=SI_TKILL, si_pid=2619425, si_uid=1000} ---
2619451 --- SIGURG {si_signo=SIGURG, si_code=SI_TKILL, si_pid=2619425, si_uid=1000} ---
2619434 --- SIGURG {si_signo=SIGURG, si_code=SI_TKILL, si_pid=2619425, si_uid=1000} ---
2619439 --- SIGURG {si_signo=SIGURG, si_code=SI_TKILL, si_pid=2619425, si_uid=1000} ---
2619429 --- SIGURG {si_signo=SIGURG, si_code=SI_TKILL, si_pid=2619425, si_uid=1000} ---
2619442 --- SIGURG {si_signo=SIGURG, si_code=SI_TKILL, si_pid=2619425, si_uid=1000} ---
2619439 --- SIGURG {si_signo=SIGURG, si_code=SI_TKILL, si_pid=2619425, si_uid=1000} ---
2619451 --- SIGURG {si_signo=SIGURG, si_code=SI_TKILL, si_pid=2619425, si_uid=1000} ---
2619440 --- SIGURG {si_signo=SIGURG, si_code=SI_TKILL, si_pid=2619425, si_uid=1000} ---
2619450 --- SIGURG {si_signo=SIGURG, si_code=SI_TKILL, si_pid=2619425, si_uid=1000} ---
2619434 --- SIGURG {si_signo=SIGURG, si_code=SI_TKILL, si_pid=2619425, si_uid=1000} ---
2619442 --- SIGURG {si_signo=SIGURG, si_code=SI_TKILL, si_pid=2619425, si_uid=1000} ---
2619453 --- SIGURG {si_signo=SIGURG, si_code=SI_TKILL, si_pid=2619425, si_uid=1000} ---
2619450 --- SIGURG {si_signo=SIGURG, si_code=SI_TKILL, si_pid=2619425, si_uid=1000} ---
2619427 --- SIGURG {si_signo=SIGURG, si_code=SI_TKILL, si_pid=2619425, si_uid=1000} ---
2619446 --- SIGURG {si_signo=SIGURG, si_code=SI_TKILL, si_pid=2619425, si_uid=1000} ---
2619429 --- SIGURG {si_signo=SIGURG, si_code=SI_TKILL, si_pid=2619425, si_uid=1000} ---
2619433 --- SIGURG {si_signo=SIGURG, si_code=SI_TKILL, si_pid=2619425, si_uid=1000} ---
2619434 --- SIGURG {si_signo=SIGURG, si_code=SI_TKILL, si_pid=2619425, si_uid=1000} ---
2619440 --- SIGURG {si_signo=SIGURG, si_code=SI_TKILL, si_pid=2619425, si_uid=1000} ---
2619440 --- SIGURG {si_signo=SIGURG, si_code=SI_TKILL, si_pid=2619425, si_uid=1000} ---
2619446 --- SIGURG {si_signo=SIGURG, si_code=SI_TKILL, si_pid=2619425, si_uid=1000} ---
2619448 --- SIGURG {si_signo=SIGURG, si_code=SI_TKILL, si_pid=2619425, si_uid=1000} ---
2619440 --- SIGURG {si_signo=SIGURG, si_code=SI_TKILL, si_pid=2619425, si_uid=1000} ---
2619427 --- SIGURG {si_signo=SIGURG, si_code=SI_TKILL, si_pid=2619425, si_uid=1000} ---
2619453 --- SIGURG {si_signo=SIGURG, si_code=SI_TKILL, si_pid=2619425, si_uid=1000} ---
2619448 --- SIGURG {si_signo=SIGURG, si_code=SI_TKILL, si_pid=2619425, si_uid=1000} ---
2619437 --- SIGURG {si_signo=SIGURG, si_code=SI_TKILL, si_pid=2619425, si_uid=1000} ---
2619433 --- SIGURG {si_signo=SIGURG, si_code=SI_TKILL, si_pid=2619425, si_uid=1000} ---
2619453 --- SIGURG {si_signo=SIGURG, si_code=SI_TKILL, si_pid=2619425, si_uid=1000} ---
2619439 --- SIGURG {si_signo=SIGURG, si_code=SI_TKILL, si_pid=2619425, si_uid=1000} ---
2619437 --- SIGURG {si_signo=SIGURG, si_code=SI_TKILL, si_pid=2619425, si_uid=1000} ---
2619433 --- SIGURG {si_signo=SIGURG, si_code=SI_TKILL, si_pid=2619425, si_uid=1000} ---
2619427 --- SIGURG {si_signo=SIGURG, si_code=SI_TKILL, si_pid=2619425, si_uid=1000} ---
2619434 --- SIGURG {si_signo=SIGURG, si_code=SI_TKILL, si_pid=2619425, si_uid=1000} ---
2619451 --- SIGURG {si_signo=SIGURG, si_code=SI_TKILL, si_pid=2619425, si_uid=1000} ---
2619450 --- SIGURG {si_signo=SIGURG, si_code=SI_TKILL, si_pid=2619425, si_uid=1000} ---
2619437 --- SIGURG {si_signo=SIGURG, si_code=SI_TKILL, si_pid=2619425, si_uid=1000} ---
2619448 --- SIGURG {si_signo=SIGURG, si_code=SI_TKILL, si_pid=2619425, si_uid=1000} ---
2619453 --- SIGURG {si_signo=SIGURG, si_code=SI_TKILL, si_pid=2619425, si_uid=1000} ---
2619450 --- SIGURG {si_signo=SIGURG, si_code=SI_TKILL, si_pid=2619425, si_uid=1000} ---
2619450 --- SIGURG {si_signo=SIGURG, si_code=SI_TKILL, si_pid=2619425, si_uid=1000} ---
2619453 --- SIGURG {si_signo=SIGURG, si_code=SI_TKILL, si_pid=2619425, si_uid=1000} ---
2619439 --- SIGURG {si_signo=SIGURG, si_code=SI_TKILL, si_pid=2619425, si_uid=1000} ---
2619453 --- SIGURG {si_signo=SIGURG, si_code=SI_TKILL, si_pid=2619425, si_uid=1000} ---
2619446 --- SIGURG {si_signo=SIGURG, si_code=SI_TKILL, si_pid=2619425, si_uid=1000} ---
2619442 --- SIGURG {si_signo=SIGURG, si_code=SI_TKILL, si_pid=2619425, si_uid=1000} ---
2619434 --- SIGURG {si_signo=SIGURG, si_code=SI_TKILL, si_pid=2619425, si_uid=1000} ---
2619448 --- SIGURG {si_signo=SIGURG, si_code=SI_TKILL, si_pid=2619425, si_uid=1000} ---
2619446 --- SIGURG {si_signo=SIGURG, si_code=SI_TKILL, si_pid=2619425, si_uid=1000} ---
2619433 --- SIGURG {si_signo=SIGURG, si_code=SI_TKILL, si_pid=2619425, si_uid=1000} ---
2619448 --- SIGURG {si_signo=SIGURG, si_code=SI_TKILL, si_pid=2619425, si_uid=1000} ---
2619451 --- SIGURG {si_signo=SIGURG, si_code=SI_TKILL, si_pid=2619425, si_uid=1000} ---
2619434 --- SIGURG {si_signo=SIGURG, si_code=SI_TKILL, si_pid=2619425, si_uid=1000} ---
2619453 --- SIGURG {si_signo=SIGURG, si_code=SI_TKILL, si_pid=2619425, si_uid=1000} ---
2619433 --- SIGURG {si_signo=SIGURG, si_code=SI_TKILL, si_pid=2619425, si_uid=1000} ---
2619439 --- SIGURG {si_signo=SIGURG, si_code=SI_TKILL, si_pid=2619425, si_uid=1000} ---
2619429 --- SIGURG {si_signo=SIGURG, si_code=SI_TKILL, si_pid=2619425, si_uid=1000} ---
2619450 --- SIGURG {si_signo=SIGURG, si_code=SI_TKILL, si_pid=2619425, si_uid=1000} ---
2619451 --- SIGURG {si_signo=SIGURG, si_code=SI_TKILL, si_pid=2619425, si_uid=1000} ---
2619440 --- SIGURG {si_signo=SIGURG, si_code=SI_TKILL, si_pid=2619425, si_uid=1000} ---
2619440 --- SIGURG {si_signo=SIGURG, si_code=SI_TKILL, si_pid=2619425, si_uid=1000} ---
2619432 --- SIGURG {si_signo=SIGURG, si_code=SI_TKILL, si_pid=2619425, si_uid=1000} ---
2619440 --- SIGURG {si_signo=SIGURG, si_code=SI_TKILL, si_pid=2619425, si_uid=1000} ---
2619434 --- SIGURG {si_signo=SIGURG, si_code=SI_TKILL, si_pid=2619425, si_uid=1000} ---
2619432 --- SIGURG {si_signo=SIGURG, si_code=SI_TKILL, si_pid=2619425, si_uid=1000} ---
2619451 --- SIGURG {si_signo=SIGURG, si_code=SI_TKILL, si_pid=2619425, si_uid=1000} ---
2619434 --- SIGURG {si_signo=SIGURG, si_code=SI_TKILL, si_pid=2619425, si_uid=1000} ---
2619440 --- SIGURG {si_signo=SIGURG, si_code=SI_TKILL, si_pid=2619425, si_uid=1000} ---
2619448 --- SIGURG {si_signo=SIGURG, si_code=SI_TKILL, si_pid=2619425, si_uid=1000} ---
2619429 --- SIGURG {si_signo=SIGURG, si_code=SI_TKILL, si_pid=2619425, si_uid=1000} ---
2619440 --- SIGURG {si_signo=SIGURG, si_code=SI_TKILL, si_pid=2619425, si_uid=1000} ---
2619434 --- SIGURG {si_signo=SIGURG, si_code=SI_TKILL, si_pid=2619425, si_uid=1000} ---
2619451 --- SIGURG {si_signo=SIGURG, si_code=SI_TKILL, si_pid=2619425, si_uid=1000} ---
2619440 --- SIGURG {si_signo=SIGURG, si_code=SI_TKILL, si_pid=2619425, si_uid=1000} ---
2619437 --- SIGURG {si_signo=SIGURG, si_code=SI_TKILL, si_pid=2619425, si_uid=1000} ---
2619433 --- SIGURG {si_signo=SIGURG, si_code=SI_TKILL, si_pid=2619425, si_uid=1000} ---
2619434 --- SIGURG {si_signo=SIGURG, si_code=SI_TKILL, si_pid=2619425, si_uid=1000} ---
2619437 --- SIGURG {si_signo=SIGURG, si_code=SI_TKILL, si_pid=2619425, si_uid=1000} ---
2619440 --- SIGURG {si_signo=SIGURG, si_code=SI_TKILL, si_pid=2619425, si_uid=1000} ---
2619437 --- SIGURG {si_signo=SIGURG, si_code=SI_TKILL, si_pid=2619425, si_uid=1000} ---
2619450 --- SIGURG {si_signo=SIGURG, si_code=SI_TKILL, si_pid=2619425, si_uid=1000} ---
2619434 --- SIGURG {si_signo=SIGURG, si_code=SI_TKILL, si_pid=2619425, si_uid=1000} ---
2619439 --- SIGURG {si_signo=SIGURG, si_code=SI_TKILL, si_pid=2619425, si_uid=1000} ---
2619433 --- SIGURG {si_signo=SIGURG, si_code=SI_TKILL, si_pid=2619425, si_uid=1000} ---
2619437 --- SIGURG {si_signo=SIGURG, si_code=SI_TKILL, si_pid=2619425, si_uid=1000} ---
2619434 --- SIGURG {si_signo=SIGURG, si_code=SI_TKILL, si_pid=2619425, si_uid=1000} ---
2619439 --- SIGURG {si_signo=SIGURG, si_code=SI_TKILL, si_pid=2619425, si_uid=1000} ---
2619439 --- SIGURG {si_signo=SIGURG, si_code=SI_TKILL, si_pid=2619425, si_uid=1000} ---
2619448 --- SIGURG {si_signo=SIGURG, si_code=SI_TKILL, si_pid=2619425, si_uid=1000} ---
2619434 --- SIGURG {si_signo=SIGURG, si_code=SI_TKILL, si_pid=2619425, si_uid=1000} ---
2619440 --- SIGURG {si_signo=SIGURG, si_code=SI_TKILL, si_pid=2619425, si_uid=1000} ---
2619429 --- SIGURG {si_signo=SIGURG, si_code=SI_TKILL, si_pid=2619425, si_uid=1000} ---
2619453 --- SIGURG {si_signo=SIGURG, si_code=SI_TKILL, si_pid=2619425, si_uid=1000} ---
2619439 --- SIGURG {si_signo=SIGURG, si_code=SI_TKILL, si_pid=2619425, si_uid=1000} ---
2619437 --- SIGURG {si_signo=SIGURG, si_code=SI_TKILL, si_pid=2619425, si_uid=1000} ---
2619434 --- SIGURG {si_signo=SIGURG, si_code=SI_TKILL, si_pid=2619425, si_uid=1000} ---
2619453 --- SIGURG {si_signo=SIGURG, si_code=SI_TKILL, si_pid=2619425, si_uid=1000} ---
2619434 --- SIGURG {si_signo=SIGURG, si_code=SI_TKILL, si_pid=2619425, si_uid=1000} ---
2619437 --- SIGURG {si_signo=SIGURG, si_code=SI_TKILL, si_pid=2619425, si_uid=1000} ---
2619434 --- SIGURG {si_signo=SIGURG, si_code=SI_TKILL, si_pid=2619425, si_uid=1000} ---
2619432 --- SIGURG {si_signo=SIGURG, si_code=SI_TKILL, si_pid=2619425, si_uid=1000} ---
2619448 --- SIGURG {si_signo=SIGURG, si_code=SI_TKILL, si_pid=2619425, si_uid=1000} ---
2619434 --- SIGURG {si_signo=SIGURG, si_code=SI_TKILL, si_pid=2619425, si_uid=1000} ---
2619439 --- SIGURG {si_signo=SIGURG, si_code=SI_TKILL, si_pid=2619425, si_uid=1000} ---
2619453 --- SIGURG {si_signo=SIGURG, si_code=SI_TKILL, si_pid=2619425, si_uid=1000} ---
2619450 --- SIGURG {si_signo=SIGURG, si_code=SI_TKILL, si_pid=2619425, si_uid=1000} ---
2619432 --- SIGURG {si_signo=SIGURG, si_code=SI_TKILL, si_pid=2619425, si_uid=1000} ---
2619437 --- SIGURG {si_signo=SIGURG, si_code=SI_TKILL, si_pid=2619425, si_uid=1000} ---
2619453 --- SIGURG {si_signo=SIGURG, si_code=SI_TKILL, si_pid=2619425, si_uid=1000} ---
2619439 --- SIGURG {si_signo=SIGURG, si_code=SI_TKILL, si_pid=2619425, si_uid=1000} ---
2619450 --- SIGURG {si_signo=SIGURG, si_code=SI_TKILL, si_pid=2619425, si_uid=1000} ---
2619446 --- SIGURG {si_signo=SIGURG, si_code=SI_TKILL, si_pid=2619425, si_uid=1000} ---
2619451 --- SIGURG {si_signo=SIGURG, si_code=SI_TKILL, si_pid=2619425, si_uid=1000} ---
2619432 --- SIGURG {si_signo=SIGURG, si_code=SI_TKILL, si_pid=2619425, si_uid=1000} ---
2619450 --- SIGURG {si_signo=SIGURG, si_code=SI_TKILL, si_pid=2619425, si_uid=1000} ---
2619451 --- SIGURG {si_signo=SIGURG, si_code=SI_TKILL, si_pid=2619425, si_uid=1000} ---
2619446 --- SIGURG {si_signo=SIGURG, si_code=SI_TKILL, si_pid=2619425, si_uid=1000} ---
2619450 --- SIGURG {si_signo=SIGURG, si_code=SI_TKILL, si_pid=2619425, si_uid=1000} ---
2619451 --- SIGURG {si_signo=SIGURG, si_code=SI_TKILL, si_pid=2619425, si_uid=1000} ---
2619433 --- SIGURG {si_signo=SIGURG, si_code=SI_TKILL, si_pid=2619425, si_uid=1000} ---
2619453 --- SIGURG {si_signo=SIGURG, si_code=SI_TKILL, si_pid=2619425, si_uid=1000} ---
2619450 --- SIGURG {si_signo=SIGURG, si_code=SI_TKILL, si_pid=2619425, si_uid=1000} ---
2619453 --- SIGURG {si_signo=SIGURG, si_code=SI_TKILL, si_pid=2619425, si_uid=1000} ---
2619432 --- SIGURG {si_signo=SIGURG, si_code=SI_TKILL, si_pid=2619425, si_uid=1000} ---
2619440 --- SIGURG {si_signo=SIGURG, si_code=SI_TKILL, si_pid=2619425, si_uid=1000} ---
2619432 --- SIGURG {si_signo=SIGURG, si_code=SI_TKILL, si_pid=2619425, si_uid=1000} ---
2619432 --- SIGURG {si_signo=SIGURG, si_code=SI_TKILL, si_pid=2619425, si_uid=1000} ---
2619440 --- SIGURG {si_signo=SIGURG, si_code=SI_TKILL, si_pid=2619425, si_uid=1000} ---
2619453 --- SIGURG {si_signo=SIGURG, si_code=SI_TKILL, si_pid=2619425, si_uid=1000} ---
2619439 --- SIGURG {si_signo=SIGURG, si_code=SI_TKILL, si_pid=2619425, si_uid=1000} ---
2619433 --- SIGURG {si_signo=SIGURG, si_code=SI_TKILL, si_pid=2619425, si_uid=1000} ---
2619432 --- SIGURG {si_signo=SIGURG, si_code=SI_TKILL, si_pid=2619425, si_uid=1000} ---
2619451 --- SIGURG {si_signo=SIGURG, si_code=SI_TKILL, si_pid=2619425, si_uid=1000} ---
2619440 --- SIGURG {si_signo=SIGURG, si_code=SI_TKILL, si_pid=2619425, si_uid=1000} ---
2619429 --- SIGURG {si_signo=SIGURG, si_code=SI_TKILL, si_pid=2619425, si_uid=1000} ---
2619434 --- SIGURG {si_signo=SIGURG, si_code=SI_TKILL, si_pid=2619425, si_uid=1000} ---
2619434 --- SIGURG {si_signo=SIGURG, si_code=SI_TKILL, si_pid=2619425, si_uid=1000} ---
2619446 --- SIGURG {si_signo=SIGURG, si_code=SI_TKILL, si_pid=2619425, si_uid=1000} ---
2619453 --- SIGURG {si_signo=SIGURG, si_code=SI_TKILL, si_pid=2619425, si_uid=1000} ---
2619437 --- SIGURG {si_signo=SIGURG, si_code=SI_TKILL, si_pid=2619425, si_uid=1000} ---
2619437 --- SIGURG {si_signo=SIGURG, si_code=SI_TKILL, si_pid=2619425, si_uid=1000} ---
2619448 --- SIGURG {si_signo=SIGURG, si_code=SI_TKILL, si_pid=2619425, si_uid=1000} ---
2619437 --- SIGURG {si_signo=SIGURG, si_code=SI_TKILL, si_pid=2619425, si_uid=1000} ---
2619433 --- SIGURG {si_signo=SIGURG, si_code=SI_TKILL, si_pid=2619425, si_uid=1000} ---
2619446 --- SIGURG {si_signo=SIGURG, si_code=SI_TKILL, si_pid=2619425, si_uid=1000} ---
2619434 --- SIGURG {si_signo=SIGURG, si_code=SI_TKILL, si_pid=2619425, si_uid=1000} ---
2619448 --- SIGURG {si_signo=SIGURG, si_code=SI_TKILL, si_pid=2619425, si_uid=1000} ---
2619437 --- SIGURG {si_signo=SIGURG, si_code=SI_TKILL, si_pid=2619425, si_uid=1000} ---
2619439 --- SIGURG {si_signo=SIGURG, si_code=SI_TKILL, si_pid=2619425, si_uid=1000} ---
2619433 --- SIGURG {si_signo=SIGURG, si_code=SI_TKILL, si_pid=2619425, si_uid=1000} ---
2619446 --- SIGURG {si_signo=SIGURG, si_code=SI_TKILL, si_pid=2619425, si_uid=1000} ---
2619434 --- SIGURG {si_signo=SIGURG, si_code=SI_TKILL, si_pid=2619425, si_uid=1000} ---
2619453 --- SIGURG {si_signo=SIGURG, si_code=SI_TKILL, si_pid=2619425, si_uid=1000} ---
2619432 --- SIGURG {si_signo=SIGURG, si_code=SI_TKILL, si_pid=2619425, si_uid=1000} ---
2619437 --- SIGURG {si_signo=SIGURG, si_code=SI_TKILL, si_pid=2619425, si_uid=1000} ---
2619433 --- SIGURG {si_signo=SIGURG, si_code=SI_TKILL, si_pid=2619425, si_uid=1000} ---
2619439 --- SIGURG {si_signo=SIGURG, si_code=SI_TKILL, si_pid=2619425, si_uid=1000} ---
2619453 --- SIGURG {si_signo=SIGURG, si_code=SI_TKILL, si_pid=2619425, si_uid=1000} ---
2619448 --- SIGURG {si_signo=SIGURG, si_code=SI_TKILL, si_pid=2619425, si_uid=1000} ---
2619434 --- SIGURG {si_signo=SIGURG, si_code=SI_TKILL, si_pid=2619425, si_uid=1000} ---
2619451 --- SIGURG {si_signo=SIGURG, si_code=SI_TKILL, si_pid=2619425, si_uid=1000} ---
2619453 --- SIGURG {si_signo=SIGURG, si_code=SI_TKILL, si_pid=2619425, si_uid=1000} ---
2619450 --- SIGURG {si_signo=SIGURG, si_code=SI_TKILL, si_pid=2619425, si_uid=1000} ---
2619446 --- SIGURG {si_signo=SIGURG, si_code=SI_TKILL, si_pid=2619425, si_uid=1000} ---
2619439 --- SIGURG {si_signo=SIGURG, si_code=SI_TKILL, si_pid=2619425, si_uid=1000} ---
2619437 --- SIGURG {si_signo=SIGURG, si_code=SI_TKILL, si_pid=2619425, si_uid=1000} ---
2619439 --- SIGURG {si_signo=SIGURG, si_code=SI_TKILL, si_pid=2619425, si_uid=1000} ---
2619429 --- SIGURG {si_signo=SIGURG, si_code=SI_TKILL, si_pid=2619425, si_uid=1000} ---
2619439 --- SIGURG {si_signo=SIGURG, si_code=SI_TKILL, si_pid=2619425, si_uid=1000} ---
2619437 --- SIGURG {si_signo=SIGURG, si_code=SI_TKILL, si_pid=2619425, si_uid=1000} ---
2619429 --- SIGURG {si_signo=SIGURG, si_code=SI_TKILL, si_pid=2619425, si_uid=1000} ---
2619453 --- SIGURG {si_signo=SIGURG, si_code=SI_TKILL, si_pid=2619425, si_uid=1000} ---
2619437 --- SIGURG {si_signo=SIGURG, si_code=SI_TKILL, si_pid=2619425, si_uid=1000} ---
2619429 --- SIGURG {si_signo=SIGURG, si_code=SI_TKILL, si_pid=2619425, si_uid=1000} ---
2619439 --- SIGURG {si_signo=SIGURG, si_code=SI_TKILL, si_pid=2619425, si_uid=1000} ---
2619432 --- SIGURG {si_signo=SIGURG, si_code=SI_TKILL, si_pid=2619425, si_uid=1000} ---
2619448 --- SIGURG {si_signo=SIGURG, si_code=SI_TKILL, si_pid=2619425, si_uid=1000} ---
2619429 --- SIGURG {si_signo=SIGURG, si_code=SI_TKILL, si_pid=2619425, si_uid=1000} ---
2619439 --- SIGURG {si_signo=SIGURG, si_code=SI_TKILL, si_pid=2619425, si_uid=1000} ---
2619433 --- SIGURG {si_signo=SIGURG, si_code=SI_TKILL, si_pid=2619425, si_uid=1000} ---
2619453 --- SIGURG {si_signo=SIGURG, si_code=SI_TKILL, si_pid=2619425, si_uid=1000} ---
2619448 --- SIGURG {si_signo=SIGURG, si_code=SI_TKILL, si_pid=2619425, si_uid=1000} ---
2619437 --- SIGURG {si_signo=SIGURG, si_code=SI_TKILL, si_pid=2619425, si_uid=1000} ---
2619434 --- SIGURG {si_signo=SIGURG, si_code=SI_TKILL, si_pid=2619425, si_uid=1000} ---
2619439 --- SIGURG {si_signo=SIGURG, si_code=SI_TKILL, si_pid=2619425, si_uid=1000} ---
2619448 --- SIGURG {si_signo=SIGURG, si_code=SI_TKILL, si_pid=2619425, si_uid=1000} ---
2619446 --- SIGURG {si_signo=SIGURG, si_code=SI_TKILL, si_pid=2619425, si_uid=1000} ---
2619434 --- SIGURG {si_signo=SIGURG, si_code=SI_TKILL, si_pid=2619425, si_uid=1000} ---
2619434 --- SIGURG {si_signo=SIGURG, si_code=SI_TKILL, si_pid=2619425, si_uid=1000} ---
2619429 --- SIGURG {si_signo=SIGURG, si_code=SI_TKILL, si_pid=2619425, si_uid=1000} ---
2619446 --- SIGURG {si_signo=SIGURG, si_code=SI_TKILL, si_pid=2619425, si_uid=1000} ---
2619439 --- SIGURG {si_signo=SIGURG, si_code=SI_TKILL, si_pid=2619425, si_uid=1000} ---
2619448 --- SIGURG {si_signo=SIGURG, si_code=SI_TKILL, si_pid=2619425, si_uid=1000} ---
2619434 --- SIGURG {si_signo=SIGURG, si_code=SI_TKILL, si_pid=2619425, si_uid=1000} ---
2619439 --- SIGURG {si_signo=SIGURG, si_code=SI_TKILL, si_pid=2619425, si_uid=1000} ---
2619446 --- SIGURG {si_signo=SIGURG, si_code=SI_TKILL, si_pid=2619425, si_uid=1000} ---
2619434 --- SIGURG {si_signo=SIGURG, si_code=SI_TKILL, si_pid=2619425, si_uid=1000} ---
2619432 --- SIGURG {si_signo=SIGURG, si_code=SI_TKILL, si_pid=2619425, si_uid=1000} ---
2619453 --- SIGURG {si_signo=SIGURG, si_code=SI_TKILL, si_pid=2619425, si_uid=1000} ---
2619450 --- SIGURG {si_signo=SIGURG, si_code=SI_TKILL, si_pid=2619425, si_uid=1000} ---
2619446 --- SIGURG {si_signo=SIGURG, si_code=SI_TKILL, si_pid=2619425, si_uid=1000} ---
2619439 --- SIGURG {si_signo=SIGURG, si_code=SI_TKILL, si_pid=2619425, si_uid=1000} ---
2619432 --- SIGURG {si_signo=SIGURG, si_code=SI_TKILL, si_pid=2619425, si_uid=1000} ---
2619453 --- SIGURG {si_signo=SIGURG, si_code=SI_TKILL, si_pid=2619425, si_uid=1000} ---
2619434 --- SIGURG {si_signo=SIGURG, si_code=SI_TKILL, si_pid=2619425, si_uid=1000} ---
2619437 --- SIGURG {si_signo=SIGURG, si_code=SI_TKILL, si_pid=2619425, si_uid=1000} ---
2619446 --- SIGURG {si_signo=SIGURG, si_code=SI_TKILL, si_pid=2619425, si_uid=1000} ---
2619429 --- SIGURG {si_signo=SIGURG, si_code=SI_TKILL, si_pid=2619425, si_uid=1000} ---
2619429 --- SIGURG {si_signo=SIGURG, si_code=SI_TKILL, si_pid=2619425, si_uid=1000} ---
2619429 --- SIGURG {si_signo=SIGURG, si_code=SI_TKILL, si_pid=2619425, si_uid=1000} ---
2619446 --- SIGURG {si_signo=SIGURG, si_code=SI_TKILL, si_pid=2619425, si_uid=1000} ---
2619446 --- SIGURG {si_signo=SIGURG, si_code=SI_TKILL, si_pid=2619425, si_uid=1000} ---
2619429 --- SIGURG {si_signo=SIGURG, si_code=SI_TKILL, si_pid=2619425, si_uid=1000} ---
2619429 --- SIGURG {si_signo=SIGURG, si_code=SI_TKILL, si_pid=2619425, si_uid=1000} ---
2619446 --- SIGURG {si_signo=SIGURG, si_code=SI_TKILL, si_pid=2619425, si_uid=1000} ---
2619429 --- SIGURG {si_signo=SIGURG, si_code=SI_TKILL, si_pid=2619425, si_uid=1000} ---
2619432 --- SIGURG {si_signo=SIGURG, si_code=SI_TKILL, si_pid=2619425, si_uid=1000} ---
2619453 --- SIGURG {si_signo=SIGURG, si_code=SI_TKILL, si_pid=2619425, si_uid=1000} ---
2619437 --- SIGURG {si_signo=SIGURG, si_code=SI_TKILL, si_pid=2619425, si_uid=1000} ---
2619451 --- SIGURG {si_signo=SIGURG, si_code=SI_TKILL, si_pid=2619425, si_uid=1000} ---
2619437 --- SIGURG {si_signo=SIGURG, si_code=SI_TKILL, si_pid=2619425, si_uid=1000} ---
2619429 --- SIGURG {si_signo=SIGURG, si_code=SI_TKILL, si_pid=2619425, si_uid=1000} ---
2619450 --- SIGURG {si_signo=SIGURG, si_code=SI_TKILL, si_pid=2619425, si_uid=1000} ---
2619451 --- SIGURG {si_signo=SIGURG, si_code=SI_TKILL, si_pid=2619425, si_uid=1000} ---
2619448 --- SIGURG {si_signo=SIGURG, si_code=SI_TKILL, si_pid=2619425, si_uid=1000} ---
2619446 --- SIGURG {si_signo=SIGURG, si_code=SI_TKILL, si_pid=2619425, si_uid=1000} ---
2619453 --- SIGURG {si_signo=SIGURG, si_code=SI_TKILL, si_pid=2619425, si_uid=1000} ---
2619432 --- SIGURG {si_signo=SIGURG, si_code=SI_TKILL, si_pid=2619425, si_uid=1000} ---
2619439 --- SIGURG {si_signo=SIGURG, si_code=SI_TKILL, si_pid=2619425, si_uid=1000} ---
2619450 --- SIGURG {si_signo=SIGURG, si_code=SI_TKILL, si_pid=2619425, si_uid=1000} ---
2619439 --- SIGURG {si_signo=SIGURG, si_code=SI_TKILL, si_pid=2619425, si_uid=1000} ---
2619448 --- SIGURG {si_signo=SIGURG, si_code=SI_TKILL, si_pid=2619425, si_uid=1000} ---
2619448 --- SIGURG {si_signo=SIGURG, si_code=SI_TKILL, si_pid=2619425, si_uid=1000} ---
2619448 --- SIGURG {si_signo=SIGURG, si_code=SI_TKILL, si_pid=2619425, si_uid=1000} ---
2619453 --- SIGURG {si_signo=SIGURG, si_code=SI_TKILL, si_pid=2619425, si_uid=1000} ---
2619432 --- SIGURG {si_signo=SIGURG, si_code=SI_TKILL, si_pid=2619425, si_uid=1000} ---
2619437 --- SIGURG {si_signo=SIGURG, si_code=SI_TKILL, si_pid=2619425, si_uid=1000} ---
2619428 --- SIGURG {si_signo=SIGURG, si_code=SI_TKILL, si_pid=2619425, si_uid=1000} ---
2619450 --- SIGURG {si_signo=SIGURG, si_code=SI_TKILL, si_pid=2619425, si_uid=1000} ---
2619448 --- SIGURG {si_signo=SIGURG, si_code=SI_TKILL, si_pid=2619425, si_uid=1000} ---
2619437 --- SIGURG {si_signo=SIGURG, si_code=SI_TKILL, si_pid=2619425, si_uid=1000} ---
2619440 --- SIGURG {si_signo=SIGURG, si_code=SI_TKILL, si_pid=2619425, si_uid=1000} ---
2619429 --- SIGURG {si_signo=SIGURG, si_code=SI_TKILL, si_pid=2619425, si_uid=1000} ---
2619432 --- SIGURG {si_signo=SIGURG, si_code=SI_TKILL, si_pid=2619425, si_uid=1000} ---
2619448 --- SIGURG {si_signo=SIGURG, si_code=SI_TKILL, si_pid=2619425, si_uid=1000} ---
2619439 --- SIGURG {si_signo=SIGURG, si_code=SI_TKILL, si_pid=2619425, si_uid=1000} ---
2619429 --- SIGURG {si_signo=SIGURG, si_code=SI_TKILL, si_pid=2619425, si_uid=1000} ---
2619439 --- SIGURG {si_signo=SIGURG, si_code=SI_TKILL, si_pid=2619425, si_uid=1000} ---
2619440 --- SIGURG {si_signo=SIGURG, si_code=SI_TKILL, si_pid=2619425, si_uid=1000} ---
2619428 --- SIGURG {si_signo=SIGURG, si_code=SI_TKILL, si_pid=2619425, si_uid=1000} ---
2619428 --- SIGURG {si_signo=SIGURG, si_code=SI_TKILL, si_pid=2619425, si_uid=1000} ---
2619440 --- SIGURG {si_signo=SIGURG, si_code=SI_TKILL, si_pid=2619425, si_uid=1000} ---
2619439 --- SIGURG {si_signo=SIGURG, si_code=SI_TKILL, si_pid=2619425, si_uid=1000} ---
2619439 --- SIGURG {si_signo=SIGURG, si_code=SI_TKILL, si_pid=2619425, si_uid=1000} ---
2619440 --- SIGURG {si_signo=SIGURG, si_code=SI_TKILL, si_pid=2619425, si_uid=1000} ---
2619428 --- SIGURG {si_signo=SIGURG, si_code=SI_TKILL, si_pid=2619425, si_uid=1000} ---
2619451 --- SIGURG {si_signo=SIGURG, si_code=SI_TKILL, si_pid=2619425, si_uid=1000} ---
2619450 --- SIGURG {si_signo=SIGURG, si_code=SI_TKILL, si_pid=2619425, si_uid=1000} ---
2619451 --- SIGURG {si_signo=SIGURG, si_code=SI_TKILL, si_pid=2619425, si_uid=1000} ---
2619448 --- SIGURG {si_signo=SIGURG, si_code=SI_TKILL, si_pid=2619425, si_uid=1000} ---
2619428 --- SIGURG {si_signo=SIGURG, si_code=SI_TKILL, si_pid=2619425, si_uid=1000} ---
2619428 --- SIGURG {si_signo=SIGURG, si_code=SI_TKILL, si_pid=2619425, si_uid=1000} ---
2619432 --- SIGURG {si_signo=SIGURG, si_code=SI_TKILL, si_pid=2619425, si_uid=1000} ---
2619429 --- SIGURG {si_signo=SIGURG, si_code=SI_TKILL, si_pid=2619425, si_uid=1000} ---
2619451 --- SIGURG {si_signo=SIGURG, si_code=SI_TKILL, si_pid=2619425, si_uid=1000} ---
2619440 --- SIGURG {si_signo=SIGURG, si_code=SI_TKILL, si_pid=2619425, si_uid=1000} ---
2619437 --- SIGURG {si_signo=SIGURG, si_code=SI_TKILL, si_pid=2619425, si_uid=1000} ---
2619450 --- SIGURG {si_signo=SIGURG, si_code=SI_TKILL, si_pid=2619425, si_uid=1000} ---
2619429 --- SIGURG {si_signo=SIGURG, si_code=SI_TKILL, si_pid=2619425, si_uid=1000} ---
2619432 --- SIGURG {si_signo=SIGURG, si_code=SI_TKILL, si_pid=2619425, si_uid=1000} ---
2619428 --- SIGURG {si_signo=SIGURG, si_code=SI_TKILL, si_pid=2619425, si_uid=1000} ---
2619429 --- SIGURG {si_signo=SIGURG, si_code=SI_TKILL, si_pid=2619425, si_uid=1000} ---
2619429 --- SIGURG {si_signo=SIGURG, si_code=SI_TKILL, si_pid=2619425, si_uid=1000} ---
2619437 --- SIGURG {si_signo=SIGURG, si_code=SI_TKILL, si_pid=2619425, si_uid=1000} ---
2619432 --- SIGURG {si_signo=SIGURG, si_code=SI_TKILL, si_pid=2619425, si_uid=1000} ---
2619437 --- SIGURG {si_signo=SIGURG, si_code=SI_TKILL, si_pid=2619425, si_uid=1000} ---
2619428 --- SIGURG {si_signo=SIGURG, si_code=SI_TKILL, si_pid=2619425, si_uid=1000} ---
2619432 --- SIGURG {si_signo=SIGURG, si_code=SI_TKILL, si_pid=2619425, si_uid=1000} ---
2619440 --- SIGURG {si_signo=SIGURG, si_code=SI_TKILL, si_pid=2619425, si_uid=1000} ---
2619428 --- SIGURG {si_signo=SIGURG, si_code=SI_TKILL, si_pid=2619425, si_uid=1000} ---
2619450 --- SIGURG {si_signo=SIGURG, si_code=SI_TKILL, si_pid=2619425, si_uid=1000} ---
2619440 --- SIGURG {si_signo=SIGURG, si_code=SI_TKILL, si_pid=2619425, si_uid=1000} ---
2619432 --- SIGURG {si_signo=SIGURG, si_code=SI_TKILL, si_pid=2619425, si_uid=1000} ---
2619437 --- SIGURG {si_signo=SIGURG, si_code=SI_TKILL, si_pid=2619425, si_uid=1000} ---
2619440 --- SIGURG {si_signo=SIGURG, si_code=SI_TKILL, si_pid=2619425, si_uid=1000} ---
2619428 --- SIGURG {si_signo=SIGURG, si_code=SI_TKILL, si_pid=2619425, si_uid=1000} ---
2619450 --- SIGURG {si_signo=SIGURG, si_code=SI_TKILL, si_pid=2619425, si_uid=1000} ---
2619429 --- SIGURG {si_signo=SIGURG, si_code=SI_TKILL, si_pid=2619425, si_uid=1000} ---
2619428 --- SIGURG {si_signo=SIGURG, si_code=SI_TKILL, si_pid=2619425, si_uid=1000} ---
2619428 --- SIGURG {si_signo=SIGURG, si_code=SI_TKILL, si_pid=2619425, si_uid=1000} ---
2619432 --- SIGURG {si_signo=SIGURG, si_code=SI_TKILL, si_pid=2619425, si_uid=1000} ---
2619450 --- SIGURG {si_signo=SIGURG, si_code=SI_TKILL, si_pid=2619425, si_uid=1000} ---
2619428 --- SIGURG {si_signo=SIGURG, si_code=SI_TKILL, si_pid=2619425, si_uid=1000} ---
2619439 --- SIGURG {si_signo=SIGURG, si_code=SI_TKILL, si_pid=2619425, si_uid=1000} ---
2619428 --- SIGURG {si_signo=SIGURG, si_code=SI_TKILL, si_pid=2619425, si_uid=1000} ---
2619451 --- SIGURG {si_signo=SIGURG, si_code=SI_TKILL, si_pid=2619425, si_uid=1000} ---
2619437 --- SIGURG {si_signo=SIGURG, si_code=SI_TKILL, si_pid=2619425, si_uid=1000} ---
2619432 --- SIGURG {si_signo=SIGURG, si_code=SI_TKILL, si_pid=2619425, si_uid=1000} ---
2619448 --- SIGURG {si_signo=SIGURG, si_code=SI_TKILL, si_pid=2619425, si_uid=1000} ---
2619429 --- SIGURG {si_signo=SIGURG, si_code=SI_TKILL, si_pid=2619425, si_uid=1000} ---
2619453 --- SIGURG {si_signo=SIGURG, si_code=SI_TKILL, si_pid=2619425, si_uid=1000} ---
2619451 --- SIGURG {si_signo=SIGURG, si_code=SI_TKILL, si_pid=2619425, si_uid=1000} ---
2619450 --- SIGURG {si_signo=SIGURG, si_code=SI_TKILL, si_pid=2619425, si_uid=1000} ---
2619437 --- SIGURG {si_signo=SIGURG, si_code=SI_TKILL, si_pid=2619425, si_uid=1000} ---
2619428 --- SIGURG {si_signo=SIGURG, si_code=SI_TKILL, si_pid=2619425, si_uid=1000} ---
2619432 --- SIGURG {si_signo=SIGURG, si_code=SI_TKILL, si_pid=2619425, si_uid=1000} ---
2619446 --- SIGURG {si_signo=SIGURG, si_code=SI_TKILL, si_pid=2619425, si_uid=1000} ---
2619433 --- SIGURG {si_signo=SIGURG, si_code=SI_TKILL, si_pid=2619425, si_uid=1000} ---
2619453 --- SIGURG {si_signo=SIGURG, si_code=SI_TKILL, si_pid=2619425, si_uid=1000} ---
2619429 --- SIGURG {si_signo=SIGURG, si_code=SI_TKILL, si_pid=2619425, si_uid=1000} ---
2619437 --- SIGURG {si_signo=SIGURG, si_code=SI_TKILL, si_pid=2619425, si_uid=1000} ---
2619450 --- SIGURG {si_signo=SIGURG, si_code=SI_TKILL, si_pid=2619425, si_uid=1000} ---
2619432 --- SIGURG {si_signo=SIGURG, si_code=SI_TKILL, si_pid=2619425, si_uid=1000} ---
2619429 --- SIGURG {si_signo=SIGURG, si_code=SI_TKILL, si_pid=2619425, si_uid=1000} ---
2619450 --- SIGURG {si_signo=SIGURG, si_code=SI_TKILL, si_pid=2619425, si_uid=1000} ---
2619450 --- SIGURG {si_signo=SIGURG, si_code=SI_TKILL, si_pid=2619425, si_uid=1000} ---
2619429 --- SIGURG {si_signo=SIGURG, si_code=SI_TKILL, si_pid=2619425, si_uid=1000} ---
2619429 --- SIGURG {si_signo=SIGURG, si_code=SI_TKILL, si_pid=2619425, si_uid=1000} ---
2619450 --- SIGURG {si_signo=SIGURG, si_code=SI_TKILL, si_pid=2619425, si_uid=1000} ---
2619448 --- SIGURG {si_signo=SIGURG, si_code=SI_TKILL, si_pid=2619425, si_uid=1000} ---
2619453 --- SIGURG {si_signo=SIGURG, si_code=SI_TKILL, si_pid=2619425, si_uid=1000} ---
2619448 --- SIGURG {si_signo=SIGURG, si_code=SI_TKILL, si_pid=2619425, si_uid=1000} ---
2619448 --- SIGURG {si_signo=SIGURG, si_code=SI_TKILL, si_pid=2619425, si_uid=1000} ---
2619442 --- SIGURG {si_signo=SIGURG, si_code=SI_TKILL, si_pid=2619425, si_uid=1000} ---
2619439 --- SIGURG {si_signo=SIGURG, si_code=SI_TKILL, si_pid=2619425, si_uid=1000} ---
2619437 --- SIGURG {si_signo=SIGURG, si_code=SI_TKILL, si_pid=2619425, si_uid=1000} ---
2619432 --- SIGURG {si_signo=SIGURG, si_code=SI_TKILL, si_pid=2619425, si_uid=1000} ---
2619450 --- SIGURG {si_signo=SIGURG, si_code=SI_TKILL, si_pid=2619425, si_uid=1000} ---
2619428 --- SIGURG {si_signo=SIGURG, si_code=SI_TKILL, si_pid=2619425, si_uid=1000} ---
2619446 --- SIGURG {si_signo=SIGURG, si_code=SI_TKILL, si_pid=2619425, si_uid=1000} ---
2619451 --- SIGURG {si_signo=SIGURG, si_code=SI_TKILL, si_pid=2619425, si_uid=1000} ---
2619450 --- SIGURG {si_signo=SIGURG, si_code=SI_TKILL, si_pid=2619425, si_uid=1000} ---
2619451 --- SIGURG {si_signo=SIGURG, si_code=SI_TKILL, si_pid=2619425, si_uid=1000} ---
2619432 --- SIGURG {si_signo=SIGURG, si_code=SI_TKILL, si_pid=2619425, si_uid=1000} ---
2619453 --- SIGURG {si_signo=SIGURG, si_code=SI_TKILL, si_pid=2619425, si_uid=1000} ---
2619450 --- SIGURG {si_signo=SIGURG, si_code=SI_TKILL, si_pid=2619425, si_uid=1000} ---
2619429 --- SIGURG {si_signo=SIGURG, si_code=SI_TKILL, si_pid=2619425, si_uid=1000} ---
2619448 --- SIGURG {si_signo=SIGURG, si_code=SI_TKILL, si_pid=2619425, si_uid=1000} ---
2619433 --- SIGURG {si_signo=SIGURG, si_code=SI_TKILL, si_pid=2619425, si_uid=1000} ---
2619439 --- SIGURG {si_signo=SIGURG, si_code=SI_TKILL, si_pid=2619425, si_uid=1000} ---
2619434 --- SIGURG {si_signo=SIGURG, si_code=SI_TKILL, si_pid=2619425, si_uid=1000} ---
2619442 --- SIGURG {si_signo=SIGURG, si_code=SI_TKILL, si_pid=2619425, si_uid=1000} ---
2619427 --- SIGURG {si_signo=SIGURG, si_code=SI_TKILL, si_pid=2619425, si_uid=1000} ---
2619454 --- SIGURG {si_signo=SIGURG, si_code=SI_TKILL, si_pid=2619425, si_uid=1000} ---
2619440 --- SIGURG {si_signo=SIGURG, si_code=SI_TKILL, si_pid=2619425, si_uid=1000} ---
2619452 --- SIGURG {si_signo=SIGURG, si_code=SI_TKILL, si_pid=2619425, si_uid=1000} ---
2619456 --- SIGURG {si_signo=SIGURG, si_code=SI_TKILL, si_pid=2619425, si_uid=1000} ---
2619455 --- SIGURG {si_signo=SIGURG, si_code=SI_TKILL, si_pid=2619425, si_uid=1000} ---
2619449 --- SIGURG {si_signo=SIGURG, si_code=SI_TKILL, si_pid=2619425, si_uid=1000} ---
2619436 --- SIGURG {si_signo=SIGURG, si_code=SI_TKILL, si_pid=2619425, si_uid=1000} ---
2619425 --- SIGURG {si_signo=SIGURG, si_code=SI_TKILL, si_pid=2619425, si_uid=1000} ---
2619437 --- SIGURG {si_signo=SIGURG, si_code=SI_TKILL, si_pid=2619425, si_uid=1000} ---
2619446 --- SIGURG {si_signo=SIGURG, si_code=SI_TKILL, si_pid=2619425, si_uid=1000} ---
2619428 --- SIGURG {si_signo=SIGURG, si_code=SI_TKILL, si_pid=2619425, si_uid=1000} ---
2619453 --- SIGURG {si_signo=SIGURG, si_code=SI_TKILL, si_pid=2619425, si_uid=1000} ---
2619450 --- SIGURG {si_signo=SIGURG, si_code=SI_TKILL, si_pid=2619425, si_uid=1000} ---
2619433 --- SIGURG {si_signo=SIGURG, si_code=SI_TKILL, si_pid=2619425, si_uid=1000} ---
2619439 --- SIGURG {si_signo=SIGURG, si_code=SI_TKILL, si_pid=2619425, si_uid=1000} ---
2619442 --- SIGURG {si_signo=SIGURG, si_code=SI_TKILL, si_pid=2619425, si_uid=1000} ---
2619454 --- SIGURG {si_signo=SIGURG, si_code=SI_TKILL, si_pid=2619425, si_uid=1000} ---
2619452 --- SIGURG {si_signo=SIGURG, si_code=SI_TKILL, si_pid=2619425, si_uid=1000} ---
2619456 --- SIGURG {si_signo=SIGURG, si_code=SI_TKILL, si_pid=2619425, si_uid=1000} ---
2619455 --- SIGURG {si_signo=SIGURG, si_code=SI_TKILL, si_pid=2619425, si_uid=1000} ---
2619460 --- SIGURG {si_signo=SIGURG, si_code=SI_TKILL, si_pid=2619425, si_uid=1000} ---
2619437 --- SIGURG {si_signo=SIGURG, si_code=SI_TKILL, si_pid=2619425, si_uid=1000} ---
2619453 --- SIGURG {si_signo=SIGURG, si_code=SI_TKILL, si_pid=2619425, si_uid=1000} ---
2619450 --- SIGURG {si_signo=SIGURG, si_code=SI_TKILL, si_pid=2619425, si_uid=1000} ---
2619439 --- SIGURG {si_signo=SIGURG, si_code=SI_TKILL, si_pid=2619425, si_uid=1000} ---
2619434 --- SIGURG {si_signo=SIGURG, si_code=SI_TKILL, si_pid=2619425, si_uid=1000} ---
2619442 --- SIGURG {si_signo=SIGURG, si_code=SI_TKILL, si_pid=2619425, si_uid=1000} ---
2619458 execve("/data/source/.nanhai-plus-opaleye-native/source-view/prebuilts/go/linux-x86/pkg/tool/linux_amd64/compile", ["/data/source/.nanhai-plus-opaley"..., "-V=full"], 0xc000e0e000 /* 57 vars */ <unfinished ...>
2619454 --- SIGURG {si_signo=SIGURG, si_code=SI_TKILL, si_pid=2619425, si_uid=1000} ---
2619458 <... execve resumed>)           = 0
2619452 --- SIGURG {si_signo=SIGURG, si_code=SI_TKILL, si_pid=2619425, si_uid=1000} ---
2619440 --- SIGURG {si_signo=SIGURG, si_code=SI_TKILL, si_pid=2619425, si_uid=1000} ---
2619455 --- SIGURG {si_signo=SIGURG, si_code=SI_TKILL, si_pid=2619425, si_uid=1000} ---
2619459 execve("/data/source/.nanhai-plus-opaleye-native/source-view/prebuilts/go/linux-x86/pkg/tool/linux_amd64/compile", ["/data/source/.nanhai-plus-opaley"..., "-V=full"], 0xc000b98000 /* 57 vars */ <unfinished ...>
2619461 execve("/data/source/.nanhai-plus-opaleye-native/source-view/prebuilts/go/linux-x86/pkg/tool/linux_amd64/compile", ["/data/source/.nanhai-plus-opaley"..., "-V=full"], 0xc0006ba000 /* 57 vars */ <unfinished ...>
2619449 --- SIGURG {si_signo=SIGURG, si_code=SI_TKILL, si_pid=2619425, si_uid=1000} ---
2619459 <... execve resumed>)           = 0
2619461 <... execve resumed>)           = 0
2619436 --- SIGURG {si_signo=SIGURG, si_code=SI_TKILL, si_pid=2619425, si_uid=1000} ---
2619425 --- SIGURG {si_signo=SIGURG, si_code=SI_TKILL, si_pid=2619425, si_uid=1000} ---
2619448 --- SIGURG {si_signo=SIGURG, si_code=SI_TKILL, si_pid=2619425, si_uid=1000} ---
2619462 execve("/data/source/.nanhai-plus-opaleye-native/source-view/prebuilts/go/linux-x86/pkg/tool/linux_amd64/compile", ["/data/source/.nanhai-plus-opaley"..., "-V=full"], 0xc000742000 /* 57 vars */) = 0
2619433 --- SIGURG {si_signo=SIGURG, si_code=SI_TKILL, si_pid=2619425, si_uid=1000} ---
2619463 execve("/data/source/.nanhai-plus-opaleye-native/source-view/prebuilts/go/linux-x86/pkg/tool/linux_amd64/compile", ["/data/source/.nanhai-plus-opaley"..., "-V=full"], 0xc00044c000 /* 57 vars */ <unfinished ...>
2619464 execve("/data/source/.nanhai-plus-opaleye-native/source-view/prebuilts/go/linux-x86/pkg/tool/linux_amd64/compile", ["/data/source/.nanhai-plus-opaley"..., "-V=full"], 0xc000d16000 /* 57 vars */ <unfinished ...>
2619465 execve("/data/source/.nanhai-plus-opaleye-native/source-view/prebuilts/go/linux-x86/pkg/tool/linux_amd64/compile", ["/data/source/.nanhai-plus-opaley"..., "-V=full"], 0xc00086c000 /* 57 vars */ <unfinished ...>
2619463 <... execve resumed>)           = 0
2619464 <... execve resumed>)           = 0
2619466 execve("/data/source/.nanhai-plus-opaleye-native/source-view/prebuilts/go/linux-x86/pkg/tool/linux_amd64/compile", ["/data/source/.nanhai-plus-opaley"..., "-V=full"], 0xc000f08000 /* 57 vars */ <unfinished ...>
2619465 <... execve resumed>)           = 0
2619453 --- SIGURG {si_signo=SIGURG, si_code=SI_TKILL, si_pid=2619425, si_uid=1000} ---
2619428 --- SIGURG {si_signo=SIGURG, si_code=SI_TKILL, si_pid=2619425, si_uid=1000} ---
2619427 --- SIGURG {si_signo=SIGURG, si_code=SI_TKILL, si_pid=2619425, si_uid=1000} ---
2619456 --- SIGURG {si_signo=SIGURG, si_code=SI_TKILL, si_pid=2619425, si_uid=1000} ---
2619466 <... execve resumed>)           = 0
2619450 --- SIGURG {si_signo=SIGURG, si_code=SI_TKILL, si_pid=2619425, si_uid=1000} ---
2619429 --- SIGURG {si_signo=SIGURG, si_code=SI_TKILL, si_pid=2619425, si_uid=1000} ---
2619439 --- SIGURG {si_signo=SIGURG, si_code=SI_TKILL, si_pid=2619425, si_uid=1000} ---
2619467 execve("/data/source/.nanhai-plus-opaleye-native/source-view/prebuilts/go/linux-x86/pkg/tool/linux_amd64/compile", ["/data/source/.nanhai-plus-opaley"..., "-V=full"], 0xc0004e0000 /* 57 vars */ <unfinished ...>
2619468 execve("/data/source/.nanhai-plus-opaleye-native/source-view/prebuilts/go/linux-x86/pkg/tool/linux_amd64/compile", ["/data/source/.nanhai-plus-opaley"..., "-V=full"], 0xc0007be000 /* 57 vars */ <unfinished ...>
2619434 --- SIGURG {si_signo=SIGURG, si_code=SI_TKILL, si_pid=2619425, si_uid=1000} ---
2619469 execve("/data/source/.nanhai-plus-opaleye-native/source-view/prebuilts/go/linux-x86/pkg/tool/linux_amd64/compile", ["/data/source/.nanhai-plus-opaley"..., "-V=full"], 0xc000eae000 /* 57 vars */ <unfinished ...>
2619470 execve("/data/source/.nanhai-plus-opaleye-native/source-view/prebuilts/go/linux-x86/pkg/tool/linux_amd64/compile", ["/data/source/.nanhai-plus-opaley"..., "-V=full"], 0xc000da6000 /* 57 vars */ <unfinished ...>
2619467 <... execve resumed>)           = 0
2619468 <... execve resumed>)           = 0
2619432 --- SIGURG {si_signo=SIGURG, si_code=SI_TKILL, si_pid=2619425, si_uid=1000} ---
2619469 <... execve resumed>)           = 0
2619470 <... execve resumed>)           = 0
2619454 --- SIGURG {si_signo=SIGURG, si_code=SI_TKILL, si_pid=2619425, si_uid=1000} ---
2619446 --- SIGURG {si_signo=SIGURG, si_code=SI_TKILL, si_pid=2619425, si_uid=1000} ---
2619444 --- SIGURG {si_signo=SIGURG, si_code=SI_TKILL, si_pid=2619425, si_uid=1000} ---
2619435 --- SIGURG {si_signo=SIGURG, si_code=SI_TKILL, si_pid=2619425, si_uid=1000} ---
2619455 --- SIGURG {si_signo=SIGURG, si_code=SI_TKILL, si_pid=2619425, si_uid=1000} ---
2619438 --- SIGURG {si_signo=SIGURG, si_code=SI_TKILL, si_pid=2619425, si_uid=1000} ---
2619449 --- SIGURG {si_signo=SIGURG, si_code=SI_TKILL, si_pid=2619425, si_uid=1000} ---
2619450 --- SIGURG {si_signo=SIGURG, si_code=SI_TKILL, si_pid=2619425, si_uid=1000} ---
2619471 execve("/data/source/.nanhai-plus-opaleye-native/source-view/prebuilts/go/linux-x86/pkg/tool/linux_amd64/compile", ["/data/source/.nanhai-plus-opaley"..., "-V=full"], 0xc000444780 /* 57 vars */) = 0
2619437 --- SIGURG {si_signo=SIGURG, si_code=SI_TKILL, si_pid=2619425, si_uid=1000} ---
2619473 execve("/data/source/.nanhai-plus-opaleye-native/source-view/prebuilts/go/linux-x86/pkg/tool/linux_amd64/compile", ["/data/source/.nanhai-plus-opaley"..., "-V=full"], 0xc00109c000 /* 57 vars */ <unfinished ...>
2619437 --- SIGURG {si_signo=SIGURG, si_code=SI_TKILL, si_pid=2619425, si_uid=1000} ---
2619473 <... execve resumed>)           = 0
2619442 --- SIGURG {si_signo=SIGURG, si_code=SI_TKILL, si_pid=2619425, si_uid=1000} ---
2619474 execve("/data/source/.nanhai-plus-opaleye-native/source-view/prebuilts/go/linux-x86/pkg/tool/linux_amd64/compile", ["/data/source/.nanhai-plus-opaley"..., "-V=full"], 0xc000926000 /* 57 vars */ <unfinished ...>
2619442 --- SIGURG {si_signo=SIGURG, si_code=SI_TKILL, si_pid=2619425, si_uid=1000} ---
2619474 <... execve resumed>)           = 0
2619475 execve("/data/source/.nanhai-plus-opaleye-native/source-view/prebuilts/go/linux-x86/pkg/tool/linux_amd64/compile", ["/data/source/.nanhai-plus-opaley"..., "-V=full"], 0xc000c0c000 /* 57 vars */ <unfinished ...>
2619452 --- SIGURG {si_signo=SIGURG, si_code=SI_TKILL, si_pid=2619425, si_uid=1000} ---
2619475 <... execve resumed>)           = 0
2619434 --- SIGURG {si_signo=SIGURG, si_code=SI_TKILL, si_pid=2619425, si_uid=1000} ---
2619434 --- SIGURG {si_signo=SIGURG, si_code=SI_TKILL, si_pid=2619425, si_uid=1000} ---
2619476 execve("/data/source/.nanhai-plus-opaleye-native/source-view/prebuilts/go/linux-x86/pkg/tool/linux_amd64/compile", ["/data/source/.nanhai-plus-opaley"..., "-V=full"], 0xc0005be000 /* 57 vars */) = 0
2619477 execve("/data/source/.nanhai-plus-opaleye-native/source-view/prebuilts/go/linux-x86/pkg/tool/linux_amd64/compile", ["/data/source/.nanhai-plus-opaley"..., "-V=full"], 0xc000b30000 /* 57 vars */) = 0
2619478 execve("/data/source/.nanhai-plus-opaleye-native/source-view/prebuilts/go/linux-x86/pkg/tool/linux_amd64/compile", ["/data/source/.nanhai-plus-opaley"..., "-V=full"], 0xc0007be1e0 /* 57 vars */ <unfinished ...>
2619479 execve("/data/source/.nanhai-plus-opaleye-native/source-view/prebuilts/go/linux-x86/pkg/tool/linux_amd64/compile", ["/data/source/.nanhai-plus-opaley"..., "-V=full"], 0xc000444960 /* 57 vars */ <unfinished ...>
2619478 <... execve resumed>)           = 0
2619481 execve("/data/source/.nanhai-plus-opaleye-native/source-view/prebuilts/go/linux-x86/pkg/tool/linux_amd64/compile", ["/data/source/.nanhai-plus-opaley"..., "-V=full"], 0xc0004e01e0 /* 57 vars */ <unfinished ...>
2619480 execve("/data/source/.nanhai-plus-opaleye-native/source-view/prebuilts/go/linux-x86/pkg/tool/linux_amd64/compile", ["/data/source/.nanhai-plus-opaley"..., "-V=full"], 0xc00044c1e0 /* 57 vars */ <unfinished ...>
2619479 <... execve resumed>)           = 0
2619481 <... execve resumed>)           = 0
2619482 execve("/data/source/.nanhai-plus-opaleye-native/source-view/prebuilts/go/linux-x86/pkg/tool/linux_amd64/compile", ["/data/source/.nanhai-plus-opaley"..., "-V=full"], 0xc0005be1e0 /* 57 vars */ <unfinished ...>
2619480 <... execve resumed>)           = 0
2619482 <... execve resumed>)           = 0
2619483 execve("/data/source/.nanhai-plus-opaleye-native/source-view/prebuilts/go/linux-x86/pkg/tool/linux_amd64/compile", ["/data/source/.nanhai-plus-opaley"..., "-V=full"], 0xc000f081e0 /* 57 vars */) = 0
2619439 --- SIGURG {si_signo=SIGURG, si_code=SI_TKILL, si_pid=2619425, si_uid=1000} ---
2619452 --- SIGURG {si_signo=SIGURG, si_code=SI_TKILL, si_pid=2619425, si_uid=1000} ---
2619458 --- SIGURG {si_signo=SIGURG, si_code=SI_TKILL, si_pid=2619458, si_uid=1000} ---
2619491 execve("/data/source/.nanhai-plus-opaleye-native/source-view/prebuilts/go/linux-x86/pkg/tool/linux_amd64/compile", ["/data/source/.nanhai-plus-opaley"..., "-V=full"], 0xc0006ba1e0 /* 57 vars */) = 0
2619455 --- SIGCHLD {si_signo=SIGCHLD, si_code=CLD_EXITED, si_pid=2619458, si_uid=1000, si_status=0, si_utime=0, si_stime=0} ---
2619484 --- SIGCHLD {si_signo=SIGCHLD, si_code=CLD_EXITED, si_pid=2619461, si_uid=1000, si_status=0, si_utime=0, si_stime=0} ---
2619537 --- SIGCHLD {si_signo=SIGCHLD, si_code=CLD_EXITED, si_pid=2619459, si_uid=1000, si_status=0, si_utime=0, si_stime=0} ---
2619455 --- SIGURG {si_signo=SIGURG, si_code=SI_TKILL, si_pid=2619425, si_uid=1000} ---
2619452 --- SIGCHLD {si_signo=SIGCHLD, si_code=CLD_EXITED, si_pid=2619462, si_uid=1000, si_status=0, si_utime=0, si_stime=0} ---
2619442 --- SIGURG {si_signo=SIGURG, si_code=SI_TKILL, si_pid=2619425, si_uid=1000} ---
2619537 --- SIGCHLD {si_signo=SIGCHLD, si_code=CLD_EXITED, si_pid=2619463, si_uid=1000, si_status=0, si_utime=0, si_stime=0} ---
2619537 --- SIGURG {si_signo=SIGURG, si_code=SI_TKILL, si_pid=2619425, si_uid=1000} ---
2619429 --- SIGCHLD {si_signo=SIGCHLD, si_code=CLD_EXITED, si_pid=2619466, si_uid=1000, si_status=0, si_utime=0, si_stime=0} ---
2619467 --- SIGURG {si_signo=SIGURG, si_code=SI_TKILL, si_pid=2619467, si_uid=1000} ---
2619432 --- SIGCHLD {si_signo=SIGCHLD, si_code=CLD_EXITED, si_pid=2619467, si_uid=1000, si_status=0, si_utime=0, si_stime=0} ---
2619446 --- SIGCHLD {si_signo=SIGCHLD, si_code=CLD_EXITED, si_pid=2619468, si_uid=1000, si_status=0, si_utime=0, si_stime=0} ---
2619444 --- SIGURG {si_signo=SIGURG, si_code=SI_TKILL, si_pid=2619425, si_uid=1000} ---
2619455 --- SIGURG {si_signo=SIGURG, si_code=SI_TKILL, si_pid=2619425, si_uid=1000} ---
2619460 --- SIGCHLD {si_signo=SIGCHLD, si_code=CLD_EXITED, si_pid=2619469, si_uid=1000, si_status=0, si_utime=0, si_stime=0} ---
2619428 --- SIGURG {si_signo=SIGURG, si_code=SI_TKILL, si_pid=2619425, si_uid=1000} ---
2619427 --- SIGURG {si_signo=SIGURG, si_code=SI_TKILL, si_pid=2619425, si_uid=1000} ---
2619451 --- SIGURG {si_signo=SIGURG, si_code=SI_TKILL, si_pid=2619425, si_uid=1000} ---
2619440 --- SIGURG {si_signo=SIGURG, si_code=SI_TKILL, si_pid=2619425, si_uid=1000} ---
2619455 --- SIGURG {si_signo=SIGURG, si_code=SI_TKILL, si_pid=2619425, si_uid=1000} ---
2619428 --- SIGURG {si_signo=SIGURG, si_code=SI_TKILL, si_pid=2619425, si_uid=1000} ---
2619427 --- SIGURG {si_signo=SIGURG, si_code=SI_TKILL, si_pid=2619425, si_uid=1000} ---
2619442 --- SIGURG {si_signo=SIGURG, si_code=SI_TKILL, si_pid=2619425, si_uid=1000} ---
2619455 --- SIGURG {si_signo=SIGURG, si_code=SI_TKILL, si_pid=2619425, si_uid=1000} ---
2619427 --- SIGURG {si_signo=SIGURG, si_code=SI_TKILL, si_pid=2619425, si_uid=1000} ---
2619454 --- SIGURG {si_signo=SIGURG, si_code=SI_TKILL, si_pid=2619425, si_uid=1000} ---
2619436 --- SIGURG {si_signo=SIGURG, si_code=SI_TKILL, si_pid=2619425, si_uid=1000} ---
2619537 --- SIGURG {si_signo=SIGURG, si_code=SI_TKILL, si_pid=2619425, si_uid=1000} ---
2619444 --- SIGURG {si_signo=SIGURG, si_code=SI_TKILL, si_pid=2619425, si_uid=1000} ---
2619440 --- SIGURG {si_signo=SIGURG, si_code=SI_TKILL, si_pid=2619425, si_uid=1000} ---
2619425 --- SIGURG {si_signo=SIGURG, si_code=SI_TKILL, si_pid=2619425, si_uid=1000} ---
2619442 --- SIGURG {si_signo=SIGURG, si_code=SI_TKILL, si_pid=2619425, si_uid=1000} ---
2619435 --- SIGURG {si_signo=SIGURG, si_code=SI_TKILL, si_pid=2619425, si_uid=1000} ---
2619454 --- SIGURG {si_signo=SIGURG, si_code=SI_TKILL, si_pid=2619425, si_uid=1000} ---
2619427 --- SIGURG {si_signo=SIGURG, si_code=SI_TKILL, si_pid=2619425, si_uid=1000} ---
2619436 --- SIGURG {si_signo=SIGURG, si_code=SI_TKILL, si_pid=2619425, si_uid=1000} ---
2619425 --- SIGURG {si_signo=SIGURG, si_code=SI_TKILL, si_pid=2619425, si_uid=1000} ---
2619439 --- SIGURG {si_signo=SIGURG, si_code=SI_TKILL, si_pid=2619425, si_uid=1000} ---
2619484 --- SIGURG {si_signo=SIGURG, si_code=SI_TKILL, si_pid=2619425, si_uid=1000} ---
2619536 --- SIGURG {si_signo=SIGURG, si_code=SI_TKILL, si_pid=2619425, si_uid=1000} ---
2619448 --- SIGURG {si_signo=SIGURG, si_code=SI_TKILL, si_pid=2619425, si_uid=1000} ---
2619537 --- SIGURG {si_signo=SIGURG, si_code=SI_TKILL, si_pid=2619425, si_uid=1000} ---
2619485 --- SIGURG {si_signo=SIGURG, si_code=SI_TKILL, si_pid=2619425, si_uid=1000} ---
2619440 --- SIGURG {si_signo=SIGURG, si_code=SI_TKILL, si_pid=2619425, si_uid=1000} ---
2619451 --- SIGURG {si_signo=SIGURG, si_code=SI_TKILL, si_pid=2619425, si_uid=1000} ---
2619444 --- SIGURG {si_signo=SIGURG, si_code=SI_TKILL, si_pid=2619425, si_uid=1000} ---
2619460 --- SIGURG {si_signo=SIGURG, si_code=SI_TKILL, si_pid=2619425, si_uid=1000} ---
2619536 --- SIGURG {si_signo=SIGURG, si_code=SI_TKILL, si_pid=2619425, si_uid=1000} ---
2619425 --- SIGURG {si_signo=SIGURG, si_code=SI_TKILL, si_pid=2619425, si_uid=1000} ---
2619428 --- SIGURG {si_signo=SIGURG, si_code=SI_TKILL, si_pid=2619425, si_uid=1000} ---
2619460 --- SIGURG {si_signo=SIGURG, si_code=SI_TKILL, si_pid=2619425, si_uid=1000} ---
2619448 --- SIGURG {si_signo=SIGURG, si_code=SI_TKILL, si_pid=2619425, si_uid=1000} ---
2619437 --- SIGCHLD {si_signo=SIGCHLD, si_code=CLD_EXITED, si_pid=2619471, si_uid=1000, si_status=0, si_utime=0, si_stime=0} ---
2619486 --- SIGURG {si_signo=SIGURG, si_code=SI_TKILL, si_pid=2619425, si_uid=1000} ---
2619536 --- SIGCHLD {si_signo=SIGCHLD, si_code=CLD_EXITED, si_pid=2619473, si_uid=1000, si_status=0, si_utime=0, si_stime=0} ---
2619444 --- SIGURG {si_signo=SIGURG, si_code=SI_TKILL, si_pid=2619425, si_uid=1000} ---
2619428 --- SIGURG {si_signo=SIGURG, si_code=SI_TKILL, si_pid=2619425, si_uid=1000} ---
2619536 --- SIGCHLD {si_signo=SIGCHLD, si_code=CLD_EXITED, si_pid=2619474, si_uid=1000, si_status=0, si_utime=0, si_stime=0} ---
2619486 --- SIGCHLD {si_signo=SIGCHLD, si_code=CLD_EXITED, si_pid=2619475, si_uid=1000, si_status=0, si_utime=0, si_stime=0} ---
2619486 --- SIGURG {si_signo=SIGURG, si_code=SI_TKILL, si_pid=2619425, si_uid=1000} ---
2619440 --- SIGURG {si_signo=SIGURG, si_code=SI_TKILL, si_pid=2619425, si_uid=1000} ---
2619448 --- SIGURG {si_signo=SIGURG, si_code=SI_TKILL, si_pid=2619425, si_uid=1000} ---
2619432 --- SIGURG {si_signo=SIGURG, si_code=SI_TKILL, si_pid=2619425, si_uid=1000} ---
2619432 --- SIGURG {si_signo=SIGURG, si_code=SI_TKILL, si_pid=2619425, si_uid=1000} ---
2619432 --- SIGURG {si_signo=SIGURG, si_code=SI_TKILL, si_pid=2619425, si_uid=1000} ---
2619558 execve("/data/source/.nanhai-plus-opaleye-native/source-view/prebuilts/go/linux-x86/pkg/tool/linux_amd64/asm", ["/data/source/.nanhai-plus-opaley"..., "-V=full"], 0xc0004e03c0 /* 57 vars */ <unfinished ...>
2619557 execve("/data/source/.nanhai-plus-opaleye-native/source-view/prebuilts/go/linux-x86/pkg/tool/linux_amd64/asm", ["/data/source/.nanhai-plus-opaley"..., "-V=full"], 0xc0007421e0 /* 57 vars */ <unfinished ...>
2619460 --- SIGURG {si_signo=SIGURG, si_code=SI_TKILL, si_pid=2619425, si_uid=1000} ---
2619558 <... execve resumed>)           = 0
2619557 <... execve resumed>)           = 0
2619456 --- SIGURG {si_signo=SIGURG, si_code=SI_TKILL, si_pid=2619425, si_uid=1000} ---
2619439 --- SIGURG {si_signo=SIGURG, si_code=SI_TKILL, si_pid=2619425, si_uid=1000} ---
2619432 --- SIGURG {si_signo=SIGURG, si_code=SI_TKILL, si_pid=2619425, si_uid=1000} ---
2619439 --- SIGURG {si_signo=SIGURG, si_code=SI_TKILL, si_pid=2619425, si_uid=1000} ---
2619559 execve("/data/source/.nanhai-plus-opaleye-native/source-view/prebuilts/go/linux-x86/pkg/tool/linux_amd64/asm", ["/data/source/.nanhai-plus-opaley"..., "-V=full"], 0xc000444b40 /* 57 vars */) = 0
2619442 --- SIGURG {si_signo=SIGURG, si_code=SI_TKILL, si_pid=2619425, si_uid=1000} ---
2619563 execve("/data/source/.nanhai-plus-opaleye-native/source-view/prebuilts/go/linux-x86/pkg/tool/linux_amd64/asm", ["/data/source/.nanhai-plus-opaley"..., "-V=full"], 0xc000f083c0 /* 57 vars */ <unfinished ...>
2619434 --- SIGCHLD {si_signo=SIGCHLD, si_code=CLD_EXITED, si_pid=2619476, si_uid=1000, si_status=0, si_utime=0, si_stime=0} ---
2619563 <... execve resumed>)           = 0
2619536 --- SIGURG {si_signo=SIGURG, si_code=SI_TKILL, si_pid=2619425, si_uid=1000} ---
2619438 --- SIGCHLD {si_signo=SIGCHLD, si_code=CLD_EXITED, si_pid=2619477, si_uid=1000, si_status=0, si_utime=0, si_stime=0} ---
2619432 --- SIGURG {si_signo=SIGURG, si_code=SI_TKILL, si_pid=2619425, si_uid=1000} ---
2619536 --- SIGCHLD {si_signo=SIGCHLD, si_code=CLD_EXITED, si_pid=2619481, si_uid=1000, si_status=0, si_utime=0, si_stime=0} ---
2619432 --- SIGURG {si_signo=SIGURG, si_code=SI_TKILL, si_pid=2619425, si_uid=1000} ---
2619452 --- SIGCHLD {si_signo=SIGCHLD, si_code=CLD_EXITED, si_pid=2619480, si_uid=1000, si_status=0, si_utime=0, si_stime=0} ---
2619432 --- SIGURG {si_signo=SIGURG, si_code=SI_TKILL, si_pid=2619425, si_uid=1000} ---
2619444 --- SIGCHLD {si_signo=SIGCHLD, si_code=CLD_EXITED, si_pid=2619482, si_uid=1000, si_status=0, si_utime=0, si_stime=0} ---
2619432 --- SIGURG {si_signo=SIGURG, si_code=SI_TKILL, si_pid=2619425, si_uid=1000} ---
2619453 --- SIGCHLD {si_signo=SIGCHLD, si_code=CLD_EXITED, si_pid=2619491, si_uid=1000, si_status=0, si_utime=0, si_stime=0} ---
2619597 execve("/data/source/.nanhai-plus-opaleye-native/source-view/prebuilts/go/linux-x86/pkg/tool/linux_amd64/asm", ["/data/source/.nanhai-plus-opaley"..., "-V=full"], 0xc000444780 /* 57 vars */) = 0
2619449 --- SIGURG {si_signo=SIGURG, si_code=SI_TKILL, si_pid=2619425, si_uid=1000} ---
2619429 --- SIGURG {si_signo=SIGURG, si_code=SI_TKILL, si_pid=2619425, si_uid=1000} ---
2619433 --- SIGURG {si_signo=SIGURG, si_code=SI_TKILL, si_pid=2619425, si_uid=1000} ---
2619429 --- SIGURG {si_signo=SIGURG, si_code=SI_TKILL, si_pid=2619425, si_uid=1000} ---
2619456 --- SIGURG {si_signo=SIGURG, si_code=SI_TKILL, si_pid=2619425, si_uid=1000} ---
2619433 --- SIGURG {si_signo=SIGURG, si_code=SI_TKILL, si_pid=2619425, si_uid=1000} ---
2619537 --- SIGURG {si_signo=SIGURG, si_code=SI_TKILL, si_pid=2619425, si_uid=1000} ---
2619451 --- SIGURG {si_signo=SIGURG, si_code=SI_TKILL, si_pid=2619425, si_uid=1000} ---
2619429 --- SIGURG {si_signo=SIGURG, si_code=SI_TKILL, si_pid=2619425, si_uid=1000} ---
2619456 --- SIGURG {si_signo=SIGURG, si_code=SI_TKILL, si_pid=2619425, si_uid=1000} ---
2619537 --- SIGURG {si_signo=SIGURG, si_code=SI_TKILL, si_pid=2619425, si_uid=1000} ---
2619444 --- SIGURG {si_signo=SIGURG, si_code=SI_TKILL, si_pid=2619425, si_uid=1000} ---
2619456 --- SIGURG {si_signo=SIGURG, si_code=SI_TKILL, si_pid=2619425, si_uid=1000} ---
2619449 --- SIGURG {si_signo=SIGURG, si_code=SI_TKILL, si_pid=2619425, si_uid=1000} ---
2619486 --- SIGURG {si_signo=SIGURG, si_code=SI_TKILL, si_pid=2619425, si_uid=1000} ---
2619439 --- SIGURG {si_signo=SIGURG, si_code=SI_TKILL, si_pid=2619425, si_uid=1000} ---
2619432 --- SIGURG {si_signo=SIGURG, si_code=SI_TKILL, si_pid=2619425, si_uid=1000} ---
2619472 --- SIGURG {si_signo=SIGURG, si_code=SI_TKILL, si_pid=2619425, si_uid=1000} ---
2619486 --- SIGURG {si_signo=SIGURG, si_code=SI_TKILL, si_pid=2619425, si_uid=1000} ---
2619439 --- SIGURG {si_signo=SIGURG, si_code=SI_TKILL, si_pid=2619425, si_uid=1000} ---
2619432 --- SIGURG {si_signo=SIGURG, si_code=SI_TKILL, si_pid=2619425, si_uid=1000} ---
2619486 --- SIGURG {si_signo=SIGURG, si_code=SI_TKILL, si_pid=2619425, si_uid=1000} ---
2619451 --- SIGCHLD {si_signo=SIGCHLD, si_code=CLD_EXITED, si_pid=2619558, si_uid=1000, si_status=0, si_utime=0, si_stime=0} ---
2619472 --- SIGCHLD {si_signo=SIGCHLD, si_code=CLD_EXITED, si_pid=2619557, si_uid=1000, si_status=0, si_utime=0, si_stime=0} ---
2619449 --- SIGURG {si_signo=SIGURG, si_code=SI_TKILL, si_pid=2619425, si_uid=1000} ---
2619439 --- SIGURG {si_signo=SIGURG, si_code=SI_TKILL, si_pid=2619425, si_uid=1000} ---
2619472 --- SIGCHLD {si_signo=SIGCHLD, si_code=CLD_EXITED, si_pid=2619559, si_uid=1000, si_status=0, si_utime=0, si_stime=0} ---
2619432 --- SIGURG {si_signo=SIGURG, si_code=SI_TKILL, si_pid=2619425, si_uid=1000} ---
2619437 --- SIGCHLD {si_signo=SIGCHLD, si_code=CLD_EXITED, si_pid=2619563, si_uid=1000, si_status=0, si_utime=0, si_stime=0} ---
2619440 --- SIGURG {si_signo=SIGURG, si_code=SI_TKILL, si_pid=2619425, si_uid=1000} ---
2619612 execve("/data/source/.nanhai-plus-opaleye-native/source-view/prebuilts/go/linux-x86/pkg/tool/linux_amd64/asm", ["/data/source/.nanhai-plus-opaley"..., "-V=full"], 0xc0004e0000 /* 57 vars */ <unfinished ...>
2619451 --- SIGURG {si_signo=SIGURG, si_code=SI_TKILL, si_pid=2619425, si_uid=1000} ---
2619612 <... execve resumed>)           = 0
2619434 --- SIGURG {si_signo=SIGURG, si_code=SI_TKILL, si_pid=2619425, si_uid=1000} ---
2619434 --- SIGURG {si_signo=SIGURG, si_code=SI_TKILL, si_pid=2619425, si_uid=1000} ---
2619615 execve("/data/source/.nanhai-plus-opaleye-native/source-view/prebuilts/go/linux-x86/pkg/tool/linux_amd64/asm", ["/data/source/.nanhai-plus-opaley"..., "-V=full"], 0xc000742000 /* 57 vars */ <unfinished ...>
2619616 execve("/data/source/.nanhai-plus-opaleye-native/source-view/prebuilts/go/linux-x86/pkg/tool/linux_amd64/asm", ["/data/source/.nanhai-plus-opaley"..., "-V=full"], 0xc000f08000 /* 57 vars */ <unfinished ...>
2619615 <... execve resumed>)           = 0
2619537 --- SIGURG {si_signo=SIGURG, si_code=SI_TKILL, si_pid=2619425, si_uid=1000} ---
2619616 <... execve resumed>)           = 0
2619444 --- SIGURG {si_signo=SIGURG, si_code=SI_TKILL, si_pid=2619425, si_uid=1000} ---
2619537 --- SIGURG {si_signo=SIGURG, si_code=SI_TKILL, si_pid=2619425, si_uid=1000} ---
2619444 --- SIGURG {si_signo=SIGURG, si_code=SI_TKILL, si_pid=2619425, si_uid=1000} ---
2619472 --- SIGURG {si_signo=SIGURG, si_code=SI_TKILL, si_pid=2619425, si_uid=1000} ---
2619449 --- SIGURG {si_signo=SIGURG, si_code=SI_TKILL, si_pid=2619425, si_uid=1000} ---
2619617 execve("/data/source/.nanhai-plus-opaleye-native/source-view/prebuilts/go/linux-x86/pkg/tool/linux_amd64/asm", ["/data/source/.nanhai-plus-opaley"..., "-V=full"], 0xc000b7e000 /* 57 vars */ <unfinished ...>
2619486 --- SIGURG {si_signo=SIGURG, si_code=SI_TKILL, si_pid=2619425, si_uid=1000} ---
2619617 <... execve resumed>)           = 0
2619486 --- SIGURG {si_signo=SIGURG, si_code=SI_TKILL, si_pid=2619425, si_uid=1000} ---
2619451 --- SIGURG {si_signo=SIGURG, si_code=SI_TKILL, si_pid=2619425, si_uid=1000} ---
2619456 --- SIGURG {si_signo=SIGURG, si_code=SI_TKILL, si_pid=2619425, si_uid=1000} ---
2619456 --- SIGURG {si_signo=SIGURG, si_code=SI_TKILL, si_pid=2619425, si_uid=1000} ---
2619536 --- SIGCHLD {si_signo=SIGCHLD, si_code=CLD_EXITED, si_pid=2619597, si_uid=1000, si_status=0, si_utime=0, si_stime=0} ---
2619426 --- SIGCHLD {si_signo=SIGCHLD, si_code=CLD_EXITED, si_pid=2619612, si_uid=1000, si_status=0, si_utime=0, si_stime=0} ---
2619537 --- SIGCHLD {si_signo=SIGCHLD, si_code=CLD_EXITED, si_pid=2619615, si_uid=1000, si_status=0, si_utime=0, si_stime=0} ---
2619486 --- SIGCHLD {si_signo=SIGCHLD, si_code=CLD_EXITED, si_pid=2619616, si_uid=1000, si_status=0, si_utime=0, si_stime=0} ---
2619456 --- SIGCHLD {si_signo=SIGCHLD, si_code=CLD_EXITED, si_pid=2619617, si_uid=1000, si_status=0, si_utime=0, si_stime=0} ---
2619449 --- SIGURG {si_signo=SIGURG, si_code=SI_TKILL, si_pid=2619425, si_uid=1000} ---
2619456 --- SIGURG {si_signo=SIGURG, si_code=SI_TKILL, si_pid=2619425, si_uid=1000} ---
2619439 --- SIGURG {si_signo=SIGURG, si_code=SI_TKILL, si_pid=2619425, si_uid=1000} ---
2619486 --- SIGURG {si_signo=SIGURG, si_code=SI_TKILL, si_pid=2619425, si_uid=1000} ---
2619437 --- SIGURG {si_signo=SIGURG, si_code=SI_TKILL, si_pid=2619425, si_uid=1000} ---
2619536 --- SIGURG {si_signo=SIGURG, si_code=SI_TKILL, si_pid=2619425, si_uid=1000} ---
2619486 --- SIGURG {si_signo=SIGURG, si_code=SI_TKILL, si_pid=2619425, si_uid=1000} ---
2619472 --- SIGURG {si_signo=SIGURG, si_code=SI_TKILL, si_pid=2619425, si_uid=1000} ---
2619451 --- SIGURG {si_signo=SIGURG, si_code=SI_TKILL, si_pid=2619425, si_uid=1000} ---
2619444 --- SIGURG {si_signo=SIGURG, si_code=SI_TKILL, si_pid=2619425, si_uid=1000} ---
2619439 --- SIGURG {si_signo=SIGURG, si_code=SI_TKILL, si_pid=2619425, si_uid=1000} ---
2619437 --- SIGURG {si_signo=SIGURG, si_code=SI_TKILL, si_pid=2619425, si_uid=1000} ---
2619429 --- SIGURG {si_signo=SIGURG, si_code=SI_TKILL, si_pid=2619425, si_uid=1000} ---
2619486 --- SIGURG {si_signo=SIGURG, si_code=SI_TKILL, si_pid=2619425, si_uid=1000} ---
2619472 --- SIGURG {si_signo=SIGURG, si_code=SI_TKILL, si_pid=2619425, si_uid=1000} ---
2619451 --- SIGURG {si_signo=SIGURG, si_code=SI_TKILL, si_pid=2619425, si_uid=1000} ---
2619446 --- SIGURG {si_signo=SIGURG, si_code=SI_TKILL, si_pid=2619425, si_uid=1000} ---
2619537 --- SIGURG {si_signo=SIGURG, si_code=SI_TKILL, si_pid=2619425, si_uid=1000} ---
2619448 --- SIGURG {si_signo=SIGURG, si_code=SI_TKILL, si_pid=2619425, si_uid=1000} ---
2619446 --- SIGURG {si_signo=SIGURG, si_code=SI_TKILL, si_pid=2619425, si_uid=1000} ---
2619537 --- SIGURG {si_signo=SIGURG, si_code=SI_TKILL, si_pid=2619425, si_uid=1000} ---
2619448 --- SIGURG {si_signo=SIGURG, si_code=SI_TKILL, si_pid=2619425, si_uid=1000} ---
2619486 --- SIGURG {si_signo=SIGURG, si_code=SI_TKILL, si_pid=2619425, si_uid=1000} ---
2619536 --- SIGURG {si_signo=SIGURG, si_code=SI_TKILL, si_pid=2619425, si_uid=1000} ---
2619472 --- SIGURG {si_signo=SIGURG, si_code=SI_TKILL, si_pid=2619425, si_uid=1000} ---
2619449 --- SIGURG {si_signo=SIGURG, si_code=SI_TKILL, si_pid=2619425, si_uid=1000} ---
2619537 --- SIGURG {si_signo=SIGURG, si_code=SI_TKILL, si_pid=2619425, si_uid=1000} ---
2619472 --- SIGURG {si_signo=SIGURG, si_code=SI_TKILL, si_pid=2619425, si_uid=1000} ---
2619537 --- SIGURG {si_signo=SIGURG, si_code=SI_TKILL, si_pid=2619425, si_uid=1000} ---
2619449 --- SIGURG {si_signo=SIGURG, si_code=SI_TKILL, si_pid=2619425, si_uid=1000} ---
2619439 --- SIGURG {si_signo=SIGURG, si_code=SI_TKILL, si_pid=2619425, si_uid=1000} ---
2619486 --- SIGURG {si_signo=SIGURG, si_code=SI_TKILL, si_pid=2619425, si_uid=1000} ---
2619437 --- SIGURG {si_signo=SIGURG, si_code=SI_TKILL, si_pid=2619425, si_uid=1000} ---
2619456 --- SIGURG {si_signo=SIGURG, si_code=SI_TKILL, si_pid=2619425, si_uid=1000} ---
2619439 --- SIGURG {si_signo=SIGURG, si_code=SI_TKILL, si_pid=2619425, si_uid=1000} ---
2619449 --- SIGURG {si_signo=SIGURG, si_code=SI_TKILL, si_pid=2619425, si_uid=1000} ---
2619429 --- SIGURG {si_signo=SIGURG, si_code=SI_TKILL, si_pid=2619425, si_uid=1000} ---
2619449 --- SIGURG {si_signo=SIGURG, si_code=SI_TKILL, si_pid=2619425, si_uid=1000} ---
2619449 --- SIGURG {si_signo=SIGURG, si_code=SI_TKILL, si_pid=2619425, si_uid=1000} ---
2619449 --- SIGURG {si_signo=SIGURG, si_code=SI_TKILL, si_pid=2619425, si_uid=1000} ---
2619449 --- SIGURG {si_signo=SIGURG, si_code=SI_TKILL, si_pid=2619425, si_uid=1000} ---
2619449 --- SIGURG {si_signo=SIGURG, si_code=SI_TKILL, si_pid=2619425, si_uid=1000} ---
2619440 --- SIGURG {si_signo=SIGURG, si_code=SI_TKILL, si_pid=2619425, si_uid=1000} ---
2619472 --- SIGURG {si_signo=SIGURG, si_code=SI_TKILL, si_pid=2619425, si_uid=1000} ---
2619456 --- SIGURG {si_signo=SIGURG, si_code=SI_TKILL, si_pid=2619425, si_uid=1000} ---
2619448 --- SIGURG {si_signo=SIGURG, si_code=SI_TKILL, si_pid=2619425, si_uid=1000} ---
2619439 --- SIGURG {si_signo=SIGURG, si_code=SI_TKILL, si_pid=2619425, si_uid=1000} ---
2619472 --- SIGURG {si_signo=SIGURG, si_code=SI_TKILL, si_pid=2619425, si_uid=1000} ---
2619449 --- SIGURG {si_signo=SIGURG, si_code=SI_TKILL, si_pid=2619425, si_uid=1000} ---
2619434 --- SIGURG {si_signo=SIGURG, si_code=SI_TKILL, si_pid=2619425, si_uid=1000} ---
2619456 --- SIGURG {si_signo=SIGURG, si_code=SI_TKILL, si_pid=2619425, si_uid=1000} ---
2619429 --- SIGURG {si_signo=SIGURG, si_code=SI_TKILL, si_pid=2619425, si_uid=1000} ---
2619437 --- SIGURG {si_signo=SIGURG, si_code=SI_TKILL, si_pid=2619425, si_uid=1000} ---
2619472 --- SIGURG {si_signo=SIGURG, si_code=SI_TKILL, si_pid=2619425, si_uid=1000} ---
2619452 --- SIGURG {si_signo=SIGURG, si_code=SI_TKILL, si_pid=2619425, si_uid=1000} ---
2619472 --- SIGURG {si_signo=SIGURG, si_code=SI_TKILL, si_pid=2619425, si_uid=1000} ---
2619452 --- SIGURG {si_signo=SIGURG, si_code=SI_TKILL, si_pid=2619425, si_uid=1000} ---
2619449 --- SIGURG {si_signo=SIGURG, si_code=SI_TKILL, si_pid=2619425, si_uid=1000} ---
2619472 --- SIGURG {si_signo=SIGURG, si_code=SI_TKILL, si_pid=2619425, si_uid=1000} ---
2619439 --- SIGURG {si_signo=SIGURG, si_code=SI_TKILL, si_pid=2619425, si_uid=1000} ---
2619486 --- SIGURG {si_signo=SIGURG, si_code=SI_TKILL, si_pid=2619425, si_uid=1000} ---
2619452 --- SIGURG {si_signo=SIGURG, si_code=SI_TKILL, si_pid=2619425, si_uid=1000} ---
2619437 --- SIGURG {si_signo=SIGURG, si_code=SI_TKILL, si_pid=2619425, si_uid=1000} ---
2619486 --- SIGURG {si_signo=SIGURG, si_code=SI_TKILL, si_pid=2619425, si_uid=1000} ---
2619437 --- SIGURG {si_signo=SIGURG, si_code=SI_TKILL, si_pid=2619425, si_uid=1000} ---
2619452 --- SIGURG {si_signo=SIGURG, si_code=SI_TKILL, si_pid=2619425, si_uid=1000} ---
2619451 --- SIGURG {si_signo=SIGURG, si_code=SI_TKILL, si_pid=2619425, si_uid=1000} ---
2619440 --- SIGURG {si_signo=SIGURG, si_code=SI_TKILL, si_pid=2619425, si_uid=1000} ---
2619536 --- SIGURG {si_signo=SIGURG, si_code=SI_TKILL, si_pid=2619425, si_uid=1000} ---
2619437 --- SIGURG {si_signo=SIGURG, si_code=SI_TKILL, si_pid=2619425, si_uid=1000} ---
2619452 --- SIGURG {si_signo=SIGURG, si_code=SI_TKILL, si_pid=2619425, si_uid=1000} ---
2619451 --- SIGURG {si_signo=SIGURG, si_code=SI_TKILL, si_pid=2619425, si_uid=1000} ---
2619451 --- SIGURG {si_signo=SIGURG, si_code=SI_TKILL, si_pid=2619425, si_uid=1000} ---
2619439 --- SIGURG {si_signo=SIGURG, si_code=SI_TKILL, si_pid=2619425, si_uid=1000} ---
2619439 --- SIGURG {si_signo=SIGURG, si_code=SI_TKILL, si_pid=2619425, si_uid=1000} ---
2619452 --- SIGURG {si_signo=SIGURG, si_code=SI_TKILL, si_pid=2619425, si_uid=1000} ---
2619448 --- SIGURG {si_signo=SIGURG, si_code=SI_TKILL, si_pid=2619425, si_uid=1000} ---
2619439 --- SIGURG {si_signo=SIGURG, si_code=SI_TKILL, si_pid=2619425, si_uid=1000} ---
2619448 --- SIGURG {si_signo=SIGURG, si_code=SI_TKILL, si_pid=2619425, si_uid=1000} ---
2619537 --- SIGURG {si_signo=SIGURG, si_code=SI_TKILL, si_pid=2619425, si_uid=1000} ---
2619536 --- SIGURG {si_signo=SIGURG, si_code=SI_TKILL, si_pid=2619425, si_uid=1000} ---
2619456 --- SIGURG {si_signo=SIGURG, si_code=SI_TKILL, si_pid=2619425, si_uid=1000} ---
2619452 --- SIGURG {si_signo=SIGURG, si_code=SI_TKILL, si_pid=2619425, si_uid=1000} ---
2619429 --- SIGURG {si_signo=SIGURG, si_code=SI_TKILL, si_pid=2619425, si_uid=1000} ---
2619439 --- SIGURG {si_signo=SIGURG, si_code=SI_TKILL, si_pid=2619425, si_uid=1000} ---
2619434 --- SIGURG {si_signo=SIGURG, si_code=SI_TKILL, si_pid=2619425, si_uid=1000} ---
2619448 --- SIGURG {si_signo=SIGURG, si_code=SI_TKILL, si_pid=2619425, si_uid=1000} ---
2619452 --- SIGURG {si_signo=SIGURG, si_code=SI_TKILL, si_pid=2619425, si_uid=1000} ---
2619439 --- SIGURG {si_signo=SIGURG, si_code=SI_TKILL, si_pid=2619425, si_uid=1000} ---
2619537 --- SIGURG {si_signo=SIGURG, si_code=SI_TKILL, si_pid=2619425, si_uid=1000} ---
2619456 --- SIGURG {si_signo=SIGURG, si_code=SI_TKILL, si_pid=2619425, si_uid=1000} ---
2619437 --- SIGURG {si_signo=SIGURG, si_code=SI_TKILL, si_pid=2619425, si_uid=1000} ---
2619537 --- SIGURG {si_signo=SIGURG, si_code=SI_TKILL, si_pid=2619425, si_uid=1000} ---
2619437 --- SIGURG {si_signo=SIGURG, si_code=SI_TKILL, si_pid=2619425, si_uid=1000} ---
2619452 --- SIGURG {si_signo=SIGURG, si_code=SI_TKILL, si_pid=2619425, si_uid=1000} ---
2619449 --- SIGURG {si_signo=SIGURG, si_code=SI_TKILL, si_pid=2619425, si_uid=1000} ---
2619439 --- SIGURG {si_signo=SIGURG, si_code=SI_TKILL, si_pid=2619425, si_uid=1000} ---
2619537 --- SIGURG {si_signo=SIGURG, si_code=SI_TKILL, si_pid=2619425, si_uid=1000} ---
2619434 --- SIGURG {si_signo=SIGURG, si_code=SI_TKILL, si_pid=2619425, si_uid=1000} ---
2619451 --- SIGURG {si_signo=SIGURG, si_code=SI_TKILL, si_pid=2619425, si_uid=1000} ---
2619456 --- SIGURG {si_signo=SIGURG, si_code=SI_TKILL, si_pid=2619425, si_uid=1000} ---
2619537 --- SIGURG {si_signo=SIGURG, si_code=SI_TKILL, si_pid=2619425, si_uid=1000} ---
2619452 --- SIGURG {si_signo=SIGURG, si_code=SI_TKILL, si_pid=2619425, si_uid=1000} ---
2619486 --- SIGURG {si_signo=SIGURG, si_code=SI_TKILL, si_pid=2619425, si_uid=1000} ---
2619429 --- SIGURG {si_signo=SIGURG, si_code=SI_TKILL, si_pid=2619425, si_uid=1000} ---
2619451 --- SIGURG {si_signo=SIGURG, si_code=SI_TKILL, si_pid=2619425, si_uid=1000} ---
2619439 --- SIGURG {si_signo=SIGURG, si_code=SI_TKILL, si_pid=2619425, si_uid=1000} ---
2619437 --- SIGURG {si_signo=SIGURG, si_code=SI_TKILL, si_pid=2619425, si_uid=1000} ---
2619446 --- SIGURG {si_signo=SIGURG, si_code=SI_TKILL, si_pid=2619425, si_uid=1000} ---
2619437 --- SIGURG {si_signo=SIGURG, si_code=SI_TKILL, si_pid=2619425, si_uid=1000} ---
2619486 --- SIGURG {si_signo=SIGURG, si_code=SI_TKILL, si_pid=2619425, si_uid=1000} ---
2619537 --- SIGURG {si_signo=SIGURG, si_code=SI_TKILL, si_pid=2619425, si_uid=1000} ---
2619429 --- SIGURG {si_signo=SIGURG, si_code=SI_TKILL, si_pid=2619425, si_uid=1000} ---
2619439 --- SIGURG {si_signo=SIGURG, si_code=SI_TKILL, si_pid=2619425, si_uid=1000} ---
2619451 --- SIGURG {si_signo=SIGURG, si_code=SI_TKILL, si_pid=2619425, si_uid=1000} ---
2619437 --- SIGURG {si_signo=SIGURG, si_code=SI_TKILL, si_pid=2619425, si_uid=1000} ---
2619434 --- SIGURG {si_signo=SIGURG, si_code=SI_TKILL, si_pid=2619425, si_uid=1000} ---
2619429 --- SIGURG {si_signo=SIGURG, si_code=SI_TKILL, si_pid=2619425, si_uid=1000} ---
2619439 --- SIGURG {si_signo=SIGURG, si_code=SI_TKILL, si_pid=2619425, si_uid=1000} ---
2619486 --- SIGURG {si_signo=SIGURG, si_code=SI_TKILL, si_pid=2619425, si_uid=1000} ---
2619452 --- SIGURG {si_signo=SIGURG, si_code=SI_TKILL, si_pid=2619425, si_uid=1000} ---
2619444 --- SIGURG {si_signo=SIGURG, si_code=SI_TKILL, si_pid=2619425, si_uid=1000} ---
2619472 --- SIGURG {si_signo=SIGURG, si_code=SI_TKILL, si_pid=2619425, si_uid=1000} ---
2619456 --- SIGURG {si_signo=SIGURG, si_code=SI_TKILL, si_pid=2619425, si_uid=1000} ---
2619472 --- SIGURG {si_signo=SIGURG, si_code=SI_TKILL, si_pid=2619425, si_uid=1000} ---
2619444 --- SIGURG {si_signo=SIGURG, si_code=SI_TKILL, si_pid=2619425, si_uid=1000} ---
2619486 --- SIGURG {si_signo=SIGURG, si_code=SI_TKILL, si_pid=2619425, si_uid=1000} ---
2619452 --- SIGURG {si_signo=SIGURG, si_code=SI_TKILL, si_pid=2619425, si_uid=1000} ---
2619456 --- SIGURG {si_signo=SIGURG, si_code=SI_TKILL, si_pid=2619425, si_uid=1000} ---
2619437 --- SIGURG {si_signo=SIGURG, si_code=SI_TKILL, si_pid=2619425, si_uid=1000} ---
2619472 --- SIGURG {si_signo=SIGURG, si_code=SI_TKILL, si_pid=2619425, si_uid=1000} ---
2619451 --- SIGURG {si_signo=SIGURG, si_code=SI_TKILL, si_pid=2619425, si_uid=1000} ---
2619439 --- SIGURG {si_signo=SIGURG, si_code=SI_TKILL, si_pid=2619425, si_uid=1000} ---
2619437 --- SIGURG {si_signo=SIGURG, si_code=SI_TKILL, si_pid=2619425, si_uid=1000} ---
2619486 --- SIGURG {si_signo=SIGURG, si_code=SI_TKILL, si_pid=2619425, si_uid=1000} ---
2619437 --- SIGURG {si_signo=SIGURG, si_code=SI_TKILL, si_pid=2619425, si_uid=1000} ---
2619537 --- SIGURG {si_signo=SIGURG, si_code=SI_TKILL, si_pid=2619425, si_uid=1000} ---
2619452 --- SIGURG {si_signo=SIGURG, si_code=SI_TKILL, si_pid=2619425, si_uid=1000} ---
2619537 --- SIGURG {si_signo=SIGURG, si_code=SI_TKILL, si_pid=2619425, si_uid=1000} ---
2619452 --- SIGURG {si_signo=SIGURG, si_code=SI_TKILL, si_pid=2619425, si_uid=1000} ---
2619437 --- SIGURG {si_signo=SIGURG, si_code=SI_TKILL, si_pid=2619425, si_uid=1000} ---
2619439 --- SIGURG {si_signo=SIGURG, si_code=SI_TKILL, si_pid=2619425, si_uid=1000} ---
2619452 --- SIGURG {si_signo=SIGURG, si_code=SI_TKILL, si_pid=2619425, si_uid=1000} ---
2619449 --- SIGURG {si_signo=SIGURG, si_code=SI_TKILL, si_pid=2619425, si_uid=1000} ---
2619437 --- SIGURG {si_signo=SIGURG, si_code=SI_TKILL, si_pid=2619425, si_uid=1000} ---
2619472 --- SIGURG {si_signo=SIGURG, si_code=SI_TKILL, si_pid=2619425, si_uid=1000} ---
2619456 --- SIGURG {si_signo=SIGURG, si_code=SI_TKILL, si_pid=2619425, si_uid=1000} ---
2619452 --- SIGURG {si_signo=SIGURG, si_code=SI_TKILL, si_pid=2619425, si_uid=1000} ---
2619451 --- SIGURG {si_signo=SIGURG, si_code=SI_TKILL, si_pid=2619425, si_uid=1000} ---
2619437 --- SIGURG {si_signo=SIGURG, si_code=SI_TKILL, si_pid=2619425, si_uid=1000} ---
2619429 --- SIGURG {si_signo=SIGURG, si_code=SI_TKILL, si_pid=2619425, si_uid=1000} ---
2619429 --- SIGURG {si_signo=SIGURG, si_code=SI_TKILL, si_pid=2619425, si_uid=1000} ---
2619444 --- SIGURG {si_signo=SIGURG, si_code=SI_TKILL, si_pid=2619425, si_uid=1000} ---
2619437 --- SIGURG {si_signo=SIGURG, si_code=SI_TKILL, si_pid=2619425, si_uid=1000} ---
2619429 --- SIGURG {si_signo=SIGURG, si_code=SI_TKILL, si_pid=2619425, si_uid=1000} ---
2619437 --- SIGURG {si_signo=SIGURG, si_code=SI_TKILL, si_pid=2619425, si_uid=1000} ---
2619446 --- SIGURG {si_signo=SIGURG, si_code=SI_TKILL, si_pid=2619425, si_uid=1000} ---
2619452 --- SIGURG {si_signo=SIGURG, si_code=SI_TKILL, si_pid=2619425, si_uid=1000} ---
2619446 --- SIGURG {si_signo=SIGURG, si_code=SI_TKILL, si_pid=2619425, si_uid=1000} ---
2619638 execve("/data/source/.nanhai-plus-opaleye-native/source-view/prebuilts/go/linux-x86/pkg/tool/linux_amd64/compile", ["/data/source/.nanhai-plus-opaley"..., "-o", "/data/source/.nanhai-plus-opaley"..., "-trimpath", "/data/source/.nanhai-plus-opaley"..., "-p", "main", "-lang=go1.24", "-complete", "-buildid", "RZMl6ZcQlkPyKy-jyMrA/RZMl6ZcQlkP"..., "-dwarf=false", "-goversion", "go1.24.1", "-c=4", "-nolocalimports", "-importcfg", "/data/source/.nanhai-plus-opaley"..., "-pack", "/data/source/.nanhai-plus-opaley"...], 0xc000444780 /* 58 vars */) = 0
2619638 --- SIGURG {si_signo=SIGURG, si_code=SI_TKILL, si_pid=2619638, si_uid=1000} ---
2619638 --- SIGURG {si_signo=SIGURG, si_code=SI_TKILL, si_pid=2619638, si_uid=1000} ---
2619452 --- SIGCHLD {si_signo=SIGCHLD, si_code=CLD_EXITED, si_pid=2619638, si_uid=1000, si_status=0, si_utime=5 /* 0.05 s */, si_stime=1 /* 0.01 s */} ---
2619434 --- SIGURG {si_signo=SIGURG, si_code=SI_TKILL, si_pid=2619425, si_uid=1000} ---
2619446 --- SIGURG {si_signo=SIGURG, si_code=SI_TKILL, si_pid=2619425, si_uid=1000} ---
2619434 --- SIGURG {si_signo=SIGURG, si_code=SI_TKILL, si_pid=2619425, si_uid=1000} ---
2619429 --- SIGURG {si_signo=SIGURG, si_code=SI_TKILL, si_pid=2619425, si_uid=1000} ---
2619472 --- SIGURG {si_signo=SIGURG, si_code=SI_TKILL, si_pid=2619425, si_uid=1000} ---
2619446 --- SIGURG {si_signo=SIGURG, si_code=SI_TKILL, si_pid=2619425, si_uid=1000} ---
2619451 --- SIGURG {si_signo=SIGURG, si_code=SI_TKILL, si_pid=2619425, si_uid=1000} ---
2619537 --- SIGURG {si_signo=SIGURG, si_code=SI_TKILL, si_pid=2619425, si_uid=1000} ---
2619536 --- SIGURG {si_signo=SIGURG, si_code=SI_TKILL, si_pid=2619425, si_uid=1000} ---
2619437 --- SIGURG {si_signo=SIGURG, si_code=SI_TKILL, si_pid=2619425, si_uid=1000} ---
2619429 --- SIGURG {si_signo=SIGURG, si_code=SI_TKILL, si_pid=2619425, si_uid=1000} ---
2619446 --- SIGURG {si_signo=SIGURG, si_code=SI_TKILL, si_pid=2619425, si_uid=1000} ---
2619451 --- SIGURG {si_signo=SIGURG, si_code=SI_TKILL, si_pid=2619425, si_uid=1000} ---
2619452 --- SIGURG {si_signo=SIGURG, si_code=SI_TKILL, si_pid=2619425, si_uid=1000} ---
2619646 execve("/data/source/.nanhai-plus-opaleye-native/source-view/prebuilts/go/linux-x86/pkg/tool/linux_amd64/link", ["/data/source/.nanhai-plus-opaley"..., "-V=full"], 0xc000444780 /* 57 vars */) = 0
2619452 --- SIGCHLD {si_signo=SIGCHLD, si_code=CLD_EXITED, si_pid=2619646, si_uid=1000, si_status=0, si_utime=0, si_stime=0} ---
2619651 execve("/data/source/.nanhai-plus-opaleye-native/source-view/prebuilts/go/linux-x86/pkg/tool/linux_amd64/link", ["/data/source/.nanhai-plus-opaley"..., "-o", "/data/source/.nanhai-plus-opaley"..., "-importcfg", "/data/source/.nanhai-plus-opaley"..., "-s", "-w", "-buildmode=exe", "-buildid=1i9cbngl8oPwEOB-F5hH/RZ"..., "-extld=/mnt/disks/build-disk/src"..., "/data/source/.nanhai-plus-opaley"...], 0xc000444960 /* 58 vars */) = 0
2619651 --- SIGURG {si_signo=SIGURG, si_code=SI_TKILL, si_pid=2619651, si_uid=1000} ---
2619655 --- SIGURG {si_signo=SIGURG, si_code=SI_TKILL, si_pid=2619651, si_uid=1000} ---
2619654 --- SIGURG {si_signo=SIGURG, si_code=SI_TKILL, si_pid=2619651, si_uid=1000} ---
2619651 --- SIGURG {si_signo=SIGURG, si_code=SI_TKILL, si_pid=2619651, si_uid=1000} ---
2619655 --- SIGURG {si_signo=SIGURG, si_code=SI_TKILL, si_pid=2619651, si_uid=1000} ---
2619651 --- SIGURG {si_signo=SIGURG, si_code=SI_TKILL, si_pid=2619651, si_uid=1000} ---
2619651 --- SIGURG {si_signo=SIGURG, si_code=SI_TKILL, si_pid=2619651, si_uid=1000} ---
2619651 --- SIGURG {si_signo=SIGURG, si_code=SI_TKILL, si_pid=2619651, si_uid=1000} ---
2619656 --- SIGURG {si_signo=SIGURG, si_code=SI_TKILL, si_pid=2619651, si_uid=1000} ---
2619656 --- SIGURG {si_signo=SIGURG, si_code=SI_TKILL, si_pid=2619651, si_uid=1000} ---
2619651 --- SIGURG {si_signo=SIGURG, si_code=SI_TKILL, si_pid=2619651, si_uid=1000} ---
2619655 --- SIGURG {si_signo=SIGURG, si_code=SI_TKILL, si_pid=2619651, si_uid=1000} ---
2619655 --- SIGURG {si_signo=SIGURG, si_code=SI_TKILL, si_pid=2619651, si_uid=1000} ---
2619654 --- SIGURG {si_signo=SIGURG, si_code=SI_TKILL, si_pid=2619651, si_uid=1000} ---
2619653 --- SIGURG {si_signo=SIGURG, si_code=SI_TKILL, si_pid=2619651, si_uid=1000} ---
2619651 --- SIGURG {si_signo=SIGURG, si_code=SI_TKILL, si_pid=2619651, si_uid=1000} ---
2619655 --- SIGURG {si_signo=SIGURG, si_code=SI_TKILL, si_pid=2619651, si_uid=1000} ---
2619653 --- SIGURG {si_signo=SIGURG, si_code=SI_TKILL, si_pid=2619651, si_uid=1000} ---
2619655 --- SIGURG {si_signo=SIGURG, si_code=SI_TKILL, si_pid=2619651, si_uid=1000} ---
2619657 --- SIGURG {si_signo=SIGURG, si_code=SI_TKILL, si_pid=2619651, si_uid=1000} ---
2619653 --- SIGURG {si_signo=SIGURG, si_code=SI_TKILL, si_pid=2619651, si_uid=1000} ---
2619651 --- SIGURG {si_signo=SIGURG, si_code=SI_TKILL, si_pid=2619651, si_uid=1000} ---
2619655 --- SIGURG {si_signo=SIGURG, si_code=SI_TKILL, si_pid=2619651, si_uid=1000} ---
2619656 --- SIGURG {si_signo=SIGURG, si_code=SI_TKILL, si_pid=2619651, si_uid=1000} ---
2619657 --- SIGURG {si_signo=SIGURG, si_code=SI_TKILL, si_pid=2619651, si_uid=1000} ---
2619653 --- SIGURG {si_signo=SIGURG, si_code=SI_TKILL, si_pid=2619651, si_uid=1000} ---
2619656 --- SIGURG {si_signo=SIGURG, si_code=SI_TKILL, si_pid=2619651, si_uid=1000} ---
2619654 --- SIGURG {si_signo=SIGURG, si_code=SI_TKILL, si_pid=2619651, si_uid=1000} ---
2619655 --- SIGURG {si_signo=SIGURG, si_code=SI_TKILL, si_pid=2619651, si_uid=1000} ---
2619653 --- SIGURG {si_signo=SIGURG, si_code=SI_TKILL, si_pid=2619651, si_uid=1000} ---
2619655 --- SIGURG {si_signo=SIGURG, si_code=SI_TKILL, si_pid=2619651, si_uid=1000} ---
2619657 --- SIGURG {si_signo=SIGURG, si_code=SI_TKILL, si_pid=2619651, si_uid=1000} ---
2619657 --- SIGURG {si_signo=SIGURG, si_code=SI_TKILL, si_pid=2619651, si_uid=1000} ---
2619658 --- SIGURG {si_signo=SIGURG, si_code=SI_TKILL, si_pid=2619651, si_uid=1000} ---
2619651 --- SIGURG {si_signo=SIGURG, si_code=SI_TKILL, si_pid=2619651, si_uid=1000} ---
2619651 --- SIGURG {si_signo=SIGURG, si_code=SI_TKILL, si_pid=2619651, si_uid=1000} ---
2619651 --- SIGURG {si_signo=SIGURG, si_code=SI_TKILL, si_pid=2619651, si_uid=1000} ---
2619651 --- SIGURG {si_signo=SIGURG, si_code=SI_TKILL, si_pid=2619651, si_uid=1000} ---
2619651 --- SIGURG {si_signo=SIGURG, si_code=SI_TKILL, si_pid=2619651, si_uid=1000} ---
2619651 --- SIGURG {si_signo=SIGURG, si_code=SI_TKILL, si_pid=2619651, si_uid=1000} ---
2619651 --- SIGURG {si_signo=SIGURG, si_code=SI_TKILL, si_pid=2619651, si_uid=1000} ---
2619651 --- SIGURG {si_signo=SIGURG, si_code=SI_TKILL, si_pid=2619651, si_uid=1000} ---
2619651 --- SIGURG {si_signo=SIGURG, si_code=SI_TKILL, si_pid=2619651, si_uid=1000} ---
2619651 --- SIGURG {si_signo=SIGURG, si_code=SI_TKILL, si_pid=2619651, si_uid=1000} ---
2619651 --- SIGURG {si_signo=SIGURG, si_code=SI_TKILL, si_pid=2619651, si_uid=1000} ---
2619658 --- SIGURG {si_signo=SIGURG, si_code=SI_TKILL, si_pid=2619651, si_uid=1000} ---
2619657 --- SIGURG {si_signo=SIGURG, si_code=SI_TKILL, si_pid=2619651, si_uid=1000} ---
2619651 --- SIGURG {si_signo=SIGURG, si_code=SI_TKILL, si_pid=2619651, si_uid=1000} ---
2619654 --- SIGURG {si_signo=SIGURG, si_code=SI_TKILL, si_pid=2619651, si_uid=1000} ---
2619653 --- SIGURG {si_signo=SIGURG, si_code=SI_TKILL, si_pid=2619651, si_uid=1000} ---
2619657 --- SIGURG {si_signo=SIGURG, si_code=SI_TKILL, si_pid=2619651, si_uid=1000} ---
2619656 --- SIGURG {si_signo=SIGURG, si_code=SI_TKILL, si_pid=2619651, si_uid=1000} ---
2619651 --- SIGURG {si_signo=SIGURG, si_code=SI_TKILL, si_pid=2619651, si_uid=1000} ---
2619654 --- SIGURG {si_signo=SIGURG, si_code=SI_TKILL, si_pid=2619651, si_uid=1000} ---
2619653 --- SIGURG {si_signo=SIGURG, si_code=SI_TKILL, si_pid=2619651, si_uid=1000} ---
2619657 --- SIGURG {si_signo=SIGURG, si_code=SI_TKILL, si_pid=2619651, si_uid=1000} ---
2619655 --- SIGURG {si_signo=SIGURG, si_code=SI_TKILL, si_pid=2619651, si_uid=1000} ---
2619651 --- SIGURG {si_signo=SIGURG, si_code=SI_TKILL, si_pid=2619651, si_uid=1000} ---
2619658 --- SIGURG {si_signo=SIGURG, si_code=SI_TKILL, si_pid=2619651, si_uid=1000} ---
2619654 --- SIGURG {si_signo=SIGURG, si_code=SI_TKILL, si_pid=2619651, si_uid=1000} ---
2619653 --- SIGURG {si_signo=SIGURG, si_code=SI_TKILL, si_pid=2619651, si_uid=1000} ---
2619651 --- SIGURG {si_signo=SIGURG, si_code=SI_TKILL, si_pid=2619651, si_uid=1000} ---
2619657 --- SIGURG {si_signo=SIGURG, si_code=SI_TKILL, si_pid=2619651, si_uid=1000} ---
2619429 --- SIGCHLD {si_signo=SIGCHLD, si_code=CLD_EXITED, si_pid=2619651, si_uid=1000, si_status=0, si_utime=5 /* 0.05 s */, si_stime=6 /* 0.06 s */} ---
2619429 --- SIGURG {si_signo=SIGURG, si_code=SI_TKILL, si_pid=2619425, si_uid=1000} ---
2619662 execve("/data/source/.nanhai-plus-opaleye-native/tmp/soong-ui-v1/go-build3898715205/b001/exe/microfactory", ["/data/source/.nanhai-plus-opaley"..., "-b", "/data/source/.nanhai-plus-opaley"..., "-pkg-path", "github.com/google/blueprint=/dat"..., "-trimpath", "/data/source/.nanhai-plus-opaley"..., "-pkg-path", "android/soong=/data/source/.nanh"..., "-pkg-path", "prebuilts/bazel/common/proto=/da"..., "-pkg-path", "rbcrun=/data/source/.nanhai-plus"..., "-pkg-path", "google.golang.org/protobuf=/data"..., "-pkg-path", "go.starlark.net=/data/source/.na"..., "-pkg-path", "github.com/akrylysov/pogreb=/dat"..., "-o", "/data/source/.nanhai-plus-opaley"..., "android/soong/cmd/soong_ui"], 0xc000228000 /* 31 vars */) = 0
2619668 execve("/data/source/.nanhai-plus-opaleye-native/source-view/prebuilts/go/linux-x86/pkg/tool/linux_amd64/compile", ["/data/source/.nanhai-plus-opaley"..., "-N", "-l", "-o", "/data/source/.nanhai-plus-opaley"..., "-p", "github.com/google/blueprint/micr"..., "-complete", "-pack", "-nolocalimports", "-c", "32", "-trimpath", "/data/source/.nanhai-plus-opaley"..., "/data/source/.nanhai-plus-opaley"...], 0xc00012e370 /* 1 var */) = 0
2619668 --- SIGURG {si_signo=SIGURG, si_code=SI_TKILL, si_pid=2619668, si_uid=1000} ---
2619662 --- SIGCHLD {si_signo=SIGCHLD, si_code=CLD_EXITED, si_pid=2619668, si_uid=1000, si_status=0, si_utime=5 /* 0.05 s */, si_stime=2 /* 0.02 s */} ---
2619662 --- SIGURG {si_signo=SIGURG, si_code=SI_TKILL, si_pid=2619662, si_uid=1000} ---
2619687 execve("/data/source/.nanhai-plus-opaleye-native/source-view/prebuilts/go/linux-x86/pkg/tool/linux_amd64/compile", ["/data/source/.nanhai-plus-opaley"..., "-N", "-l", "-o", "/data/source/.nanhai-plus-opaley"..., "-p", "main", "-complete", "-pack", "-nolocalimports", "-c", "32", "-trimpath", "/data/source/.nanhai-plus-opaley"..., "-I", "/data/source/.nanhai-plus-opaley"..., "/data/source/.nanhai-plus-opaley"...], 0xc000026070 /* 1 var */) = 0
2619664 --- SIGCHLD {si_signo=SIGCHLD, si_code=CLD_EXITED, si_pid=2619687, si_uid=1000, si_status=0, si_utime=0, si_stime=0} ---
2619692 execve("/data/source/.nanhai-plus-opaleye-native/source-view/prebuilts/go/linux-x86/pkg/tool/linux_amd64/link", ["/data/source/.nanhai-plus-opaley"..., "-o", "/data/source/.nanhai-plus-opaley"..., "-L", "/data/source/.nanhai-plus-opaley"..., "/data/source/.nanhai-plus-opaley"...], 0xc000026120 /* 1 var */) = 0
2619692 --- SIGURG {si_signo=SIGURG, si_code=SI_TKILL, si_pid=2619692, si_uid=1000} ---
2619692 --- SIGURG {si_signo=SIGURG, si_code=SI_TKILL, si_pid=2619692, si_uid=1000} ---
2619695 --- SIGURG {si_signo=SIGURG, si_code=SI_TKILL, si_pid=2619692, si_uid=1000} ---
2619695 --- SIGURG {si_signo=SIGURG, si_code=SI_TKILL, si_pid=2619692, si_uid=1000} ---
2619695 --- SIGURG {si_signo=SIGURG, si_code=SI_TKILL, si_pid=2619692, si_uid=1000} ---
2619694 --- SIGURG {si_signo=SIGURG, si_code=SI_TKILL, si_pid=2619692, si_uid=1000} ---
2619694 --- SIGURG {si_signo=SIGURG, si_code=SI_TKILL, si_pid=2619692, si_uid=1000} ---
2619694 --- SIGURG {si_signo=SIGURG, si_code=SI_TKILL, si_pid=2619692, si_uid=1000} ---
2619692 --- SIGURG {si_signo=SIGURG, si_code=SI_TKILL, si_pid=2619692, si_uid=1000} ---
2619694 --- SIGURG {si_signo=SIGURG, si_code=SI_TKILL, si_pid=2619692, si_uid=1000} ---
2619697 --- SIGURG {si_signo=SIGURG, si_code=SI_TKILL, si_pid=2619692, si_uid=1000} ---
2619697 --- SIGURG {si_signo=SIGURG, si_code=SI_TKILL, si_pid=2619692, si_uid=1000} ---
2619696 --- SIGURG {si_signo=SIGURG, si_code=SI_TKILL, si_pid=2619692, si_uid=1000} ---
2619694 --- SIGURG {si_signo=SIGURG, si_code=SI_TKILL, si_pid=2619692, si_uid=1000} ---
2619695 --- SIGURG {si_signo=SIGURG, si_code=SI_TKILL, si_pid=2619692, si_uid=1000} ---
2619695 --- SIGURG {si_signo=SIGURG, si_code=SI_TKILL, si_pid=2619692, si_uid=1000} ---
2619697 --- SIGURG {si_signo=SIGURG, si_code=SI_TKILL, si_pid=2619692, si_uid=1000} ---
2619692 --- SIGURG {si_signo=SIGURG, si_code=SI_TKILL, si_pid=2619692, si_uid=1000} ---
2619695 --- SIGURG {si_signo=SIGURG, si_code=SI_TKILL, si_pid=2619692, si_uid=1000} ---
2619694 --- SIGURG {si_signo=SIGURG, si_code=SI_TKILL, si_pid=2619692, si_uid=1000} ---
2619698 --- SIGURG {si_signo=SIGURG, si_code=SI_TKILL, si_pid=2619692, si_uid=1000} ---
2619698 --- SIGURG {si_signo=SIGURG, si_code=SI_TKILL, si_pid=2619692, si_uid=1000} ---
2619698 --- SIGURG {si_signo=SIGURG, si_code=SI_TKILL, si_pid=2619692, si_uid=1000} ---
2619694 --- SIGURG {si_signo=SIGURG, si_code=SI_TKILL, si_pid=2619692, si_uid=1000} ---
2619696 --- SIGURG {si_signo=SIGURG, si_code=SI_TKILL, si_pid=2619692, si_uid=1000} ---
2619697 --- SIGURG {si_signo=SIGURG, si_code=SI_TKILL, si_pid=2619692, si_uid=1000} ---
2619696 --- SIGURG {si_signo=SIGURG, si_code=SI_TKILL, si_pid=2619692, si_uid=1000} ---
2619694 --- SIGURG {si_signo=SIGURG, si_code=SI_TKILL, si_pid=2619692, si_uid=1000} ---
2619698 --- SIGURG {si_signo=SIGURG, si_code=SI_TKILL, si_pid=2619692, si_uid=1000} ---
2619697 --- SIGURG {si_signo=SIGURG, si_code=SI_TKILL, si_pid=2619692, si_uid=1000} ---
2619692 --- SIGURG {si_signo=SIGURG, si_code=SI_TKILL, si_pid=2619692, si_uid=1000} ---
2619694 --- SIGURG {si_signo=SIGURG, si_code=SI_TKILL, si_pid=2619692, si_uid=1000} ---
2619698 --- SIGURG {si_signo=SIGURG, si_code=SI_TKILL, si_pid=2619692, si_uid=1000} ---
2619694 --- SIGURG {si_signo=SIGURG, si_code=SI_TKILL, si_pid=2619692, si_uid=1000} ---
2619694 --- SIGURG {si_signo=SIGURG, si_code=SI_TKILL, si_pid=2619692, si_uid=1000} ---
2619692 --- SIGURG {si_signo=SIGURG, si_code=SI_TKILL, si_pid=2619692, si_uid=1000} ---
2619692 --- SIGURG {si_signo=SIGURG, si_code=SI_TKILL, si_pid=2619692, si_uid=1000} ---
2619692 --- SIGURG {si_signo=SIGURG, si_code=SI_TKILL, si_pid=2619692, si_uid=1000} ---
2619692 --- SIGURG {si_signo=SIGURG, si_code=SI_TKILL, si_pid=2619692, si_uid=1000} ---
2619692 --- SIGURG {si_signo=SIGURG, si_code=SI_TKILL, si_pid=2619692, si_uid=1000} ---
2619698 --- SIGURG {si_signo=SIGURG, si_code=SI_TKILL, si_pid=2619692, si_uid=1000} ---
2619699 --- SIGURG {si_signo=SIGURG, si_code=SI_TKILL, si_pid=2619692, si_uid=1000} ---
2619692 --- SIGURG {si_signo=SIGURG, si_code=SI_TKILL, si_pid=2619692, si_uid=1000} ---
2619699 --- SIGURG {si_signo=SIGURG, si_code=SI_TKILL, si_pid=2619692, si_uid=1000} ---
2619692 --- SIGURG {si_signo=SIGURG, si_code=SI_TKILL, si_pid=2619692, si_uid=1000} ---
2619698 --- SIGURG {si_signo=SIGURG, si_code=SI_TKILL, si_pid=2619692, si_uid=1000} ---
2619692 --- SIGURG {si_signo=SIGURG, si_code=SI_TKILL, si_pid=2619692, si_uid=1000} ---
2619694 --- SIGURG {si_signo=SIGURG, si_code=SI_TKILL, si_pid=2619692, si_uid=1000} ---
2619692 --- SIGURG {si_signo=SIGURG, si_code=SI_TKILL, si_pid=2619692, si_uid=1000} ---
2619697 --- SIGURG {si_signo=SIGURG, si_code=SI_TKILL, si_pid=2619692, si_uid=1000} ---
2619692 --- SIGURG {si_signo=SIGURG, si_code=SI_TKILL, si_pid=2619692, si_uid=1000} ---
2619698 --- SIGURG {si_signo=SIGURG, si_code=SI_TKILL, si_pid=2619692, si_uid=1000} ---
2619692 --- SIGURG {si_signo=SIGURG, si_code=SI_TKILL, si_pid=2619692, si_uid=1000} ---
2619692 --- SIGURG {si_signo=SIGURG, si_code=SI_TKILL, si_pid=2619692, si_uid=1000} ---
2619692 --- SIGURG {si_signo=SIGURG, si_code=SI_TKILL, si_pid=2619692, si_uid=1000} ---
2619701 --- SIGURG {si_signo=SIGURG, si_code=SI_TKILL, si_pid=2619692, si_uid=1000} ---
2619701 --- SIGURG {si_signo=SIGURG, si_code=SI_TKILL, si_pid=2619692, si_uid=1000} ---
2619701 --- SIGURG {si_signo=SIGURG, si_code=SI_TKILL, si_pid=2619692, si_uid=1000} ---
2619692 --- SIGURG {si_signo=SIGURG, si_code=SI_TKILL, si_pid=2619692, si_uid=1000} ---
2619692 --- SIGURG {si_signo=SIGURG, si_code=SI_TKILL, si_pid=2619692, si_uid=1000} ---
2619703 --- SIGURG {si_signo=SIGURG, si_code=SI_TKILL, si_pid=2619692, si_uid=1000} ---
2619696 --- SIGURG {si_signo=SIGURG, si_code=SI_TKILL, si_pid=2619692, si_uid=1000} ---
2619703 --- SIGURG {si_signo=SIGURG, si_code=SI_TKILL, si_pid=2619692, si_uid=1000} ---
2619698 --- SIGURG {si_signo=SIGURG, si_code=SI_TKILL, si_pid=2619692, si_uid=1000} ---
2619692 --- SIGURG {si_signo=SIGURG, si_code=SI_TKILL, si_pid=2619692, si_uid=1000} ---
2619703 --- SIGURG {si_signo=SIGURG, si_code=SI_TKILL, si_pid=2619692, si_uid=1000} ---
2619697 --- SIGURG {si_signo=SIGURG, si_code=SI_TKILL, si_pid=2619692, si_uid=1000} ---
2619694 --- SIGURG {si_signo=SIGURG, si_code=SI_TKILL, si_pid=2619692, si_uid=1000} ---
2619695 --- SIGURG {si_signo=SIGURG, si_code=SI_TKILL, si_pid=2619692, si_uid=1000} ---
2619692 --- SIGURG {si_signo=SIGURG, si_code=SI_TKILL, si_pid=2619692, si_uid=1000} ---
2619700 --- SIGURG {si_signo=SIGURG, si_code=SI_TKILL, si_pid=2619692, si_uid=1000} ---
2619698 --- SIGURG {si_signo=SIGURG, si_code=SI_TKILL, si_pid=2619692, si_uid=1000} ---
2619701 --- SIGURG {si_signo=SIGURG, si_code=SI_TKILL, si_pid=2619692, si_uid=1000} ---
2619696 --- SIGURG {si_signo=SIGURG, si_code=SI_TKILL, si_pid=2619692, si_uid=1000} ---
2619694 --- SIGURG {si_signo=SIGURG, si_code=SI_TKILL, si_pid=2619692, si_uid=1000} ---
2619695 --- SIGURG {si_signo=SIGURG, si_code=SI_TKILL, si_pid=2619692, si_uid=1000} ---
2619699 --- SIGURG {si_signo=SIGURG, si_code=SI_TKILL, si_pid=2619692, si_uid=1000} ---
2619701 --- SIGURG {si_signo=SIGURG, si_code=SI_TKILL, si_pid=2619692, si_uid=1000} ---
2619692 --- SIGURG {si_signo=SIGURG, si_code=SI_TKILL, si_pid=2619692, si_uid=1000} ---
2619696 --- SIGURG {si_signo=SIGURG, si_code=SI_TKILL, si_pid=2619692, si_uid=1000} ---
2619694 --- SIGURG {si_signo=SIGURG, si_code=SI_TKILL, si_pid=2619692, si_uid=1000} ---
2619664 --- SIGCHLD {si_signo=SIGCHLD, si_code=CLD_EXITED, si_pid=2619692, si_uid=1000, si_status=0, si_utime=10 /* 0.10 s */, si_stime=8 /* 0.08 s */} ---
2619664 --- SIGURG {si_signo=SIGURG, si_code=SI_TKILL, si_pid=2619662, si_uid=1000} ---
2619705 execve("/data/source/.nanhai-plus-opaleye-native/out/soong-ui-v1/microfactory_Linux", ["/data/source/.nanhai-plus-opaley"..., "-b", "/data/source/.nanhai-plus-opaley"..., "-pkg-path", "github.com/google/blueprint=/dat"..., "-trimpath", "/data/source/.nanhai-plus-opaley"..., "-pkg-path", "android/soong=/data/source/.nanh"..., "-pkg-path", "prebuilts/bazel/common/proto=/da"..., "-pkg-path", "rbcrun=/data/source/.nanhai-plus"..., "-pkg-path", "google.golang.org/protobuf=/data"..., "-pkg-path", "go.starlark.net=/data/source/.na"..., "-pkg-path", "github.com/akrylysov/pogreb=/dat"..., "-o", "/data/source/.nanhai-plus-opaley"..., "android/soong/cmd/soong_ui"], 0xc000026170 /* 1 var */) = 0
2619705 --- SIGURG {si_signo=SIGURG, si_code=SI_TKILL, si_pid=2619705, si_uid=1000} ---
2619707 --- SIGURG {si_signo=SIGURG, si_code=SI_TKILL, si_pid=2619705, si_uid=1000} ---
2619705 --- SIGURG {si_signo=SIGURG, si_code=SI_TKILL, si_pid=2619705, si_uid=1000} ---
2619707 --- SIGURG {si_signo=SIGURG, si_code=SI_TKILL, si_pid=2619705, si_uid=1000} ---
2619705 --- SIGURG {si_signo=SIGURG, si_code=SI_TKILL, si_pid=2619705, si_uid=1000} ---
2619710 --- SIGURG {si_signo=SIGURG, si_code=SI_TKILL, si_pid=2619705, si_uid=1000} ---
2619710 --- SIGURG {si_signo=SIGURG, si_code=SI_TKILL, si_pid=2619705, si_uid=1000} ---
2619705 --- SIGURG {si_signo=SIGURG, si_code=SI_TKILL, si_pid=2619705, si_uid=1000} ---
2619709 --- SIGURG {si_signo=SIGURG, si_code=SI_TKILL, si_pid=2619705, si_uid=1000} ---
2619710 --- SIGURG {si_signo=SIGURG, si_code=SI_TKILL, si_pid=2619705, si_uid=1000} ---
2619707 --- SIGURG {si_signo=SIGURG, si_code=SI_TKILL, si_pid=2619705, si_uid=1000} ---
2619711 --- SIGURG {si_signo=SIGURG, si_code=SI_TKILL, si_pid=2619705, si_uid=1000} ---
2619710 --- SIGURG {si_signo=SIGURG, si_code=SI_TKILL, si_pid=2619705, si_uid=1000} ---
2619705 --- SIGURG {si_signo=SIGURG, si_code=SI_TKILL, si_pid=2619705, si_uid=1000} ---
2619711 --- SIGURG {si_signo=SIGURG, si_code=SI_TKILL, si_pid=2619705, si_uid=1000} ---
2619709 --- SIGURG {si_signo=SIGURG, si_code=SI_TKILL, si_pid=2619705, si_uid=1000} ---
2619711 --- SIGURG {si_signo=SIGURG, si_code=SI_TKILL, si_pid=2619705, si_uid=1000} ---
2619711 --- SIGURG {si_signo=SIGURG, si_code=SI_TKILL, si_pid=2619705, si_uid=1000} ---
2619726 execve("../../data/source/.nanhai-plus-opaleye-native/source-view/prebuilts/go/linux-x86/pkg/tool/linux_amd64/compile", ["../../data/source/.nanhai-plus-o"..., "-N", "-l", "-o", "/data/source/.nanhai-plus-opaley"..., "-p", "github.com/akrylysov/pogreb/inte"..., "-complete", "-pack", "-nolocalimports", "-c", "32", "-trimpath", "/data/source/.nanhai-plus-opaley"..., "/data/source/.nanhai-plus-opaley"..., "/data/source/.nanhai-plus-opaley"...], 0xc000596130 /* 1 var */ <unfinished ...>
2619725 execve("../../data/source/.nanhai-plus-opaleye-native/source-view/prebuilts/go/linux-x86/pkg/tool/linux_amd64/compile", ["../../data/source/.nanhai-plus-o"..., "-N", "-l", "-o", "/data/source/.nanhai-plus-opaley"..., "-p", "google.golang.org/protobuf/inter"..., "-complete", "-pack", "-nolocalimports", "-c", "32", "-trimpath", "/data/source/.nanhai-plus-opaley"..., "/data/source/.nanhai-plus-opaley"...], 0xc0006ae140 /* 1 var */ <unfinished ...>
2619728 execve("../../data/source/.nanhai-plus-opaleye-native/source-view/prebuilts/go/linux-x86/pkg/tool/linux_amd64/compile", ["../../data/source/.nanhai-plus-o"..., "-N", "-l", "-o", "/data/source/.nanhai-plus-opaley"..., "-p", "github.com/google/blueprint/path"..., "-complete", "-pack", "-nolocalimports", "-c", "32", "-trimpath", "/data/source/.nanhai-plus-opaley"..., "/data/source/.nanhai-plus-opaley"..., "/data/source/.nanhai-plus-opaley"..., "/data/source/.nanhai-plus-opaley"...], 0xc00012c180 /* 1 var */ <unfinished ...>
2619726 <... execve resumed>)           = 0
2619719 execve("../../data/source/.nanhai-plus-opaleye-native/source-view/prebuilts/go/linux-x86/pkg/tool/linux_amd64/compile", ["../../data/source/.nanhai-plus-o"..., "-N", "-l", "-o", "/data/source/.nanhai-plus-opaley"..., "-p", "google.golang.org/protobuf/inter"..., "-complete", "-pack", "-nolocalimports", "-c", "32", "-trimpath", "/data/source/.nanhai-plus-opaley"..., "/data/source/.nanhai-plus-opaley"...], 0xc000374020 /* 1 var */ <unfinished ...>
2619710 --- SIGURG {si_signo=SIGURG, si_code=SI_TKILL, si_pid=2619705, si_uid=1000} ---
2619725 <... execve resumed>)           = 0
2619728 <... execve resumed>)           = 0
2619715 --- SIGURG {si_signo=SIGURG, si_code=SI_TKILL, si_pid=2619705, si_uid=1000} ---
2619708 --- SIGURG {si_signo=SIGURG, si_code=SI_TKILL, si_pid=2619705, si_uid=1000} ---
2619719 <... execve resumed>)           = 0
2619711 --- SIGURG {si_signo=SIGURG, si_code=SI_TKILL, si_pid=2619705, si_uid=1000} ---
2619710 --- SIGURG {si_signo=SIGURG, si_code=SI_TKILL, si_pid=2619705, si_uid=1000} ---
2619723 execve("../../data/source/.nanhai-plus-opaleye-native/source-view/prebuilts/go/linux-x86/pkg/tool/linux_amd64/compile", ["../../data/source/.nanhai-plus-o"..., "-N", "-l", "-o", "/data/source/.nanhai-plus-opaley"..., "-p", "github.com/google/blueprint/sync"..., "-complete", "-pack", "-nolocalimports", "-c", "32", "-trimpath", "/data/source/.nanhai-plus-opaley"..., "/data/source/.nanhai-plus-opaley"...], 0xc0000141a0 /* 1 var */) = 0
2619713 --- SIGURG {si_signo=SIGURG, si_code=SI_TKILL, si_pid=2619705, si_uid=1000} ---
2619722 execve("../../data/source/.nanhai-plus-opaleye-native/source-view/prebuilts/go/linux-x86/pkg/tool/linux_amd64/compile", ["../../data/source/.nanhai-plus-o"..., "-N", "-l", "-o", "/data/source/.nanhai-plus-opaley"..., "-p", "github.com/google/blueprint/opti"..., "-complete", "-pack", "-nolocalimports", "-c", "32", "-trimpath", "/data/source/.nanhai-plus-opaley"..., "/data/source/.nanhai-plus-opaley"...], 0xc00018a0e0 /* 1 var */) = 0
2619707 --- SIGURG {si_signo=SIGURG, si_code=SI_TKILL, si_pid=2619705, si_uid=1000} ---
2619707 --- SIGURG {si_signo=SIGURG, si_code=SI_TKILL, si_pid=2619705, si_uid=1000} ---
2619707 --- SIGURG {si_signo=SIGURG, si_code=SI_TKILL, si_pid=2619705, si_uid=1000} ---
2619713 --- SIGURG {si_signo=SIGURG, si_code=SI_TKILL, si_pid=2619705, si_uid=1000} ---
2619707 --- SIGURG {si_signo=SIGURG, si_code=SI_TKILL, si_pid=2619705, si_uid=1000} ---
2619720 --- SIGURG {si_signo=SIGURG, si_code=SI_TKILL, si_pid=2619705, si_uid=1000} ---
2619720 --- SIGURG {si_signo=SIGURG, si_code=SI_TKILL, si_pid=2619705, si_uid=1000} ---
2619714 --- SIGURG {si_signo=SIGURG, si_code=SI_TKILL, si_pid=2619705, si_uid=1000} ---
2619712 --- SIGURG {si_signo=SIGURG, si_code=SI_TKILL, si_pid=2619705, si_uid=1000} ---
2619716 --- SIGURG {si_signo=SIGURG, si_code=SI_TKILL, si_pid=2619705, si_uid=1000} ---
2619707 --- SIGURG {si_signo=SIGURG, si_code=SI_TKILL, si_pid=2619705, si_uid=1000} ---
2619715 --- SIGURG {si_signo=SIGURG, si_code=SI_TKILL, si_pid=2619705, si_uid=1000} ---
2619714 --- SIGURG {si_signo=SIGURG, si_code=SI_TKILL, si_pid=2619705, si_uid=1000} ---
2619716 --- SIGURG {si_signo=SIGURG, si_code=SI_TKILL, si_pid=2619705, si_uid=1000} ---
2619730 --- SIGURG {si_signo=SIGURG, si_code=SI_TKILL, si_pid=2619705, si_uid=1000} ---
2619713 --- SIGURG {si_signo=SIGURG, si_code=SI_TKILL, si_pid=2619705, si_uid=1000} ---
2619714 --- SIGURG {si_signo=SIGURG, si_code=SI_TKILL, si_pid=2619705, si_uid=1000} ---
2619712 --- SIGURG {si_signo=SIGURG, si_code=SI_TKILL, si_pid=2619705, si_uid=1000} ---
2619707 --- SIGURG {si_signo=SIGURG, si_code=SI_TKILL, si_pid=2619705, si_uid=1000} ---
2619727 --- SIGURG {si_signo=SIGURG, si_code=SI_TKILL, si_pid=2619705, si_uid=1000} ---
2619713 --- SIGURG {si_signo=SIGURG, si_code=SI_TKILL, si_pid=2619705, si_uid=1000} ---
2619714 --- SIGURG {si_signo=SIGURG, si_code=SI_TKILL, si_pid=2619705, si_uid=1000} ---
2619727 --- SIGURG {si_signo=SIGURG, si_code=SI_TKILL, si_pid=2619705, si_uid=1000} ---
2619731 --- SIGURG {si_signo=SIGURG, si_code=SI_TKILL, si_pid=2619705, si_uid=1000} ---
2619712 --- SIGURG {si_signo=SIGURG, si_code=SI_TKILL, si_pid=2619705, si_uid=1000} ---
2619733 execve("../../data/source/.nanhai-plus-opaleye-native/source-view/prebuilts/go/linux-x86/pkg/tool/linux_amd64/compile", ["../../data/source/.nanhai-plus-o"..., "-N", "-l", "-o", "/data/source/.nanhai-plus-opaley"..., "-p", "android/soong/ui/build/paths", "-complete", "-pack", "-nolocalimports", "-c", "32", "-trimpath", "/data/source/.nanhai-plus-opaley"..., "/data/source/.nanhai-plus-opaley"..., "/data/source/.nanhai-plus-opaley"...], 0xc0000141d0 /* 1 var */ <unfinished ...>
2619734 execve("../../data/source/.nanhai-plus-opaleye-native/source-view/prebuilts/go/linux-x86/pkg/tool/linux_amd64/compile", ["../../data/source/.nanhai-plus-o"..., "-N", "-l", "-o", "/data/source/.nanhai-plus-opaley"..., "-p", "google.golang.org/protobuf/inter"..., "-complete", "-pack", "-nolocalimports", "-c", "32", "-trimpath", "/data/source/.nanhai-plus-opaley"..., "/data/source/.nanhai-plus-opaley"..., "/data/source/.nanhai-plus-opaley"...], 0xc0006ae180 /* 1 var */ <unfinished ...>
2619733 <... execve resumed>)           = 0
2619735 execve("../../data/source/.nanhai-plus-opaleye-native/source-view/prebuilts/go/linux-x86/pkg/tool/linux_amd64/compile", ["../../data/source/.nanhai-plus-o"..., "-N", "-l", "-o", "/data/source/.nanhai-plus-opaley"..., "-p", "google.golang.org/protobuf/inter"..., "-complete", "-pack", "-nolocalimports", "-c", "32", "-trimpath", "/data/source/.nanhai-plus-opaley"..., "/data/source/.nanhai-plus-opaley"...], 0xc0003b20f0 /* 1 var */ <unfinished ...>
2619710 --- SIGURG {si_signo=SIGURG, si_code=SI_TKILL, si_pid=2619705, si_uid=1000} ---
2619734 <... execve resumed>)           = 0
2619735 <... execve resumed>)           = 0
2619715 --- SIGURG {si_signo=SIGURG, si_code=SI_TKILL, si_pid=2619705, si_uid=1000} ---
2619716 --- SIGURG {si_signo=SIGURG, si_code=SI_TKILL, si_pid=2619705, si_uid=1000} ---
2619710 --- SIGURG {si_signo=SIGURG, si_code=SI_TKILL, si_pid=2619705, si_uid=1000} ---
2619738 execve("../../data/source/.nanhai-plus-opaleye-native/source-view/prebuilts/go/linux-x86/pkg/tool/linux_amd64/compile", ["../../data/source/.nanhai-plus-o"..., "-N", "-l", "-o", "/data/source/.nanhai-plus-opaley"..., "-p", "android/soong/elf", "-complete", "-pack", "-nolocalimports", "-c", "32", "-trimpath", "/data/source/.nanhai-plus-opaley"..., "/data/source/.nanhai-plus-opaley"..., "/data/source/.nanhai-plus-opaley"...], 0xc0005c60b0 /* 1 var */ <unfinished ...>
2619739 execve("../../data/source/.nanhai-plus-opaleye-native/source-view/prebuilts/go/linux-x86/pkg/tool/linux_amd64/compile", ["../../data/source/.nanhai-plus-o"..., "-N", "-l", "-o", "/data/source/.nanhai-plus-opaley"..., "-p", "github.com/google/blueprint/pars"..., "-complete", "-pack", "-nolocalimports", "-c", "32", "-trimpath", "/data/source/.nanhai-plus-opaley"..., "/data/source/.nanhai-plus-opaley"..., "/data/source/.nanhai-plus-opaley"..., "/data/source/.nanhai-plus-opaley"..., "/data/source/.nanhai-plus-opaley"..., "/data/source/.nanhai-plus-opaley"...], 0xc0007b2040 /* 1 var */ <unfinished ...>
2619738 <... execve resumed>)           = 0
2619732 --- SIGURG {si_signo=SIGURG, si_code=SI_TKILL, si_pid=2619705, si_uid=1000} ---
2619739 <... execve resumed>)           = 0
2619707 --- SIGURG {si_signo=SIGURG, si_code=SI_TKILL, si_pid=2619705, si_uid=1000} ---
2619740 execve("../../data/source/.nanhai-plus-opaleye-native/source-view/prebuilts/go/linux-x86/pkg/tool/linux_amd64/compile", ["../../data/source/.nanhai-plus-o"..., "-N", "-l", "-o", "/data/source/.nanhai-plus-opaley"..., "-p", "github.com/google/blueprint/micr"..., "-complete", "-pack", "-nolocalimports", "-c", "32", "-trimpath", "/data/source/.nanhai-plus-opaley"..., "/data/source/.nanhai-plus-opaley"...], 0xc00041e110 /* 1 var */ <unfinished ...>
2619741 execve("../../data/source/.nanhai-plus-opaleye-native/source-view/prebuilts/go/linux-x86/pkg/tool/linux_amd64/compile", ["../../data/source/.nanhai-plus-o"..., "-N", "-l", "-o", "/data/source/.nanhai-plus-opaley"..., "-p", "android/soong/remoteexec", "-complete", "-pack", "-nolocalimports", "-c", "32", "-trimpath", "/data/source/.nanhai-plus-opaley"..., "/data/source/.nanhai-plus-opaley"...], 0xc00012c1b0 /* 1 var */ <unfinished ...>
2619740 <... execve resumed>)           = 0
2619742 execve("../../data/source/.nanhai-plus-opaleye-native/source-view/prebuilts/go/linux-x86/pkg/tool/linux_amd64/compile", ["../../data/source/.nanhai-plus-o"..., "-N", "-l", "-o", "/data/source/.nanhai-plus-opaley"..., "-p", "github.com/google/blueprint/metr"..., "-complete", "-pack", "-nolocalimports", "-c", "32", "-trimpath", "/data/source/.nanhai-plus-opaley"..., "/data/source/.nanhai-plus-opaley"...], 0xc000a92000 /* 1 var */ <unfinished ...>
2619741 <... execve resumed>)           = 0
2619713 --- SIGURG {si_signo=SIGURG, si_code=SI_TKILL, si_pid=2619705, si_uid=1000} ---
2619743 execve("../../data/source/.nanhai-plus-opaleye-native/source-view/prebuilts/go/linux-x86/pkg/tool/linux_amd64/compile", ["../../data/source/.nanhai-plus-o"..., "-N", "-l", "-o", "/data/source/.nanhai-plus-opaley"..., "-p", "google.golang.org/protobuf/inter"..., "-complete", "-pack", "-nolocalimports", "-c", "32", "-trimpath", "/data/source/.nanhai-plus-opaley"..., "/data/source/.nanhai-plus-opaley"...], 0xc0004001b0 /* 1 var */ <unfinished ...>
2619742 <... execve resumed>)           = 0
2619730 --- SIGURG {si_signo=SIGURG, si_code=SI_TKILL, si_pid=2619705, si_uid=1000} ---
2619736 --- SIGURG {si_signo=SIGURG, si_code=SI_TKILL, si_pid=2619705, si_uid=1000} ---
2619743 <... execve resumed>)           = 0
2619713 --- SIGURG {si_signo=SIGURG, si_code=SI_TKILL, si_pid=2619705, si_uid=1000} ---
2619737 --- SIGURG {si_signo=SIGURG, si_code=SI_TKILL, si_pid=2619705, si_uid=1000} ---
2619737 --- SIGURG {si_signo=SIGURG, si_code=SI_TKILL, si_pid=2619705, si_uid=1000} ---
2619726 --- SIGURG {si_signo=SIGURG, si_code=SI_TKILL, si_pid=2619726, si_uid=1000} ---
2619725 --- SIGURG {si_signo=SIGURG, si_code=SI_TKILL, si_pid=2619725, si_uid=1000} ---
2619744 execve("../../data/source/.nanhai-plus-opaleye-native/source-view/prebuilts/go/linux-x86/pkg/tool/linux_amd64/compile", ["../../data/source/.nanhai-plus-o"..., "-N", "-l", "-o", "/data/source/.nanhai-plus-opaley"..., "-p", "github.com/google/blueprint/pool", "-complete", "-pack", "-nolocalimports", "-c", "32", "-trimpath", "/data/source/.nanhai-plus-opaley"..., "/data/source/.nanhai-plus-opaley"...], 0xc0004f2160 /* 1 var */) = 0
2619708 --- SIGURG {si_signo=SIGURG, si_code=SI_TKILL, si_pid=2619705, si_uid=1000} ---
2619724 --- SIGURG {si_signo=SIGURG, si_code=SI_TKILL, si_pid=2619705, si_uid=1000} ---
2619724 --- SIGURG {si_signo=SIGURG, si_code=SI_TKILL, si_pid=2619705, si_uid=1000} ---
2619722 --- SIGURG {si_signo=SIGURG, si_code=SI_TKILL, si_pid=2619722, si_uid=1000} ---
2619724 --- SIGURG {si_signo=SIGURG, si_code=SI_TKILL, si_pid=2619705, si_uid=1000} ---
2619723 --- SIGURG {si_signo=SIGURG, si_code=SI_TKILL, si_pid=2619723, si_uid=1000} ---
2619707 --- SIGCHLD {si_signo=SIGCHLD, si_code=CLD_EXITED, si_pid=2619722, si_uid=1000, si_status=0, si_utime=0, si_stime=0} ---
2619718 --- SIGCHLD {si_signo=SIGCHLD, si_code=CLD_EXITED, si_pid=2619719, si_uid=1000, si_status=0, si_utime=0, si_stime=0} ---
2619721 --- SIGCHLD {si_signo=SIGCHLD, si_code=CLD_EXITED, si_pid=2619723, si_uid=1000, si_status=0, si_utime=0, si_stime=0} ---
2619769 execve("../../data/source/.nanhai-plus-opaleye-native/source-view/prebuilts/go/linux-x86/pkg/tool/linux_amd64/compile", ["../../data/source/.nanhai-plus-o"..., "-N", "-l", "-o", "/data/source/.nanhai-plus-opaley"..., "-p", "android/soong/finder/fs", "-complete", "-pack", "-nolocalimports", "-c", "32", "-trimpath", "/data/source/.nanhai-plus-opaley"..., "/data/source/.nanhai-plus-opaley"..., "/data/source/.nanhai-plus-opaley"..., "/data/source/.nanhai-plus-opaley"..., "/data/source/.nanhai-plus-opaley"...], 0xc00018a070 /* 1 var */) = 0
2619752 --- SIGURG {si_signo=SIGURG, si_code=SI_TKILL, si_pid=2619728, si_uid=1000} ---
2619724 --- SIGURG {si_signo=SIGURG, si_code=SI_TKILL, si_pid=2619705, si_uid=1000} ---
2619709 --- SIGURG {si_signo=SIGURG, si_code=SI_TKILL, si_pid=2619705, si_uid=1000} ---
2619770 execve("../../data/source/.nanhai-plus-opaleye-native/source-view/prebuilts/go/linux-x86/pkg/tool/linux_amd64/compile", ["../../data/source/.nanhai-plus-o"..., "-N", "-l", "-o", "/data/source/.nanhai-plus-opaley"..., "-p", "github.com/akrylysov/pogreb/fs", "-complete", "-pack", "-nolocalimports", "-c", "32", "-trimpath", "/data/source/.nanhai-plus-opaley"..., "/data/source/.nanhai-plus-opaley"..., "/data/source/.nanhai-plus-opaley"..., "/data/source/.nanhai-plus-opaley"..., "/data/source/.nanhai-plus-opaley"..., "/data/source/.nanhai-plus-opaley"..., "/data/source/.nanhai-plus-opaley"..., "/data/source/.nanhai-plus-opaley"..., "/data/source/.nanhai-plus-opaley"...], 0xc0006ae060 /* 1 var */) = 0
2619715 --- SIGCHLD {si_signo=SIGCHLD, si_code=CLD_EXITED, si_pid=2619725, si_uid=1000, si_status=0, si_utime=0, si_stime=0} ---
2619731 --- SIGURG {si_signo=SIGURG, si_code=SI_TKILL, si_pid=2619705, si_uid=1000} ---
2619731 --- SIGURG {si_signo=SIGURG, si_code=SI_TKILL, si_pid=2619705, si_uid=1000} ---
2619771 execve("../../data/source/.nanhai-plus-opaleye-native/source-view/prebuilts/go/linux-x86/pkg/tool/linux_amd64/compile", ["../../data/source/.nanhai-plus-o"..., "-N", "-l", "-o", "/data/source/.nanhai-plus-opaley"..., "-p", "github.com/akrylysov/pogreb/inte"..., "-complete", "-pack", "-nolocalimports", "-c", "32", "-trimpath", "/data/source/.nanhai-plus-opaley"..., "/data/source/.nanhai-plus-opaley"...], 0xc000374120 /* 1 var */) = 0
2619710 --- SIGURG {si_signo=SIGURG, si_code=SI_TKILL, si_pid=2619705, si_uid=1000} ---
2619718 --- SIGCHLD {si_signo=SIGCHLD, si_code=CLD_EXITED, si_pid=2619726, si_uid=1000, si_status=0, si_utime=0, si_stime=0} ---
2619710 --- SIGURG {si_signo=SIGURG, si_code=SI_TKILL, si_pid=2619705, si_uid=1000} ---
2619786 --- SIGURG {si_signo=SIGURG, si_code=SI_TKILL, si_pid=2619739, si_uid=1000} ---
2619735 --- SIGURG {si_signo=SIGURG, si_code=SI_TKILL, si_pid=2619735, si_uid=1000} ---
2619707 --- SIGCHLD {si_signo=SIGCHLD, si_code=CLD_EXITED, si_pid=2619734, si_uid=1000, si_status=0, si_utime=0, si_stime=0} ---
2619780 --- SIGURG {si_signo=SIGURG, si_code=SI_TKILL, si_pid=2619735, si_uid=1000} ---
2619707 --- SIGURG {si_signo=SIGURG, si_code=SI_TKILL, si_pid=2619705, si_uid=1000} ---
2619809 execve("../../data/source/.nanhai-plus-opaleye-native/source-view/prebuilts/go/linux-x86/pkg/tool/linux_amd64/compile", ["../../data/source/.nanhai-plus-o"..., "-N", "-l", "-o", "/data/source/.nanhai-plus-opaley"..., "-p", "github.com/google/blueprint/uniq"..., "-complete", "-pack", "-nolocalimports", "-c", "32", "-trimpath", "/data/source/.nanhai-plus-opaley"..., "-I", "/data/source/.nanhai-plus-opaley"..., "/data/source/.nanhai-plus-opaley"...], 0xc000400110 /* 1 var */) = 0
2619778 --- SIGURG {si_signo=SIGURG, si_code=SI_TKILL, si_pid=2619733, si_uid=1000} ---
2619718 --- SIGURG {si_signo=SIGURG, si_code=SI_TKILL, si_pid=2619705, si_uid=1000} ---
2619811 execve("../../data/source/.nanhai-plus-opaleye-native/source-view/prebuilts/go/linux-x86/pkg/tool/linux_amd64/compile", ["../../data/source/.nanhai-plus-o"..., "-N", "-l", "-o", "/data/source/.nanhai-plus-opaley"..., "-p", "github.com/google/blueprint/dbto"..., "-complete", "-pack", "-nolocalimports", "-c", "32", "-trimpath", "/data/source/.nanhai-plus-opaley"..., "-I", "/data/source/.nanhai-plus-opaley"..., "/data/source/.nanhai-plus-opaley"...], 0xc0005960d0 /* 1 var */) = 0
2619721 --- SIGURG {si_signo=SIGURG, si_code=SI_TKILL, si_pid=2619705, si_uid=1000} ---
2619721 --- SIGURG {si_signo=SIGURG, si_code=SI_TKILL, si_pid=2619705, si_uid=1000} ---
2619741 --- SIGURG {si_signo=SIGURG, si_code=SI_TKILL, si_pid=2619741, si_uid=1000} ---
2619756 --- SIGURG {si_signo=SIGURG, si_code=SI_TKILL, si_pid=2619728, si_uid=1000} ---
2619743 --- SIGURG {si_signo=SIGURG, si_code=SI_TKILL, si_pid=2619743, si_uid=1000} ---
2619742 --- SIGURG {si_signo=SIGURG, si_code=SI_TKILL, si_pid=2619742, si_uid=1000} ---
2619716 --- SIGCHLD {si_signo=SIGCHLD, si_code=CLD_EXITED, si_pid=2619735, si_uid=1000, si_status=0, si_utime=0, si_stime=0} ---
2619813 --- SIGURG {si_signo=SIGURG, si_code=SI_TKILL, si_pid=2619739, si_uid=1000} ---
2619713 --- SIGURG {si_signo=SIGURG, si_code=SI_TKILL, si_pid=2619705, si_uid=1000} ---
2619787 --- SIGURG {si_signo=SIGURG, si_code=SI_TKILL, si_pid=2619738, si_uid=1000} ---
2619706 --- SIGCHLD {si_signo=SIGCHLD, si_code=CLD_EXITED, si_pid=2619744, si_uid=1000, si_status=0, si_utime=0, si_stime=0} ---
2619826 --- SIGURG {si_signo=SIGURG, si_code=SI_TKILL, si_pid=2619770, si_uid=1000} ---
2619740 --- SIGURG {si_signo=SIGURG, si_code=SI_TKILL, si_pid=2619740, si_uid=1000} ---
2619730 --- SIGCHLD {si_signo=SIGCHLD, si_code=CLD_EXITED, si_pid=2619741, si_uid=1000, si_status=0, si_utime=0, si_stime=0} ---
2619727 --- SIGURG {si_signo=SIGURG, si_code=SI_TKILL, si_pid=2619705, si_uid=1000} ---
2619737 --- SIGCHLD {si_signo=SIGCHLD, si_code=CLD_EXITED, si_pid=2619743, si_uid=1000, si_status=0, si_utime=0, si_stime=0} ---
2619736 --- SIGCHLD {si_signo=SIGCHLD, si_code=CLD_EXITED, si_pid=2619742, si_uid=1000, si_status=0, si_utime=1 /* 0.01 s */, si_stime=0} ---
2619813 --- SIGURG {si_signo=SIGURG, si_code=SI_TKILL, si_pid=2619739, si_uid=1000} ---
2619846 execve("../../data/source/.nanhai-plus-opaleye-native/source-view/prebuilts/go/linux-x86/pkg/tool/linux_amd64/compile", ["../../data/source/.nanhai-plus-o"..., "-N", "-l", "-o", "/data/source/.nanhai-plus-opaley"..., "-p", "google.golang.org/protobuf/inter"..., "-complete", "-pack", "-nolocalimports", "-c", "32", "-trimpath", "/data/source/.nanhai-plus-opaley"..., "-I", "/data/source/.nanhai-plus-opaley"..., "/data/source/.nanhai-plus-opaley"..., "/data/source/.nanhai-plus-opaley"...], 0xc000400280 /* 1 var */) = 0
2619706 --- SIGCHLD {si_signo=SIGCHLD, si_code=CLD_EXITED, si_pid=2619771, si_uid=1000, si_status=0, si_utime=0, si_stime=0} ---
2619733 --- SIGURG {si_signo=SIGURG, si_code=SI_TKILL, si_pid=2619733, si_uid=1000} ---
2619835 --- SIGURG {si_signo=SIGURG, si_code=SI_TKILL, si_pid=2619770, si_uid=1000} ---
2619811 --- SIGURG {si_signo=SIGURG, si_code=SI_TKILL, si_pid=2619811, si_uid=1000} ---
2619822 --- SIGURG {si_signo=SIGURG, si_code=SI_TKILL, si_pid=2619769, si_uid=1000} ---
2619732 --- SIGCHLD {si_signo=SIGCHLD, si_code=CLD_EXITED, si_pid=2619738, si_uid=1000, si_status=0, si_utime=2 /* 0.02 s */, si_stime=0} ---
2619800 --- SIGURG {si_signo=SIGURG, si_code=SI_TKILL, si_pid=2619740, si_uid=1000} ---
2619809 --- SIGURG {si_signo=SIGURG, si_code=SI_TKILL, si_pid=2619809, si_uid=1000} ---
2619730 --- SIGCHLD {si_signo=SIGCHLD, si_code=CLD_EXITED, si_pid=2619733, si_uid=1000, si_status=0, si_utime=2 /* 0.02 s */, si_stime=2 /* 0.02 s */} ---
2619730 --- SIGURG {si_signo=SIGURG, si_code=SI_TKILL, si_pid=2619705, si_uid=1000} ---
2619813 --- SIGURG {si_signo=SIGURG, si_code=SI_TKILL, si_pid=2619739, si_uid=1000} ---
2619835 --- SIGURG {si_signo=SIGURG, si_code=SI_TKILL, si_pid=2619770, si_uid=1000} ---
2619736 --- SIGCHLD {si_signo=SIGCHLD, si_code=CLD_EXITED, si_pid=2619846, si_uid=1000, si_status=0, si_utime=1 /* 0.01 s */, si_stime=0} ---
2619736 --- SIGURG {si_signo=SIGURG, si_code=SI_TKILL, si_pid=2619705, si_uid=1000} ---
2619822 --- SIGURG {si_signo=SIGURG, si_code=SI_TKILL, si_pid=2619769, si_uid=1000} ---
2619708 --- SIGCHLD {si_signo=SIGCHLD, si_code=CLD_EXITED, si_pid=2619728, si_uid=1000, si_status=0, si_utime=11 /* 0.11 s */, si_stime=3 /* 0.03 s */} ---
2619915 execve("../../data/source/.nanhai-plus-opaleye-native/source-view/prebuilts/go/linux-x86/pkg/tool/linux_amd64/compile", ["../../data/source/.nanhai-plus-o"..., "-N", "-l", "-o", "/data/source/.nanhai-plus-opaley"..., "-p", "google.golang.org/protobuf/encod"..., "-complete", "-pack", "-nolocalimports", "-c", "32", "-trimpath", "/data/source/.nanhai-plus-opaley"..., "-I", "/data/source/.nanhai-plus-opaley"..., "/data/source/.nanhai-plus-opaley"...], 0xc000596230 /* 1 var */) = 0
2619721 --- SIGCHLD {si_signo=SIGCHLD, si_code=CLD_EXITED, si_pid=2619811, si_uid=1000, si_status=0, si_utime=6 /* 0.06 s */, si_stime=1 /* 0.01 s */} ---
2619713 --- SIGCHLD {si_signo=SIGCHLD, si_code=CLD_EXITED, si_pid=2619740, si_uid=1000, si_status=0, si_utime=7 /* 0.07 s */, si_stime=2 /* 0.02 s */} ---
2619915 --- SIGURG {si_signo=SIGURG, si_code=SI_TKILL, si_pid=2619915, si_uid=1000} ---
2619718 --- SIGCHLD {si_signo=SIGCHLD, si_code=CLD_EXITED, si_pid=2619809, si_uid=1000, si_status=0, si_utime=7 /* 0.07 s */, si_stime=1 /* 0.01 s */} ---
2619718 --- SIGURG {si_signo=SIGURG, si_code=SI_TKILL, si_pid=2619705, si_uid=1000} ---
2619718 --- SIGCHLD {si_signo=SIGCHLD, si_code=CLD_EXITED, si_pid=2619769, si_uid=1000, si_status=0, si_utime=11 /* 0.11 s */, si_stime=2 /* 0.02 s */} ---
2619724 --- SIGURG {si_signo=SIGURG, si_code=SI_TKILL, si_pid=2619705, si_uid=1000} ---
2619946 execve("../../data/source/.nanhai-plus-opaleye-native/source-view/prebuilts/go/linux-x86/pkg/tool/linux_amd64/compile", ["../../data/source/.nanhai-plus-o"..., "-N", "-l", "-o", "/data/source/.nanhai-plus-opaley"..., "-p", "android/soong/finder", "-complete", "-pack", "-nolocalimports", "-c", "32", "-trimpath", "/data/source/.nanhai-plus-opaley"..., "-I", "/data/source/.nanhai-plus-opaley"..., "/data/source/.nanhai-plus-opaley"...], 0xc000400390 /* 1 var */) = 0
2619731 --- SIGCHLD {si_signo=SIGCHLD, si_code=CLD_EXITED, si_pid=2619770, si_uid=1000, si_status=0, si_utime=9 /* 0.09 s */, si_stime=3 /* 0.03 s */} ---
2619731 --- SIGCHLD {si_signo=SIGCHLD, si_code=CLD_EXITED, si_pid=2619915, si_uid=1000, si_status=0, si_utime=1 /* 0.01 s */, si_stime=1 /* 0.01 s */} ---
2619707 --- SIGCHLD {si_signo=SIGCHLD, si_code=CLD_EXITED, si_pid=2619739, si_uid=1000, si_status=0, si_utime=17 /* 0.17 s */, si_stime=3 /* 0.03 s */} ---
2619957 execve("../../data/source/.nanhai-plus-opaleye-native/source-view/prebuilts/go/linux-x86/pkg/tool/linux_amd64/compile", ["../../data/source/.nanhai-plus-o"..., "-N", "-l", "-o", "/data/source/.nanhai-plus-opaley"..., "-p", "github.com/akrylysov/pogreb", "-complete", "-pack", "-nolocalimports", "-c", "32", "-trimpath", "/data/source/.nanhai-plus-opaley"..., "-I", "/data/source/.nanhai-plus-opaley"..., "-I", "/data/source/.nanhai-plus-opaley"..., "-I", "/data/source/.nanhai-plus-opaley"..., "/data/source/.nanhai-plus-opaley"..., "/data/source/.nanhai-plus-opaley"..., "/data/source/.nanhai-plus-opaley"..., "/data/source/.nanhai-plus-opaley"..., "/data/source/.nanhai-plus-opaley"..., "/data/source/.nanhai-plus-opaley"..., "/data/source/.nanhai-plus-opaley"..., "/data/source/.nanhai-plus-opaley"..., "/data/source/.nanhai-plus-opaley"..., "/data/source/.nanhai-plus-opaley"..., "/data/source/.nanhai-plus-opaley"..., "/data/source/.nanhai-plus-opaley"..., ...], 0xc000596530 /* 1 var */) = 0
2619710 --- SIGURG {si_signo=SIGURG, si_code=SI_TKILL, si_pid=2619705, si_uid=1000} ---
2619710 --- SIGURG {si_signo=SIGURG, si_code=SI_TKILL, si_pid=2619705, si_uid=1000} ---
2619716 --- SIGURG {si_signo=SIGURG, si_code=SI_TKILL, si_pid=2619705, si_uid=1000} ---
2619711 --- SIGURG {si_signo=SIGURG, si_code=SI_TKILL, si_pid=2619705, si_uid=1000} ---
2619718 --- SIGURG {si_signo=SIGURG, si_code=SI_TKILL, si_pid=2619705, si_uid=1000} ---
2619710 --- SIGURG {si_signo=SIGURG, si_code=SI_TKILL, si_pid=2619705, si_uid=1000} ---
2619958 execve("../../data/source/.nanhai-plus-opaleye-native/source-view/prebuilts/go/linux-x86/pkg/tool/linux_amd64/compile", ["../../data/source/.nanhai-plus-o"..., "-N", "-l", "-o", "/data/source/.nanhai-plus-opaley"..., "-p", "google.golang.org/protobuf/refle"..., "-complete", "-pack", "-nolocalimports", "-c", "32", "-trimpath", "/data/source/.nanhai-plus-opaley"..., "-I", "/data/source/.nanhai-plus-opaley"..., "-I", "/data/source/.nanhai-plus-opaley"..., "/data/source/.nanhai-plus-opaley"..., "/data/source/.nanhai-plus-opaley"..., "/data/source/.nanhai-plus-opaley"..., "/data/source/.nanhai-plus-opaley"..., "/data/source/.nanhai-plus-opaley"..., "/data/source/.nanhai-plus-opaley"..., "/data/source/.nanhai-plus-opaley"..., "/data/source/.nanhai-plus-opaley"..., "/data/source/.nanhai-plus-opaley"...], 0xc00012c0d0 /* 1 var */) = 0
2619959 execve("../../data/source/.nanhai-plus-opaleye-native/source-view/prebuilts/go/linux-x86/pkg/tool/linux_amd64/compile", ["../../data/source/.nanhai-plus-o"..., "-N", "-l", "-o", "/data/source/.nanhai-plus-opaley"..., "-p", "github.com/google/blueprint/prop"..., "-complete", "-pack", "-nolocalimports", "-c", "32", "-trimpath", "/data/source/.nanhai-plus-opaley"..., "-I", "/data/source/.nanhai-plus-opaley"..., "-I", "/data/source/.nanhai-plus-opaley"..., "-I", "/data/source/.nanhai-plus-opaley"..., "/data/source/.nanhai-plus-opaley"..., "/data/source/.nanhai-plus-opaley"..., "/data/source/.nanhai-plus-opaley"..., "/data/source/.nanhai-plus-opaley"..., "/data/source/.nanhai-plus-opaley"..., "/data/source/.nanhai-plus-opaley"..., "/data/source/.nanhai-plus-opaley"..., "/data/source/.nanhai-plus-opaley"..., "/data/source/.nanhai-plus-opaley"..., "/data/source/.nanhai-plus-opaley"..., "/data/source/.nanhai-plus-opaley"..., "/data/source/.nanhai-plus-opaley"...], 0xc00041e110 /* 1 var */) = 0
2619946 --- SIGURG {si_signo=SIGURG, si_code=SI_TKILL, si_pid=2619946, si_uid=1000} ---
2619971 --- SIGURG {si_signo=SIGURG, si_code=SI_TKILL, si_pid=2619958, si_uid=1000} ---
2619946 --- SIGURG {si_signo=SIGURG, si_code=SI_TKILL, si_pid=2619946, si_uid=1000} ---
2619971 --- SIGURG {si_signo=SIGURG, si_code=SI_TKILL, si_pid=2619958, si_uid=1000} ---
2619982 --- SIGURG {si_signo=SIGURG, si_code=SI_TKILL, si_pid=2619959, si_uid=1000} ---
2619962 --- SIGURG {si_signo=SIGURG, si_code=SI_TKILL, si_pid=2619957, si_uid=1000} ---
2619971 --- SIGURG {si_signo=SIGURG, si_code=SI_TKILL, si_pid=2619958, si_uid=1000} ---
2619724 --- SIGCHLD {si_signo=SIGCHLD, si_code=CLD_EXITED, si_pid=2619946, si_uid=1000, si_status=0, si_utime=7 /* 0.07 s */, si_stime=1 /* 0.01 s */} ---
2619980 --- SIGURG {si_signo=SIGURG, si_code=SI_TKILL, si_pid=2619959, si_uid=1000} ---
2619724 --- SIGURG {si_signo=SIGURG, si_code=SI_TKILL, si_pid=2619705, si_uid=1000} ---
2619962 --- SIGURG {si_signo=SIGURG, si_code=SI_TKILL, si_pid=2619957, si_uid=1000} ---
2619980 --- SIGURG {si_signo=SIGURG, si_code=SI_TKILL, si_pid=2619959, si_uid=1000} ---
2619731 --- SIGCHLD {si_signo=SIGCHLD, si_code=CLD_EXITED, si_pid=2619957, si_uid=1000, si_status=0, si_utime=12 /* 0.12 s */, si_stime=4 /* 0.04 s */} ---
2619716 --- SIGCHLD {si_signo=SIGCHLD, si_code=CLD_EXITED, si_pid=2619958, si_uid=1000, si_status=0, si_utime=14 /* 0.14 s */, si_stime=2 /* 0.02 s */} ---
2619716 --- SIGURG {si_signo=SIGURG, si_code=SI_TKILL, si_pid=2619705, si_uid=1000} ---
2619980 --- SIGURG {si_signo=SIGURG, si_code=SI_TKILL, si_pid=2619959, si_uid=1000} ---
2620023 execve("../../data/source/.nanhai-plus-opaleye-native/source-view/prebuilts/go/linux-x86/pkg/tool/linux_amd64/compile", ["../../data/source/.nanhai-plus-o"..., "-N", "-l", "-o", "/data/source/.nanhai-plus-opaley"..., "-p", "google.golang.org/protobuf/inter"..., "-complete", "-pack", "-nolocalimports", "-c", "32", "-trimpath", "/data/source/.nanhai-plus-opaley"..., "-I", "/data/source/.nanhai-plus-opaley"..., "/data/source/.nanhai-plus-opaley"...], 0xc00012c1f0 /* 1 var */) = 0
2620024 execve("../../data/source/.nanhai-plus-opaleye-native/source-view/prebuilts/go/linux-x86/pkg/tool/linux_amd64/compile", ["../../data/source/.nanhai-plus-o"..., "-N", "-l", "-o", "/data/source/.nanhai-plus-opaley"..., "-p", "google.golang.org/protobuf/inter"..., "-complete", "-pack", "-nolocalimports", "-c", "32", "-trimpath", "/data/source/.nanhai-plus-opaley"..., "-I", "/data/source/.nanhai-plus-opaley"..., "-I", "/data/source/.nanhai-plus-opaley"..., "/data/source/.nanhai-plus-opaley"..., "/data/source/.nanhai-plus-opaley"...], 0xc000014110 /* 1 var */) = 0
2620025 execve("../../data/source/.nanhai-plus-opaleye-native/source-view/prebuilts/go/linux-x86/pkg/tool/linux_amd64/compile", ["../../data/source/.nanhai-plus-o"..., "-N", "-l", "-o", "/data/source/.nanhai-plus-opaley"..., "-p", "google.golang.org/protobuf/inter"..., "-complete", "-pack", "-nolocalimports", "-c", "32", "-trimpath", "/data/source/.nanhai-plus-opaley"..., "-I", "/data/source/.nanhai-plus-opaley"..., "-I", "/data/source/.nanhai-plus-opaley"..., "-I", "/data/source/.nanhai-plus-opaley"..., "/data/source/.nanhai-plus-opaley"...], 0xc000416030 /* 1 var */) = 0
2620027 execve("../../data/source/.nanhai-plus-opaleye-native/source-view/prebuilts/go/linux-x86/pkg/tool/linux_amd64/compile", ["../../data/source/.nanhai-plus-o"..., "-N", "-l", "-o", "/data/source/.nanhai-plus-opaley"..., "-p", "google.golang.org/protobuf/inter"..., "-complete", "-pack", "-nolocalimports", "-c", "32", "-trimpath", "/data/source/.nanhai-plus-opaley"..., "-I", "/data/source/.nanhai-plus-opaley"..., "-I", "/data/source/.nanhai-plus-opaley"..., "-I", "/data/source/.nanhai-plus-opaley"..., "/data/source/.nanhai-plus-opaley"...], 0xc00041e270 /* 1 var */ <unfinished ...>
2620026 execve("../../data/source/.nanhai-plus-opaleye-native/source-view/prebuilts/go/linux-x86/pkg/tool/linux_amd64/compile", ["../../data/source/.nanhai-plus-o"..., "-N", "-l", "-o", "/data/source/.nanhai-plus-opaley"..., "-p", "google.golang.org/protobuf/inter"..., "-complete", "-pack", "-nolocalimports", "-c", "32", "-trimpath", "/data/source/.nanhai-plus-opaley"..., "-I", "/data/source/.nanhai-plus-opaley"..., "/data/source/.nanhai-plus-opaley"..., "/data/source/.nanhai-plus-opaley"...], 0xc00031c0d0 /* 1 var */ <unfinished ...>
2620027 <... execve resumed>)           = 0
2620026 <... execve resumed>)           = 0
2620028 execve("../../data/source/.nanhai-plus-opaleye-native/source-view/prebuilts/go/linux-x86/pkg/tool/linux_amd64/compile", ["../../data/source/.nanhai-plus-o"..., "-N", "-l", "-o", "/data/source/.nanhai-plus-opaley"..., "-p", "google.golang.org/protobuf/runti"..., "-complete", "-pack", "-nolocalimports", "-c", "32", "-trimpath", "/data/source/.nanhai-plus-opaley"..., "-I", "/data/source/.nanhai-plus-opaley"..., "-I", "/data/source/.nanhai-plus-opaley"..., "/data/source/.nanhai-plus-opaley"..., "/data/source/.nanhai-plus-opaley"...], 0xc00018a080 /* 1 var */) = 0
2620029 execve("../../data/source/.nanhai-plus-opaleye-native/source-view/prebuilts/go/linux-x86/pkg/tool/linux_amd64/compile", ["../../data/source/.nanhai-plus-o"..., "-N", "-l", "-o", "/data/source/.nanhai-plus-opaley"..., "-p", "google.golang.org/protobuf/inter"..., "-complete", "-pack", "-nolocalimports", "-c", "32", "-trimpath", "/data/source/.nanhai-plus-opaley"..., "-I", "/data/source/.nanhai-plus-opaley"..., "/data/source/.nanhai-plus-opaley"..., "/data/source/.nanhai-plus-opaley"..., "/data/source/.nanhai-plus-opaley"..., "/data/source/.nanhai-plus-opaley"..., "/data/source/.nanhai-plus-opaley"..., "/data/source/.nanhai-plus-opaley"..., "/data/source/.nanhai-plus-opaley"..., "/data/source/.nanhai-plus-opaley"..., "/data/source/.nanhai-plus-opaley"..., "/data/source/.nanhai-plus-opaley"..., "/data/source/.nanhai-plus-opaley"..., "/data/source/.nanhai-plus-opaley"..., "/data/source/.nanhai-plus-opaley"..., "/data/source/.nanhai-plus-opaley"..., "/data/source/.nanhai-plus-opaley"...], 0xc0005962b0 /* 1 var */) = 0
2619710 --- SIGURG {si_signo=SIGURG, si_code=SI_TKILL, si_pid=2619705, si_uid=1000} ---
2620026 --- SIGURG {si_signo=SIGURG, si_code=SI_TKILL, si_pid=2620026, si_uid=1000} ---
2619980 --- SIGURG {si_signo=SIGURG, si_code=SI_TKILL, si_pid=2619959, si_uid=1000} ---
2619731 --- SIGCHLD {si_signo=SIGCHLD, si_code=CLD_EXITED, si_pid=2620023, si_uid=1000, si_status=0, si_utime=0, si_stime=1 /* 0.01 s */} ---
2620025 --- SIGURG {si_signo=SIGURG, si_code=SI_TKILL, si_pid=2620025, si_uid=1000} ---
2620027 --- SIGURG {si_signo=SIGURG, si_code=SI_TKILL, si_pid=2620027, si_uid=1000} ---
2620033 --- SIGURG {si_signo=SIGURG, si_code=SI_TKILL, si_pid=2620024, si_uid=1000} ---
2619720 --- SIGCHLD {si_signo=SIGCHLD, si_code=CLD_EXITED, si_pid=2620028, si_uid=1000, si_status=0, si_utime=0, si_stime=1 /* 0.01 s */} ---
2619720 --- SIGURG {si_signo=SIGURG, si_code=SI_TKILL, si_pid=2619705, si_uid=1000} ---
2619708 --- SIGCHLD {si_signo=SIGCHLD, si_code=CLD_EXITED, si_pid=2620027, si_uid=1000, si_status=0, si_utime=1 /* 0.01 s */, si_stime=0} ---
2620069 --- SIGURG {si_signo=SIGURG, si_code=SI_TKILL, si_pid=2620029, si_uid=1000} ---
2619708 --- SIGCHLD {si_signo=SIGCHLD, si_code=CLD_EXITED, si_pid=2620024, si_uid=1000, si_status=0, si_utime=1 /* 0.01 s */, si_stime=1 /* 0.01 s */} ---
2619708 --- SIGURG {si_signo=SIGURG, si_code=SI_TKILL, si_pid=2619705, si_uid=1000} ---
2619731 --- SIGCHLD {si_signo=SIGCHLD, si_code=CLD_EXITED, si_pid=2620026, si_uid=1000, si_status=0, si_utime=1 /* 0.01 s */, si_stime=1 /* 0.01 s */} ---
2620098 execve("../../data/source/.nanhai-plus-opaleye-native/source-view/prebuilts/go/linux-x86/pkg/tool/linux_amd64/compile", ["../../data/source/.nanhai-plus-o"..., "-N", "-l", "-o", "/data/source/.nanhai-plus-opaley"..., "-p", "google.golang.org/protobuf/refle"..., "-complete", "-pack", "-nolocalimports", "-c", "32", "-trimpath", "/data/source/.nanhai-plus-opaley"..., "-I", "/data/source/.nanhai-plus-opaley"..., "-I", "/data/source/.nanhai-plus-opaley"..., "-I", "/data/source/.nanhai-plus-opaley"..., "-I", "/data/source/.nanhai-plus-opaley"..., "/data/source/.nanhai-plus-opaley"...], 0xc0004001c0 /* 1 var */) = 0
2619731 --- SIGURG {si_signo=SIGURG, si_code=SI_TKILL, si_pid=2619705, si_uid=1000} ---
2619731 --- SIGURG {si_signo=SIGURG, si_code=SI_TKILL, si_pid=2619705, si_uid=1000} ---
2619718 --- SIGURG {si_signo=SIGURG, si_code=SI_TKILL, si_pid=2619705, si_uid=1000} ---
2619724 --- SIGCHLD {si_signo=SIGCHLD, si_code=CLD_EXITED, si_pid=2620029, si_uid=1000, si_status=0, si_utime=1 /* 0.01 s */, si_stime=1 /* 0.01 s */} ---
2620101 execve("../../data/source/.nanhai-plus-opaleye-native/source-view/prebuilts/go/linux-x86/pkg/tool/linux_amd64/compile", ["../../data/source/.nanhai-plus-o"..., "-N", "-l", "-o", "/data/source/.nanhai-plus-opaley"..., "-p", "google.golang.org/protobuf/inter"..., "-complete", "-pack", "-nolocalimports", "-c", "32", "-trimpath", "/data/source/.nanhai-plus-opaley"..., "-I", "/data/source/.nanhai-plus-opaley"..., "-I", "/data/source/.nanhai-plus-opaley"..., "-I", "/data/source/.nanhai-plus-opaley"..., "-I", "/data/source/.nanhai-plus-opaley"..., "/data/source/.nanhai-plus-opaley"..., "/data/source/.nanhai-plus-opaley"..., "/data/source/.nanhai-plus-opaley"..., "/data/source/.nanhai-plus-opaley"..., "/data/source/.nanhai-plus-opaley"..., "/data/source/.nanhai-plus-opaley"...], 0xc00018a230 /* 1 var */) = 0
2619730 --- SIGURG {si_signo=SIGURG, si_code=SI_TKILL, si_pid=2619705, si_uid=1000} ---
2619730 --- SIGURG {si_signo=SIGURG, si_code=SI_TKILL, si_pid=2619705, si_uid=1000} ---
2619736 --- SIGURG {si_signo=SIGURG, si_code=SI_TKILL, si_pid=2619705, si_uid=1000} ---
2619716 --- SIGCHLD {si_signo=SIGCHLD, si_code=CLD_EXITED, si_pid=2620025, si_uid=1000, si_status=0, si_utime=4 /* 0.04 s */, si_stime=1 /* 0.01 s */} ---
2620098 --- SIGURG {si_signo=SIGURG, si_code=SI_TKILL, si_pid=2620098, si_uid=1000} ---
2620112 --- SIGURG {si_signo=SIGURG, si_code=SI_TKILL, si_pid=2620101, si_uid=1000} ---
2619708 --- SIGCHLD {si_signo=SIGCHLD, si_code=CLD_EXITED, si_pid=2620098, si_uid=1000, si_status=0, si_utime=4 /* 0.04 s */, si_stime=1 /* 0.01 s */} ---
2619708 --- SIGURG {si_signo=SIGURG, si_code=SI_TKILL, si_pid=2619705, si_uid=1000} ---
2620140 execve("../../data/source/.nanhai-plus-opaleye-native/source-view/prebuilts/go/linux-x86/pkg/tool/linux_amd64/compile", ["../../data/source/.nanhai-plus-o"..., "-N", "-l", "-o", "/data/source/.nanhai-plus-opaley"..., "-p", "google.golang.org/protobuf/proto", "-complete", "-pack", "-nolocalimports", "-c", "32", "-trimpath", "/data/source/.nanhai-plus-opaley"..., "-I", "/data/source/.nanhai-plus-opaley"..., "-I", "/data/source/.nanhai-plus-opaley"..., "-I", "/data/source/.nanhai-plus-opaley"..., "-I", "/data/source/.nanhai-plus-opaley"..., "-I", "/data/source/.nanhai-plus-opaley"..., "-I", "/data/source/.nanhai-plus-opaley"..., "-I", "/data/source/.nanhai-plus-opaley"..., "-I", "/data/source/.nanhai-plus-opaley"..., "-I", "/data/source/.nanhai-plus-opaley"..., ...], 0xc0005962e0 /* 1 var */) = 0
2620140 --- SIGURG {si_signo=SIGURG, si_code=SI_TKILL, si_pid=2620140, si_uid=1000} ---
2619715 --- SIGCHLD {si_signo=SIGCHLD, si_code=CLD_EXITED, si_pid=2619959, si_uid=1000, si_status=0, si_utime=51 /* 0.51 s */, si_stime=7 /* 0.07 s */} ---
2620143 --- SIGURG {si_signo=SIGURG, si_code=SI_TKILL, si_pid=2620140, si_uid=1000} ---
2619730 --- SIGCHLD {si_signo=SIGCHLD, si_code=CLD_EXITED, si_pid=2620101, si_uid=1000, si_status=0, si_utime=8 /* 0.08 s */, si_stime=1 /* 0.01 s */} ---
2620149 --- SIGURG {si_signo=SIGURG, si_code=SI_TKILL, si_pid=2620140, si_uid=1000} ---
2620145 execve("../../data/source/.nanhai-plus-opaleye-native/source-view/prebuilts/go/linux-x86/pkg/tool/linux_amd64/compile", ["../../data/source/.nanhai-plus-o"..., "-N", "-l", "-o", "/data/source/.nanhai-plus-opaley"..., "-p", "github.com/google/blueprint/gobt"..., "-complete", "-pack", "-nolocalimports", "-c", "32", "-trimpath", "/data/source/.nanhai-plus-opaley"..., "-I", "/data/source/.nanhai-plus-opaley"..., "-I", "/data/source/.nanhai-plus-opaley"..., "-I", "/data/source/.nanhai-plus-opaley"..., "/data/source/.nanhai-plus-opaley"...], 0xc000400100 /* 1 var */) = 0
2619730 --- SIGURG {si_signo=SIGURG, si_code=SI_TKILL, si_pid=2619705, si_uid=1000} ---
2620146 execve("../../data/source/.nanhai-plus-opaleye-native/source-view/prebuilts/go/linux-x86/pkg/tool/linux_amd64/compile", ["../../data/source/.nanhai-plus-o"..., "-N", "-l", "-o", "/data/source/.nanhai-plus-opaley"..., "-p", "github.com/google/blueprint/boot"..., "-complete", "-pack", "-nolocalimports", "-c", "32", "-trimpath", "/data/source/.nanhai-plus-opaley"..., "-I", "/data/source/.nanhai-plus-opaley"..., "/data/source/.nanhai-plus-opaley"..., "/data/source/.nanhai-plus-opaley"..., "/data/source/.nanhai-plus-opaley"...], 0xc000014160 /* 1 var */ <unfinished ...>
2619715 --- SIGURG {si_signo=SIGURG, si_code=SI_TKILL, si_pid=2619705, si_uid=1000} ---
2620146 <... execve resumed>)           = 0
2620154 execve("../../data/source/.nanhai-plus-opaleye-native/source-view/prebuilts/go/linux-x86/pkg/tool/linux_amd64/compile", ["../../data/source/.nanhai-plus-o"..., "-N", "-l", "-o", "/data/source/.nanhai-plus-opaley"..., "-p", "google.golang.org/protobuf/inter"..., "-complete", "-pack", "-nolocalimports", "-c", "32", "-trimpath", "/data/source/.nanhai-plus-opaley"..., "-I", "/data/source/.nanhai-plus-opaley"..., "-I", "/data/source/.nanhai-plus-opaley"..., "-I", "/data/source/.nanhai-plus-opaley"..., "/data/source/.nanhai-plus-opaley"...], 0xc00012c150 /* 1 var */) = 0
2619730 --- SIGURG {si_signo=SIGURG, si_code=SI_TKILL, si_pid=2619705, si_uid=1000} ---
2620145 --- SIGURG {si_signo=SIGURG, si_code=SI_TKILL, si_pid=2620145, si_uid=1000} ---
2620151 --- SIGURG {si_signo=SIGURG, si_code=SI_TKILL, si_pid=2620140, si_uid=1000} ---
2620161 --- SIGURG {si_signo=SIGURG, si_code=SI_TKILL, si_pid=2620145, si_uid=1000} ---
2620158 --- SIGURG {si_signo=SIGURG, si_code=SI_TKILL, si_pid=2620146, si_uid=1000} ---
2620154 --- SIGURG {si_signo=SIGURG, si_code=SI_TKILL, si_pid=2620154, si_uid=1000} ---
2619730 --- SIGCHLD {si_signo=SIGCHLD, si_code=CLD_EXITED, si_pid=2620154, si_uid=1000, si_status=0, si_utime=1 /* 0.01 s */, si_stime=0} ---
2620148 --- SIGURG {si_signo=SIGURG, si_code=SI_TKILL, si_pid=2620140, si_uid=1000} ---
2619715 --- SIGCHLD {si_signo=SIGCHLD, si_code=CLD_EXITED, si_pid=2620146, si_uid=1000, si_status=0, si_utime=5 /* 0.05 s */, si_stime=2 /* 0.02 s */} ---
2619711 --- SIGCHLD {si_signo=SIGCHLD, si_code=CLD_EXITED, si_pid=2620145, si_uid=1000, si_status=0, si_utime=8 /* 0.08 s */, si_stime=1 /* 0.01 s */} ---
2619711 --- SIGURG {si_signo=SIGURG, si_code=SI_TKILL, si_pid=2619705, si_uid=1000} ---
2620205 execve("../../data/source/.nanhai-plus-opaleye-native/source-view/prebuilts/go/linux-x86/pkg/tool/linux_amd64/compile", ["../../data/source/.nanhai-plus-o"..., "-N", "-l", "-o", "/data/source/.nanhai-plus-opaley"..., "-p", "github.com/google/blueprint/deps"..., "-complete", "-pack", "-nolocalimports", "-c", "32", "-trimpath", "/data/source/.nanhai-plus-opaley"..., "-I", "/data/source/.nanhai-plus-opaley"..., "-I", "/data/source/.nanhai-plus-opaley"..., "/data/source/.nanhai-plus-opaley"...], 0xc000014250 /* 1 var */) = 0
2620206 execve("../../data/source/.nanhai-plus-opaleye-native/source-view/prebuilts/go/linux-x86/pkg/tool/linux_amd64/compile", ["../../data/source/.nanhai-plus-o"..., "-N", "-l", "-o", "/data/source/.nanhai-plus-opaley"..., "-p", "github.com/google/blueprint", "-complete", "-pack", "-nolocalimports", "-c", "32", "-trimpath", "/data/source/.nanhai-plus-opaley"..., "-I", "/data/source/.nanhai-plus-opaley"..., "-I", "/data/source/.nanhai-plus-opaley"..., "-I", "/data/source/.nanhai-plus-opaley"..., "-I", "/data/source/.nanhai-plus-opaley"..., "-I", "/data/source/.nanhai-plus-opaley"..., "-I", "/data/source/.nanhai-plus-opaley"..., "-I", "/data/source/.nanhai-plus-opaley"..., "-I", "/data/source/.nanhai-plus-opaley"..., "-I", "/data/source/.nanhai-plus-opaley"..., ...], 0xc0004004c0 /* 1 var */) = 0
2619708 --- SIGCHLD {si_signo=SIGCHLD, si_code=CLD_EXITED, si_pid=2620140, si_uid=1000, si_status=0, si_utime=9 /* 0.09 s */, si_stime=4 /* 0.04 s */} ---
2619708 --- SIGURG {si_signo=SIGURG, si_code=SI_TKILL, si_pid=2619705, si_uid=1000} ---
2620212 execve("../../data/source/.nanhai-plus-opaleye-native/source-view/prebuilts/go/linux-x86/pkg/tool/linux_amd64/compile", ["../../data/source/.nanhai-plus-o"..., "-N", "-l", "-o", "/data/source/.nanhai-plus-opaley"..., "-p", "android/soong/shared", "-complete", "-pack", "-nolocalimports", "-c", "32", "-trimpath", "/data/source/.nanhai-plus-opaley"..., "-I", "/data/source/.nanhai-plus-opaley"..., "/data/source/.nanhai-plus-opaley"..., "/data/source/.nanhai-plus-opaley"..., "/data/source/.nanhai-plus-opaley"..., "/data/source/.nanhai-plus-opaley"...], 0xc000596430 /* 1 var */ <unfinished ...>
2620211 execve("../../data/source/.nanhai-plus-opaleye-native/source-view/prebuilts/go/linux-x86/pkg/tool/linux_amd64/compile", ["../../data/source/.nanhai-plus-o"..., "-N", "-l", "-o", "/data/source/.nanhai-plus-opaley"..., "-p", "google.golang.org/protobuf/encod"..., "-complete", "-pack", "-nolocalimports", "-c", "32", "-trimpath", "/data/source/.nanhai-plus-opaley"..., "-I", "/data/source/.nanhai-plus-opaley"..., "-I", "/data/source/.nanhai-plus-opaley"..., "-I", "/data/source/.nanhai-plus-opaley"..., "-I", "/data/source/.nanhai-plus-opaley"..., "-I", "/data/source/.nanhai-plus-opaley"..., "-I", "/data/source/.nanhai-plus-opaley"..., "-I", "/data/source/.nanhai-plus-opaley"..., "-I", "/data/source/.nanhai-plus-opaley"..., "-I", "/data/source/.nanhai-plus-opaley"..., ...], 0xc00012c280 /* 1 var */ <unfinished ...>
2619724 --- SIGURG {si_signo=SIGURG, si_code=SI_TKILL, si_pid=2619705, si_uid=1000} ---
2620212 <... execve resumed>)           = 0
2620211 <... execve resumed>)           = 0
2619708 --- SIGURG {si_signo=SIGURG, si_code=SI_TKILL, si_pid=2619705, si_uid=1000} ---
2619708 --- SIGURG {si_signo=SIGURG, si_code=SI_TKILL, si_pid=2619705, si_uid=1000} ---
2619708 --- SIGURG {si_signo=SIGURG, si_code=SI_TKILL, si_pid=2619705, si_uid=1000} ---
2619730 --- SIGURG {si_signo=SIGURG, si_code=SI_TKILL, si_pid=2619705, si_uid=1000} ---
2619724 --- SIGURG {si_signo=SIGURG, si_code=SI_TKILL, si_pid=2619705, si_uid=1000} ---
2619716 --- SIGURG {si_signo=SIGURG, si_code=SI_TKILL, si_pid=2619705, si_uid=1000} ---
2619730 --- SIGURG {si_signo=SIGURG, si_code=SI_TKILL, si_pid=2619705, si_uid=1000} ---
2619724 --- SIGURG {si_signo=SIGURG, si_code=SI_TKILL, si_pid=2619705, si_uid=1000} ---
2619716 --- SIGURG {si_signo=SIGURG, si_code=SI_TKILL, si_pid=2619705, si_uid=1000} ---
2619731 --- SIGURG {si_signo=SIGURG, si_code=SI_TKILL, si_pid=2619705, si_uid=1000} ---
2619708 --- SIGURG {si_signo=SIGURG, si_code=SI_TKILL, si_pid=2619705, si_uid=1000} ---
2619716 --- SIGURG {si_signo=SIGURG, si_code=SI_TKILL, si_pid=2619705, si_uid=1000} ---
2619716 --- SIGURG {si_signo=SIGURG, si_code=SI_TKILL, si_pid=2619705, si_uid=1000} ---
2619708 --- SIGURG {si_signo=SIGURG, si_code=SI_TKILL, si_pid=2619705, si_uid=1000} ---
2620217 execve("../../data/source/.nanhai-plus-opaleye-native/source-view/prebuilts/go/linux-x86/pkg/tool/linux_amd64/compile", ["../../data/source/.nanhai-plus-o"..., "-N", "-l", "-o", "/data/source/.nanhai-plus-opaley"..., "-p", "google.golang.org/protobuf/inter"..., "-complete", "-pack", "-nolocalimports", "-c", "32", "-trimpath", "/data/source/.nanhai-plus-opaley"..., "-I", "/data/source/.nanhai-plus-opaley"..., "-I", "/data/source/.nanhai-plus-opaley"..., "-I", "/data/source/.nanhai-plus-opaley"..., "-I", "/data/source/.nanhai-plus-opaley"..., "-I", "/data/source/.nanhai-plus-opaley"..., "-I", "/data/source/.nanhai-plus-opaley"..., "-I", "/data/source/.nanhai-plus-opaley"..., "-I", "/data/source/.nanhai-plus-opaley"..., "-I", "/data/source/.nanhai-plus-opaley"..., ...], 0xc000312000 /* 1 var */) = 0
2619720 --- SIGURG {si_signo=SIGURG, si_code=SI_TKILL, si_pid=2619705, si_uid=1000} ---
2620205 --- SIGURG {si_signo=SIGURG, si_code=SI_TKILL, si_pid=2620205, si_uid=1000} ---
2620236 --- SIGURG {si_signo=SIGURG, si_code=SI_TKILL, si_pid=2620217, si_uid=1000} ---
2619715 --- SIGCHLD {si_signo=SIGCHLD, si_code=CLD_EXITED, si_pid=2620205, si_uid=1000, si_status=0, si_utime=1 /* 0.01 s */, si_stime=0} ---
2620212 --- SIGURG {si_signo=SIGURG, si_code=SI_TKILL, si_pid=2620212, si_uid=1000} ---
2620231 --- SIGURG {si_signo=SIGURG, si_code=SI_TKILL, si_pid=2620211, si_uid=1000} ---
2620236 --- SIGURG {si_signo=SIGURG, si_code=SI_TKILL, si_pid=2620217, si_uid=1000} ---
2619724 --- SIGCHLD {si_signo=SIGCHLD, si_code=CLD_EXITED, si_pid=2620212, si_uid=1000, si_status=0, si_utime=2 /* 0.02 s */, si_stime=1 /* 0.01 s */} ---
2620214 --- SIGURG {si_signo=SIGURG, si_code=SI_TKILL, si_pid=2620206, si_uid=1000} ---
2620231 --- SIGURG {si_signo=SIGURG, si_code=SI_TKILL, si_pid=2620211, si_uid=1000} ---
2620214 --- SIGURG {si_signo=SIGURG, si_code=SI_TKILL, si_pid=2620206, si_uid=1000} ---
2620236 --- SIGURG {si_signo=SIGURG, si_code=SI_TKILL, si_pid=2620217, si_uid=1000} ---
2619708 --- SIGCHLD {si_signo=SIGCHLD, si_code=CLD_EXITED, si_pid=2620211, si_uid=1000, si_status=0, si_utime=8 /* 0.08 s */, si_stime=2 /* 0.02 s */} ---
2620214 --- SIGURG {si_signo=SIGURG, si_code=SI_TKILL, si_pid=2620206, si_uid=1000} ---
2620236 --- SIGURG {si_signo=SIGURG, si_code=SI_TKILL, si_pid=2620217, si_uid=1000} ---
2620214 --- SIGURG {si_signo=SIGURG, si_code=SI_TKILL, si_pid=2620206, si_uid=1000} ---
2620214 --- SIGURG {si_signo=SIGURG, si_code=SI_TKILL, si_pid=2620206, si_uid=1000} ---
2619720 --- SIGCHLD {si_signo=SIGCHLD, si_code=CLD_EXITED, si_pid=2620217, si_uid=1000, si_status=0, si_utime=22 /* 0.22 s */, si_stime=4 /* 0.04 s */} ---
2620282 execve("../../data/source/.nanhai-plus-opaleye-native/source-view/prebuilts/go/linux-x86/pkg/tool/linux_amd64/compile", ["../../data/source/.nanhai-plus-o"..., "-N", "-l", "-o", "/data/source/.nanhai-plus-opaley"..., "-p", "google.golang.org/protobuf/inter"..., "-complete", "-pack", "-nolocalimports", "-c", "32", "-trimpath", "/data/source/.nanhai-plus-opaley"..., "-I", "/data/source/.nanhai-plus-opaley"..., "-I", "/data/source/.nanhai-plus-opaley"..., "-I", "/data/source/.nanhai-plus-opaley"..., "-I", "/data/source/.nanhai-plus-opaley"..., "/data/source/.nanhai-plus-opaley"...], 0xc000014090 /* 1 var */) = 0
2620282 --- SIGURG {si_signo=SIGURG, si_code=SI_TKILL, si_pid=2620282, si_uid=1000} ---
2620214 --- SIGURG {si_signo=SIGURG, si_code=SI_TKILL, si_pid=2620206, si_uid=1000} ---
2619724 --- SIGCHLD {si_signo=SIGCHLD, si_code=CLD_EXITED, si_pid=2620282, si_uid=1000, si_status=0, si_utime=1 /* 0.01 s */, si_stime=1 /* 0.01 s */} ---
2619724 --- SIGURG {si_signo=SIGURG, si_code=SI_TKILL, si_pid=2619705, si_uid=1000} ---
2619724 --- SIGURG {si_signo=SIGURG, si_code=SI_TKILL, si_pid=2619705, si_uid=1000} ---
2620291 execve("../../data/source/.nanhai-plus-opaleye-native/source-view/prebuilts/go/linux-x86/pkg/tool/linux_amd64/compile", ["../../data/source/.nanhai-plus-o"..., "-N", "-l", "-o", "/data/source/.nanhai-plus-opaley"..., "-p", "google.golang.org/protobuf/inter"..., "-complete", "-pack", "-nolocalimports", "-c", "32", "-trimpath", "/data/source/.nanhai-plus-opaley"..., "-I", "/data/source/.nanhai-plus-opaley"..., "-I", "/data/source/.nanhai-plus-opaley"..., "-I", "/data/source/.nanhai-plus-opaley"..., "-I", "/data/source/.nanhai-plus-opaley"..., "-I", "/data/source/.nanhai-plus-opaley"..., "-I", "/data/source/.nanhai-plus-opaley"..., "-I", "/data/source/.nanhai-plus-opaley"..., "-I", "/data/source/.nanhai-plus-opaley"..., "-I", "/data/source/.nanhai-plus-opaley"..., ...], 0xc000312550 /* 1 var */) = 0
2620214 --- SIGURG {si_signo=SIGURG, si_code=SI_TKILL, si_pid=2620206, si_uid=1000} ---
2620293 --- SIGURG {si_signo=SIGURG, si_code=SI_TKILL, si_pid=2620291, si_uid=1000} ---
2620294 --- SIGURG {si_signo=SIGURG, si_code=SI_TKILL, si_pid=2620291, si_uid=1000} ---
2620214 --- SIGURG {si_signo=SIGURG, si_code=SI_TKILL, si_pid=2620206, si_uid=1000} ---
2620293 --- SIGURG {si_signo=SIGURG, si_code=SI_TKILL, si_pid=2620291, si_uid=1000} ---
2620214 --- SIGURG {si_signo=SIGURG, si_code=SI_TKILL, si_pid=2620206, si_uid=1000} ---
2620293 --- SIGURG {si_signo=SIGURG, si_code=SI_TKILL, si_pid=2620291, si_uid=1000} ---
2620293 --- SIGURG {si_signo=SIGURG, si_code=SI_TKILL, si_pid=2620291, si_uid=1000} ---
2620293 --- SIGURG {si_signo=SIGURG, si_code=SI_TKILL, si_pid=2620291, si_uid=1000} ---
2620293 --- SIGURG {si_signo=SIGURG, si_code=SI_TKILL, si_pid=2620291, si_uid=1000} ---
2620307 --- SIGURG {si_signo=SIGURG, si_code=SI_TKILL, si_pid=2620206, si_uid=1000} ---
2620303 --- SIGURG {si_signo=SIGURG, si_code=SI_TKILL, si_pid=2620291, si_uid=1000} ---
2620307 --- SIGURG {si_signo=SIGURG, si_code=SI_TKILL, si_pid=2620206, si_uid=1000} ---
2620303 --- SIGURG {si_signo=SIGURG, si_code=SI_TKILL, si_pid=2620291, si_uid=1000} ---
2620303 --- SIGURG {si_signo=SIGURG, si_code=SI_TKILL, si_pid=2620291, si_uid=1000} ---
2620303 --- SIGURG {si_signo=SIGURG, si_code=SI_TKILL, si_pid=2620291, si_uid=1000} ---
2619711 --- SIGCHLD {si_signo=SIGCHLD, si_code=CLD_EXITED, si_pid=2620206, si_uid=1000, si_status=0, si_utime=101 /* 1.01 s */, si_stime=15 /* 0.15 s */} ---
2619711 --- SIGURG {si_signo=SIGURG, si_code=SI_TKILL, si_pid=2619705, si_uid=1000} ---
2620327 execve("../../data/source/.nanhai-plus-opaleye-native/source-view/prebuilts/go/linux-x86/pkg/tool/linux_amd64/compile", ["../../data/source/.nanhai-plus-o"..., "-N", "-l", "-o", "/data/source/.nanhai-plus-opaley"..., "-p", "github.com/google/blueprint/boot"..., "-complete", "-pack", "-nolocalimports", "-c", "32", "-trimpath", "/data/source/.nanhai-plus-opaley"..., "-I", "/data/source/.nanhai-plus-opaley"..., "-I", "/data/source/.nanhai-plus-opaley"..., "-I", "/data/source/.nanhai-plus-opaley"..., "-I", "/data/source/.nanhai-plus-opaley"..., "-I", "/data/source/.nanhai-plus-opaley"..., "/data/source/.nanhai-plus-opaley"..., "/data/source/.nanhai-plus-opaley"..., "/data/source/.nanhai-plus-opaley"..., "/data/source/.nanhai-plus-opaley"...], 0xc000400100 /* 1 var */) = 0
2620338 --- SIGURG {si_signo=SIGURG, si_code=SI_TKILL, si_pid=2620327, si_uid=1000} ---
2620338 --- SIGURG {si_signo=SIGURG, si_code=SI_TKILL, si_pid=2620327, si_uid=1000} ---
2620338 --- SIGURG {si_signo=SIGURG, si_code=SI_TKILL, si_pid=2620327, si_uid=1000} ---
2620338 --- SIGURG {si_signo=SIGURG, si_code=SI_TKILL, si_pid=2620327, si_uid=1000} ---
2620331 --- SIGURG {si_signo=SIGURG, si_code=SI_TKILL, si_pid=2620291, si_uid=1000} ---
2620338 --- SIGURG {si_signo=SIGURG, si_code=SI_TKILL, si_pid=2620327, si_uid=1000} ---
2619724 --- SIGCHLD {si_signo=SIGCHLD, si_code=CLD_EXITED, si_pid=2620291, si_uid=1000, si_status=0, si_utime=82 /* 0.82 s */, si_stime=11 /* 0.11 s */} ---
2619724 --- SIGURG {si_signo=SIGURG, si_code=SI_TKILL, si_pid=2619705, si_uid=1000} ---
2620367 execve("../../data/source/.nanhai-plus-opaleye-native/source-view/prebuilts/go/linux-x86/pkg/tool/linux_amd64/compile", ["../../data/source/.nanhai-plus-o"..., "-N", "-l", "-o", "/data/source/.nanhai-plus-opaley"..., "-p", "google.golang.org/protobuf/inter"..., "-complete", "-pack", "-nolocalimports", "-c", "32", "-trimpath", "/data/source/.nanhai-plus-opaley"..., "-I", "/data/source/.nanhai-plus-opaley"..., "-I", "/data/source/.nanhai-plus-opaley"..., "-I", "/data/source/.nanhai-plus-opaley"..., "-I", "/data/source/.nanhai-plus-opaley"..., "-I", "/data/source/.nanhai-plus-opaley"..., "/data/source/.nanhai-plus-opaley"...], 0xc000014100 /* 1 var */) = 0
2620367 --- SIGURG {si_signo=SIGURG, si_code=SI_TKILL, si_pid=2620367, si_uid=1000} ---
2619724 --- SIGCHLD {si_signo=SIGCHLD, si_code=CLD_EXITED, si_pid=2620367, si_uid=1000, si_status=0, si_utime=2 /* 0.02 s */, si_stime=1 /* 0.01 s */} ---
2619724 --- SIGURG {si_signo=SIGURG, si_code=SI_TKILL, si_pid=2619705, si_uid=1000} ---
2620383 execve("../../data/source/.nanhai-plus-opaleye-native/source-view/prebuilts/go/linux-x86/pkg/tool/linux_amd64/compile", ["../../data/source/.nanhai-plus-o"..., "-N", "-l", "-o", "/data/source/.nanhai-plus-opaley"..., "-p", "google.golang.org/protobuf/runti"..., "-complete", "-pack", "-nolocalimports", "-c", "32", "-trimpath", "/data/source/.nanhai-plus-opaley"..., "-I", "/data/source/.nanhai-plus-opaley"..., "-I", "/data/source/.nanhai-plus-opaley"..., "-I", "/data/source/.nanhai-plus-opaley"..., "-I", "/data/source/.nanhai-plus-opaley"..., "/data/source/.nanhai-plus-opaley"..., "/data/source/.nanhai-plus-opaley"...], 0xc0000141a0 /* 1 var */) = 0
2620336 --- SIGURG {si_signo=SIGURG, si_code=SI_TKILL, si_pid=2620327, si_uid=1000} ---
2619724 --- SIGCHLD {si_signo=SIGCHLD, si_code=CLD_EXITED, si_pid=2620383, si_uid=1000, si_status=0, si_utime=1 /* 0.01 s */, si_stime=0} ---
2619724 --- SIGURG {si_signo=SIGURG, si_code=SI_TKILL, si_pid=2619705, si_uid=1000} ---
2619724 --- SIGURG {si_signo=SIGURG, si_code=SI_TKILL, si_pid=2619705, si_uid=1000} ---
2620393 execve("../../data/source/.nanhai-plus-opaleye-native/source-view/prebuilts/go/linux-x86/pkg/tool/linux_amd64/compile", ["../../data/source/.nanhai-plus-o"..., "-N", "-l", "-o", "/data/source/.nanhai-plus-opaley"..., "-p", "android/soong/ui/status/build_pr"..., "-complete", "-pack", "-nolocalimports", "-c", "32", "-trimpath", "/data/source/.nanhai-plus-opaley"..., "-I", "/data/source/.nanhai-plus-opaley"..., "-I", "/data/source/.nanhai-plus-opaley"..., "/data/source/.nanhai-plus-opaley"...], 0xc00018a0f0 /* 1 var */ <unfinished ...>
2620392 execve("../../data/source/.nanhai-plus-opaleye-native/source-view/prebuilts/go/linux-x86/pkg/tool/linux_amd64/compile", ["../../data/source/.nanhai-plus-o"..., "-N", "-l", "-o", "/data/source/.nanhai-plus-opaley"..., "-p", "android/soong/cmd/find_input_del"..., "-complete", "-pack", "-nolocalimports", "-c", "32", "-trimpath", "/data/source/.nanhai-plus-opaley"..., "-I", "/data/source/.nanhai-plus-opaley"..., "-I", "/data/source/.nanhai-plus-opaley"..., "/data/source/.nanhai-plus-opaley"...], 0xc0005960e0 /* 1 var */ <unfinished ...>
2620394 execve("../../data/source/.nanhai-plus-opaleye-native/source-view/prebuilts/go/linux-x86/pkg/tool/linux_amd64/compile", ["../../data/source/.nanhai-plus-o"..., "-N", "-l", "-o", "/data/source/.nanhai-plus-opaley"..., "-p", "android/soong/ui/metrics/mk_metr"..., "-complete", "-pack", "-nolocalimports", "-c", "32", "-trimpath", "/data/source/.nanhai-plus-opaley"..., "-I", "/data/source/.nanhai-plus-opaley"..., "-I", "/data/source/.nanhai-plus-opaley"..., "/data/source/.nanhai-plus-opaley"...], 0xc0003126c0 /* 1 var */ <unfinished ...>
2620393 <... execve resumed>)           = 0
2620391 execve("../../data/source/.nanhai-plus-opaleye-native/source-view/prebuilts/go/linux-x86/pkg/tool/linux_amd64/compile", ["../../data/source/.nanhai-plus-o"..., "-N", "-l", "-o", "/data/source/.nanhai-plus-opaley"..., "-p", "android/soong/ui/metrics/upload_"..., "-complete", "-pack", "-nolocalimports", "-c", "32", "-trimpath", "/data/source/.nanhai-plus-opaley"..., "-I", "/data/source/.nanhai-plus-opaley"..., "-I", "/data/source/.nanhai-plus-opaley"..., "/data/source/.nanhai-plus-opaley"...], 0xc000014290 /* 1 var */ <unfinished ...>
2620395 execve("../../data/source/.nanhai-plus-opaleye-native/source-view/prebuilts/go/linux-x86/pkg/tool/linux_amd64/compile", ["../../data/source/.nanhai-plus-o"..., "-N", "-l", "-o", "/data/source/.nanhai-plus-opaley"..., "-p", "android/soong/ui/status/build_er"..., "-complete", "-pack", "-nolocalimports", "-c", "32", "-trimpath", "/data/source/.nanhai-plus-opaley"..., "-I", "/data/source/.nanhai-plus-opaley"..., "-I", "/data/source/.nanhai-plus-opaley"..., "/data/source/.nanhai-plus-opaley"...], 0xc00012c140 /* 1 var */ <unfinished ...>
2620394 <... execve resumed>)           = 0
2620391 <... execve resumed>)           = 0
2620392 <... execve resumed>)           = 0
2620395 <... execve resumed>)           = 0
2620396 execve("../../data/source/.nanhai-plus-opaleye-native/source-view/prebuilts/go/linux-x86/pkg/tool/linux_amd64/compile", ["../../data/source/.nanhai-plus-o"..., "-N", "-l", "-o", "/data/source/.nanhai-plus-opaley"..., "-p", "android/soong/ui/metrics/metrics"..., "-complete", "-pack", "-nolocalimports", "-c", "32", "-trimpath", "/data/source/.nanhai-plus-opaley"..., "-I", "/data/source/.nanhai-plus-opaley"..., "-I", "/data/source/.nanhai-plus-opaley"..., "/data/source/.nanhai-plus-opaley"...], 0xc0003940e0 /* 1 var */) = 0
2620397 execve("../../data/source/.nanhai-plus-opaleye-native/source-view/prebuilts/go/linux-x86/pkg/tool/linux_amd64/compile", ["../../data/source/.nanhai-plus-o"..., "-N", "-l", "-o", "/data/source/.nanhai-plus-opaley"..., "-p", "android/soong/ui/status/ninja_fr"..., "-complete", "-pack", "-nolocalimports", "-c", "32", "-trimpath", "/data/source/.nanhai-plus-opaley"..., "-I", "/data/source/.nanhai-plus-opaley"..., "-I", "/data/source/.nanhai-plus-opaley"..., "/data/source/.nanhai-plus-opaley"...], 0xc000400300 /* 1 var */) = 0
2619718 --- SIGCHLD {si_signo=SIGCHLD, si_code=CLD_EXITED, si_pid=2620327, si_uid=1000, si_status=0, si_utime=47 /* 0.47 s */, si_stime=8 /* 0.08 s */} ---
2620393 --- SIGURG {si_signo=SIGURG, si_code=SI_TKILL, si_pid=2620393, si_uid=1000} ---
2620395 --- SIGURG {si_signo=SIGURG, si_code=SI_TKILL, si_pid=2620395, si_uid=1000} ---
2620394 --- SIGURG {si_signo=SIGURG, si_code=SI_TKILL, si_pid=2620394, si_uid=1000} ---
2620396 --- SIGURG {si_signo=SIGURG, si_code=SI_TKILL, si_pid=2620396, si_uid=1000} ---
2620392 --- SIGURG {si_signo=SIGURG, si_code=SI_TKILL, si_pid=2620392, si_uid=1000} ---
2620393 --- SIGURG {si_signo=SIGURG, si_code=SI_TKILL, si_pid=2620393, si_uid=1000} ---
2620397 --- SIGURG {si_signo=SIGURG, si_code=SI_TKILL, si_pid=2620397, si_uid=1000} ---
2620391 --- SIGURG {si_signo=SIGURG, si_code=SI_TKILL, si_pid=2620391, si_uid=1000} ---
2619715 --- SIGCHLD {si_signo=SIGCHLD, si_code=CLD_EXITED, si_pid=2620394, si_uid=1000, si_status=0, si_utime=1 /* 0.01 s */, si_stime=0} ---
2619711 --- SIGCHLD {si_signo=SIGCHLD, si_code=CLD_EXITED, si_pid=2620393, si_uid=1000, si_status=0, si_utime=1 /* 0.01 s */, si_stime=1 /* 0.01 s */} ---
2619724 --- SIGCHLD {si_signo=SIGCHLD, si_code=CLD_EXITED, si_pid=2620391, si_uid=1000, si_status=0, si_utime=1 /* 0.01 s */, si_stime=1 /* 0.01 s */} ---
2619708 --- SIGCHLD {si_signo=SIGCHLD, si_code=CLD_EXITED, si_pid=2620395, si_uid=1000, si_status=0, si_utime=1 /* 0.01 s */, si_stime=1 /* 0.01 s */} ---
2619708 --- SIGURG {si_signo=SIGURG, si_code=SI_TKILL, si_pid=2619705, si_uid=1000} ---
2619708 --- SIGCHLD {si_signo=SIGCHLD, si_code=CLD_EXITED, si_pid=2620392, si_uid=1000, si_status=0, si_utime=2 /* 0.02 s */, si_stime=0} ---
2620396 --- SIGURG {si_signo=SIGURG, si_code=SI_TKILL, si_pid=2620396, si_uid=1000} ---
2619736 --- SIGURG {si_signo=SIGURG, si_code=SI_TKILL, si_pid=2619705, si_uid=1000} ---
2619708 --- SIGURG {si_signo=SIGURG, si_code=SI_TKILL, si_pid=2619705, si_uid=1000} ---
2619724 --- SIGURG {si_signo=SIGURG, si_code=SI_TKILL, si_pid=2619705, si_uid=1000} ---
2619720 --- SIGURG {si_signo=SIGURG, si_code=SI_TKILL, si_pid=2619705, si_uid=1000} ---
2619708 --- SIGURG {si_signo=SIGURG, si_code=SI_TKILL, si_pid=2619705, si_uid=1000} ---
2619736 --- SIGURG {si_signo=SIGURG, si_code=SI_TKILL, si_pid=2619705, si_uid=1000} ---
2619720 --- SIGURG {si_signo=SIGURG, si_code=SI_TKILL, si_pid=2619705, si_uid=1000} ---
2620459 execve("../../data/source/.nanhai-plus-opaleye-native/source-view/prebuilts/go/linux-x86/pkg/tool/linux_amd64/compile", ["../../data/source/.nanhai-plus-o"..., "-N", "-l", "-o", "/data/source/.nanhai-plus-opaley"..., "-p", "android/soong/ui/metrics/executi"..., "-complete", "-pack", "-nolocalimports", "-c", "32", "-trimpath", "/data/source/.nanhai-plus-opaley"..., "-I", "/data/source/.nanhai-plus-opaley"..., "-I", "/data/source/.nanhai-plus-opaley"..., "-I", "/data/source/.nanhai-plus-opaley"..., "/data/source/.nanhai-plus-opaley"...], 0xc000596200 /* 1 var */ <unfinished ...>
2619711 --- SIGURG {si_signo=SIGURG, si_code=SI_TKILL, si_pid=2619705, si_uid=1000} ---
2620459 <... execve resumed>)           = 0
2619718 --- SIGCHLD {si_signo=SIGCHLD, si_code=CLD_EXITED, si_pid=2620397, si_uid=1000, si_status=0, si_utime=3 /* 0.03 s */, si_stime=1 /* 0.01 s */} ---
2620459 --- SIGURG {si_signo=SIGURG, si_code=SI_TKILL, si_pid=2620459, si_uid=1000} ---
2620396 --- SIGURG {si_signo=SIGURG, si_code=SI_TKILL, si_pid=2620396, si_uid=1000} ---
2619711 --- SIGCHLD {si_signo=SIGCHLD, si_code=CLD_EXITED, si_pid=2620459, si_uid=1000, si_status=0, si_utime=1 /* 0.01 s */, si_stime=1 /* 0.01 s */} ---
2619716 --- SIGCHLD {si_signo=SIGCHLD, si_code=CLD_EXITED, si_pid=2620396, si_uid=1000, si_status=0, si_utime=9 /* 0.09 s */, si_stime=2 /* 0.02 s */} ---
2619716 --- SIGURG {si_signo=SIGURG, si_code=SI_TKILL, si_pid=2619705, si_uid=1000} ---
2620482 execve("../../data/source/.nanhai-plus-opaleye-native/source-view/prebuilts/go/linux-x86/pkg/tool/linux_amd64/compile", ["../../data/source/.nanhai-plus-o"..., "-N", "-l", "-o", "/data/source/.nanhai-plus-opaley"..., "-p", "android/soong/ui/metrics", "-complete", "-pack", "-nolocalimports", "-c", "32", "-trimpath", "/data/source/.nanhai-plus-opaley"..., "-I", "/data/source/.nanhai-plus-opaley"..., "-I", "/data/source/.nanhai-plus-opaley"..., "-I", "/data/source/.nanhai-plus-opaley"..., "-I", "/data/source/.nanhai-plus-opaley"..., "-I", "/data/source/.nanhai-plus-opaley"..., "/data/source/.nanhai-plus-opaley"..., "/data/source/.nanhai-plus-opaley"..., "/data/source/.nanhai-plus-opaley"..., "/data/source/.nanhai-plus-opaley"...], 0xc00012c130 /* 1 var */) = 0
2620487 --- SIGURG {si_signo=SIGURG, si_code=SI_TKILL, si_pid=2620482, si_uid=1000} ---
2619716 --- SIGCHLD {si_signo=SIGCHLD, si_code=CLD_EXITED, si_pid=2620482, si_uid=1000, si_status=0, si_utime=4 /* 0.04 s */, si_stime=1 /* 0.01 s */} ---
2620496 execve("../../data/source/.nanhai-plus-opaleye-native/source-view/prebuilts/go/linux-x86/pkg/tool/linux_amd64/compile", ["../../data/source/.nanhai-plus-o"..., "-N", "-l", "-o", "/data/source/.nanhai-plus-opaley"..., "-p", "android/soong/ui/logger", "-complete", "-pack", "-nolocalimports", "-c", "32", "-trimpath", "/data/source/.nanhai-plus-opaley"..., "-I", "/data/source/.nanhai-plus-opaley"..., "/data/source/.nanhai-plus-opaley"...], 0xc00012c1a0 /* 1 var */) = 0
2620496 --- SIGURG {si_signo=SIGURG, si_code=SI_TKILL, si_pid=2620496, si_uid=1000} ---
2619716 --- SIGCHLD {si_signo=SIGCHLD, si_code=CLD_EXITED, si_pid=2620496, si_uid=1000, si_status=0, si_utime=2 /* 0.02 s */, si_stime=1 /* 0.01 s */} ---
2620508 execve("../../data/source/.nanhai-plus-opaleye-native/source-view/prebuilts/go/linux-x86/pkg/tool/linux_amd64/compile", ["../../data/source/.nanhai-plus-o"..., "-N", "-l", "-o", "/data/source/.nanhai-plus-opaley"..., "-p", "android/soong/ui/signal", "-complete", "-pack", "-nolocalimports", "-c", "32", "-trimpath", "/data/source/.nanhai-plus-opaley"..., "-I", "/data/source/.nanhai-plus-opaley"..., "/data/source/.nanhai-plus-opaley"...], 0xc000014130 /* 1 var */) = 0
2620509 execve("../../data/source/.nanhai-plus-opaleye-native/source-view/prebuilts/go/linux-x86/pkg/tool/linux_amd64/compile", ["../../data/source/.nanhai-plus-o"..., "-N", "-l", "-o", "/data/source/.nanhai-plus-opaley"..., "-p", "android/soong/ui/execution_metri"..., "-complete", "-pack", "-nolocalimports", "-c", "32", "-trimpath", "/data/source/.nanhai-plus-opaley"..., "-I", "/data/source/.nanhai-plus-opaley"..., "-I", "/data/source/.nanhai-plus-opaley"..., "-I", "/data/source/.nanhai-plus-opaley"..., "-I", "/data/source/.nanhai-plus-opaley"..., "-I", "/data/source/.nanhai-plus-opaley"..., "-I", "/data/source/.nanhai-plus-opaley"..., "-I", "/data/source/.nanhai-plus-opaley"..., "/data/source/.nanhai-plus-opaley"...], 0xc000400200 /* 1 var */) = 0
2620510 execve("../../data/source/.nanhai-plus-opaleye-native/source-view/prebuilts/go/linux-x86/pkg/tool/linux_amd64/compile", ["../../data/source/.nanhai-plus-o"..., "-N", "-l", "-o", "/data/source/.nanhai-plus-opaley"..., "-p", "android/soong/ui/status", "-complete", "-pack", "-nolocalimports", "-c", "32", "-trimpath", "/data/source/.nanhai-plus-opaley"..., "-I", "/data/source/.nanhai-plus-opaley"..., "-I", "/data/source/.nanhai-plus-opaley"..., "-I", "/data/source/.nanhai-plus-opaley"..., "-I", "/data/source/.nanhai-plus-opaley"..., "-I", "/data/source/.nanhai-plus-opaley"..., "-I", "/data/source/.nanhai-plus-opaley"..., "-I", "/data/source/.nanhai-plus-opaley"..., "/data/source/.nanhai-plus-opaley"..., "/data/source/.nanhai-plus-opaley"..., "/data/source/.nanhai-plus-opaley"..., "/data/source/.nanhai-plus-opaley"..., ...], 0xc00012c320 /* 1 var */) = 0
2620509 --- SIGURG {si_signo=SIGURG, si_code=SI_TKILL, si_pid=2620509, si_uid=1000} ---
2620513 --- SIGURG {si_signo=SIGURG, si_code=SI_TKILL, si_pid=2620510, si_uid=1000} ---
2620508 --- SIGURG {si_signo=SIGURG, si_code=SI_TKILL, si_pid=2620508, si_uid=1000} ---
2620521 --- SIGURG {si_signo=SIGURG, si_code=SI_TKILL, si_pid=2620509, si_uid=1000} ---
2619716 --- SIGCHLD {si_signo=SIGCHLD, si_code=CLD_EXITED, si_pid=2620508, si_uid=1000, si_status=0, si_utime=0, si_stime=0} ---
2620514 --- SIGURG {si_signo=SIGURG, si_code=SI_TKILL, si_pid=2620510, si_uid=1000} ---
2619708 --- SIGCHLD {si_signo=SIGCHLD, si_code=CLD_EXITED, si_pid=2620509, si_uid=1000, si_status=0, si_utime=3 /* 0.03 s */, si_stime=1 /* 0.01 s */} ---
2619708 --- SIGURG {si_signo=SIGURG, si_code=SI_TKILL, si_pid=2619705, si_uid=1000} ---
2620514 --- SIGURG {si_signo=SIGURG, si_code=SI_TKILL, si_pid=2620510, si_uid=1000} ---
2619711 --- SIGCHLD {si_signo=SIGCHLD, si_code=CLD_EXITED, si_pid=2620510, si_uid=1000, si_status=0, si_utime=7 /* 0.07 s */, si_stime=1 /* 0.01 s */} ---
2620549 execve("../../data/source/.nanhai-plus-opaleye-native/source-view/prebuilts/go/linux-x86/pkg/tool/linux_amd64/compile", ["../../data/source/.nanhai-plus-o"..., "-N", "-l", "-o", "/data/source/.nanhai-plus-opaley"..., "-p", "android/soong/ui/tracer", "-complete", "-pack", "-nolocalimports", "-c", "32", "-trimpath", "/data/source/.nanhai-plus-opaley"..., "-I", "/data/source/.nanhai-plus-opaley"..., "-I", "/data/source/.nanhai-plus-opaley"..., "/data/source/.nanhai-plus-opaley"..., "/data/source/.nanhai-plus-opaley"..., "/data/source/.nanhai-plus-opaley"...], 0xc000014270 /* 1 var */ <unfinished ...>
2619711 --- SIGURG {si_signo=SIGURG, si_code=SI_TKILL, si_pid=2619705, si_uid=1000} ---
2620549 <... execve resumed>)           = 0
2620550 execve("../../data/source/.nanhai-plus-opaleye-native/source-view/prebuilts/go/linux-x86/pkg/tool/linux_amd64/compile", ["../../data/source/.nanhai-plus-o"..., "-N", "-l", "-o", "/data/source/.nanhai-plus-opaley"..., "-p", "android/soong/ui/terminal", "-complete", "-pack", "-nolocalimports", "-c", "32", "-trimpath", "/data/source/.nanhai-plus-opaley"..., "-I", "/data/source/.nanhai-plus-opaley"..., "/data/source/.nanhai-plus-opaley"..., "/data/source/.nanhai-plus-opaley"..., "/data/source/.nanhai-plus-opaley"..., "/data/source/.nanhai-plus-opaley"..., "/data/source/.nanhai-plus-opaley"..., "/data/source/.nanhai-plus-opaley"..., "/data/source/.nanhai-plus-opaley"...], 0xc00012c4d0 /* 1 var */) = 0
2620549 --- SIGURG {si_signo=SIGURG, si_code=SI_TKILL, si_pid=2620549, si_uid=1000} ---
2620559 --- SIGURG {si_signo=SIGURG, si_code=SI_TKILL, si_pid=2620550, si_uid=1000} ---
2620549 --- SIGURG {si_signo=SIGURG, si_code=SI_TKILL, si_pid=2620549, si_uid=1000} ---
2619711 --- SIGCHLD {si_signo=SIGCHLD, si_code=CLD_EXITED, si_pid=2620549, si_uid=1000, si_status=0, si_utime=3 /* 0.03 s */, si_stime=2 /* 0.02 s */} ---
2619711 --- SIGURG {si_signo=SIGURG, si_code=SI_TKILL, si_pid=2619705, si_uid=1000} ---
2619711 --- SIGCHLD {si_signo=SIGCHLD, si_code=CLD_EXITED, si_pid=2620550, si_uid=1000, si_status=0, si_utime=5 /* 0.05 s */, si_stime=2 /* 0.02 s */} ---
2619716 --- SIGURG {si_signo=SIGURG, si_code=SI_TKILL, si_pid=2619705, si_uid=1000} ---
2620580 execve("../../data/source/.nanhai-plus-opaleye-native/source-view/prebuilts/go/linux-x86/pkg/tool/linux_amd64/compile", ["../../data/source/.nanhai-plus-o"..., "-N", "-l", "-o", "/data/source/.nanhai-plus-opaley"..., "-p", "android/soong/ui/build", "-complete", "-pack", "-nolocalimports", "-c", "32", "-trimpath", "/data/source/.nanhai-plus-opaley"..., "-I", "/data/source/.nanhai-plus-opaley"..., "-I", "/data/source/.nanhai-plus-opaley"..., "-I", "/data/source/.nanhai-plus-opaley"..., "-I", "/data/source/.nanhai-plus-opaley"..., "-I", "/data/source/.nanhai-plus-opaley"..., "-I", "/data/source/.nanhai-plus-opaley"..., "-I", "/data/source/.nanhai-plus-opaley"..., "-I", "/data/source/.nanhai-plus-opaley"..., "-I", "/data/source/.nanhai-plus-opaley"..., ...], 0xc00018a390 /* 1 var */) = 0
2620582 --- SIGURG {si_signo=SIGURG, si_code=SI_TKILL, si_pid=2620580, si_uid=1000} ---
2620582 --- SIGURG {si_signo=SIGURG, si_code=SI_TKILL, si_pid=2620580, si_uid=1000} ---
2620582 --- SIGURG {si_signo=SIGURG, si_code=SI_TKILL, si_pid=2620580, si_uid=1000} ---
2620590 --- SIGURG {si_signo=SIGURG, si_code=SI_TKILL, si_pid=2620580, si_uid=1000} ---
2620590 --- SIGURG {si_signo=SIGURG, si_code=SI_TKILL, si_pid=2620580, si_uid=1000} ---
2620590 --- SIGURG {si_signo=SIGURG, si_code=SI_TKILL, si_pid=2620580, si_uid=1000} ---
2620590 --- SIGURG {si_signo=SIGURG, si_code=SI_TKILL, si_pid=2620580, si_uid=1000} ---
2620590 --- SIGURG {si_signo=SIGURG, si_code=SI_TKILL, si_pid=2620580, si_uid=1000} ---
2619711 --- SIGCHLD {si_signo=SIGCHLD, si_code=CLD_EXITED, si_pid=2620580, si_uid=1000, si_status=0, si_utime=59 /* 0.59 s */, si_stime=10 /* 0.10 s */} ---
2619711 --- SIGURG {si_signo=SIGURG, si_code=SI_TKILL, si_pid=2619705, si_uid=1000} ---
2620611 execve("../../data/source/.nanhai-plus-opaleye-native/source-view/prebuilts/go/linux-x86/pkg/tool/linux_amd64/compile", ["../../data/source/.nanhai-plus-o"..., "-N", "-l", "-o", "/data/source/.nanhai-plus-opaley"..., "-p", "main", "-complete", "-pack", "-nolocalimports", "-c", "32", "-trimpath", "/data/source/.nanhai-plus-opaley"..., "-I", "/data/source/.nanhai-plus-opaley"..., "-I", "/data/source/.nanhai-plus-opaley"..., "-I", "/data/source/.nanhai-plus-opaley"..., "-I", "/data/source/.nanhai-plus-opaley"..., "-I", "/data/source/.nanhai-plus-opaley"..., "-I", "/data/source/.nanhai-plus-opaley"..., "-I", "/data/source/.nanhai-plus-opaley"..., "-I", "/data/source/.nanhai-plus-opaley"..., "-I", "/data/source/.nanhai-plus-opaley"..., ...], 0xc00018a4b0 /* 1 var */) = 0
2620611 --- SIGURG {si_signo=SIGURG, si_code=SI_TKILL, si_pid=2620611, si_uid=1000} ---
2620611 --- SIGURG {si_signo=SIGURG, si_code=SI_TKILL, si_pid=2620611, si_uid=1000} ---
2619711 --- SIGCHLD {si_signo=SIGCHLD, si_code=CLD_EXITED, si_pid=2620611, si_uid=1000, si_status=0, si_utime=5 /* 0.05 s */, si_stime=2 /* 0.02 s */} ---
2620627 execve("../../data/source/.nanhai-plus-opaleye-native/source-view/prebuilts/go/linux-x86/pkg/tool/linux_amd64/link", ["../../data/source/.nanhai-plus-o"..., "-o", "/data/source/.nanhai-plus-opaley"..., "-L", "/data/source/.nanhai-plus-opaley"..., "-L", "/data/source/.nanhai-plus-opaley"..., "-L", "/data/source/.nanhai-plus-opaley"..., "-L", "/data/source/.nanhai-plus-opaley"..., "-L", "/data/source/.nanhai-plus-opaley"..., "-L", "/data/source/.nanhai-plus-opaley"..., "-L", "/data/source/.nanhai-plus-opaley"..., "-L", "/data/source/.nanhai-plus-opaley"..., "-L", "/data/source/.nanhai-plus-opaley"..., "-L", "/data/source/.nanhai-plus-opaley"..., "-L", "/data/source/.nanhai-plus-opaley"..., "-L", "/data/source/.nanhai-plus-opaley"..., "-L", "/data/source/.nanhai-plus-opaley"..., "-L", "/data/source/.nanhai-plus-opaley"..., "-L", ...], 0xc00012c610 /* 1 var */) = 0
2620627 --- SIGURG {si_signo=SIGURG, si_code=SI_TKILL, si_pid=2620627, si_uid=1000} ---
2620627 --- SIGURG {si_signo=SIGURG, si_code=SI_TKILL, si_pid=2620627, si_uid=1000} ---
2620629 --- SIGURG {si_signo=SIGURG, si_code=SI_TKILL, si_pid=2620627, si_uid=1000} ---
2620631 --- SIGURG {si_signo=SIGURG, si_code=SI_TKILL, si_pid=2620627, si_uid=1000} ---
2620630 --- SIGURG {si_signo=SIGURG, si_code=SI_TKILL, si_pid=2620627, si_uid=1000} ---
2620630 --- SIGURG {si_signo=SIGURG, si_code=SI_TKILL, si_pid=2620627, si_uid=1000} ---
2620632 --- SIGURG {si_signo=SIGURG, si_code=SI_TKILL, si_pid=2620627, si_uid=1000} ---
2620632 --- SIGURG {si_signo=SIGURG, si_code=SI_TKILL, si_pid=2620627, si_uid=1000} ---
2620627 --- SIGURG {si_signo=SIGURG, si_code=SI_TKILL, si_pid=2620627, si_uid=1000} ---
2620632 --- SIGURG {si_signo=SIGURG, si_code=SI_TKILL, si_pid=2620627, si_uid=1000} ---
2620630 --- SIGURG {si_signo=SIGURG, si_code=SI_TKILL, si_pid=2620627, si_uid=1000} ---
2620630 --- SIGURG {si_signo=SIGURG, si_code=SI_TKILL, si_pid=2620627, si_uid=1000} ---
2620632 --- SIGURG {si_signo=SIGURG, si_code=SI_TKILL, si_pid=2620627, si_uid=1000} ---
2620631 --- SIGURG {si_signo=SIGURG, si_code=SI_TKILL, si_pid=2620627, si_uid=1000} ---
2620629 --- SIGURG {si_signo=SIGURG, si_code=SI_TKILL, si_pid=2620627, si_uid=1000} ---
2620630 --- SIGURG {si_signo=SIGURG, si_code=SI_TKILL, si_pid=2620627, si_uid=1000} ---
2620630 --- SIGURG {si_signo=SIGURG, si_code=SI_TKILL, si_pid=2620627, si_uid=1000} ---
2620633 --- SIGURG {si_signo=SIGURG, si_code=SI_TKILL, si_pid=2620627, si_uid=1000} ---
2620629 --- SIGURG {si_signo=SIGURG, si_code=SI_TKILL, si_pid=2620627, si_uid=1000} ---
2620633 --- SIGURG {si_signo=SIGURG, si_code=SI_TKILL, si_pid=2620627, si_uid=1000} ---
2620630 --- SIGURG {si_signo=SIGURG, si_code=SI_TKILL, si_pid=2620627, si_uid=1000} ---
2620633 --- SIGURG {si_signo=SIGURG, si_code=SI_TKILL, si_pid=2620627, si_uid=1000} ---
2620629 --- SIGURG {si_signo=SIGURG, si_code=SI_TKILL, si_pid=2620627, si_uid=1000} ---
2620629 --- SIGURG {si_signo=SIGURG, si_code=SI_TKILL, si_pid=2620627, si_uid=1000} ---
2620629 --- SIGURG {si_signo=SIGURG, si_code=SI_TKILL, si_pid=2620627, si_uid=1000} ---
2620632 --- SIGURG {si_signo=SIGURG, si_code=SI_TKILL, si_pid=2620627, si_uid=1000} ---
2620629 --- SIGURG {si_signo=SIGURG, si_code=SI_TKILL, si_pid=2620627, si_uid=1000} ---
2620630 --- SIGURG {si_signo=SIGURG, si_code=SI_TKILL, si_pid=2620627, si_uid=1000} ---
2620632 --- SIGURG {si_signo=SIGURG, si_code=SI_TKILL, si_pid=2620627, si_uid=1000} ---
2620627 --- SIGURG {si_signo=SIGURG, si_code=SI_TKILL, si_pid=2620627, si_uid=1000} ---
2620633 --- SIGURG {si_signo=SIGURG, si_code=SI_TKILL, si_pid=2620627, si_uid=1000} ---
2620627 --- SIGURG {si_signo=SIGURG, si_code=SI_TKILL, si_pid=2620627, si_uid=1000} ---
2620629 --- SIGURG {si_signo=SIGURG, si_code=SI_TKILL, si_pid=2620627, si_uid=1000} ---
2620630 --- SIGURG {si_signo=SIGURG, si_code=SI_TKILL, si_pid=2620627, si_uid=1000} ---
2620633 --- SIGURG {si_signo=SIGURG, si_code=SI_TKILL, si_pid=2620627, si_uid=1000} ---
2620632 --- SIGURG {si_signo=SIGURG, si_code=SI_TKILL, si_pid=2620627, si_uid=1000} ---
2620630 --- SIGURG {si_signo=SIGURG, si_code=SI_TKILL, si_pid=2620627, si_uid=1000} ---
2620630 --- SIGURG {si_signo=SIGURG, si_code=SI_TKILL, si_pid=2620627, si_uid=1000} ---
2620632 --- SIGURG {si_signo=SIGURG, si_code=SI_TKILL, si_pid=2620627, si_uid=1000} ---
2620634 --- SIGURG {si_signo=SIGURG, si_code=SI_TKILL, si_pid=2620627, si_uid=1000} ---
2620632 --- SIGURG {si_signo=SIGURG, si_code=SI_TKILL, si_pid=2620627, si_uid=1000} ---
2620633 --- SIGURG {si_signo=SIGURG, si_code=SI_TKILL, si_pid=2620627, si_uid=1000} ---
2620629 --- SIGURG {si_signo=SIGURG, si_code=SI_TKILL, si_pid=2620627, si_uid=1000} ---
2620630 --- SIGURG {si_signo=SIGURG, si_code=SI_TKILL, si_pid=2620627, si_uid=1000} ---
2620631 --- SIGURG {si_signo=SIGURG, si_code=SI_TKILL, si_pid=2620627, si_uid=1000} ---
2620630 --- SIGURG {si_signo=SIGURG, si_code=SI_TKILL, si_pid=2620627, si_uid=1000} ---
2620629 --- SIGURG {si_signo=SIGURG, si_code=SI_TKILL, si_pid=2620627, si_uid=1000} ---
2620632 --- SIGURG {si_signo=SIGURG, si_code=SI_TKILL, si_pid=2620627, si_uid=1000} ---
2620629 --- SIGURG {si_signo=SIGURG, si_code=SI_TKILL, si_pid=2620627, si_uid=1000} ---
2620629 --- SIGURG {si_signo=SIGURG, si_code=SI_TKILL, si_pid=2620627, si_uid=1000} ---
2620630 --- SIGURG {si_signo=SIGURG, si_code=SI_TKILL, si_pid=2620627, si_uid=1000} ---
2620630 --- SIGURG {si_signo=SIGURG, si_code=SI_TKILL, si_pid=2620627, si_uid=1000} ---
2620629 --- SIGURG {si_signo=SIGURG, si_code=SI_TKILL, si_pid=2620627, si_uid=1000} ---
2620627 --- SIGURG {si_signo=SIGURG, si_code=SI_TKILL, si_pid=2620627, si_uid=1000} ---
2620627 --- SIGURG {si_signo=SIGURG, si_code=SI_TKILL, si_pid=2620627, si_uid=1000} ---
2620627 --- SIGURG {si_signo=SIGURG, si_code=SI_TKILL, si_pid=2620627, si_uid=1000} ---
2620632 --- SIGURG {si_signo=SIGURG, si_code=SI_TKILL, si_pid=2620627, si_uid=1000} ---
2620627 --- SIGURG {si_signo=SIGURG, si_code=SI_TKILL, si_pid=2620627, si_uid=1000} ---
2620634 --- SIGURG {si_signo=SIGURG, si_code=SI_TKILL, si_pid=2620627, si_uid=1000} ---
2620630 --- SIGURG {si_signo=SIGURG, si_code=SI_TKILL, si_pid=2620627, si_uid=1000} ---
2620632 --- SIGURG {si_signo=SIGURG, si_code=SI_TKILL, si_pid=2620627, si_uid=1000} ---
2620635 --- SIGURG {si_signo=SIGURG, si_code=SI_TKILL, si_pid=2620627, si_uid=1000} ---
2620631 --- SIGURG {si_signo=SIGURG, si_code=SI_TKILL, si_pid=2620627, si_uid=1000} ---
2620632 --- SIGURG {si_signo=SIGURG, si_code=SI_TKILL, si_pid=2620627, si_uid=1000} ---
2620635 --- SIGURG {si_signo=SIGURG, si_code=SI_TKILL, si_pid=2620627, si_uid=1000} ---
2620634 --- SIGURG {si_signo=SIGURG, si_code=SI_TKILL, si_pid=2620627, si_uid=1000} ---
2620627 --- SIGURG {si_signo=SIGURG, si_code=SI_TKILL, si_pid=2620627, si_uid=1000} ---
2620634 --- SIGURG {si_signo=SIGURG, si_code=SI_TKILL, si_pid=2620627, si_uid=1000} ---
2620631 --- SIGURG {si_signo=SIGURG, si_code=SI_TKILL, si_pid=2620627, si_uid=1000} ---
2620629 --- SIGURG {si_signo=SIGURG, si_code=SI_TKILL, si_pid=2620627, si_uid=1000} ---
2620631 --- SIGURG {si_signo=SIGURG, si_code=SI_TKILL, si_pid=2620627, si_uid=1000} ---
2620631 --- SIGURG {si_signo=SIGURG, si_code=SI_TKILL, si_pid=2620627, si_uid=1000} ---
2620629 --- SIGURG {si_signo=SIGURG, si_code=SI_TKILL, si_pid=2620627, si_uid=1000} ---
2620634 --- SIGURG {si_signo=SIGURG, si_code=SI_TKILL, si_pid=2620627, si_uid=1000} ---
2620635 --- SIGURG {si_signo=SIGURG, si_code=SI_TKILL, si_pid=2620627, si_uid=1000} ---
2620631 --- SIGURG {si_signo=SIGURG, si_code=SI_TKILL, si_pid=2620627, si_uid=1000} ---
2620636 --- SIGURG {si_signo=SIGURG, si_code=SI_TKILL, si_pid=2620627, si_uid=1000} ---
2620635 --- SIGURG {si_signo=SIGURG, si_code=SI_TKILL, si_pid=2620627, si_uid=1000} ---
2620632 --- SIGURG {si_signo=SIGURG, si_code=SI_TKILL, si_pid=2620627, si_uid=1000} ---
2620630 --- SIGURG {si_signo=SIGURG, si_code=SI_TKILL, si_pid=2620627, si_uid=1000} ---
2620634 --- SIGURG {si_signo=SIGURG, si_code=SI_TKILL, si_pid=2620627, si_uid=1000} ---
2620636 --- SIGURG {si_signo=SIGURG, si_code=SI_TKILL, si_pid=2620627, si_uid=1000} ---
2620629 --- SIGURG {si_signo=SIGURG, si_code=SI_TKILL, si_pid=2620627, si_uid=1000} ---
2620629 --- SIGURG {si_signo=SIGURG, si_code=SI_TKILL, si_pid=2620627, si_uid=1000} ---
2620636 --- SIGURG {si_signo=SIGURG, si_code=SI_TKILL, si_pid=2620627, si_uid=1000} ---
2620637 --- SIGURG {si_signo=SIGURG, si_code=SI_TKILL, si_pid=2620627, si_uid=1000} ---
2620629 --- SIGURG {si_signo=SIGURG, si_code=SI_TKILL, si_pid=2620627, si_uid=1000} ---
2620629 --- SIGURG {si_signo=SIGURG, si_code=SI_TKILL, si_pid=2620627, si_uid=1000} ---
2620629 --- SIGURG {si_signo=SIGURG, si_code=SI_TKILL, si_pid=2620627, si_uid=1000} ---
2620629 --- SIGURG {si_signo=SIGURG, si_code=SI_TKILL, si_pid=2620627, si_uid=1000} ---
2620627 --- SIGURG {si_signo=SIGURG, si_code=SI_TKILL, si_pid=2620627, si_uid=1000} ---
2620637 --- SIGURG {si_signo=SIGURG, si_code=SI_TKILL, si_pid=2620627, si_uid=1000} ---
2620629 --- SIGURG {si_signo=SIGURG, si_code=SI_TKILL, si_pid=2620627, si_uid=1000} ---
2620629 --- SIGURG {si_signo=SIGURG, si_code=SI_TKILL, si_pid=2620627, si_uid=1000} ---
2620629 --- SIGURG {si_signo=SIGURG, si_code=SI_TKILL, si_pid=2620627, si_uid=1000} ---
2620629 --- SIGURG {si_signo=SIGURG, si_code=SI_TKILL, si_pid=2620627, si_uid=1000} ---
2620629 --- SIGURG {si_signo=SIGURG, si_code=SI_TKILL, si_pid=2620627, si_uid=1000} ---
2620629 --- SIGURG {si_signo=SIGURG, si_code=SI_TKILL, si_pid=2620627, si_uid=1000} ---
2620629 --- SIGURG {si_signo=SIGURG, si_code=SI_TKILL, si_pid=2620627, si_uid=1000} ---
2620629 --- SIGURG {si_signo=SIGURG, si_code=SI_TKILL, si_pid=2620627, si_uid=1000} ---
2620629 --- SIGURG {si_signo=SIGURG, si_code=SI_TKILL, si_pid=2620627, si_uid=1000} ---
2620629 --- SIGURG {si_signo=SIGURG, si_code=SI_TKILL, si_pid=2620627, si_uid=1000} ---
2620629 --- SIGURG {si_signo=SIGURG, si_code=SI_TKILL, si_pid=2620627, si_uid=1000} ---
2620629 --- SIGURG {si_signo=SIGURG, si_code=SI_TKILL, si_pid=2620627, si_uid=1000} ---
2620629 --- SIGURG {si_signo=SIGURG, si_code=SI_TKILL, si_pid=2620627, si_uid=1000} ---
2620629 --- SIGURG {si_signo=SIGURG, si_code=SI_TKILL, si_pid=2620627, si_uid=1000} ---
2620629 --- SIGURG {si_signo=SIGURG, si_code=SI_TKILL, si_pid=2620627, si_uid=1000} ---
2620629 --- SIGURG {si_signo=SIGURG, si_code=SI_TKILL, si_pid=2620627, si_uid=1000} ---
2620629 --- SIGURG {si_signo=SIGURG, si_code=SI_TKILL, si_pid=2620627, si_uid=1000} ---
2620629 --- SIGURG {si_signo=SIGURG, si_code=SI_TKILL, si_pid=2620627, si_uid=1000} ---
2620629 --- SIGURG {si_signo=SIGURG, si_code=SI_TKILL, si_pid=2620627, si_uid=1000} ---
2620629 --- SIGURG {si_signo=SIGURG, si_code=SI_TKILL, si_pid=2620627, si_uid=1000} ---
2620629 --- SIGURG {si_signo=SIGURG, si_code=SI_TKILL, si_pid=2620627, si_uid=1000} ---
2620629 --- SIGURG {si_signo=SIGURG, si_code=SI_TKILL, si_pid=2620627, si_uid=1000} ---
2620629 --- SIGURG {si_signo=SIGURG, si_code=SI_TKILL, si_pid=2620627, si_uid=1000} ---
2620629 --- SIGURG {si_signo=SIGURG, si_code=SI_TKILL, si_pid=2620627, si_uid=1000} ---
2620629 --- SIGURG {si_signo=SIGURG, si_code=SI_TKILL, si_pid=2620627, si_uid=1000} ---
2620629 --- SIGURG {si_signo=SIGURG, si_code=SI_TKILL, si_pid=2620627, si_uid=1000} ---
2620629 --- SIGURG {si_signo=SIGURG, si_code=SI_TKILL, si_pid=2620627, si_uid=1000} ---
2620629 --- SIGURG {si_signo=SIGURG, si_code=SI_TKILL, si_pid=2620627, si_uid=1000} ---
2620629 --- SIGURG {si_signo=SIGURG, si_code=SI_TKILL, si_pid=2620627, si_uid=1000} ---
2620636 --- SIGURG {si_signo=SIGURG, si_code=SI_TKILL, si_pid=2620627, si_uid=1000} ---
2620630 --- SIGURG {si_signo=SIGURG, si_code=SI_TKILL, si_pid=2620627, si_uid=1000} ---
2620632 --- SIGURG {si_signo=SIGURG, si_code=SI_TKILL, si_pid=2620627, si_uid=1000} ---
2620627 --- SIGURG {si_signo=SIGURG, si_code=SI_TKILL, si_pid=2620627, si_uid=1000} ---
2620637 --- SIGURG {si_signo=SIGURG, si_code=SI_TKILL, si_pid=2620627, si_uid=1000} ---
2620632 --- SIGURG {si_signo=SIGURG, si_code=SI_TKILL, si_pid=2620627, si_uid=1000} ---
2620632 --- SIGURG {si_signo=SIGURG, si_code=SI_TKILL, si_pid=2620627, si_uid=1000} ---
2620632 --- SIGURG {si_signo=SIGURG, si_code=SI_TKILL, si_pid=2620627, si_uid=1000} ---
2620632 --- SIGURG {si_signo=SIGURG, si_code=SI_TKILL, si_pid=2620627, si_uid=1000} ---
2620632 --- SIGURG {si_signo=SIGURG, si_code=SI_TKILL, si_pid=2620627, si_uid=1000} ---
2620632 --- SIGURG {si_signo=SIGURG, si_code=SI_TKILL, si_pid=2620627, si_uid=1000} ---
2620632 --- SIGURG {si_signo=SIGURG, si_code=SI_TKILL, si_pid=2620627, si_uid=1000} ---
2620632 --- SIGURG {si_signo=SIGURG, si_code=SI_TKILL, si_pid=2620627, si_uid=1000} ---
2620632 --- SIGURG {si_signo=SIGURG, si_code=SI_TKILL, si_pid=2620627, si_uid=1000} ---
2620632 --- SIGURG {si_signo=SIGURG, si_code=SI_TKILL, si_pid=2620627, si_uid=1000} ---
2620636 --- SIGURG {si_signo=SIGURG, si_code=SI_TKILL, si_pid=2620627, si_uid=1000} ---
2620637 --- SIGURG {si_signo=SIGURG, si_code=SI_TKILL, si_pid=2620627, si_uid=1000} ---
2620636 --- SIGURG {si_signo=SIGURG, si_code=SI_TKILL, si_pid=2620627, si_uid=1000} ---
2620633 --- SIGURG {si_signo=SIGURG, si_code=SI_TKILL, si_pid=2620627, si_uid=1000} ---
2620627 --- SIGURG {si_signo=SIGURG, si_code=SI_TKILL, si_pid=2620627, si_uid=1000} ---
2620637 --- SIGURG {si_signo=SIGURG, si_code=SI_TKILL, si_pid=2620627, si_uid=1000} ---
2620637 --- SIGURG {si_signo=SIGURG, si_code=SI_TKILL, si_pid=2620627, si_uid=1000} ---
2620629 --- SIGURG {si_signo=SIGURG, si_code=SI_TKILL, si_pid=2620627, si_uid=1000} ---
2620636 --- SIGURG {si_signo=SIGURG, si_code=SI_TKILL, si_pid=2620627, si_uid=1000} ---
2620631 --- SIGURG {si_signo=SIGURG, si_code=SI_TKILL, si_pid=2620627, si_uid=1000} ---
2620627 --- SIGURG {si_signo=SIGURG, si_code=SI_TKILL, si_pid=2620627, si_uid=1000} ---
2620630 --- SIGURG {si_signo=SIGURG, si_code=SI_TKILL, si_pid=2620627, si_uid=1000} ---
2620632 --- SIGURG {si_signo=SIGURG, si_code=SI_TKILL, si_pid=2620627, si_uid=1000} ---
2620629 --- SIGURG {si_signo=SIGURG, si_code=SI_TKILL, si_pid=2620627, si_uid=1000} ---
2620633 --- SIGURG {si_signo=SIGURG, si_code=SI_TKILL, si_pid=2620627, si_uid=1000} ---
2620635 --- SIGURG {si_signo=SIGURG, si_code=SI_TKILL, si_pid=2620627, si_uid=1000} ---
2620632 --- SIGURG {si_signo=SIGURG, si_code=SI_TKILL, si_pid=2620627, si_uid=1000} ---
2620630 --- SIGURG {si_signo=SIGURG, si_code=SI_TKILL, si_pid=2620627, si_uid=1000} ---
2620627 --- SIGURG {si_signo=SIGURG, si_code=SI_TKILL, si_pid=2620627, si_uid=1000} ---
2620637 --- SIGURG {si_signo=SIGURG, si_code=SI_TKILL, si_pid=2620627, si_uid=1000} ---
2620636 --- SIGURG {si_signo=SIGURG, si_code=SI_TKILL, si_pid=2620627, si_uid=1000} ---
2620629 --- SIGURG {si_signo=SIGURG, si_code=SI_TKILL, si_pid=2620627, si_uid=1000} ---
2620632 --- SIGURG {si_signo=SIGURG, si_code=SI_TKILL, si_pid=2620627, si_uid=1000} ---
2620634 --- SIGURG {si_signo=SIGURG, si_code=SI_TKILL, si_pid=2620627, si_uid=1000} ---
2620630 --- SIGURG {si_signo=SIGURG, si_code=SI_TKILL, si_pid=2620627, si_uid=1000} ---
2620627 --- SIGURG {si_signo=SIGURG, si_code=SI_TKILL, si_pid=2620627, si_uid=1000} ---
2620632 --- SIGURG {si_signo=SIGURG, si_code=SI_TKILL, si_pid=2620627, si_uid=1000} ---
2620638 --- SIGURG {si_signo=SIGURG, si_code=SI_TKILL, si_pid=2620627, si_uid=1000} ---
2620636 --- SIGURG {si_signo=SIGURG, si_code=SI_TKILL, si_pid=2620627, si_uid=1000} ---
2620636 --- SIGURG {si_signo=SIGURG, si_code=SI_TKILL, si_pid=2620627, si_uid=1000} ---
2620636 --- SIGURG {si_signo=SIGURG, si_code=SI_TKILL, si_pid=2620627, si_uid=1000} ---
2620636 --- SIGURG {si_signo=SIGURG, si_code=SI_TKILL, si_pid=2620627, si_uid=1000} ---
2620636 --- SIGURG {si_signo=SIGURG, si_code=SI_TKILL, si_pid=2620627, si_uid=1000} ---
2620636 --- SIGURG {si_signo=SIGURG, si_code=SI_TKILL, si_pid=2620627, si_uid=1000} ---
2620632 --- SIGURG {si_signo=SIGURG, si_code=SI_TKILL, si_pid=2620627, si_uid=1000} ---
2620637 --- SIGURG {si_signo=SIGURG, si_code=SI_TKILL, si_pid=2620627, si_uid=1000} ---
2620639 --- SIGURG {si_signo=SIGURG, si_code=SI_TKILL, si_pid=2620627, si_uid=1000} ---
2620640 --- SIGURG {si_signo=SIGURG, si_code=SI_TKILL, si_pid=2620627, si_uid=1000} ---
2620633 --- SIGURG {si_signo=SIGURG, si_code=SI_TKILL, si_pid=2620627, si_uid=1000} ---
2620640 --- SIGURG {si_signo=SIGURG, si_code=SI_TKILL, si_pid=2620627, si_uid=1000} ---
2620631 --- SIGURG {si_signo=SIGURG, si_code=SI_TKILL, si_pid=2620627, si_uid=1000} ---
2620637 --- SIGURG {si_signo=SIGURG, si_code=SI_TKILL, si_pid=2620627, si_uid=1000} ---
2620637 --- SIGURG {si_signo=SIGURG, si_code=SI_TKILL, si_pid=2620627, si_uid=1000} ---
2620633 --- SIGURG {si_signo=SIGURG, si_code=SI_TKILL, si_pid=2620627, si_uid=1000} ---
2620641 --- SIGURG {si_signo=SIGURG, si_code=SI_TKILL, si_pid=2620627, si_uid=1000} ---
2620644 --- SIGURG {si_signo=SIGURG, si_code=SI_TKILL, si_pid=2620627, si_uid=1000} ---
2620633 --- SIGURG {si_signo=SIGURG, si_code=SI_TKILL, si_pid=2620627, si_uid=1000} ---
2620642 --- SIGURG {si_signo=SIGURG, si_code=SI_TKILL, si_pid=2620627, si_uid=1000} ---
2620644 --- SIGURG {si_signo=SIGURG, si_code=SI_TKILL, si_pid=2620627, si_uid=1000} ---
2620642 --- SIGURG {si_signo=SIGURG, si_code=SI_TKILL, si_pid=2620627, si_uid=1000} ---
2620641 --- SIGURG {si_signo=SIGURG, si_code=SI_TKILL, si_pid=2620627, si_uid=1000} ---
2620644 --- SIGURG {si_signo=SIGURG, si_code=SI_TKILL, si_pid=2620627, si_uid=1000} ---
2620637 --- SIGURG {si_signo=SIGURG, si_code=SI_TKILL, si_pid=2620627, si_uid=1000} ---
2620630 --- SIGURG {si_signo=SIGURG, si_code=SI_TKILL, si_pid=2620627, si_uid=1000} ---
2620633 --- SIGURG {si_signo=SIGURG, si_code=SI_TKILL, si_pid=2620627, si_uid=1000} ---
2620639 --- SIGURG {si_signo=SIGURG, si_code=SI_TKILL, si_pid=2620627, si_uid=1000} ---
2620633 --- SIGURG {si_signo=SIGURG, si_code=SI_TKILL, si_pid=2620627, si_uid=1000} ---
2620643 --- SIGURG {si_signo=SIGURG, si_code=SI_TKILL, si_pid=2620627, si_uid=1000} ---
2620639 --- SIGURG {si_signo=SIGURG, si_code=SI_TKILL, si_pid=2620627, si_uid=1000} ---
2620631 --- SIGURG {si_signo=SIGURG, si_code=SI_TKILL, si_pid=2620627, si_uid=1000} ---
2620627 --- SIGURG {si_signo=SIGURG, si_code=SI_TKILL, si_pid=2620627, si_uid=1000} ---
2620643 --- SIGURG {si_signo=SIGURG, si_code=SI_TKILL, si_pid=2620627, si_uid=1000} ---
2620642 --- SIGURG {si_signo=SIGURG, si_code=SI_TKILL, si_pid=2620627, si_uid=1000} ---
2620643 --- SIGURG {si_signo=SIGURG, si_code=SI_TKILL, si_pid=2620627, si_uid=1000} ---
2620633 --- SIGURG {si_signo=SIGURG, si_code=SI_TKILL, si_pid=2620627, si_uid=1000} ---
2620631 --- SIGURG {si_signo=SIGURG, si_code=SI_TKILL, si_pid=2620627, si_uid=1000} ---
2620642 --- SIGURG {si_signo=SIGURG, si_code=SI_TKILL, si_pid=2620627, si_uid=1000} ---
2620641 --- SIGURG {si_signo=SIGURG, si_code=SI_TKILL, si_pid=2620627, si_uid=1000} ---
2620630 --- SIGURG {si_signo=SIGURG, si_code=SI_TKILL, si_pid=2620627, si_uid=1000} ---
2620639 --- SIGURG {si_signo=SIGURG, si_code=SI_TKILL, si_pid=2620627, si_uid=1000} ---
2620641 --- SIGURG {si_signo=SIGURG, si_code=SI_TKILL, si_pid=2620627, si_uid=1000} ---
2620635 --- SIGURG {si_signo=SIGURG, si_code=SI_TKILL, si_pid=2620627, si_uid=1000} ---
2620643 --- SIGURG {si_signo=SIGURG, si_code=SI_TKILL, si_pid=2620627, si_uid=1000} ---
2620643 --- SIGURG {si_signo=SIGURG, si_code=SI_TKILL, si_pid=2620627, si_uid=1000} ---
2620643 --- SIGURG {si_signo=SIGURG, si_code=SI_TKILL, si_pid=2620627, si_uid=1000} ---
2620635 --- SIGURG {si_signo=SIGURG, si_code=SI_TKILL, si_pid=2620627, si_uid=1000} ---
2620635 --- SIGURG {si_signo=SIGURG, si_code=SI_TKILL, si_pid=2620627, si_uid=1000} ---
2620641 --- SIGURG {si_signo=SIGURG, si_code=SI_TKILL, si_pid=2620627, si_uid=1000} ---
2619711 --- SIGCHLD {si_signo=SIGCHLD, si_code=CLD_EXITED, si_pid=2620627, si_uid=1000, si_status=0, si_utime=44 /* 0.44 s */, si_stime=32 /* 0.32 s */} ---
2619664 --- SIGCHLD {si_signo=SIGCHLD, si_code=CLD_EXITED, si_pid=2619705, si_uid=1000, si_status=0, si_utime=3 /* 0.03 s */, si_stime=8 /* 0.08 s */} ---
2619664 --- SIGURG {si_signo=SIGURG, si_code=SI_TKILL, si_pid=2619662, si_uid=1000} ---
2619452 --- SIGCHLD {si_signo=SIGCHLD, si_code=CLD_EXITED, si_pid=2619662, si_uid=1000, si_status=0, si_utime=0, si_stime=0} ---
2619452 --- SIGURG {si_signo=SIGURG, si_code=SI_TKILL, si_pid=2619425, si_uid=1000} ---
2619406 --- SIGCHLD {si_signo=SIGCHLD, si_code=CLD_EXITED, si_pid=2619425, si_uid=1000, si_status=0, si_utime=22 /* 0.22 s */, si_stime=52 /* 0.52 s */} ---
