100644	415166b7e433a996bc9bcddb073b3b356b5113d8	048f2ab5a99531b42215f08a99208372df0ba76175671cf1ee156f1eb515e6ed	11	.gitignore
100644	7c667c8d58998885acd97a8d6a67b6c3d1955f82	cef111533b761048f10a53bd968cd02e0641bf1f009db4a8aa380ccff10a8b2d	43637	Android.bp
100644	c9ac5beafb9211107821a1ea98c44eb25ab1a26d	36fc8682fd842a4cde9b46819950b3c9da7531d397050d94d3c49e2ba9db3f97	7346	CleanSpec.mk
100644	5a356a46964fcbce7914108e599257da17ab4321	b64ddee21b4601e190bae22717828af137b640320a8d78ada851b4c61d3900ef	128	METADATA
100644	e69de29bb2d1d6434b8b29ae775ad8c2e48c5391	e3b0c44298fc1c149afbf4c8996fb92427ae41e4649b934ca495991b7852b855	0	MODULE_LICENSE_PUBLIC_DOMAIN
100644	e4ebf525917003dfa71ccece3e78691ce93a3ac9	b47111d28fd993d66e60fcfd547c07b66ace8d7039c75844fd800325128b7fa9	1029	NOTICE
100644	54091db2b4465a79b9d5517734f2c9e1debd0a25	e1f7ee69d400425f293d125a746422f1a1b7d24156d78acb5916fac915969b4e	225	OWNERS
100644	d2f52b3cc7d46066891d99e0aaf7215c9b406aea	9f04348aa6beebe52c70e7ed03f42811d125d1d558c13136efccf39702863cd9	177	PREUPLOAD.cfg
100644	bdb13e9d0cf619ab78131f4b47f3561d8d8eaee0	d0d3a9338e2e80c0ceda55da87aaa31abc1a09cff1f7baa1ff18315cea30e03b	2592	README.apps.md
100644	16d7e453a53d2d12711fd96779bcf21221e9affc	a9a4e4d096deb0bd3881b009c671ab9eb3e15e0d4a0b0facca1913be0ed56d6d	5945	README.md
100644	d4966e3b5829e4e3692d0a65af3833dbd953b4d8	72c6e1ed220948025b82e2d870d4c8c7915dbb0892be4043490ecd017ce3088f	687	TEST_MAPPING
100644	eafda151f8c98b5a87932006b71d13c418a01c5f	61f41721f59f0ec07897f2a883f02014c859441856d282246c2465897279e01f	7296	apex/Android.bp
100644	0623d9a77463d58373ea7c0d3ff6ab569f299a0b	afff774c686a593d0d5b4fc9ebe6a2cf058a460b59ba6bb18ad0ecc4ae870289	122	apex/apex.test-file_contexts
100644	3488de22acf4a7e75a8e484fb5b8a7d7d0084d03	bc717a2eed712de3a2ca93829b16c136fc3be94120f6a2e4660c866f76eb2a5b	100	apex/com.android.adbd-file_contexts
100644	939850563fff2d24eb0dd0c6bf4c072ee2eefdf7	0d3e23bb2410595053650180ba8320c08de8a64dac11b0101abc82355af9d18f	43	apex/com.android.adservices-file_contexts
100644	939850563fff2d24eb0dd0c6bf4c072ee2eefdf7	0d3e23bb2410595053650180ba8320c08de8a64dac11b0101abc82355af9d18f	43	apex/com.android.appsearch-file_contexts
100644	ed12f10b9a4343a9f2c354adcc81c6854b2b1f2e	70fa23991471493a05b1a313b245e77338124102a77ed29fd6e6be788d4bda58	649	apex/com.android.art-file_contexts
100644	3af8dc2b3386e9fc742de7e50b5614cec82d32af	6ddec591270bf11ad78767b1aead14123cfa2404aea02d7897f9ae5c1a9620d2	649	apex/com.android.art.debug-file_contexts
100644	8d9b86ca628d425eeddfdea0230416a2aa66a88b	c21be2e50216dd156c1d5a01c9090ba2f25d87ad75cd6d8dc25fd59c7f0812dc	245	apex/com.android.biometrics.virtual.face-file_contexts
100644	940934bd9bbcb39d02254ee6f7d7088d75994ce6	54aaae1feaadeb1b7d76051bfab22d88f03e58a4cd4121ac4a7ca6abd79ac5ee	157	apex/com.android.biometrics.virtual.fingerprint-file_contexts
100644	83b4b58e8a1120527d62ecef14aa9f1a8a223cce	926451fe0e9053a3f1f43dc4cd33cdd58cb792327e5d6caa7c54827c16389965	51	apex/com.android.bootanimation-file_contexts
100644	f6b21daaafcffc03421faaf756eecc4390e2c73a	ae9950234ab6ee83cc62bb0210214cba6698b4797aade2a7cf042a8f38379f40	100	apex/com.android.bt-file_contexts
100644	f6b21daaafcffc03421faaf756eecc4390e2c73a	ae9950234ab6ee83cc62bb0210214cba6698b4797aade2a7cf042a8f38379f40	100	apex/com.android.btservices-file_contexts
100644	44527bc7562ae4ff502f4c5cb613db405cbe9acd	a27ca724af156fc205ccf0ad510df7274309c63476a2d9ecf304c7353053ebba	100	apex/com.android.car.framework-file_contexts
100644	f3a65d43af8799b959bd7d241a3843a4629d0f37	532bc437d13037b9c5b9f22e9f9bc5523732b61cde476be60170841f4fe31bd3	48	apex/com.android.cellbroadcast-file_contexts
100644	799c2c43517e175a13164676b77b5faa86926f10	2663f565f5316ffadd9124100ebcba3025cc9e63f86fa043fec22c05fd914d2e	274	apex/com.android.compos-file_contexts
100644	de745474ffa4e416df0792d1aa3ea86ca8369010	13a986a38724369deb866c5710c57f855a90d613745d37c29975055e80db7d78	113	apex/com.android.configinfrastructure-file_contexts
100644	7b81ab849129f0ac6d66c291c798b40a6459ceac	ca1aaecf0e787b323776104d94135aa668b252fe49c3c829db541ce239918c32	313	apex/com.android.conscrypt-file_contexts
100644	f3a65d43af8799b959bd7d241a3843a4629d0f37	532bc437d13037b9c5b9f22e9f9bc5523732b61cde476be60170841f4fe31bd3	48	apex/com.android.crashrecovery-file_contexts
100644	83b4b58e8a1120527d62ecef14aa9f1a8a223cce	926451fe0e9053a3f1f43dc4cd33cdd58cb792327e5d6caa7c54827c16389965	51	apex/com.android.devicelock-file_contexts
100644	f6b21daaafcffc03421faaf756eecc4390e2c73a	ae9950234ab6ee83cc62bb0210214cba6698b4797aade2a7cf042a8f38379f40	100	apex/com.android.documentsuibundle-file_contexts
100644	f3a65d43af8799b959bd7d241a3843a4629d0f37	532bc437d13037b9c5b9f22e9f9bc5523732b61cde476be60170841f4fe31bd3	48	apex/com.android.extservices-file_contexts
100644	939850563fff2d24eb0dd0c6bf4c072ee2eefdf7	0d3e23bb2410595053650180ba8320c08de8a64dac11b0101abc82355af9d18f	43	apex/com.android.federatedcompute-file_contexts
100644	1918e73d79abc8a3da929b805f249cee17185a67	18901dc911c36be197bd99be426ad49650b153bc2467056a78895c075eb3b755	105	apex/com.android.geotz-file_contexts
100644	ccee7f84697834ca9ed6350913c4d95a5d01c9c5	a9df04c95af6dd85b558c426f5ad1ebc86d0466d6b7ded79ce02680ddfe0d524	95	apex/com.android.gki-file_contexts
100644	939850563fff2d24eb0dd0c6bf4c072ee2eefdf7	0d3e23bb2410595053650180ba8320c08de8a64dac11b0101abc82355af9d18f	43	apex/com.android.healthfitness-file_contexts
100644	51d45a02894b0c007c050c08782cae2837bae5a0	bea335ca2393a92805fba1fa2811e929d100d42f175a20a29831eafdf64f3bbe	159	apex/com.android.i18n-file_contexts
100644	270f0e16f7fed5bda8ea4ba487a0e2a4030d1c90	a91b8478116e8f2a0dbb6c5eb33f515228d3e82c08f7da68740ec3e838904cbf	120	apex/com.android.ipsec-file_contexts
100644	88220464b0b8fa5afe29e23ee8ab741c4edbbab0	6e9fd625fd93f4c41d9b1928b54e159560abce8e1505562980f9138653f6ded4	162	apex/com.android.media-file_contexts
100644	b718121a5990b88a58cedfdb19deccc705a70aca	837d4b2f3312e13aa3a16dc2d68093435cf7fab566ae0636a0df08032c410367	154	apex/com.android.media.swcodec-file_contexts
100644	f6b21daaafcffc03421faaf756eecc4390e2c73a	ae9950234ab6ee83cc62bb0210214cba6698b4797aade2a7cf042a8f38379f40	100	apex/com.android.mediaprovider-file_contexts
100644	f6b21daaafcffc03421faaf756eecc4390e2c73a	ae9950234ab6ee83cc62bb0210214cba6698b4797aade2a7cf042a8f38379f40	100	apex/com.android.neuralnetworks-file_contexts
100644	f6b21daaafcffc03421faaf756eecc4390e2c73a	ae9950234ab6ee83cc62bb0210214cba6698b4797aade2a7cf042a8f38379f40	100	apex/com.android.nfcservices-file_contexts
100644	939850563fff2d24eb0dd0c6bf4c072ee2eefdf7	0d3e23bb2410595053650180ba8320c08de8a64dac11b0101abc82355af9d18f	43	apex/com.android.ondevicepersonalization-file_contexts
100644	040441a7f4e0d46544d58d9d89f5146347018244	7484de1ee711a3874e6809a62d9baadefb4b247ab71a9efbc9e404dafd78a714	148	apex/com.android.os.statsd-file_contexts
100644	f3a65d43af8799b959bd7d241a3843a4629d0f37	532bc437d13037b9c5b9f22e9f9bc5523732b61cde476be60170841f4fe31bd3	48	apex/com.android.permission-file_contexts
100644	796becaf69a07c67b9b651b45877c09021a81407	8dc80c33d16fe20f203381f6771544bcae0083f1319d67cf32051da8ecdae3ad	102	apex/com.android.profiling-file_contexts
100644	f6b21daaafcffc03421faaf756eecc4390e2c73a	ae9950234ab6ee83cc62bb0210214cba6698b4797aade2a7cf042a8f38379f40	100	apex/com.android.resolv-file_contexts
100644	4424c8af021cb2f1eb246866e664c69af06a2e31	e9afacd17ee65f7a4e5b2413e897ac4c717f1abf7c982c5bc2c51cc361d83cf8	90	apex/com.android.rkpd-file_contexts
100644	d090d500434b25df199058d7611b167798fb8e53	e6654c044fa7c591e8520fee84b2616655796e4a012dd43ade815ca52415c050	323	apex/com.android.runtime-file_contexts
100644	939850563fff2d24eb0dd0c6bf4c072ee2eefdf7	0d3e23bb2410595053650180ba8320c08de8a64dac11b0101abc82355af9d18f	43	apex/com.android.scheduling-file_contexts
100644	551a12cd078548316ce335e9f7d2e94c68033c57	342f0aa4b815038e264b9b0f3ddbfd4013d3f35b506ff4fb7e5f9bce38c2d70b	179	apex/com.android.sdkext-file_contexts
100644	f3a65d43af8799b959bd7d241a3843a4629d0f37	532bc437d13037b9c5b9f22e9f9bc5523732b61cde476be60170841f4fe31bd3	48	apex/com.android.telecom-file_contexts
100644	f3a65d43af8799b959bd7d241a3843a4629d0f37	532bc437d13037b9c5b9f22e9f9bc5523732b61cde476be60170841f4fe31bd3	48	apex/com.android.telephonycore-file_contexts
100644	473b0f239b8ff17f980cc706b860ab211ecf115a	cf93d7f4b3353d870d08a5c95edcac264140e8ad763a42a3e7f0faf0238b30be	259	apex/com.android.tethering-file_contexts
100644	5aaec50ad54e575177a930ef45bbd5fa40e7508f	5a4d7683db11b18ffdb0cc7012c5bb8f6b65d48c55ef4ef26dc19b52e6ee7dc6	112	apex/com.android.tzdata-file_contexts
100644	994951b15842f2814ebe2928122f914eb36785ed	0fd79b9a7a1c475c9db1cbf7cc62f63e545d131c5204936df089aced687811d1	179	apex/com.android.uprobestats-file_contexts
100644	f6b21daaafcffc03421faaf756eecc4390e2c73a	ae9950234ab6ee83cc62bb0210214cba6698b4797aade2a7cf042a8f38379f40	100	apex/com.android.uwb-file_contexts
100644	bb0f909a837c010f8bd08f546ea41d2ad4a2aeae	c4f184d810bd30fbb23a2b2b78a39cdabbe11e2d8af3b0987b8dee9216ea53b2	670	apex/com.android.virt-file_contexts
100644	f6b21daaafcffc03421faaf756eecc4390e2c73a	ae9950234ab6ee83cc62bb0210214cba6698b4797aade2a7cf042a8f38379f40	100	apex/com.android.vndk-file_contexts
100644	939850563fff2d24eb0dd0c6bf4c072ee2eefdf7	0d3e23bb2410595053650180ba8320c08de8a64dac11b0101abc82355af9d18f	43	apex/com.android.webview.bootstrap-file_contexts
100644	2355fcaffb795b411d4692eaf8486ff7a8050346	95084649c3a4b8c06c11db9a98c3eb8b23a4c86fb120a64993af87ad65e861e6	127	apex/com.android.wifi-file_contexts
100644	8557a61f6b29a4a14f25b9d3b448f12fea4cfa33	f979e7ed198ba7fc3fc5b219b4a2c59c480117795c7da5db7d7f171d3a94afe7	47	apex/com.google.android.gmssystem-file_contexts
100644	5a28dbeea6d69c79c4e042a20c3ccc86d4c2f32f	80093179ca026051e2a011fa3e764d312fc47998246ae87ee7433d9079ba3f73	34	ashmem_compat_memfd_context.txt
100644	ef898e848b0b0fb05523a421ef0b4bdfbcfd4be4	a1579d3762f8e008d9596f04085c86ab8722b5e99f4c4d5e12070526b66be9b2	1339	build/Android.bp
100755	ce0548a44e8f2f8d3e74a38068998ae2b2c5623c	9068a6cce387f6206d0e411551d98aa11ccedb000ae7005aa15a4513c1629bee	6206	build/build_sepolicy.py
100644	5023fd00fa3444c7be340a26057064df30e2e018	cf20b9296e06a3658fa9b0bd7cf6367a80c99461dbb3c95dce5186c0211886bd	3535	build/file_utils.py
100644	91ae498eb9fe44bca102dedd0f5622c826a7a02a	cdd457232ed600791a449a10cf252b89a82df5328f1afe5a40d16532dec87d4d	1785	build/file_utils_test.py
100644	f9c08dd1615fc6d05a9c3d1402b8f343cd27d6d7	d71be4485bbad7c78b6a526d0fc1722e596b6d3c5475acb15bd8bdb6471f4cb2	1664	build/soong/Android.bp
100644	e24a21b499045abe63e8b1184af61765514c33e1	c4d6993759a2e5425718a8fde43ce0a5f5f364c08517ab5b18c322804ab2ffaa	2766	build/soong/bug_map.go
100644	1443ae89f6b3099eb50861a2eb8ada8dd4936c15	f518134b04a14a3746ce38be5ef7cf42d99d12efbbd26d3e4c90c127de2d3afa	5325	build/soong/build_files.go
100644	d563f04dcf31cf46be533b2b04f3f91acc873745	d8cfee21a7cbd4721f9bfb488439e041b8095ec87411937358573adee3a7bab0	5880	build/soong/cil_compat_map.go
100644	67d7d042dad8d819fa83f224109dd3b97fd8f14f	74e88c37c78d4ca14cd3a70d22f493c6b91a9ecef9853ff5fdf1f708f6434c08	7358	build/soong/compat_cil.go
100644	4d9180ac17d8d8e2cc1b25d32f565a197a9693d9	fa2eec33dfc491c2c99dd7a1343804401f46e9b8113bb8c7807045222b717018	5281	build/soong/flags.go
100644	37bc985126fd25791eadf73f4806ab9eba8117da	1c6fa0e52a5ab07e454bdd8b34351ed21eaafcf89f79e58fb124999b97a55799	640	build/soong/go.mod
100644	cbe76d9187e3797ef4910fcc59cb06f18e1584cb	7b9231fcec28404737c333c6bd2d67de47e7b9952b4bfcfe4c8b79963236994b	215	build/soong/go.sum
100644	8d0ecc229624b421e3a52865e2ed61b0d4499b99	a688cb27a83e2c96fcf939d1b7620a942417e774c08f7e5d7f811ecbfd22cf5f	4686	build/soong/mac_permissions.go
100644	78f99921f419444021de46896fa9c3ada6fa0a64	f6dddd7800b6513a179780ec74612d6a7aef4f65a9ccd2a53bea7fc808e69214	19111	build/soong/policy.go
100644	51ff732795d121c0a85e9e45c4d8e6fc392ec287	2e93f7810d7694d6b24162dd5463d6863d8ce8067496f51565503741a2f33833	2188	build/soong/selinux.go
100644	d8f8bf922d03d343ebb488ec51ed932ceb986ad1	f923ae17cad3fe3476ea46d9e9347b939df952bcb11d7f1d16e93ebe993db1a2	24019	build/soong/selinux_contexts.go
100644	ddf6cce6f4a153c64bac08585bb43f3df6568530	67d7dc611fe9fdf0af8c0483424a9e86af55a97b21acd0c79a3c58cc1c544e22	2825	build/soong/selinux_test.go
100644	b4e50a4afbf3e46f17cff5ba70bd14003bd64ce5	2f0094ec5d9a9fef85d3510ddb4e10a83eb53a44267b4ab34e571e9d34b97969	4996	build/soong/sepolicy_freeze.go
100644	499010918b3387e24205ca755ca4a853511918be	3a7d211c9823eaf0b4bee5ed3bf8850b49eeaa73f2c92fac8c1df4b74b7ea495	6417	build/soong/sepolicy_neverallow.go
100644	894a3ef342286ae073064bc23925cb9ef81f2952	4c5af9ddb7d37d8a20bbbf921389fb42ee22f2f5a2ba2b5af74aaaf0482dc9d1	3171	build/soong/sepolicy_vers.go
100644	cb5e61fa8dd2525411a9499701d3e8fae4ff9d83	6ecf39b021f74aecb3201eb525376b4262530379b2924e074d2310fb5e5d93db	45410	build/soong/service_fuzzer_bindings.go
100644	d145de82c5c10cf92bd8296b453c474ab159d6eb	33371255372904a7429e03c2a6bbad785a1bca413f58c5ed9f6958d2f196fe94	3849	build/soong/validate_bindings.go
100644	9c8b9cd6eec47f9f6a051766925adf8d4458bd19	8fdca69d72362a80d6c321fe0fb37aacc1815dc09462fc9a168b7565f3bab269	5849	build/soong/versioned_policy.go
100644	be895d9b0728005904431e484776d923fe179735	af3179c6471ba0a5ee4ceff86f567b33af4097cbd5c41482eda7e556c0f98fb5	16128	compat/Android.bp
100644	6a00d6c8dbcb8d142b7648a17fe89427a4e610f6	bdd7bc361f453b7fcd8d9270697ddb31ef68d2a7ce18ad3a221f535b486c491e	1305	compat/libgenfslabelsversion/Android.bp
100644	4c029c83b736cf22e1780d51adb31ce418ef5bf6	163b3de60fdf025de830e33c430528534afa04f86d86c10b74565a3ef5f07b99	732	compat/libgenfslabelsversion/include/genfslabelsversion.h
100644	21619e8c4fd15dcdd8665fd5a868294794dabd79	aad466a38abfa8a37a5d99c4af8a76202c06e90035792f0d4335c1b270ff25dd	1510	compat/libgenfslabelsversion/src/lib.rs
100644	d78194f611d90f6545e3773babe261165ae9dc4e	480d503e7730236b659230d16b3946b628394d529dabfef67c679281fd98357b	142	compat/plat_sepolicy_genfs_202504.cil
100644	5b886e8072886738d21652795a94c1764f92b8f2	3bdfcfba699936cb12d007fee7bca2feb1a88c75cc947f98b14c55fe4932b0d3	303	compat/plat_sepolicy_genfs_202604.cil
100644	842e3181dc31213bf27f35fb213c976b32e3ae2c	823c37013ebe64615d435aef41e8ff4828aaabaeb12552b70713f3d1f6bdf202	19165	contexts/Android.bp
100644	59745708d7125ed61613d041056870b1faeb32a3	2f2d6524e3032dbdfc1699f1a4b38c6b8e5024d20bb4650f81611b715cdfd547	108820	contexts/file_contexts_test_data
100644	fb76f3c25e8444520f0bdcbd33a7c48a899406d7	5c0c3657249f561489371d5558ac0e6f78daa2e0d385c801b6194cbd2138583b	2212	flagging/Android.bp
100644	44cd33a5b3e1c74433e54d9498cb611afb1a0c27	57c7574c0c04677c838671366b47c68e1acf2870f272c412e6bf72e106a7a1ca	1053	flagging/flagging_macros
100644	16132c6f63ec0ff291723d718ecfd8124470cb96	e001aac6083c3900e1fa501b8517eb13e133435e4d7146144d8f2769923c0dbf	2649	mac_permissions/Android.bp
100644	fecc60275e193f764bceec7006f5abeff6b7b142	87d6ea15de60ffbf221dd8e36ea5e3daa01f43269d320f73ddc31c444319f4be	8698	microdroid/Android.bp
100644	f6e1c4f2876fe8022ffe31c1cd67c77467328a09	f856988cf893214345a9c7c7dc1c6615291a31d2bc08b36f0dda51e344fc81c9	83	microdroid/TEST_MAPPING
120000	42b36b65ee3bc9d674fe14fad49c5bfbbbdbc232	ab583e9b42213d88028e3cbec7475f01c6e12da0374b2c6a84dec9154b7b97c3	32	microdroid/reqd_mask/access_vectors
100644	aa465cd99db99b56d64c1a61560dbc5a124accc6	33b9ebd73fd9c6fc9ae8efedca38fd376b60464dfb88053eca2ad9098b2caf65	36	microdroid/reqd_mask/initial_sid_contexts
100644	366cfb1f48cc01972c9add3cc5df8c6a807bf907	800ba49d437fef09476d14fc9216f7cd9b86b406f5e633f6ec22293ce30b8c2f	23	microdroid/reqd_mask/initial_sids
100644	ce7166beebe8126ae90e63a126e5aa611ff7c0e7	0e98827333e4459c3dca476668700520e01d6efe8d35c8b7502e6f4b07e0a807	144	microdroid/reqd_mask/keys.conf
100644	ef9c6dd70765810910fe9676d602039c5f925af1	fc2bc7738681d0727fd07d2ff10389fe6e15b34176c6cb3d05d4a2164c828de3	58	microdroid/reqd_mask/mac_permissions.xml
100644	d276924120803d6ecbbcea1860122447c040d82e	cba7e1d562eefa1349665dfbf1bfc105a650ce0a22ea6b3a19c2f264916f8d99	52	microdroid/reqd_mask/mls
100644	dd53bea7e83755ed099489e70215f810e610695e	f7549d8c5569deaa3cee8c9decad170e9a7aae349a68e5e0602db7825417ba14	276	microdroid/reqd_mask/mls_decl
100644	83e05425b27f234203ac747ca613d8a39fac3d28	c5822b44c9a53ab6dda8f4ce79bbf90a9d97fc9ab43849ef0f4207bc86e048d5	1252	microdroid/reqd_mask/mls_macros
100644	8e0bdbbde27a948ae3057cb2ac9175f1cc04c5ef	93604da4d900f1d560e7f01957b4f2f44bb138bc924c6a6015d7b282e4dd1369	164	microdroid/reqd_mask/property_contexts
100644	f77eef4333a68a57fbf97bae96c81d15c7c0cd22	c3f99749465341d5aa5143d3a608a975c3ef124f796b415c8113d59cd5451b63	21	microdroid/reqd_mask/reqd_mask.te
100644	926cb7a5fe2281a28727e798ac973e5b6a3c2e9e	5decca8550a49888d6152be392bee33e1df9f1209b202ef5c39a43294746abc1	29	microdroid/reqd_mask/roles
100644	c84fcba0ffabdd4ae4460e34b79333466f62f4a9	4241eb694ec396a73e9a0d6bfc9973400dcef8ac820a7e0cfe0f9cbf3673e6dd	8	microdroid/reqd_mask/roles_decl
100644	0f4e0ad0e33cb6300c67139db5dcb13cf7011c3c	fd5365507f7ca767a6de7656108d5746e0a50b61591b29b6364f0166f6af70b0	141	microdroid/reqd_mask/seapp_contexts
120000	2466fd0fd8b7926589db2b94e883b67c7198f7bd	ebd49b1523fff400c0533832b4c6079b84ee62bf0a624d8dffa17db3e53204ec	34	microdroid/reqd_mask/security_classes
100644	481967b9ab9e131e21ebfdd9100d828294fed5df	28a12767b029dc756f69669abd820cd92678ee928b95ec7343a9724bd8a36ca1	161	microdroid/reqd_mask/service_contexts
100644	51b7b57e6798ca0f476cf87d5de69ae956df26c7	50043f480e4192a70733f660638446ce981fde673dd4b6e88841772d907e5447	55	microdroid/reqd_mask/users
120000	83677b769702ba4a3b5b30331bcf35778fb2ae05	7a4ed217f4b6ba5b13bebc4b34b3c98248abaabea2380d9b54094b25d110b6d3	31	microdroid/system/private/access_vectors
100644	519b9dd6dcc4c8d6f1a3ea1b76039d739f5bd437	4ab558eec6de8253434dce2e0bffaf75a165f1ed701b422e962afe56ac6e1e3f	2277	microdroid/system/private/adbd.te
100644	8c331d040a0fd081d6d6a01c0d7986a49e1c8c00	28d81a5119d53d52cf85b6808a6eab7f5d1d998e74632f7b24fb20e906d67647	3628	microdroid/system/private/apexd.te
100644	ce29abc860c86d165e2077d6cf5ac58198525eb4	fdf7031408dae25d74b54d7e2ce2d955843445906288d173492be38fc42df5ca	1643	microdroid/system/private/apkdmverity.te
100644	f8dd24f18741db5b8f381b98cd96f38454c4e8f3	4da59cbe4ca8829469ff65577caee955f3f0ff87995d2ffb92e3759d7581b697	525	microdroid/system/private/atrace.te
100644	792d6005489ebee62cde02066f19c5521e620451	32c4858e22cc2c967b42150fa550562a2c839c2cebcaab91cabdf6f4da020022	2	microdroid/system/private/attributes
100644	23e881da348c821a2669053ee570486d8c918a40	3c89e095ce4476ac47af0c406ba40ce1b2494b15c9ee40aaac1054e504b00b88	960	microdroid/system/private/authfs.te
100644	05dea405f2cdbacc03e0d51f508789477f7d35c6	9d8c47c4e4dc820873240ab9cea32cf6bdb1da6b8f2409f78b7a920412f30cca	1176	microdroid/system/private/authfs_service.te
100644	e69de29bb2d1d6434b8b29ae775ad8c2e48c5391	e3b0c44298fc1c149afbf4c8996fb92427ae41e4649b934ca495991b7852b855	0	microdroid/system/private/bug_map
100644	6dd97d0dfd1442d86b94b4565b2af50cff4850ca	eb19f7c0d6f5772589d8cde731ba7175e56bb6e8f81199f7d85403c941ca0e65	906	microdroid/system/private/compos.te
100644	0d617fbd9e8e58f2a37b78241b6ddbd2c40891f0	d064d7d41bdf5b072cd1573cf1646ed5f8f29a8c7d0f6c114019ed8de272c4bb	737	microdroid/system/private/compos_key_helper.te
100644	7460e62d3b276015be9093474094c78d78e7d840	4249cafbdd5c1e8a32a954a6208fd5ad2873cd853f09ddc3a2a4962c5a8ceaba	2326	microdroid/system/private/crash_dump.te
100644	e439692879474a4a434ea2c8b444c57f85364bb7	7b5cb440b1f89615ebca0addab86b9556734a02118130d079a85640ba928ebfe	68	microdroid/system/private/derive_classpath.te
100644	1639640d07bc964cd275ca192c883f0de166cbdb	00bc1c55fabd07a941fa3a3b2ab784f56089bd831f3365643adf6eb94d482030	1415	microdroid/system/private/dex2oat.te
100644	8cd4269d1a7d36fb5b9712299fb1fb06dec3a535	dc823819be2292cdb06723f37dfc3e9b3e3c0a53b6073de68ea85ee397fcc10a	22328	microdroid/system/private/domain.te
100644	fecef6672dd0762ebdc20ef162b01af6de7bc8c6	bc23ca4d03fe42e675fea022ebd69cfc1667d2f9af9086ff81507074040adf84	2859	microdroid/system/private/encryptedstore.te
100644	31469e241d0cb79f4c041e6c70ef3ad1acfa3250	f86b49d6871f979e31cdf46f1b4a0f65c09a88f84592c4caa0009642942830b3	2046	microdroid/system/private/file.te
100644	ba2e44f3299b0e4ce00ed6cd28587bcbc02a0899	8fa6fcbe774214a5f1839d9f320034dc7e1c6f8c3f25a6887a9f9038a219d6b9	8969	microdroid/system/private/file_contexts
120000	711148ce8a6624640ea8c559d903dfebb391488d	9e7c28cefda6da8112f8591801f60eb1385c0753ae96bcf9c05eed454f673cf0	23	microdroid/system/private/fs_use
100644	cebf99b7ba8220268550d54ace2b7f58409d3cb1	e8406bbd6d1e27d6033243acc2e22634da9ec3ee6083a5c982ac06184ca80254	20725	microdroid/system/private/genfs_contexts
100644	6521ebdcd5b54a02d1feebb98770341f50a221b8	45cc9099bd17285133fdcb17dd60530481c72090145a2a45bb17451ab314cf23	1419	microdroid/system/private/heapprofd.te
100644	602949f1487dc737ed7651096d9288daeb00d050	3b43499bc69c918c8d8044ee008bd891b842c488d6bdcd13ea85136aa2c32ba0	13925	microdroid/system/private/init.te
100644	384f5d525a039bed5652cd80473d0e004f524648	749df1360ae42ee9a55531176f9670c6a78bdc13b2037d4a56b908ff1eae7d73	1212	microdroid/system/private/init_debug_policy.te
120000	6cc30038ae8fe03c76a81983e42a8572e6a7a629	bd95daaccc6f521bace4de6d96a72e49f1c2b0f4afee61d405556e0546c83d97	37	microdroid/system/private/initial_sid_contexts
120000	c90b10e368bf3dd3ccb9fa12da2acdba0e89e7cd	d06e7c2f9bea936fb8746bb67e532a9d86cdbb6e136c5750a7a3a17177654c93	29	microdroid/system/private/initial_sids
100644	0b650d374130a7ad12f09275bd6e9297c5e935c4	4ae643411fb34dab9cb098fc8cea4ca34204af4c877c7d7718af83926d9fae4f	3498	microdroid/system/private/kernel.te
100644	1dd126e3a4a80381b4fd980e19795ebeaa753bb9	1c27dfe3d3f30c51953f186253df1f32a03c3cc9063301e37db0330dec1ec32f	775	microdroid/system/private/kexec.te
100644	362e73df7d21e05498b8a51ced490f151da9213c	388a157a657e19c5057e2488577153e885e71c9b3faf77126be49ba8306f4404	933	microdroid/system/private/keys.conf
100644	4d8db0c946964ff41251de442e45c691d80abedb	718ba304787e8e26505ba6c745b7e630c302221414f39f54492a2f1abd818997	714	microdroid/system/private/linkerconfig.te
100644	7fc37c13efd9826040450b0b6bbda69e6bd7374f	f256a9b5d8cb67e8f39e8ea25b8bf61e50a10920d5744b302486ae9ab1eae74a	2064	microdroid/system/private/mac_permissions.xml
100644	9f7b0ec3fe5227d7bf3b73a756d70d91148a315c	98aaa56559e4565aba940f932c11e0b88da3f709e98fd98a307a93ef45d00b2b	1226	microdroid/system/private/microdroid_app.te
100644	5c3d4774a8d7bfd0ac3ad293768f020fdffee3be	8fed5ace0b6fa6101997ac872a5db0b9649a1c738680864175b211739d2eb6b7	10044	microdroid/system/private/microdroid_manager.te
100644	c0b541a1a0506050fe5ea1649c68ec91aaa20311	f9cf6356050a059e232c8ce06ab84afcf44a33f26bb805b88fb676178f118564	3311	microdroid/system/private/microdroid_payload.te
100644	cee6675a75fbf2b0e2ceab3f307cf41b0f257077	89a411c89aa21d1206fa1c607db3411dbe1ee9213caeac1a2817699d05602a95	503	microdroid/system/private/mls
100644	dd53bea7e83755ed099489e70215f810e610695e	f7549d8c5569deaa3cee8c9decad170e9a7aae349a68e5e0602db7825417ba14	276	microdroid/system/private/mls_decl
100644	83e05425b27f234203ac747ca613d8a39fac3d28	c5822b44c9a53ab6dda8f4ce79bbf90a9d97fc9ab43849ef0f4207bc86e048d5	1252	microdroid/system/private/mls_macros
100644	8e783cb8001cc4e7644018329bec0190b9361e89	db14f8fa09c80533eee8d3b0a37bdba4bb04bb1b279e8e1450f43769dd8cbae1	85	microdroid/system/private/net.te
100644	0acf04685a12a660270a9c6e5ac49217f9e0329a	464de1b3a28c577a14e636cfa40b0400a19d45185d323181d5f0214a785f8bda	1838	microdroid/system/private/odrefresh.te
100644	7e2b96673998082fd7614569294de03e804d800d	9d29262b11cd7450dc57133da99cb46c692c522f3281fc8095a930dd16f5a0b9	422	microdroid/system/private/pageout_bomb.te
100644	4efb3234e5ad532326c7464fa5daa61dfc9d69fc	d89c193afc05e2c6cdc98d39d015846f2af9dd9387fe132220b005eb76adc477	2595	microdroid/system/private/perfetto.te
120000	32fec534386245c47f705e3bd38d75d9a344c781	1b7d6741b3529341c1958dcd8b321d65680634665be5ea7843cf5a46ec5587f4	36	microdroid/system/private/policy_capabilities
100644	2f40b38227125a21d53954da09f9f8e4f14b850f	ea2c2d133d381164352a0e23a1cb0146cf063d5a6b1c4ef409752a4d65f9dafa	56	microdroid/system/private/port_contexts
100644	ab4e275482728f4b7f145c730d353aab4e8f6ba4	ad876ca85fbf0a2225478dc53a4868901a7c4d4e0b2c5a023248a548e265a55d	840	microdroid/system/private/prng_seeder.te
100644	c03d947941e7491931106f2b18638ef2dd3c7efa	4adcf7c0c475fc3f4f1b4e3ba3570d72de55dfa5f01001360769cfa60e7c291c	2466	microdroid/system/private/property.te
100644	c94e1ac961a40fd0633f7156511735c1a1933ddd	f7cb894b348c003a0695956caa4f20e79d6ece8478139c84f3699c9862170c70	12537	microdroid/system/private/property_contexts
120000	1c8801794640093ea643626d5828761ae57b9852	430ef2c24c8df5d5692efc1a8a576a33deea650c3c82f62670142d52b8e9c1ce	27	microdroid/system/private/roles_decl
100644	2f40b38227125a21d53954da09f9f8e4f14b850f	ea2c2d133d381164352a0e23a1cb0146cf063d5a6b1c4ef409752a4d65f9dafa	56	microdroid/system/private/seapp_contexts
120000	25c5011ef80820130675b39daa4c7edca45bbced	9f0e525e6e2b856fe1b46d4ddfa19e959e564d111f5bf97ca532f1d0e375100e	33	microdroid/system/private/security_classes
100644	e71d6705aac8bf8f51bbde20a54a2a2210c69203	ab4e48e7bc2d82e1fe3a4d3d8cfcd95fd118563d59af6b315483a88b9f819dae	3399	microdroid/system/private/shell.te
100644	d80260211a073a5309f76a72f8391aede4d94be1	e1fb69eb651b91f355e7decd7ab877c6772f040ec4897602ea28326b913f344e	736	microdroid/system/private/statsd.te
100644	9b8e2d0b0662d3d60c4b1a5f1d706cd664bd4c4b	fc8ebd646377f4a26ac7d6953f1c38f201f02e65df60cdd912b5ea6b68974924	1211	microdroid/system/private/su.te
100644	e6edf8372701f98dc841bf143b9f5dba1ac1cdad	e86cbd45de08c82425b0b980aeffc7e7167643991056e8c75940532f5e975af0	1100	microdroid/system/private/tombstoned.te
100644	a2b958dba339a87ece3bc9fa66112cc49abc23ae	476afd9a53e0970ff832216b467dff0b787be32ec3da816a432b6bc3956db442	63	microdroid/system/private/toolbox.te
100644	864f052ffc602460eaad4a97af69615d48b26abd	58be10d9efde63d88ce7ca9a6391a74b29cfb03428fe5639840dc1049b6ba5d3	2929	microdroid/system/private/traced.te
100644	4024d2e4c2943cf7f63a5ff87a8c93b72726b1bd	bb708fcaa43e275d962e84892e5bea100745eb368cdbf0957fd8e767fa852cbb	2454	microdroid/system/private/traced_perf.te
100644	d85030f13ef870a05c290ebeea4d455ecedfd854	b2631908051dc8e1d892be736fede1918f37766ba776d4693b44854348c93ae7	2780	microdroid/system/private/traced_probes.te
100644	4130b3f74b4ce4b3c4cb8f8abea7d28cb7ac8b33	6c0aef8fef7b1fc5e8f7046cbd0b0947fef3aeb82d15ffaefbca111556ff175c	470	microdroid/system/private/traced_relay.te
100644	2f25703fe5d026e66c4e9638555249a234289dbb	7d69494f16c031611f5faf2a834b63bbb4af6e3dc926003e9182cd05f21cb004	2412	microdroid/system/private/ueventd.te
120000	7a80e1f3d6df02410cb0d47c2b5aec5fdb713975	d20baf6b1742f667f297e94a55e790a9abe213865ac06be51f108878ffa6c357	22	microdroid/system/private/users
100644	669f69a20e1f49a0191c6133f22564146db285d1	1b4cc2e5ff722fffc7f63f66d7808fb7afe29a782134fa0a30485d7d9c609ee9	4334	microdroid/system/private/vendor_init.te
100644	7bf888c02b0833957ecdb3d8d3eddbda7b2fed09	ac82b151076ae7d9518a3b8f471fe354a5f211535fa0a1e20a961f13f3de9152	2309	microdroid/system/private/zipfuse.te
100644	f773eab0a9d3b7c4c0c1f38a634448e6ff8f043e	3e70a1aaa0222dd99fd197f05dccff335e307ef9750bbfb68d147234800a036a	250	microdroid/system/public/adbd.te
100644	7d34e638dfb0044472eff465bad6b2bfad0fd85f	d8e607ff750aef946011e41c601a5077bdec82fc8e43758ca64b1b85c22ca71a	264	microdroid/system/public/apexd.te
100644	5b6f82e02863864ee64cc8ddce4c26626d0e6b36	ccef7a2b2c84af83b291d997ce6d842ac2884f386326130f3bbf926d04e87eee	4562	microdroid/system/public/attributes
100644	bac3012007a13cbbb62fd349863fb8b9aaeb7ce1	6abf8dc683c39570272553598c2919d9a07d7c3effabee0d28364049d9beda47	262	microdroid/system/public/crash_dump.te
100644	c8a05f5f9aa8fd0b3af4264432e4fd9ff4d6c171	e07f207b8aa3e0e11d17b9c291948be62428bb7390d4e85e15517f721ad2167b	1051	microdroid/system/public/device.te
100644	2065e233555b09b3b1c4b9ca17e9c2bfc081a0e6	de9913ee57864c25af7f452ac0387bb49b988931694981eb415ef2564bbba8d2	8658	microdroid/system/public/file.te
100644	2c87fde5ee87630ae561f12deb88dd3f61c8dbc0	f79a4ef588cdadf9e5ed5d3f5565b33da56a5d2fda01edaadcfab1bac0199117	3643	microdroid/system/public/global_macros
100644	95fadaaffbe57b8ed17e3c3ea8b787eb3fed2cb7	e2e46865311748ce8b25d00b2282ab9995b066e8e6297a2fbfa15fdf9b993d72	243	microdroid/system/public/heapprofd.te
100644	79f537dbb81fd8d8917e45713a30c296fd4c81e1	721921473a112736b18c685da26555f9d9bf47761d684b7a4b38d0d2d375ea18	304	microdroid/system/public/init.te
120000	5b22ca26fb95ac6c84b063164facc5203b727a09	9efcd8a0d63adeef1c1adaf70b9db41b74cff2c8a3445760b84260b191309bda	29	microdroid/system/public/ioctl_defines
120000	ff441bddd364bf733e6bd0e04df8f771797530a2	671ce28cd7992a350b56c7761b27cd6a1afed135f59c110862da32c3aa256fd4	28	microdroid/system/public/ioctl_macros
100644	c8f00388906b7de69d1891a00a3f18eff5167a23	29158958a87fd901ee0aa493bfa652689a182137caa5aada902bc64bb8ee23f6	227	microdroid/system/public/kernel.te
100644	59fa441d2a72388ef8d55a6b8c49f23073752db2	9843897178e91a592f65c3e17fe9950f8896b53ae3463bcf361cd8fdd74c1e1f	736	microdroid/system/public/neverallow_macros
100644	5a3e956f6fc776f13142f8112e9a6b0311ec7727	d755df8563273ca3f01a171eae09a8d74f4cfbc822f6a2e1fa464d0c0d6a058c	2381	microdroid/system/public/property.te
120000	534df6a6cd4854eacf58e264bf35c1e2e5992396	b60ab39b88a2ed47d8c0e7b8da56a63ac6061f9b419d0a5ea503be5dc24fab38	21	microdroid/system/public/roles
100644	0d0c63f2130ec61d4b9f3072850c78ff6e6e17da	1a9084df5fc38fe1c0990949fbcc25759f89c2cd765fe88937e6386113d3f097	316	microdroid/system/public/shell.te
100644	5a37179fa1869b74332ed2ebf0cc78f72ef1d8d2	18f19bfbb4f3c8ed7eb926ab52a0e7a16404f51693154c001de5970ff31f5495	254	microdroid/system/public/statsd.te
100644	d425015ac51d4eb0660e388661946473d6213f9e	4ae94558faff6b77f33cdbdd175ceac7838a627b62bba843cadeb2ce42b3ad88	427	microdroid/system/public/su.te
100644	d68c5edc588c4713d45fd59c2c0a9e1ecccf6213	48a47c26bb9e0b5f9642d2037f3e7d2319f19598ec22c06862a0e279aa21787c	34733	microdroid/system/public/te_macros
100644	96565f2737e9b3b603ad457ca44442bebdc58cf2	e006e560fd28e9ee3be1ad299339513ff3ff6770c5fe64babbedd62269e19cce	256	microdroid/system/public/toolbox.te
100644	99d4a14662e7eb1c6403e6139611d0df62f5db76	155df2afd11f4727e27d88546c39b4c8a236c7ac0eb346d38e22639831dc55cb	233	microdroid/system/public/traced_perf.te
100644	44d1f96f7605815c50c5327b9b6c5d683599c30b	3fa9af9da3b1cf6e50c2f85ce3691a2252d7ff1fa912c8f869adbbff25ebff64	238	microdroid/system/public/type.te
100644	bc49479f6bdc03c56eb1188aa27a40d2a167c5c3	949dccdddb3e99f9e95c3eed63bb6666794c3679ec6a777120a9b6abc544885a	331	microdroid/system/public/ueventd.te
100644	5f5721c2a54bcba6106f466afa2187faab0dbf04	f13a00fb72ac33edfeadd4685465ee888f340fe893e299b31bffc821519089fa	234	microdroid/system/public/vendor_init.te
100644	533814cd18c067f473c6fb761a0a5d1b6cfcee26	61c8fb86ef31204941651c9fc954f8bc01dd5ae397be238947568dae055aeaff	155	microdroid/vendor/file_contexts
100644	c439085e4835a72ec37611714393ad1e644a7356	c85c8e38dbbfc0941a438fabf87c5b7adbf319d8a8e697512519a59366c99767	271075	prebuilts/api/202404/202404_general_sepolicy.conf
100644	5d3b6998a574a138034f2f684ac349f4e66478f2	ec55e8bc1cc95128e8ce953cf6ce07ad70c35be426000c8cf8f082b6f75bf855	224652	prebuilts/api/202404/202404_mapping.cil
100644	15baedc708b810a9d01cde0ccc6feeafcb28a4bd	dccc68c10657a782e619b1a2c5459be488c6d50a50062b26034810ed76b93189	2210766	prebuilts/api/202404/202404_plat_sepolicy.cil
100644	bc2e7730b80f019e1fec5ecca0a46bb431d37c9d	278792d7cb33d85b211b42f8cb6e162009bf73f6e3711dd30633c7e107f3f6f6	3309	prebuilts/api/202404/Android.bp
100644	32d73dd5b85ecb8443feae50a523b95909478101	8980b57e05cff9e5586088e151ec1a2493ac55b021d0b326a89799e2558741a0	8930	prebuilts/api/202404/private/access_vectors
100644	43a08ce05af7175f66ff97512fe1ef1fa109336e	b77aaa466d1b8d2978a79cfd382db8ab680fd25b4fdc6966ec6f9f23e64aad55	1144	prebuilts/api/202404/private/aconfigd.te
100644	e735222b97d78452eb1d9ae452ff4da7669c8ce9	0256e6fa941258e51d7e8d73f28cf7a749f4f01898397a7d856179a08606a7af	8144	prebuilts/api/202404/private/adbd.te
100644	33efde06bcaf0cafb387a051048e1bb6b56924b4	e4c895659c59c2fa8ceac7e43986903e7e57f114b023b2904954692cadc248ea	117	prebuilts/api/202404/private/aidl_lazy_test_server.te
100644	f1bc2145eba91d9c0e9dc6e4a3e4a688050c2dd1	c8a97894383d5da71504f66f201ba9f0ef8239204bed9c6f842cb149e5dcdf7a	647	prebuilts/api/202404/private/apex_test_prepostinstall.te
100644	b62e6e686b1b3b9e2496f6295c664e8121dcab4c	3b4e3da16c97695af0944136b86930003367a9de5bd68ca974f31b9ca1f2d8d9	8533	prebuilts/api/202404/private/apexd.te
100644	d4c5496b70a4f965a821379ff5d6d8aa12719ff7	0fdf35254123a895f45f1977aea63cb7335437d53532f91c02be8b95f921b51b	415	prebuilts/api/202404/private/apexd_derive_classpath.te
100644	95b85dbd9982c659fad6bfd1f765f0917be1aeda	14ee9110ded55e8c5391aceaf39f26abdd90aa4341bf2563c4fdf5c16667ea7d	22903	prebuilts/api/202404/private/app.te
100644	ab8b8d5309d63c66a2c93103de2bd0f68086ce31	561ec4b1f2e53f2f40a85916f5a8626e292f36fd3bd62ab5f6e410a4b92800f2	12847	prebuilts/api/202404/private/app_neverallows.te
100644	b51f633d939379827eb3ae2cc9b3115f17819dc2	fdc24f9c714cdb1a8fc62d86027e5fe6839bf5f483658ca55caecb7fe6ec0275	6432	prebuilts/api/202404/private/app_zygote.te
100644	0922931c28ccbb36ff69fa157b9ec338c8a35883	b0230cc4b056ea37a5f230d5ce3320a55db89bab5f0e8fe61ee77df1aeaaece6	526	prebuilts/api/202404/private/art_boot.te
100644	f8e79fb2547e132a5c72b4f6922f2095a2bb362e	06af1797fd929f1f9259f8b2522d827244935b4c981b152669daafdedc886a49	6200	prebuilts/api/202404/private/artd.te
100644	69bcd501099b0e394a36b255fca53fd4effed6d5	cf8af7108d5ea8f32a024ce47cfb20f33a724a7c4763421a55c818e8d4cc54a1	398	prebuilts/api/202404/private/asan_extract.te
100644	1712648b183e2ea3c8cacdb0cc8c4f736beac66b	b6e1606dfebfa9d29d8637bbb8ef28154b34f2e56b5aad9938e79eaf2e3db1e0	2705	prebuilts/api/202404/private/atrace.te
100644	fe50b0dfb436c4b7b14fb5666a411be7ae4fc375	63c152847bd906c20c27b57862ab868389c8d96414e2f1be9cf4a5e21fac8356	642	prebuilts/api/202404/private/attributes
100644	74d5e887222e69cf4f5d7c3c26c29a775d266ed0	f41707ac5ac5bbbc209a155c647c365819261fda1ec5204f67d58a82ce06be84	4187	prebuilts/api/202404/private/audioserver.te
100644	f634d3d1d57f5e717f14b15b8f849dec68d161d0	7abdedf0f6df9b9d818a21e610b2580e7ac8c9e613f79dc1c5f4966f20edbf67	589	prebuilts/api/202404/private/auditctl.te
100644	db20696a60925599060afa9369eee098b2fa10ef	f369086885c1b8be9cb92f4b8b91473e9adb1d701e8de868933eaf61d67bdb2d	1721	prebuilts/api/202404/private/automotive_display_service.te
100644	b8ae9f4ac16b52be2185a0a60c8057c5b75949bc	f4125fe293dd881e3167f4d1973ed663857d0b238ca9ce1a3415f8c456e43b23	1183	prebuilts/api/202404/private/binderservicedomain.te
100644	20d50cc5715951dde1227c9ce9859496e0c6ff3a	8d034b027310b0c074e9e009242e93e8bb338bedbd6fd83abc7e6c5058d907cc	231	prebuilts/api/202404/private/blank_screen.te
100644	4e972ab95d9168b08d01eaa49190758b7ae84b62	18c88b2e9292d78a6b24b559d3c63e7484ad4028c2aba98d5a17519b8b63bb5f	721	prebuilts/api/202404/private/blkid.te
100644	125677157ebaadf6fce40e245c85904008103b13	537d7b18964f3c89f911d6d98ac239963941f02a8903933dfac4c46675f8c4d1	1100	prebuilts/api/202404/private/blkid_untrusted.te
100644	0b001e281eed3093fd040962c9454fde0c147486	20bed3c8a6b74bef8de5569f535a4023963298f1b0b8f9e855e9fcd27ccddcb3	3765	prebuilts/api/202404/private/bluetooth.te
100644	fe4f0e663e6ae203381c9e365896f87f919399b2	a9cc20171e4db59f3a38a0cdf21d6e9f38c7b227152eac557d9d6b7b0618992c	167	prebuilts/api/202404/private/bluetoothdomain.te
100644	f63a230cf6d67ccd6f217df842510015eb92a3e7	b04717a9ee1fb15e7eb7f8e1218cb1b0f4a5547727a6a8493f53123747b911c3	631	prebuilts/api/202404/private/bootanim.te
100644	99d8c6d290d6e8139e37166c383f1d1cc02d4132	5a9069d5904747f7fadc7a738bdbaedff05474a6c9d2670b029132614f7a59a2	1022	prebuilts/api/202404/private/bootstat.te
100644	50fc1fc1c18050810a79b52b0f128f7f850f812f	bf0aa8f1cb59b85418604f805456559aa15d23d2427160f72ff414dbbeb21f52	3639	prebuilts/api/202404/private/boringssl_self_test.te
100644	7c8f5c0751f31f8592c50fd6b77ddd0b01c117b8	c7f88bc5eb4274bdef4f42acf01c2a1c250ef349f5909049ea96dedbe858e7d9	806	prebuilts/api/202404/private/bpfdomain.te
100644	be6f77cf3b06c6d37e893537ceb8d8d9f7538acd	65323db48035745e5e2c35aa9d799d8d9f49d06bdce6d67fe432bc776071fc84	4073	prebuilts/api/202404/private/bpfloader.te
100644	012eb20270cb536f73ae5c02e199a76706106312	4fb1124b4805ee7af1e2f9b6dbe81b03682fe9a1f5e38aa4c805f45ee11e8375	69	prebuilts/api/202404/private/bufferhubd.te
100644	f35fbca654e45e0ba3aca23d26ae7a0368080a4d	e529330b3ea28e35c2865c4eaa9c16f8d39f59e2cd7fc0c5814b840c0578a54c	1408	prebuilts/api/202404/private/bug_map
100644	76ffba630767bcc2ab943a5ea23d3eddd3946f5c	df0f8e4a91ce7e71dc7c70f693b5a65aebcc97a8eb2c11f5272d7b4818e1c08d	300	prebuilts/api/202404/private/cameraserver.te
100644	5673ccd3d223ddb77abdcb7641950fc0564b6f77	4c3a133bc4a1a3ccf69e7ded825473dd664c3a47a7d2031b625b132f5343f236	411	prebuilts/api/202404/private/canhalconfigurator.te
100644	c5f3a50a54699965d25889c99a9c8761fa56ada3	33006706f195d242321248b050443f87bd67f6d626b480d617cfdad035d89976	552	prebuilts/api/202404/private/charger.te
100644	36474966da17e03390f36e1772a02dd047a05ab7	9dd694eaacb59fbc92349e6f50dfe497356e70d846d61593d5008e6dd90d125c	997	prebuilts/api/202404/private/charger_type.te
100644	cd024a78a295b6e04deab3cbf76548d8f712293f	4c2d6e9fc8f112ad6110d0841e09d4cf7cb5c83af6c4efbedff57105b49b56fa	366	prebuilts/api/202404/private/clatd.te
100644	408cf335dab252434c2071d1df86a29601b7e392	8e130e15cdb5ecd042a293be9854c09996d13f0ad7ec49b762587e0eb000be1c	109683	prebuilts/api/202404/private/compat/29.0/29.0.cil
100644	0bb2ae8380faaf11e0453795c08d7ab56b12067a	f4946f88fd8b113526daa3f40b04c5836ce52d61dec716863b131b141472a2af	1003	prebuilts/api/202404/private/compat/29.0/29.0.compat.cil
100644	e40888dcc5ac274ccc041a6a52606efab17fbe2b	18fab6a87d34e179a46af70936ca0877469c906c90ff75b1a3f262b6afdc1002	3487	prebuilts/api/202404/private/compat/29.0/29.0.ignore.cil
100644	f95488ccaf4ecd86e83f5b76525c98ae9cbdc418	37483953b960c5b4cfe7e432a50c18c5afdce6ab6c5d1490c76ed251930e43db	125292	prebuilts/api/202404/private/compat/30.0/30.0.cil
100644	b8bd755ca72489509b33959a551532304d5998aa	1175e95bee74172cee330fffd8b341a641cfb3dd7229bc618649e87d220b58d9	1059	prebuilts/api/202404/private/compat/30.0/30.0.compat.cil
100644	0a3d2e9a3ae64fa0dc5120d1774da00a52717a6e	a909f9ea59028c617ee3567db3d77a28325a0af9266136ec42636b2337be2284	4041	prebuilts/api/202404/private/compat/30.0/30.0.ignore.cil
100644	b0df31447d2bf119f11119abea6d001b0c3513a9	f591f19de00982ca33f01660a98bc707096375c7d0b225cd92c2e07e70403df6	141059	prebuilts/api/202404/private/compat/31.0/31.0.cil
100644	787c92a8c1b0d3bd5b0b9372bc0ece8a71f10335	adddc30714cef2ec2beb4eecdc24df86acb145e390a708bd2ae5ac41b6fd7630	156	prebuilts/api/202404/private/compat/31.0/31.0.compat.cil
100644	0e39f3ec35cef11048a761b184b7929018273270	336b95a5af90221128157f6d73c24b4aa0338c6cef50fc655e153c7b3e6435ef	1397	prebuilts/api/202404/private/compat/31.0/31.0.ignore.cil
100644	171f0ad2c7d3d3689e86d3984e3b4e8f3c524ff5	868925c095ac11aa1542b7633630de31f00deda5dc4dd16c004d7bd93e5df20c	141236	prebuilts/api/202404/private/compat/32.0/32.0.cil
100644	00ac11fd9c8ca5686b7f99ee88236c63700e7742	59648b120ec76f9e4540b9d656e58a353ead9ebac3c69be778532354f84d0c9d	156	prebuilts/api/202404/private/compat/32.0/32.0.compat.cil
100644	43ce0a1b623aeb7cdbdebd0607a1210fffe82152	7b919e07f9a8fac5de80f0c16b220de7d6e76210f64d486253ac56d07ccea4ac	2284	prebuilts/api/202404/private/compat/32.0/32.0.ignore.cil
100644	204048e70be4cb32577cfc08ca9c9c57411844c9	108bc2532b99433553d746c99ac17cc357026945d4a1529009548bdb63be283e	149922	prebuilts/api/202404/private/compat/33.0/33.0.cil
100644	53ee8ff9cb5265b3b70317d737205c901923c736	526d48f31c919a7b392fdd86ac596eae2b26bdbd4a35e818dd3c920335ea29b8	156	prebuilts/api/202404/private/compat/33.0/33.0.compat.cil
100644	352aecfcf7c553d6f415b6d385c890b307ed0bd1	b1b2f94052628016d59147b6b30b4952f37bdfa0c6939d99b127fc31a0a1b391	2593	prebuilts/api/202404/private/compat/33.0/33.0.ignore.cil
100644	7d8043358f1d7252e101817e0f04481e6ec17458	988b6aa579718fad8eaffb366c93e36f41d9f76cce431ef76fd6d7c45cdae3b6	156200	prebuilts/api/202404/private/compat/34.0/34.0.cil
100644	76d24c54960df0359ff8dd618a51524ed37a304e	1cb1bee70a89479ef053fb3f4c496cf1cb2dbb740f97c8ba794931e317e3cc8f	156	prebuilts/api/202404/private/compat/34.0/34.0.compat.cil
100644	5f835a4cb6a935ff7a7e64418d607ca26bc081b0	5eb00b70535ffb5f273e37bc9779e0b2309b35366d9be082415c04bbe642a4e5	1516	prebuilts/api/202404/private/compat/34.0/34.0.ignore.cil
100644	01504eec8dd3686b14407a0369bdd2cdf9fa1380	583f9962741d277a1fa0bd702d204578a0ba9302f9544e379f28adc24cd9b437	1120	prebuilts/api/202404/private/compos_fd_server.te
100644	5b3615eeac7359d4ead6ea958263076078207702	283a5e68e038e09f63d7dca84303e910e171c31197f7330a719ec5b8c6145299	912	prebuilts/api/202404/private/compos_verify.te
100644	409b2cb4c57fe048b4a3aac953676f90571b5128	c00628ce268c002f97b6f4aff3d68c5f97f85ea72e2ef43f669583e988e8cf8c	1659	prebuilts/api/202404/private/composd.te
100644	5442ea3646f0fa14e7bbd5b88cd4d8383de04f85	44f72a78f3281830d36ca725770a572399e8ea8bdc03743187fa0d371c469226	6037	prebuilts/api/202404/private/coredomain.te
100644	1192ba676ee7fcb43ad1ef2900a82cd0a0c27c24	4a9598ed103d1defb7e9e8224ad0d9de79105cd6ec84f42f787947f6547f290d	1240	prebuilts/api/202404/private/cppreopts.te
100644	27baaff4c3f51a37de222e529143f29cf9124ced	777623a86ac5ba094b5e06ab7061bb26327c21512fac5e9066e1afbc37327812	1497	prebuilts/api/202404/private/crash_dump.te
100644	02e87f7146225ec29a7d40e3f1fd80a99fa25043	459db33c96f79d42275f10f28382ed8f8e08c31977b65085eb56421dcb9cbec4	407	prebuilts/api/202404/private/credstore.te
100644	6ad3727c03fb981a70f9ae1fcf06204cfcb6e536	2c6c2485da9747a613c82f8467ec060636ca47798528ded76c7b4faab40fbb87	6392	prebuilts/api/202404/private/crosvm.te
100644	4f15d5aa7d6133b4741f71933c0243022e2a9cad	50446439e10d1e144d94ba742a710537df246cbd25d9005237ff6e32214f14d8	1069	prebuilts/api/202404/private/derive_classpath.te
100644	c47f0a5bd9a53612324a81810ab49ceef1e894e4	3f62ac80cc8c5dad1a294b88d85200daf4181655a9ee7a7e75227e888f518dae	925	prebuilts/api/202404/private/derive_sdk.te
100644	98c91c2f9a9544e0a458fdf5bda7b4233b3b7c1b	764b83a91dd15c7499e1ad40e721996144f4c52c4a4a339c28da42c17f2ebe8b	831	prebuilts/api/202404/private/device_as_webcam.te
100644	18600d8b906ac4a2ceb170ae0650a2bb8860fd88	8fbd51e34587febcb3065e422945875b3723bc042045192d93ac152a62e2bab2	4407	prebuilts/api/202404/private/dex2oat.te
100644	f7bd17a851b410fcdf026bdaae38aa431f41bf19	667f1a1381ba5ea2bac111dea048a6c52487a512f5a398a538f811711c1acaf2	1045	prebuilts/api/202404/private/dexopt_chroot_setup.te
100644	ca715c1924e26cfdbf8a52989b045d4a0ead30fa	ee2a2545607315edf84ba4e9a0b4b46128f33578e2c5545fcf8c9faba7223416	2539	prebuilts/api/202404/private/dexoptanalyzer.te
100644	8ec9111d63af55648cc52c7a02ee9d785e06f84a	6bbc07a1ab43a5843ce2e74ce328cdad071acdcd494660028d4fde58a3292d03	183	prebuilts/api/202404/private/dhcp.te
100644	7a12882869104dd487555fbcb7970cf0a8657c19	caf173b2f7f7594d6d8b7ef4c769a8c38d10bedb9a735b4764994500180adb08	507	prebuilts/api/202404/private/dmesgd.te
100644	96084b490a08b671853cafdbf5762b7ae1c5118c	434c86e9ace194b3fffc0984a197d370e004836c1dd97f43ca68b835327114bc	34	prebuilts/api/202404/private/dnsmasq.te
100644	66bce05e2c6f2e29b7e494ff4c9cee5d55c4bf39	3a42572cd61d326a79a1d5cadddaec2dd95dafe4e65466db08245aff22ea3fd9	23314	prebuilts/api/202404/private/domain.te
100644	8449c3ec3fc572d3a5ed452a854974933cf9834e	e4fb3f1ee2d57240e31d24f3a196a28cbada8ed9d5a42d70e5733d2c94006a06	233	prebuilts/api/202404/private/drmserver.te
100644	29cd454daad4af392460579c1b37ae236623c5f5	be8fe5f6fa9ada16edac2d2eab97168cdb39fee000a04ba1e9dcda4841f7ddce	4741	prebuilts/api/202404/private/dumpstate.te
100644	4e1417b63ecbd6cee35859002c2eaa175deb6af2	1604b7041a62bfe55efaaf6c645b50cdfaaa35a3559179ab0549b2a67ab3301d	3403	prebuilts/api/202404/private/ephemeral_app.te
100644	37726287f8282a5187b43c8b3a32cd7cdf4a545b	23b0dd73fc0a42e2696f4dbba046fd161f1d5863784f15a54a14ce9ecb15fef0	1121	prebuilts/api/202404/private/evsmanagerd.te
100644	d210884d8706e81eced33841d169cf2ad6fe283a	a77815eb11a18776d13843f85a4243e7cb0260a1b8739a1cde4a60ed23352f7b	200	prebuilts/api/202404/private/extra_free_kbytes.te
100644	a189d2353d48cb3fd34093a5e45f1f007ff0bcb4	d7d97b2ea1b196d83c67a024ce8bb2d3b1015929aac52186c09a4f38328f0322	1927	prebuilts/api/202404/private/fastbootd.te
100644	c4341af9e6d941a6f0c35b6d6f1c2720f519fb9a	45ae1159d51e6fe514cb842c34ab6fa366cf8d8a0826d53125aa43c916f55a47	6791	prebuilts/api/202404/private/file.te
100644	63b3d1effc12caaa1a6a122af6d26294179f883f	1a263929c41f73203b1c29557f20b87fc0002c220b5ef9d1f3e7fe7280deb784	49547	prebuilts/api/202404/private/file_contexts
100644	9554a76188aa2eaa2cfd2a8c3c737884287d6c95	484c605a690b7904a2c695331b3d131209d5f5becfd05e094213de5950706fa2	1122	prebuilts/api/202404/private/file_contexts_asan
100644	e472fade565924ccdc1d43e23d8c3908c57f9a2e	9e45850bb0bc23086295a61242a86117ef6190cf45492c3e37f225cc788cf45d	510	prebuilts/api/202404/private/file_contexts_overlayfs
100644	eb73ef8ccf9a3129f5a635c3f390d1177277e6f5	1499df576556d71a156bc07d86a7dc37508acc0f038a709379188ba4379a3ff4	73	prebuilts/api/202404/private/fingerprintd.te
100644	b7f5808666b3383e0caea80562f86a99be54e77d	23fb73959b7faf72bf174bd180c39ec5b1bfaa8c857bcbb18eccc0072f60b79e	3124	prebuilts/api/202404/private/flags_health_check.te
100644	93d7f1b24461e533a62828687cc263752b0a00ec	577777c76e1b96947e37ef3d6b37d380f9dca0f4bfa56ff04c4c67374e9e1265	1055	prebuilts/api/202404/private/fs_use
100644	f8e09b645d4165b61be2f3b7d841ce0a420d5dc6	484e616c55adb391efe905ecafa51a82085fe8d20e84e60641150453e69ff966	115	prebuilts/api/202404/private/fsck.te
100644	9a57bf02771bb2a06bf59d5b0a922e96dcb81aa6	a487f15cfd8d2e8ee93353da0d766f5f86b62b115de5e2d90380a561d94a6828	41	prebuilts/api/202404/private/fsck_untrusted.te
100644	a3765ecf6055d0fbc086619b614d37a41b33694d	aeedb339b074744e5920f67f2c57813b44c63b724291129f424e3cd805df9132	661	prebuilts/api/202404/private/fsverity_init.te
100644	4423913d0663ab3a5102d3a9f0be72db8a6c5455	0192fc6d4a5b0d71a40de03182369ea2daa238ff45720bb535b89e0e6f2be970	1188	prebuilts/api/202404/private/fuseblkd.te
100644	b99a49ca8ad052b8a41864903160613219f5ab66	6f9257be7355451846eb89deee678c005afcb580954ea2485c6b3e9b607f81c6	3200	prebuilts/api/202404/private/fuseblkd_untrusted.te
100644	5286f3e5653d9d1c337d60d9828bd7e2fdfd0c06	4ca64958a5d0c0b169b5f806fabed5129078041e7131290b1f8e426dbd01653b	252	prebuilts/api/202404/private/fwk_bufferhub.te
100644	2fb88a3bb28f55f12c2d318fa421f15094d5d6a5	a73899aabc4b507591c02e8a95e3404ebeef82ba7166fcc436c61865cb3c4e25	143	prebuilts/api/202404/private/gatekeeperd.te
100644	e4baeeedacb25e954a242c8bfe0cfc0228b27d73	7179f564ef2d0078f7f798e79bfbfb78b3d1c5e4170c659a748fafb2f3e863e8	33411	prebuilts/api/202404/private/genfs_contexts
100644	11553893089716670a34fb974ba9d0129b972c99	eb064fd9067cbaf2ef6cb5a14d9283d8ac799bd00d098c8b4442ff173c81d8d9	920	prebuilts/api/202404/private/gki_apex_prepostinstall.te
100644	859c2ec67c375f0447349ca4fb3ee5cd746bc61d	0a45b95c62c0039d96c5160568a67f32d348ed038793f4f52885db5609398734	7808	prebuilts/api/202404/private/gmscore_app.te
100644	563854368107938b62b9180a5e69c4db245167d8	1ed1de82a442520db1cb83e7f84b7e3adc57ae3beab2e4f91bf9d86ea6b17ec9	2626	prebuilts/api/202404/private/gpuservice.te
100644	9391016c45a77ba85a2daa171f8a4c36f07df066	fceb426ecb4f93b0b44750cc5e46a3f5896ae65b117d2118816105b0b9d4bbce	6353	prebuilts/api/202404/private/gsid.te
100644	6ab7eb83bde419bac70a86925e12aaa297d28a44	4549dc6c31c7121ec0419d733188897f5e56ff04a8ff54a673aa11237d00a853	323	prebuilts/api/202404/private/hal_allocator_default.te
100644	93cf2350bcd52cd8f35aefaccc7c034d10857af8	4a0be12763ff0fa1075102739fa3f357a29a27113f126a58a58319ec078d4865	88	prebuilts/api/202404/private/hal_lazy_test.te
100644	9dcd3ee3846a74094ad45970754e76405846f626	4f2d76873fcbb4d2632cdc8d65a87aaf2307e000994f42d9ac6fa616391cf970	392	prebuilts/api/202404/private/halclientdomain.te
100644	f36e0e7d8f15cae1cc86b4259a1610540d9839ce	411698d698161bd46b5f2c70f0a06f0a70e18c924735ff871cb40dfa365ddf1b	319	prebuilts/api/202404/private/halserverdomain.te
100644	cf422ed5779dd7b622e643663a8197dcb0c49503	5b87efe3b8b1b4bba80b129db4e8ce9872cfe64de49cead7212e6212f77300e5	34	prebuilts/api/202404/private/healthd.te
100644	39d0bbbe051916a31916765a9d57d1040bdb0ec4	6903516bc1932f441a8e621585c51a5bc4cf93de9b81f87e9bac449d0391e960	2430	prebuilts/api/202404/private/heapprofd.te
100644	04e8c9fbe1dbf5f5154668ea73f8af13a07e9b35	e5e7a9fc4879321b1fd588066b1f1240da1b077e62f6c1f312180d89c5aa7973	284	prebuilts/api/202404/private/hidl_lazy_test_server.te
100644	b7ba4d7bfe3a4afb612c3f3e7e3f4b12e40cbc67	66cba9bf5a5bcb6bfff7d5a7430ce0e522cf798f80580889d092086d233071af	75	prebuilts/api/202404/private/hwservice.te
100644	4a44dc58bfe6511c78a51bbcbaf16a7bcb3f36b3	5eae772c38b35c0538a55a38d337923db67c79960845775e940bd6484a688c50	8750	prebuilts/api/202404/private/hwservice_contexts
100644	ecc8a40c68fa6f80f5d9bbcfc8bd6fd5456d799c	0116cffd1ac7aa76dcb77294441be558f5163eea44175f58c9a453e0aa050f96	463	prebuilts/api/202404/private/hwservicemanager.te
100644	c982783b97f2b151a37b3588e44bffc4d9c104e0	38f6ddb2675332f615707485c984b5ce9968b0af23217f7585e7b0758e6afcd8	59	prebuilts/api/202404/private/idmap.te
100644	db9ae8638b9190a022412a81227c148db5e416a2	3ec2150a35d7a19510afa19c7df6e691ead35d0a54854affbf4727d2bfbbddf9	1411	prebuilts/api/202404/private/incident.te
100644	b45385568345b9c85c622bff8b4ecb386140ac09	9c3ce7fec36997085960e3b0331fb2f6bc053e16c7e684516aa6d77b52c64ab2	719	prebuilts/api/202404/private/incident_helper.te
100644	bf98d31fca1d76bfc959bf3a0e099863e2d967bc	b5a6a647b52bcd39b0322bd09fb844a07421dd1b695ebd0ad9c71a6024a220c9	7155	prebuilts/api/202404/private/incidentd.te
100644	9d3a2c380f2e6526b17f0b03566a3c5a0bb535b1	04a72b227e71389063964fb10495873c89132e8518678c5249c80a093f7a7811	4966	prebuilts/api/202404/private/init.te
100644	98190510f2a65869b031c62304436979620cdf06	c6062ea3690f13c60c665063d58bcc246a736c103e770bc7008cfb25606e3f16	973	prebuilts/api/202404/private/initial_sid_contexts
100644	91ac816ba7657261a9f2f486d551626d3cc0ce1e	b65322809825c3f8425f805fced74fb25981e71b7602450584e83ff800fafad7	416	prebuilts/api/202404/private/initial_sids
100644	9696b491b75897d98346b9494cce5f92ad10733c	15009df396ac3bce3902b53db49ea9603326188b10ae4db718ca4398a715f72d	73	prebuilts/api/202404/private/inputflinger.te
100644	f9fb206303bc8fa7637bcb468d70cfc25a31f79a	827bbdf913d91e2e077d44824aedcd7ee14c771f413c6ff688a9cfac672aa92d	2201	prebuilts/api/202404/private/installd.te
100644	9d0fd73a1c8e16450a1fd263cda608f831e89adc	cde4bf0d9db990ab76479ab95ed7b2502ede8c9cbaa1c8f785df61b5c16f4ae0	1613	prebuilts/api/202404/private/isolated_app.te
100644	1ffcabe6e24c2d87a5c9170ba4cc65a3ab5ed7ea	39f0d95d2a3ec7e61742d6ba895620083a521f5ffe97348d8fa3a8168a9ff599	5565	prebuilts/api/202404/private/isolated_app_all.te
100644	5d4070d6cd064c7db84343931a961433e437835c	73a665341db9d5da832b71f05bd0cb239b733b1922d289981c7bc3f66aa1f43e	1857	prebuilts/api/202404/private/isolated_compute_app.te
100644	adc8c9632f7c0959216685cb028d0d4f2c1fe7a3	906ba4c0b7eebd6de617d95a08acdacaeae2dfc89b205cbce5b0d0b30f1a5867	107	prebuilts/api/202404/private/iw.te
100644	2d46b3e2101b6cd778507f5203ee7c22012236e9	3768c442e08fcf3071f4893aa2dd6f505fe325e811e41805676a74a6673aec74	1978	prebuilts/api/202404/private/kernel.te
100644	fc50ef31402ae29a64d5a90e17c89e7cd0133b09	a4af8092acde5ca45cba30bbba587369a701845b472784e1a3c4a502280f136e	1150	prebuilts/api/202404/private/keys.conf
100644	b81ccfa35426c6d29211f2372c8d8a1e8bb8f52b	3e0d63d8b70189048a5fb9a4d82f72de3c151432eb4cdb47215995f1822d0c37	1739	prebuilts/api/202404/private/keystore.te
100644	868bf15e40d335ec4494516014cd938b06abb7ff	09f59acdbf5d88683041f1095ed94e7393de14e1e6eca662cbf4d97999037baf	1097	prebuilts/api/202404/private/keystore2_key_contexts
100644	2f9760850c9b858ca010050b1823d1f61805b1b1	6d6bd4df7de48e3f4c8293ea1f3b1054565a220be691000be5eecb5d5e1715a6	765	prebuilts/api/202404/private/keystore_keys.te
100644	bd46ca46eec311674503af9d286791004a5528d2	bda72d7401c2c87c984347cbe8acf6473188ac2fa1770cd4bf890b9635a9f514	1176	prebuilts/api/202404/private/linkerconfig.te
100644	9c96dfbf1ccc11a02799a7199b3904bf57c3dfc7	a247542f3f49e0723e14082961b5097391e75bdf20533380d12f9eac99a015d5	1493	prebuilts/api/202404/private/llkd.te
100644	51d62044236cfe833a61acdd6ddcc80918fa8cb6	015c7da95674326bd7393f24da02ae6c63a7d310426a4f1800a15b670e14d892	446	prebuilts/api/202404/private/lmkd.te
100644	62d41969f52262fc50111d89633bd0d95d7ed227	4f97710bad930f43e54ce356288c24a1199529401bda19b310ef6c350b489cb1	1195	prebuilts/api/202404/private/logd.te
100644	e1518103daa6c855e11c433b0bacf910c2545e25	51c51fbf3056bb9f34afd4c2a5fc795ffc85b711dcda84eba6e8165eb94c0611	1249	prebuilts/api/202404/private/logpersist.te
100644	09ba0796fd76cda9f6b83a44bad612236e616e16	076f195959ee1cdff71117b4210b9ed545f62f536ce800ab1a698ba57e439e07	1304	prebuilts/api/202404/private/lpdumpd.te
100644	fa8ffcfbef2cec54c695c41ce2a7e6a91ff1a245	b098d3d780cccce917fc7193a3d24e9927e200bd789949b0a6269f72ce8cb37e	2410	prebuilts/api/202404/private/mac_permissions.xml
100644	98e95dab3b8a1e867e0e04a6c16f81050cd33fdd	89fc355ab8793ac8b373c5d48a24e00c0549a8744fec78af5c6fb10d144f761c	245	prebuilts/api/202404/private/mdnsd.te
100644	4e511a81908db79a52dea340725f7c771efa9c7e	bd7a10acc20328bd3d6296d00d3f00aa4a394fe097225d30531eef7b8cc1d7f2	241	prebuilts/api/202404/private/mediadrmserver.te
100644	7bcf5c82fb33e5785d39c1c6798305d185c2b420	3f6fd9ed5315c5d04c7c16727e45b3e9411efbdf77c2f76f64510178a8c63e92	441	prebuilts/api/202404/private/mediaextractor.te
100644	5a6f2e1df51c2eb090829bbe0bbd3bd116511445	55e902810f9c5bb42bf38ba30b5f798ef9e6ecb815361a131017e648e6e554a2	277	prebuilts/api/202404/private/mediametrics.te
100644	545d9eae53b52669941319a76c99436427a368d3	84a7383aa8fb17f516e351085816d258a20947dec134e7c76ca41ca64a0f19ed	1963	prebuilts/api/202404/private/mediaprovider.te
100644	064d0d9c449da5923a4863e3b936e7b6480d6256	79735d759402ee4e9affa6b20eb60b738ddad2105fb8510a944fd595f07cdafe	2696	prebuilts/api/202404/private/mediaprovider_app.te
100644	5fc13a8cf6dc75f1d5002c253ea526024658d6a5	2e73ec93cf2107030ed9d3ab198e25267bfc1ce078a23a1901fa7ccace97ba1f	1232	prebuilts/api/202404/private/mediaserver.te
100644	02079c1131dd6a6b2d479f8a2d92ce055dbcfbf0	257579654b57cd2ff9c12c45ad6de0218aa413011ba4124921d70b912d5c1dfe	188	prebuilts/api/202404/private/mediaswcodec.te
100644	829d9483c6f2cf6ceb2a89676cf61e7c2908bdfa	ec04816b6b8b0433dd3e7d153f57b9b963058c6d8b3adcbf90e24555318d1fc1	3030	prebuilts/api/202404/private/mediatranscoding.te
100644	5871bea7cca79ef411af561be37fd4b05bdb9c23	4b367465473e66d5f922600e8b02be351f2863e43814d8f7b6e35a72aa2d50ca	1035	prebuilts/api/202404/private/mediatuner.te
100644	b2a1fb10a7fdb4ea394c509082976422ff168e24	b159948255fbda94eb8b135360e44953046a3bc5c4c9b53fe055dbfd45507cd2	1246	prebuilts/api/202404/private/migrate_legacy_obb_data.te
100644	2352067a076a4044b561d384bd7caeb87fe9643f	326b878e774573f10249668c62b99222147c4f6d83c0bef757d2886bf34ddad1	633	prebuilts/api/202404/private/misctrl.te
100644	955c27b00ff5c9ba6f25d6f8c2df3b5fd37d16a0	e356f81480145ac954b6a9fb12e7387a8b42619a4def563af10087c6cfd8fa08	5239	prebuilts/api/202404/private/mls
100644	dd53bea7e83755ed099489e70215f810e610695e	f7549d8c5569deaa3cee8c9decad170e9a7aae349a68e5e0602db7825417ba14	276	prebuilts/api/202404/private/mls_decl
100644	83e05425b27f234203ac747ca613d8a39fac3d28	c5822b44c9a53ab6dda8f4ce79bbf90a9d97fc9ab43849ef0f4207bc86e048d5	1252	prebuilts/api/202404/private/mls_macros
100644	67bd1137ce1c38bf6d400a3917417dbe9b51bb83	12a8f2d9681ae42296a6259af221b281768989e43966a085f068b032c7e56555	760	prebuilts/api/202404/private/mlstrustedsubject.te
100644	4875d40328a6ce1d3e1648ceee2b8d734753a4bf	a4ffecfdfc4787fa62576ac193b97eb83d6aec740d8bc802efc126762e1c42ae	420	prebuilts/api/202404/private/mm_events.te
100644	98586756f91da77583959db541ca421a565ebcf3	d3174958d3591c745e10b11acdf511e0ca001a469697cf97c4ecff4642098355	35	prebuilts/api/202404/private/modprobe.te
100644	e0418bcf0eb8195d89ebec53372486923d5cf5fa	d4ee9d47a0294ccff6e9f7f0cb04ce3e9101c64ced8797d870c278f2689dfc2f	912	prebuilts/api/202404/private/mtectrl.te
100644	4adf84c6feda03b4663d30078344375967297009	83722da37bedb821a99e279c748287f501991a27fd383555417d1c549915d1c2	809	prebuilts/api/202404/private/net.te
100644	6d1c10c095b97b609d23c1beaf8ae36993faf3cc	dcb5135a68d75a0f708f98f2c817b0f6e77d209ba3411af6a2bb660d35fec0bb	1858	prebuilts/api/202404/private/netd.te
100644	a26181fd76e502f2e84606f8832a657a40d2ed9a	5bbeb160fabe29e72bbe9d4bfbdbb222cf7ee73258516a549f4eba78da9fae82	1985	prebuilts/api/202404/private/netutils_wrapper.te
100644	7587c1f4659b091bb0593c9032896d4c7e0e50d7	4bcddcfa64e8530d19c5988d8170796ca071a67a8aa384e493d1ebea34462134	5544	prebuilts/api/202404/private/network_stack.te
100644	f1a08f7a4473964f288939059c461ff561583674	430df7a80691a051488b43ec938ddcbf6ab7d8c9ce858fee30dc1db6ca72867b	1182	prebuilts/api/202404/private/nfc.te
100644	d7163099247749ecaa3d7ff85b8f5cbf02ca31ea	e3273b6a4cc1c9c67db702908432236ef953e35cf9a00ca1127141d5fe8d2686	2570	prebuilts/api/202404/private/odrefresh.te
100644	f06795cc390ec09fc38f37d2d455a3cb3e5f7b0e	47190728ba1997e8b2509f68567f4fde224eca3e64d8d60a95454051b028260d	2068	prebuilts/api/202404/private/odsign.te
100644	341fa9c69cc113cf34e78f1dcf2ee99a95ef143d	70d76af25a2bcfdceec9a1fd70650d69f81a97f84cf53dd252281e80c19501db	1383	prebuilts/api/202404/private/ot_daemon.te
100644	73e170b30f60be38a32ef351a4bf0d2ff4b574f8	7d66bbf4fa4b3e0d87edae6adb1ca175cc8dbe4dcc528ead56a20f5dc119f1f7	4622	prebuilts/api/202404/private/otapreopt_chroot.te
100644	27a3b0e084a4380a81cb36b4f10c694b864c3223	66f765a62111e45e13d231a48c59f6ec4babae27599aa27835ab5b9675b92a0b	1376	prebuilts/api/202404/private/otapreopt_slot.te
100644	d0088efdcb3103d1f277bd6afc4159dbcd1f293f	acc2cbe14d5c38b8c67873cb8ab45d5d19bfcf17ac129e0b682fd8a40bd8cba9	5532	prebuilts/api/202404/private/perfetto.te
100644	792826e02297ffdeb248014a2af721339c6593ed	d697fed933905e86f4f027ce1f004740820f0ee6ddfbc08cebd8dc4c9f0e6c8b	73	prebuilts/api/202404/private/performanced.te
100644	5f8187530e7219f8b6be84536a9d7b8bbd6b77c1	67abe228271f7f61edc593d24e9e15a3612758daa08f5d6f34b5cdc300c47057	824	prebuilts/api/202404/private/permissioncontroller_app.te
100644	cd95353268b69bed91d4bc418cb36dd9dbc7695d	8d8040cf86be645ec9699dce312bef273189a434eb14c42176653e2fca1d5e63	5033	prebuilts/api/202404/private/platform_app.te
100644	9290e3ab36427e73a0ce8593de26f87551410a45	8a063a3d29a09b7a939dd142b84889c33208bc22c352c78c5479b5fcea462b03	536	prebuilts/api/202404/private/policy_capabilities
100644	b473c0c9b431fe79309f2df9aa7bfd3c8223b3c8	098d6ebdfb72ab9953ad990ea3d81a4238181105d2965532c3b6ac089dafee0a	77	prebuilts/api/202404/private/port_contexts
100644	7060c59bdd8246336bb19d536994221dbe2a6f77	f1848667c2f6f0c6f1ab043c180b0c16a04f27185516b04f8a874e05ffd4186e	216	prebuilts/api/202404/private/postinstall.te
100644	cdf403c2e41e7147d2177971333dcdc323c2242f	debb486c3428be5e753ed56475bf30d34f72547a9575172a793992c12bde3edd	4164	prebuilts/api/202404/private/postinstall_dexopt.te
100644	ba54b70acad2b89a5cbe4e0610d585ce7154555f	07fcd710a27f268b2f71f51d6b5191bd09977d13b174a64ae1326569ab1c73a0	758	prebuilts/api/202404/private/preloads_copy.te
100644	dcfba14d52fb2f913eb5603303b20bb0f03115ec	f6b1576aa9857d04a52f580e6be881f38183ff881c6afc068c22b8f699217d80	616	prebuilts/api/202404/private/preopt2cachename.te
100644	f1ecfac914afa2124259c1eb5efde5e2a20d7840	3291434c8d2c4ec0fb1764d7c97d9894fda857464584eac38d027f826654db69	12698	prebuilts/api/202404/private/priv_app.te
100644	299e37b85c1c620431844d8b0dc14e78a6b953c3	0bf9e986152330cd47ba0f57211a2069476d443382fc4e049c64d91756f0342f	898	prebuilts/api/202404/private/prng_seeder.te
100644	f83d4a8d57277065e677d0bc4ffe7c0d8184b1ea	3d9661d5e00f897b02f6b42dc2661960b661fbfb6776f155e703c575cbb629c4	2813	prebuilts/api/202404/private/profcollectd.te
100644	7ad49b2f0b6a736e7f889c44cc79b5396bf360d2	12739410de5bd27c5a578f5e50f7378fa9f76d6ad353f02481207242dc1c44ee	622	prebuilts/api/202404/private/profman.te
100644	2d030abd99bf3f897a82cbe8454d2b80b963f901	f05cb0f3c7409515b26deb564187ee57e105c84633c515034eebfa7672c18ddd	15265	prebuilts/api/202404/private/property.te
100644	1ddde237f32e7a84eccb9684eaf5e9f2857f476f	5d108ed6465dc4c0f5ff956bdb17c992f5b7a7cddb70d10eee356cba82712c00	108256	prebuilts/api/202404/private/property_contexts
100644	08365f05de36cd9d3c776bd9a83494d7ebfb5817	41bcea464eca26301b2f8702dd494b58ba9023d0895ab38a482bae685d6bcecd	1057	prebuilts/api/202404/private/radio.te
100644	2dba93bb2622e208dbcbd8de7ab18987be7a3eda	db64cef0adf70fdff99e458db0c06e74fe8fc698ab4d01fd6bf35e1753cb8148	1730	prebuilts/api/202404/private/recovery.te
100644	7cb2e675a6e3eece2ecbd33fb8da780ca9208cc0	d98dab376b70b533039b967a189c989a4b9e3a776d781f77b2446102742fe4f1	329	prebuilts/api/202404/private/recovery_persist.te
100644	3c095cc261e6c74982a8f33359adb79340d7a4e4	b86e1e5998e15ddf2f8ca239c3f9ac13ea9cb57988107ab1388010041770765a	277	prebuilts/api/202404/private/recovery_refresh.te
100644	5ef7facb5580162f7dc95993b6231b33595748d2	5cfae9e945fb3dd2f76e87b80c2e31531c016bc8d152170d35cbf7c372361674	989	prebuilts/api/202404/private/remount.te
100644	45e3e8dc107995e9182b78d84e9c2a2178e18f3a	0643e1777e7fa3223e3e551139d9de77ae796ac8b1d593edffdd5751c9ac4843	375	prebuilts/api/202404/private/rkpd.te
100644	e7809e9f1e4ed1d8d4a1ebf8c0672b5b3b0126a1	64a436908b92448d12acbf5d9b4d137b5404d6eafd0c7212339675ad09d5a1ef	947	prebuilts/api/202404/private/rkpd_app.te
100644	c84fcba0ffabdd4ae4460e34b79333466f62f4a9	4241eb694ec396a73e9a0d6bfc9973400dcef8ac820a7e0cfe0f9cbf3673e6dd	8	prebuilts/api/202404/private/roles_decl
100644	2674c0ef693be1a865ae3061804fb5606618d115	aa47a2211978c54c9a491ab870abd39f94ae086c02a3c1c44cace829343ab6df	1941	prebuilts/api/202404/private/rs.te
100644	30818c2faca7d15c04676e89d573f75db426fa05	187b4692055d37e9ec1249c5498d0ae4d47c1e20572d5a221ce332bafdf4dbab	464	prebuilts/api/202404/private/rss_hwm_reset.te
100644	ef31aac3471736662b840960b05e242ccb80856d	5f56cd90faef00b87a1b5f11c3c300bc73f90c3f8f56f5bc1037b696dd742614	113	prebuilts/api/202404/private/runas.te
100644	9142a19d90ee4ed89ee7b040d7464cd44eeae48a	686b6e804343bbca1d446207b4ee60b02e6584f95173e59308b763492c31ae2c	1500	prebuilts/api/202404/private/runas_app.te
100644	126d643490d7081ad0db7db021320aa74af171b8	fef00b81a1140a3c0a2f87570acf2a511fc4bca4facc3f4a672848f37351a2c5	109	prebuilts/api/202404/private/sdcardd.te
100644	bb150576b0f44363bdf7bba6e753cee77db4fe75	2c800b2c7124c34d82c015bf4c5feb0e86454408314f91e9841aed5e91db762a	268	prebuilts/api/202404/private/sdk_sandbox_34.te
100644	b4c655b8f7b5363b5233e13a9402593721435279	c325800be57779c23b4c0318664ac933ec098af74c2a313dd1fa64d492858309	4831	prebuilts/api/202404/private/sdk_sandbox_all.te
100644	bb531ca44ad5a737979ed7d807316960dae7fcf7	414ad26832b9a325497b187a5889babe2e730bc6084783f8e4440c785bf21c74	968	prebuilts/api/202404/private/sdk_sandbox_audit.te
100644	55e5bc135449cebd1139ffc14d9ee3567eaed3c1	28eb17863366cc93c5107218b6977f1c30eb3bdc9b84054b1ead787223627223	2153	prebuilts/api/202404/private/sdk_sandbox_current.te
100644	6fd16ca4c2eb44b48073fb1eb679804b1097cea6	35dfa9f87e7ce81cdc2b16bc99ee878e54d50dadffd83f871fbd242bc96b3b27	2290	prebuilts/api/202404/private/sdk_sandbox_next.te
100644	2219631958e04bea08b04e7f22223d097868c310	7b1bd41bf6e02b9b7f2951e9589f34bb0d2d32a3a2642380d4ecc23f85022843	12760	prebuilts/api/202404/private/seapp_contexts
100644	fd3b688e458cee8e0a5842a2b8dcaad8903424eb	7917f1289c4b4deb85ed2f895fce2d3a2a32bf67476341f25a46dca526a072df	582	prebuilts/api/202404/private/secure_element.te
100644	99f947f2956aae9574e223730d593c2d7e043f0a	b9afa6d21b841f19843873055689f1620d8c578e03cd53201ce777594ac9b11e	3210	prebuilts/api/202404/private/security_classes
100644	c4e7cbc2a62e46d1dd672be45be513bd91e86ae6	385016a4952cb8796c0a5539611bf3a15aef4829002d56c8eabbbf18fb58c298	2363	prebuilts/api/202404/private/service.te
100644	3138d90cac48e685c5024696b027168fc2bf4153	380f1c22baa12243a2bae70cce88abde3124ca3a78fe93f138c6c116aa90751e	39975	prebuilts/api/202404/private/service_contexts
100644	5a69a43a3354d2276ef811f76d086ceef5fa8bac	39c925ee5cf39d7db74a09a64a4ae77e325000442ed03e3a514df046cd8cc7cd	373	prebuilts/api/202404/private/servicemanager.te
100644	a17342e01023583ada9fc6526fea79fb2c685145	8644295a913e80dcb39c62524dd0752addead9f1d018dd95b91b78c630e19b33	33	prebuilts/api/202404/private/sgdisk.te
100644	31fdb8c911f99939abd56daf97c17aa4513264f2	b0273def01ef45452abf89b948b5b3fb5a896cd84c31b1d529bb4be8de8ac0e0	639	prebuilts/api/202404/private/shared_relro.te
100644	60684f48e42dfcae79ca4a85a4ae540ebc1dada7	695acba6f275345c2e54c517053fbce6601614b35126f04a4b8922366b145227	9512	prebuilts/api/202404/private/shell.te
100644	9c700600e62c4194fd3fce3165103da1858e326e	7b86d3b560fad808a0b20beb55156c054013c86ec9c2aaddef0da2afac171811	2279	prebuilts/api/202404/private/simpleperf.te
100644	184a80a05ccb8084b1e736d05d81098145181033	daca026265a3018440fe1fcc291ac99600c04fc7b44d8634bf7f92f643b313af	1998	prebuilts/api/202404/private/simpleperf_app_runner.te
100644	e71c4929297d661209a5f9eec7562e3fc82377da	a379bfd5e6634ce8ca14d6eec930260c47861c65958815c10591532c8c30a648	2693	prebuilts/api/202404/private/simpleperf_boot.te
100644	7dfa994ea7add2eddb4c6e3f2598a79c6d9b5de0	275253fe4d8b41ba25fa8ec8de067d470dd42cbc95f35ca3a19987a0bc973f87	36	prebuilts/api/202404/private/slideshow.te
100644	fb2bbcae762aef461561929651e3bfda5e3bf177	505714db5fb708f05caac8bceee5e5f8477c92538d003f1350cb5a1ef1643b2f	1575	prebuilts/api/202404/private/snapshotctl.te
100644	3752e0106940a9f9e566ec91e6cf7be4bd9c9404	c1504810051c18479742a5201bffe31fe1ac135ea96f0b59f753079d322d90ce	2751	prebuilts/api/202404/private/snapuserd.te
100644	626130333c6a7e5d6a8a7d428e9a3a3a997c535d	7944cb3230ae3820324602573219694fe995d22fbe4cb95dfc3e3321a1f03699	1034	prebuilts/api/202404/private/stats.te
100644	051b99ec83aec7374228f9937bcf7f5ce989308c	d10fe2ae9f20500559a5c0eca785cec7db1aa6abaf971f6df7cdeca1544ccadc	1300	prebuilts/api/202404/private/statsd.te
100644	bb39e5b73fb8e0179e00d7bbe4a376df6caac810	6edcf9ea765ec2ffddbec3ab2567b9922ca5e5711dc53fdad3843d30794d9b01	2058	prebuilts/api/202404/private/storaged.te
100644	2e0d10ae8dbb80112106a847a07a4f9510a1465d	64854abebd412bba493758163ab2b76aa3635e7c57738a44e254e90473f709aa	1201	prebuilts/api/202404/private/su.te
100644	91e9aba0504b0bb36ff3e37ab36ab209cbc5a522	93a2d523d1dfe838f817ad97833601715a4bd4269430991b4822f9a746255fa8	5688	prebuilts/api/202404/private/surfaceflinger.te
100644	338d85284180553296cf6a550afb282199472ced	f4f00b4b0f8dd76224f380947acefb9dcddcae5d437fc41d4bfaabf5691f2403	6281	prebuilts/api/202404/private/system_app.te
100644	886499e07a1a4ab818f274969ba303a819b1f638	d69cfdb7d63fec9697ce1f7fd172ed4b746da96a66843e36f93eab4da4130253	65182	prebuilts/api/202404/private/system_server.te
100644	064e0383c41002f3c8cbca91e5255bd0ff568427	6e1b55c04c9e4c254d2387b2597d54f08b9b42827baaaf8867de3162da3dcb6d	978	prebuilts/api/202404/private/system_server_startup.te
100644	a525866606558c8d4153ef96e6f9b5fecdec2d91	dfd8f47b80baadf3c5cc048ec083cb656f99273621113ad3cc6573a64e1931c6	2059	prebuilts/api/202404/private/system_suspend.te
100644	4286053cafeaa1fbbd156a911594b879a84eea67	ff9e6b820a0856cdefdda09149187a992588b8a0e9e495ff138321629febbfcc	4021	prebuilts/api/202404/private/technical_debt.cil
100644	b6dfd1e4d6a4474909010fa7922da2baaf01b6f3	9e16c3096094f484c5902dda78963d278537866150b48f9e4fa280dc703546b0	244	prebuilts/api/202404/private/tombstoned.te
100644	58789974e09a366418ab068aced23b3ad36e1d0f	c828f295ca0caecf831ed97082f69c373dc177c340ea1e76f6631e11d98bea3f	515	prebuilts/api/202404/private/toolbox.te
100644	d4e5bec4258c8a24ce18686dd8771419aba8e178	fe6e74d65afc3b1519f90b5bef22b174f4f48b7f1f4fe8aa5d21d3fd4eefce3a	4621	prebuilts/api/202404/private/traced.te
100644	c7e81cd38b781549c0fc2663a05c3eac78e5f2cb	b860ea0c1b3d5bc51b2a39d2a124fcdc9d63c98da3391fd18dc579c10781a87f	3051	prebuilts/api/202404/private/traced_perf.te
100644	003e992c20869277c702e4a325e341288233e682	d79d780de9fd928663a47de52f298f005011cf5ee3a8298a820b9bb464f95e12	6176	prebuilts/api/202404/private/traced_probes.te
100644	a7439179fbea90e28a4eddcec228fc3ac6a64de1	c76a846d1d3ee1bba61998734fc1cc3f806f92e68ea0ab0960a22b72ae076764	912	prebuilts/api/202404/private/traceur_app.te
100644	8bcdbf95a34be844c0f3a0563e399e3e53f2bf81	b85a99b6eed576c38bb39fc1c00b1955e04ac34cf4afdd946f743e6b6ebb309f	216	prebuilts/api/202404/private/ueventd.te
100644	1a94cd1e5b9b3ebe37ba3e79f98750af10ac0ef3	7c398ed46164dafc6186cdeea2624dcb57b7e49ac7b63355e00a74fac4b74851	136	prebuilts/api/202404/private/uncrypt.te
100644	d0f9b2417d540ef4ed20dcb4c09cbd691db2874e	2d270849ba4cbf16675b706b26abdf313e3b36f91a98140a9e037979da21ee08	701	prebuilts/api/202404/private/untrusted_app.te
100644	d59245c3d062795f10ddd862d5fe40645c58376f	3c09b3fd5c7086ba85bf45d3ca6aeedf6110b0971272eca95288800907683ee2	2959	prebuilts/api/202404/private/untrusted_app_25.te
100644	8c970d86071b0548d5cdf4aec55fa7e0f0d6a75a	49faf56404b4a68c43f66fefe6eccbf2c308657bbb69516a6e7fd52886ad8a1e	2378	prebuilts/api/202404/private/untrusted_app_27.te
100644	ed0bbfc7e6182aa311ac4645ed68e783959d672c	6ca436ab11436c83f6cbc2e5afcba3a62cd57e871156307f25580b5f8b54567f	1256	prebuilts/api/202404/private/untrusted_app_29.te
100644	c87548ef2c43d531cb092f436fdda585d1a36b9c	8ffa554adb6681a23f9b93436f1b43f755a63c898c0d81ac2ebf8587679d5d33	1345	prebuilts/api/202404/private/untrusted_app_30.te
100644	6e95fd117917a5a39f92e495d934bd561af15115	58e7c70d89511c25b1987831bed899c820a396cfd5912900f0fccef17d6e5dd7	1395	prebuilts/api/202404/private/untrusted_app_32.te
100644	c646137af33e48e737d47e3cbd85691a6cd08cbf	858090a07a2b9934d87c4b5c2446a2041988c78f0702a5ee7877c7e53d2c1fe3	7986	prebuilts/api/202404/private/untrusted_app_all.te
100644	862a62a3bf9abe299ea62117001004eff260f87d	5d991c66b21d30abeb9091d99f6157397360d5bb022deeae6cd4a213e4b3897a	1393	prebuilts/api/202404/private/update_engine.te
100644	8571ff650ab646967301d31eabe2bad42cbbc500	b139a68cad42d8fb38a34fa341ffb38c4c5e57b9795a6adf1d2c85e6ee33ce47	685	prebuilts/api/202404/private/update_engine_common.te
100644	a8cef379aaddc703fc66fa9436df71fdbdda3223	5b30489eea306e64ac9f7d4c533fa0f6b2ec92b7d719d1b34c20b34a07c3c2b8	510	prebuilts/api/202404/private/update_verifier.te
100644	f6dd9069ddf24507b19265bb07fc4760b5f9b8cb	ab19f3527b9bbd4e27fbcb6c2144fc66599e1196851cad0c56f73cc846479c3e	1356	prebuilts/api/202404/private/uprobestats.te
100644	42f23244e0783408ce79a31d24211a76bdb80578	80476430ef267a1756bc4bb8fc2cbc939dbb3aed3009be2ff3f0c907027bacb3	328	prebuilts/api/202404/private/usbd.te
100644	51b7b57e6798ca0f476cf87d5de69ae956df26c7	50043f480e4192a70733f660638446ce981fde673dd4b6e88841772d907e5447	55	prebuilts/api/202404/private/users
100644	63c9c2a0e1a1f86d8bf8d73efd8b1374a0cb3f4a	8c02eefd92a5a5c5c414ec6609889f225a5c4a89bfdcb14d0c262e567cae451a	142	prebuilts/api/202404/private/vdc.te
100644	f52794496948e2ed9f0569a34077689ea8abfde6	66660f0f9aa00685d875d0dc8292625cf824097f3f3baa3bb331e05aacc35a14	771	prebuilts/api/202404/private/vehicle_binding_util.te
100644	1680f96f07114deef4e5ff257b29cb1150fed290	f4ff09186c07edc6163ba3e2a936964397fdcfca0c9eb0e0382bf7b875a764a9	886	prebuilts/api/202404/private/vendor_init.te
100644	fd6499d6e58a4b3ce7d6ecc7ea3fa80d946a54d9	c1219d9c452ef5047bdbd97b1f496c2acd0414fbf2d24b2ae2b4dc5aa9447846	1647	prebuilts/api/202404/private/vfio_handler.te
100644	d1f09644126d4ba1eca1684209da2557ff51848b	db41a42f2deb666fdc32db24efd711503860cf647a9328ae4e6987cf97b44ca8	1070	prebuilts/api/202404/private/viewcompiler.te
100644	45dc8a127e492130f0570dbcf70219ab59bdad5a	fbfeacbbc0c2fe7883769d0574876354aff8b3ce5ce7b809f855dca2474ad45c	1752	prebuilts/api/202404/private/virtual_camera.te
100644	e735172fed4128d3f841f0c4cef2c8e10a5c3bab	e099c211ad5a82d899c07cd87d3df498d244f6c58194fe9907390bebbb903052	81	prebuilts/api/202404/private/virtual_touchpad.te
100644	3aaff5b5aac84871eeb2560e2cadf124e0e2ca00	f4edf41b567dd8c61717557a7211aba956b53b2598af29387f17b9ba0fc8e726	5866	prebuilts/api/202404/private/virtualizationmanager.te
100644	ee288f2589f03ee91e5b8b75aacaad09f48b54f9	dcce39830aa1d80149fa2c84c7f0eec4d1d8150bb9d01db7a9ad16b4b4b4292e	5306	prebuilts/api/202404/private/virtualizationservice.te
100644	4256ac38ee4b9c3921bdc0f0a4f12181d9bc92b7	98433ddd8fc4e6f1c61a88732743c2995a0a185292650c777a635c8c1881f63e	2891	prebuilts/api/202404/private/vold.te
100644	ddb282869c5bffbde3e9b5be67f53ea1c85fde62	078adfc151bbcf3f678d5063cdb7693bfd10f282ab81feeda618768d2a5b31a4	2389	prebuilts/api/202404/private/vold_prepare_subdirs.te
100644	8deb22bc8bf33509742a29cb34a88726c9d96579	06fd82ae80f181bb123d55a7eb1a97a1dc7e2b5c37c5057fa925509afb382898	130	prebuilts/api/202404/private/vzwomatrigger_app.te
100644	974a297fc3944cca15a8a9e7dc40d6deb6365e6c	1b3b816f34c1944a455fd541893a98f24923e713bfd61c635f2a184877eb75ce	208	prebuilts/api/202404/private/wait_for_keymaster.te
100644	91ece70522d11f67b94bab2e45a79122bb44a6cc	f728cf9119bf04a21e0de54255b2a7ead740ee2ca2f0eaef5e429c57b522c5b2	67	prebuilts/api/202404/private/watchdogd.te
100644	1e32c1f37567b5d7426c87de8d4627cf9318f21e	b0503fd869faf942394c97ba99a26139e683d8756fb97de7de8f4f31fd89b76f	6399	prebuilts/api/202404/private/webview_zygote.te
100644	3fdaca27394e2eb4564d91011b8e9e25d8da4d02	a604bdc2019d0400be0f07a76763a26e4b016cc8fb83e53c26941a3d27dbdc2d	271	prebuilts/api/202404/private/wificond.te
100644	4815eccd0b3b3640e1c35159428b7c89f7935548	bd86f5de013235f907e14f71eeee61370b30ffdedcdcc049d5f77c7ff2c16c1e	11712	prebuilts/api/202404/private/zygote.te
100644	5056b352801daa903f836ff7d9499a8e6463a3cb	4e25ad0580ba210be2d406ccb385450af2540d6644793a55fb34facb050239d4	528	prebuilts/api/202404/public/adbd.te
100644	626d0088b1cc03ab8c90abcde1b6e23ae2201a94	b2c94354f32c76cafbc9e92fad154e73095e3bf22ffb2b287c925d26837bba8a	288	prebuilts/api/202404/public/aidl_lazy_test_server.te
100644	53bc5692bf88cf500da6607918bbeac96e398340	7632fe2d6b2a455edcce3cc374fc1f89e0d0b224997e90b5e3a853675dbe95d0	444	prebuilts/api/202404/public/apexd.te
100644	b539913041ee5e40f13f1e031c933d0c6e779b40	635da6c65311cca39d38977634e35bbc277fccc057f85da7c7a6dd7a5c04e174	8899	prebuilts/api/202404/public/app.te
100644	4c1ec96522de44f0bcc04ff10045559ad18110ea	1c5aed7e9b9b9443ef2f6d5039c2b755f6c5246a0ef846998a3299cbd0cd5e54	253	prebuilts/api/202404/public/app_zygote.te
100644	0731adc605a08766dd43bd04f45bba04efaad967	4acf5edce6ea0c03b3772b7bf532029a598e9345051c9a320903af8ce6eaf613	41	prebuilts/api/202404/public/artd.te
100644	d8a1b7366a7963759fcb65849bee1da5d712ebd6	147dafa0e0e3a7513be95dd4ec193dd7ed1fad218fa44886d62a61a04f7d30e5	1296	prebuilts/api/202404/public/asan_extract.te
100644	7327f84ec1589384d9bbc76a76dd37daf4a4acb9	00e33e07a1209ebc5e57c46613bbd2bf46535fbab8a5efc0939ab09e458703c2	33	prebuilts/api/202404/public/atrace.te
100644	759b773a2697ea2b44ed41850e3602d7baaf5c4b	9961da7e219a784641e43c7ff6a7ab2909107d55adc2b0235a52747e597be3ce	14856	prebuilts/api/202404/public/attributes
100644	d593567aaefb10df6aa93330c80d07b8781bf9b1	ad0d3c143daf916eb911c0b8393b290ef4a025856eec8811a8fccebca5e4c485	399	prebuilts/api/202404/public/audioserver.te
100644	dabe01452062f9d2d4c8fdb9938633daff89e548	988af8057d7a6852b37a3b1c48949d1f9e8345deea88d01ed9dd0285a5bedd48	45	prebuilts/api/202404/public/blkid.te
100644	4be4c0cb2371e5b89d6b8b05f534944e2aa9f72b	e9054e76eb657f82247c8285ca6e87a20ff1e3d21c699984ffbaaa8544719f71	66	prebuilts/api/202404/public/blkid_untrusted.te
100644	9b3442aa5b65cc56e831169890469f23d517772d	4e935acdf2d2a4909ecb8170d985eff37f15e7db9ff0eae1d3bfa6cffdbdcf39	46	prebuilts/api/202404/public/bluetooth.te
100644	239393c88055f6179979981340e8197512845f34	3208539390889883905e075fae0ee5ac06c49b98a3551195c46561896e7fb7de	1420	prebuilts/api/202404/public/bootanim.te
100644	5079c28f15788ad63250d0a7f76177fbb0cd7c27	40527028e0501bafe9712fa0b31aab6e5386dfdb77326402a8c5698c3560e192	949	prebuilts/api/202404/public/bootstat.te
100644	81c32ee628f3740fdae5f1e062aee09c2eda8c24	ebcff40efae904594991eca219c4a4339e3ba75893ecae5a13b4c4d53f533bd8	36	prebuilts/api/202404/public/bpfloader.te
100644	37edb5dcec8bd14c291822c154dfdd2080ec5cd0	52e7faec7fbaa27cb7a4fee692f56f1f7ea19d51d7caf5987ffd2aaf3ccd1517	868	prebuilts/api/202404/public/bufferhubd.te
100644	352e1b7aafd8ec10a77610559d919a54d268aa79	e97b1c1e77d9981dc5b4365b4d205ffbf1b088bbdba7a92d9738180b13c8149f	59	prebuilts/api/202404/public/camera_service_server.te
100644	8a4016c03515cf67c0cead19b07936a0bfe0110b	6429aaaa39ffcc5f44216da3460f08fc1966e126c34a1642f9194cb55e300b78	3464	prebuilts/api/202404/public/cameraserver.te
100644	418dff999fe98c8117efc74e3a95418f2cc51fdc	15964f8412a7c5e7704282cc94dc51184e353e834c3fcadab4bb7ec5b75f6fb6	188	prebuilts/api/202404/public/charger.te
100644	4241360a068fd87ad8f8de64eff0cb3b42edcbe1	baeb28b6f114b4c08c740c962fbbe95356f7500b118c3b7e47d3b09495cace92	1197	prebuilts/api/202404/public/charger_type.te
100644	d8f3bb2f9e4764df5e5d58430f23c7af849875f8	54adb484c8294b70863cc8c987ceec48081c77ab2807fed89619f84a78a47829	175	prebuilts/api/202404/public/charger_vendor.te
100644	45269c33294ac7ddd0099a98de49e6eb15d764db	c9e7e084586de690bed9f8567183bb4a04d47ac127b1f04a946795fded29795d	2593	prebuilts/api/202404/public/crash_dump.te
100644	97d942d914fc0c30fdd0f7077529c40f95b86419	11580e4d8d0d562bef9092a04a1286c2ca4a9edd68afceee9966c9b1ff5239a6	656	prebuilts/api/202404/public/credstore.te
100644	f842d339c899159c52c8049a45f77f63fd5a4711	578c6c7d62f08dfd162f21c493dcd9c652faabe6abe877969c579910aae8d33b	4982	prebuilts/api/202404/public/device.te
100644	1d875ab173f70ee6abd9f284b761560d1451e86d	ad4cdd48a31cff9ffa0cf7e704eedcfbdd8bbbc33df5fb45c8c4e24d7a5cbba4	1128	prebuilts/api/202404/public/dhcp.te
100644	c5839fa544b524ab61fdcddd991a93294955ae80	22e507ecdbd88b4ed06ddbfc5599543b21549a78fec4e5fd4dc58d9bb42331e2	61	prebuilts/api/202404/public/display_service_server.te
100644	d189c89429e17f4cf7523640a2ccc8e0f58af5cd	10d673e01c29625e4251dee124fecc5c911a69fc91fef7a4c1ccebee500130a6	1064	prebuilts/api/202404/public/dnsmasq.te
100644	0a2a5e52fde5f1592b4813d22acdc007e095a886	58eef337f2c7ae4066e5c83918757d109a93b1fc6328854b83f533d1c0c1b0c0	49170	prebuilts/api/202404/public/domain.te
100644	d51507967148a2fcc51b171b36003634c0d5bcf2	6b27357767df29538b7b03030c095c3ba8f96ca617beb60574c90f8dc9724d03	2264	prebuilts/api/202404/public/drmserver.te
100644	549e6c63e1bd0ef667a2bb1e7f8d5a35e5d15e4c	77172f0d21d3f6fab412d5cfefcde6daca31f40726071240fc451e71fcfc5c3f	11683	prebuilts/api/202404/public/dumpstate.te
100644	973abb9dc148a08d15c8e2d24138da13ffffc5e6	e15788bc0343f1958324ce501534b3685e86e93ea9d7ba6286c7a058b9e2449e	1114	prebuilts/api/202404/public/e2fs.te
100644	dc39a22b59ddfca70a42208b143c68caf4b133b3	3f283f565a09656a785b1ce968ea6e2bb9ce79e6e2f487ed1f904e7766745e00	459	prebuilts/api/202404/public/ephemeral_app.te
100644	cde0380ccadcc396fcf383f9e93aba74b721b37e	371820cf05e03e147bfd4894dd0a864b2aa5a2cbcf7d11ac5a90a30cf0041eb5	46	prebuilts/api/202404/public/evsmanagerd.te
100644	ed0c9356fa5fb21073ee64102c2e30f6e1485b06	93ff4d17a027482ac0edbbf80c1ed9062522bfcc83bfdc7a5c3afeaf16f00a9e	591	prebuilts/api/202404/public/extra_free_kbytes.te
100644	788a76fc018862cac1ffa902f60bcb129bea71cf	7336ffcecab2ee15307abe4e232680d59662949dde3aa6f1290a018df680ddaf	4442	prebuilts/api/202404/public/fastbootd.te
100644	209fdb150105cf2d75c18d7086c6956156d73a26	2a1a42076748646f98e830656d5ab468d80261ab3064d15c15f68c9e756ed4af	31600	prebuilts/api/202404/public/file.te
100644	eab38ddc3e475a3339b3a8c89df712133e95a4fa	d10e48714b5321164c16d0c0e1af1e8056d2813cbf477ed5faa6b065d8978ff5	846	prebuilts/api/202404/public/fingerprintd.te
100644	25a776813315030058b3079c5519f07d6440926d	337ef7670e382fc8895fb407ece6836c05d2348b9de9e82c8d36657eac2c94e4	682	prebuilts/api/202404/public/flags_health_check.te
100644	1a74ba8309cb98765d8e737c70558bbf67589cbe	16eb3a426d0ef0832166c45c2f9e230799d6d690207270685ddaf31365231f14	2483	prebuilts/api/202404/public/fsck.te
100644	7e981bf27d9b8b5b7473d943f47591a11c1c2f76	08557f6ff213f57c33b953c8ade5303f2ed7b9e8dcbb4918b28fde77e23f8f0d	2484	prebuilts/api/202404/public/fsck_untrusted.te
100644	0035bc6bfff5390733d471112ed3cc1304107936	d2709f5398f4692808daa9a3aacfe7236f8206478c8c38dfde837857857a6774	1318	prebuilts/api/202404/public/gatekeeperd.te
100644	2c87fde5ee87630ae561f12deb88dd3f61c8dbc0	f79a4ef588cdadf9e5ed5d3f5565b33da56a5d2fda01edaadcfab1bac0199117	3643	prebuilts/api/202404/public/global_macros
100644	b574bf39c124521c6f693cff9d0d61d623f465ff	b353de758a73f8393b06326829401ad63897e03052542d397f8c3a6f4f40c892	96	prebuilts/api/202404/public/gmscore_app.te
100644	c862d0b7fa0d36f26c6d058dbdcbb144b1a427e2	795cd00de96637fc67bc769f6c02aae489951cbdb43fdba91add569d3fe80283	92	prebuilts/api/202404/public/gpuservice.te
100644	6417b62890215faff687cfebbe395b6d3aa028e4	1e71a67b185d442d3852e7838d851a5b503fefd71d24498db0f6ba146310be72	321	prebuilts/api/202404/public/hal_allocator.te
100644	51d9237f9e7bf175133508b347189e9cdc31f01b	940b0d289272cf72d262ba9f4db584b471a61c924b4a6b580a445b9b4c58fb5e	146	prebuilts/api/202404/public/hal_atrace.te
100644	237ffcd7c6aaedfe8c8e817298568b8471842a22	08ffff7985edf28bdb322cfa618b009de259ac6cf97fc3d4cbca23e0192d1963	1625	prebuilts/api/202404/public/hal_audio.te
100644	6f45b0ebb38e0e6ca324ea373d6734d8d093f48a	07e36264f1eaf1efe0105ef35930f071b5a7e68ec63f2500e083f66b9bc802ab	367	prebuilts/api/202404/public/hal_audiocontrol.te
100644	f053cb08ed2c36f6b09d8a6998d15126ba3107c5	28211b91849b98681ff56fc0080ec1483732f2913d19139e93eb7d5b40fbccca	291	prebuilts/api/202404/public/hal_authgraph.te
100644	bbcdb9a33d6ee7cdc4d72bced57141d311f6638a	d959761d8434bcde7a66034a0afb037c09c8a00b1989db4da54225ea1afc106f	276	prebuilts/api/202404/public/hal_authsecret.te
100644	53bbef2468480ce4455d896186e31c3fd4fa3ac2	d1765632198448b81c143418c5d7896be6b324f72e0bfe31bc17f6782170dd15	1289	prebuilts/api/202404/public/hal_bluetooth.te
100644	f9b50b032ab544f725badb6efecae834dbfb483c	76c3ecbe3f60fcb658126a722bbe6f1891d9a9cca682160c9d5e0c4e04dce28f	405	prebuilts/api/202404/public/hal_bootctl.te
100644	bb882c91330443ecf35f5571b55d41d339d4fb22	f1294f94a7dfe9420dec9211531a2ff35bc64c040be3f1072abe1127be0a5b96	333	prebuilts/api/202404/public/hal_broadcastradio.te
100644	df70ab67439fb21cf672041631a83f7525388b35	74ac19cb19c358364a62b084d2365b63b5bf17d4768ee00c7d7fa8bc2e7db695	1645	prebuilts/api/202404/public/hal_camera.te
100644	d48c43f8496fd8488a73286bcfdb0de39041a006	3a0aa17e7b0223d5c3c3f019276724c89fea6f691f2facd39ee5a85445f74a09	542	prebuilts/api/202404/public/hal_can.te
100644	056b4c998c920777b5d24288a96cd249a3b32f88	d577ebc8fa8da7b0860e0025e4c19e35afa8f74afc1f5cf324a8c4a1ec815da8	1386	prebuilts/api/202404/public/hal_cas.te
100644	0bdcc23ec8aa07e9e4bff9cee16002e55726e85d	fab3b4b44c9411f7245fc67975475c02325deb653a585eea4efaa221d234cd67	1215	prebuilts/api/202404/public/hal_codec2.te
100644	d26e1db7ab5fa380ef1139036523a8541fccf2ae	84589fe364c0bb7cfbc7e9450d684e15d82b8d0bb777b8673ac013cd6baf53fd	2356	prebuilts/api/202404/public/hal_configstore.te
100644	9896e359045acca250dacbab2bf742bd4097cc6f	fd5ca70c9023ee386c1692c671bfc548f7dca78238f358a4e99623f8d31dd01c	303	prebuilts/api/202404/public/hal_confirmationui.te
100644	14c2dbcfa23d7430c22d1e166c4e24985c4340fb	f67a622f1db9457d1339674e8781e61283d31bd1a795de1d9e3aa522d9707146	420	prebuilts/api/202404/public/hal_contexthub.te
100644	0ee0c5f942689322d530edf528484f5baa895f3b	34839f82dad26482df258b2e2f86baf5366155d25fa965911b1750a5ec7d24be	2058	prebuilts/api/202404/public/hal_drm.te
100644	eaa223bb02b0e28c99bbc0a92a3f26bf05c3690a	5de3e18c4485f322da91dd0f1ae83f09ccff816c80c0a15e81995d83b2ea192d	723	prebuilts/api/202404/public/hal_dumpstate.te
100644	09a40d80e934bba87922943fbe00d16daf554350	38dc885bea924e2ad13ad43fc3c3aba49c3bdb72f9fdae2ca052ee6c663d3aa1	654	prebuilts/api/202404/public/hal_evs.te
100644	e14666a841d21fad2878d12533c7be3ce3bc9e0a	de7623b896a4cbfd192153ea1ffbffd894d656cfad9c234a84f1e9e6370ddaa9	577	prebuilts/api/202404/public/hal_face.te
100644	7aecac13eecdc2851168285b0cdd24a73c00efe1	9ea0af116f8122be6d7b6e5885f60e4f09ef762913a9f6e65b9a046208e1ad61	343	prebuilts/api/202404/public/hal_fastboot.te
100644	29abe4f50c2c09d62f2e63509fea18f9ec4006a9	51d6e8b86371ba09da653e38f9a2dc73aa44b6fbc36682d8a006074d80f0d5b3	684	prebuilts/api/202404/public/hal_fingerprint.te
100644	fc23e649293e91ae8ab45989070a2a2efa1f31be	1b2cc2852553ba56b1e44a591e931c9288efd056e475d03666f4a7e211f7c4d6	364	prebuilts/api/202404/public/hal_gatekeeper.te
100644	59a6df8e30815f91e147b00ae95efb9c55226406	d2bfba68be300e51df7e188d039b2d2209c4566642ed90714f8f80956e8541d2	306	prebuilts/api/202404/public/hal_gnss.te
100644	39ba46ef289d7a04d31eadb5f2790be3dc30e542	fb9e8fbd5ac92d3b7cbdc14a8bd8da150f8ecb313c5a1c056c45cd8334773005	1205	prebuilts/api/202404/public/hal_graphics_allocator.te
100644	e99d45f74417f96e0219922e42b1e5e851eb2142	81e97408977756df7f736ec863bfb15885d164087c2ca270eeab0261c6a43740	1845	prebuilts/api/202404/public/hal_graphics_composer.te
100644	5d7aff5ba263b826d5cdcb815ee81c5ddb9bea90	dc25f9ad74e643d69d5647f8f0b64f8e809e661d579fc2a5878c839ba98a6fb6	1249	prebuilts/api/202404/public/hal_health.te
100644	4938a162fc70d4b1dd401f00bdd40fca13cf2d38	bb45de9ebb9d3a43202b5c2f0cad08ef7737c34220b692b4b3e18b06edd195ef	435	prebuilts/api/202404/public/hal_health_storage.te
100644	8d558ade1753bfbe619d97c6f1ed302ee9883038	f10de9993da707b3fad29345c7e020246a61717c1811aba73debe810c89819b1	200	prebuilts/api/202404/public/hal_identity.te
100644	70a4b7debb22772985fceadb2a8f294e79ca9683	60037898842b3ce1f014b11f0dab7efba7350d40dc36681e75debae6493e11b0	186	prebuilts/api/202404/public/hal_input_classifier.te
100644	b59b15f5a68070bfd19a8b6f86da221876d305c7	92a04e018d22be59fa2241758c378062345afb878ddfcb42afe3c5942250a634	322	prebuilts/api/202404/public/hal_input_processor.te
100644	452127a343df31f82f01343ab063bc175c1b7916	70778643ba639f318ce5e8d9033b9c640d8dcd0835cc2a2bd15353f48bd07e9e	277	prebuilts/api/202404/public/hal_ir.te
100644	617effe2241dde4be20ff03bf9ec0a1b3952e17c	865f1182efa53efce06d24c9e3727f3b22e42e68a7efefc6dfcfdbdfc5748282	145	prebuilts/api/202404/public/hal_ivn.te
100644	3e164ade9401564b97eb45bd63caa193edb8f5b9	764055c8cef10011dea27d45e4230191667d0d4615eac9ecf28bdf063007e5f8	268	prebuilts/api/202404/public/hal_keymaster.te
100644	ba299562801cffecba0338a0570b283c1f5f5684	e8dab5088cf1474b5abc07c363f35fa5a18a69c1a7b0ee61860a56de84f82480	354	prebuilts/api/202404/public/hal_keymint.te
100644	40829b6bb0071f975372ea9746e4c2a2ff9181fe	15afe7358dd1267250f5b1130b232e451328bfe0f4cc26a963b652817737ba80	518	prebuilts/api/202404/public/hal_light.te
100644	6fb95e9430cd6daddea4ba77dc359f3da500d4a7	fc3c294d40f40450b723e201d907a8cf545792e39858ab07e69e29a469f7cef7	662	prebuilts/api/202404/public/hal_lowpan.te
100644	27225db2195d72e5c67843e33b330451ddb873fc	70870f07f40fa2253dfd8caf8ff6194ffb39f9154a308bf4982c5e10c0b6a7c8	236	prebuilts/api/202404/public/hal_macsec.te
100644	30a4480bd9823c6cbe24657f8c1b91a4e499e8ee	4ae73368aa8355b358cdf766a71eae3438374965b63ea6cad446df0c13a8d65a	262	prebuilts/api/202404/public/hal_memtrack.te
100644	c7049fd00df89548c3c4a2ba12ecb0de41c3591c	64a6a6801ff617244985a04a35a9047b72ede5167b1faf1d057c677dddab7114	2319	prebuilts/api/202404/public/hal_neuralnetworks.te
100644	6730c322d01f03b2d806c46b73eeb33983655769	015745c61b2c4647922fc06d40eb0c796ffcaf9daa3f947eae005e99d1fa0fa4	3935	prebuilts/api/202404/public/hal_neverallows.te
100644	3d0202b77a11be35f71c7d52bc8d41d7bf2ce0e4	ec4f38403a579711fe4be10597111769a901e2ecb758e1a1538c73a9af4a5ed4	430	prebuilts/api/202404/public/hal_nfc.te
100644	1a738a55ba88e0aef50d0c769ec89a523c913c50	1a103dfeec0e56ea736a51174b80550bd0d92d1be56cb99468b20a94f2689d77	442	prebuilts/api/202404/public/hal_nlinterceptor.te
100644	9f38fa55af13f2970c8eb286380be0a1344c7614	3f564c15bc5c47dbe260b8539ee6536ecef91a5442082d0bec5305d260f82e8a	255	prebuilts/api/202404/public/hal_oemlock.te
100644	2611dcd303e869d19000a325db3c56cc604e57d7	d406c6bfb3ccc3e61c36116a8196bbc544267b4ada7118a36e4419ec0199b736	1996	prebuilts/api/202404/public/hal_omx.te
100644	aae32a016150ddedfc145940e90d8dad2d238ddc	13b69f8774aecbd22f423085886b0a6463b30f2e9bf2e7f891004b45b0d999e4	350	prebuilts/api/202404/public/hal_power.te
100644	4076effc9230bc8fa5f571efe9bd96b00281f0de	6b2522628b6a70ee8c073b5981ceea68495922bd05394796dc89f2be24f03374	410	prebuilts/api/202404/public/hal_power_stats.te
100644	d16333baeb07bed620ddb7ef4ddfd46a0c71e23a	2ef81b20aabbd6b749d5d348525fec6a50194fc9356f1ead8746c870577f0540	203	prebuilts/api/202404/public/hal_rebootescrow.te
100644	8a55529c885ee86b6108eb1cf9c9a6a9fd008474	f06b602930e9391b0cdfb306ac3f9f4f61c0f28bd969c33dfd263723bc39eff1	244	prebuilts/api/202404/public/hal_remoteaccess.te
100644	8cc7ce5ae18dc154b52557fcaa6e5f84f65e786b	c1a986342cc9257e017a8060eb498ab2176ff841bc7548aaca3321ebf3f3b912	447	prebuilts/api/202404/public/hal_remotelyprovisionedcomponent_avf.te
100644	359159f1b37e8616546cbf04d90616464e753ecb	1a6b59020177a396b86bc76636e915a16ce063daeab5c653cc8cb0eaec30405c	562	prebuilts/api/202404/public/hal_secretkeeper.te
100644	8d3e15c86c08b554e4fda11d6c772d3326fa55e8	6c1552445ad1badcae8f1fffa9b85c465e091cd6796780a7b82b4e12680722b7	450	prebuilts/api/202404/public/hal_secure_element.te
100644	f25a2ea56775149e00fccbea64b34862f6cb0539	1cf7091c6325440cb3c1b59f3740afc1c972854c2010b1a3d4cd5e496b643721	720	prebuilts/api/202404/public/hal_sensors.te
100644	306d4593cce7ad6d0697914702da98a0c8ff1b55	adccfe116762a08990e1ebb613424d46904ec1d17ef35b633bbc24eca57cf4c8	2239	prebuilts/api/202404/public/hal_telephony.te
100644	c9553dc23dcd8a23839a2a373ebee77c03c7293d	40c2c73472b03a593b27b49a568d34dfa9f9baf9c7c35b1737102de060399e6d	540	prebuilts/api/202404/public/hal_tetheroffload.te
100644	13fed00d146a62792c60258f16149a9940cb309e	eed4a39e686168308b3abb0ab8a77b547a41e3d474fda164d9a3a5b5c7acf38e	423	prebuilts/api/202404/public/hal_thermal.te
100644	1f0745bc099f59ad6aff05298c52bfdf6d0f3c04	0dace071869f5773ad34926ad64205c82b4b0303c843d6a001fc8ea771a88f62	306	prebuilts/api/202404/public/hal_threadnetwork.te
100644	658490474a7903b440bccfb8d88bb873adb08b7a	ef14f252726f0664207c6281d6f95263c4a0fcbd41ae7afb0e659edab672c180	214	prebuilts/api/202404/public/hal_tv_cec.te
100644	eb01b67c3b09f3836c65295ccb7ef2778bbcc1f1	d2da1728db955d6769d573dbce61cdb05c83af88dff77c396983379f3cdd0200	308	prebuilts/api/202404/public/hal_tv_hdmi_cec.te
100644	f6de27d2740e3558ab10c939abaa0ba1b3bf716d	c921f788fc58b8e13b1b924090b150343126b42030c3b00a4548dd1983717aca	364	prebuilts/api/202404/public/hal_tv_hdmi_connection.te
100644	2d76fc66595fc750dfac4761c650ae714993d7eb	b33ef596978d15d9139eeb8b21b2b5d6cfa70e2f174db9103a20d9c9bebd7bbf	316	prebuilts/api/202404/public/hal_tv_hdmi_earc.te
100644	b345189a9072a54cba24689d516b80366f71d624	57b30498668311a6378bd73e46ae3aad8fd4348ff955c87c9e7be4c7eef6ff89	383	prebuilts/api/202404/public/hal_tv_input.te
100644	4b7c030db9f4ac244da34295707be5956910e92f	1b6b1d05c896c86f7701375f6d6370f04aa03edcae224014f47d6faa5008080b	328	prebuilts/api/202404/public/hal_tv_tuner.te
100644	45cafaa6979537daee696df4a9a1de86e5e28cca	49b93c973f48915c4bb15925fd19e9f87e12b7e37440c5857549a72d68844a4c	757	prebuilts/api/202404/public/hal_usb.te
100644	c0df9a9bd7343cf5f59aa7fc27e6cfb9c46cce67	872d6eca74869f2cc2f6a090b6b73a1e951e7223f9e702cfe1907b193fdcc1d4	834	prebuilts/api/202404/public/hal_usb_gadget.te
100644	dc334fce3e2fc22086899c9fca4c7452842a3ebe	14cb7f4d83152dff963f02fa0cfb2d2cdf0727b4ef2ff757c6f1a1b5c21a3010	278	prebuilts/api/202404/public/hal_uwb.te
100644	c9eff5596c452f9acb2fc090d7c9730a71ba911a	5ebbf55bf11aea24d70eae4b4cb2a567d6931479f27026cf0a3871eb998f2217	274	prebuilts/api/202404/public/hal_vehicle.te
100644	6909ff2e6704d5c2757fdd7726ef37f218cf1d00	02d6a316ba93775c0de4afa6f4a5b053e4efa196f2812fcc4945ede327197ee5	643	prebuilts/api/202404/public/hal_vibrator.te
100644	e52c77fbaa3cb6d0edf418e3500be88dc80e3f9a	f268bff139189f9b6792177549ec697cc2efc96cc59c5856023b21d2a5261271	187	prebuilts/api/202404/public/hal_vr.te
100644	2b3498992a688f9b7b6d3a43a8f20ad984e35e7e	b43d2a0e253730a5be19c4827d9bcc3a27c394c57fdc0c5f733fe4b6a47171b6	248	prebuilts/api/202404/public/hal_weaver.te
100644	a0826bb0cf01e72d7bd4dd759c064632fcd39cfc	451667bc4892e522cbbce1e466cf6bcdddf7300674a2668fe5e865156e6395a4	1549	prebuilts/api/202404/public/hal_wifi.te
100644	eeb72babb10aad3bc5c8baf29c957ef9d2f5a0cb	3650521204619edc0bdd6c045ca8af3f7696f463022f6c993a70b34ed792347d	1303	prebuilts/api/202404/public/hal_wifi_hostapd.te
100644	498469d2f153f269bb898f1ed279d2e38b805377	84a97153db614435ec96bb777c7182b89f2ecd0b20c703b51d66c641be0aef92	1646	prebuilts/api/202404/public/hal_wifi_supplicant.te
100644	c5dcfb707a041578cad0db9a2a2767a5be740baa	dc76542d896798ef22ede80f75f6e75219be9eda159f37ff091d19e8d7d6e8ff	145	prebuilts/api/202404/public/healthd.te
100644	7ceb23feb457ab6d24d06b346de45010d30adcfb	481bb07c9c4455c3a4ff6a862e1a6440332c6dfc23836d0cb3937fb553de29ab	36	prebuilts/api/202404/public/heapprofd.te
100644	11b77f08bf4d34814ffdb6386f13b0e4d09f0823	aa33c4a2478a77822f6109d60cff1dea19ddd252beb9e32f2b105cf13f5193ed	6937	prebuilts/api/202404/public/hwservice.te
100644	7ec18723318d7306485195c1249181f1ea001337	57a38c94e1ce144b2ff1d274139b7b6ba3573bcdc08059a847ef2a7618e3dafd	801	prebuilts/api/202404/public/hwservicemanager.te
100644	76ef6221ab1b3713bec19bfe8c598ff0f3ed7ac6	a8e301041e200aa701ed0a13f339ae19aee3e5c1bec87aa9eca8a2c16b9f61d2	930	prebuilts/api/202404/public/idmap.te
100644	ce57bf650869616b9345bfea957353cd5c2fe5fc	e88e9bb70da0fa5330c2bce20565e1a173bd4205649522aceeb6c55a6647d4d1	274	prebuilts/api/202404/public/incident.te
100644	bca10186949e1d61c220806473161c2466b39806	89468b356967447722156d1b15333e6ccb59d4d4bdfb58f596f111828e607b8e	143	prebuilts/api/202404/public/incident_helper.te
100644	b03249c88b92bdc9184e966d2b16523e1d1ff3ff	ba4d9715b7a0356427de0a9297260d5a3e4a14ab07eeb60e2d838f0ab382b71e	37	prebuilts/api/202404/public/incidentd.te
100644	47b8603b5bb0802a29c5f00740ce260d76f2bd21	1c83d5b0d84b9e6b597d5ee00e19eb7d1b9eb16102220da7c33af180cd149e6e	21131	prebuilts/api/202404/public/init.te
100644	b62c06dbe7b544ab0e3ddb14159151c63ed53640	6d1f4fb3c393cf2de6de96755dd2cf12a81596c86fe8617f9407ef0290508bf8	407	prebuilts/api/202404/public/inputflinger.te
100644	88f6aabd131d9e0e5c5d8bef491149201aca87a7	f5d471649b43eedfad28f01b537f91478cb9504a9a705ff6e2f9813f0af8f975	8200	prebuilts/api/202404/public/installd.te
100644	1dd2e3db743d68e66bbe1d8add2fe658b22555dd	0c173b559018cfe9a073d62852de23c82047caa7d795e2f9e231e1bddcc5840f	117650	prebuilts/api/202404/public/ioctl_defines
100644	64ee1b0d7b208415262001b3a3263f5e7cdd6dd5	20f01cd08c93321121b7c3c82f9d9ce2a98e52f60927d5c857ffd676e524c5f6	3486	prebuilts/api/202404/public/ioctl_macros
100644	a907dacc2a8619268c80987fb66820143f9a0679	0090effd3fd951538e46c93b10dc5bf5749ce3d8878c27a9ab86edf07a5b5bb9	259	prebuilts/api/202404/public/isolated_app.te
100644	f2ae9a1e5e9c38389dd3ceec5317b566d3d2079e	e32c3598bc610b0380b1cb3b707f28263dfdc84e6efd2cccdb42d324af1679a7	35	prebuilts/api/202404/public/isolated_compute_app.te
100644	b01c07adf15bfac13793db0081a8064cd0de02db	9de79030a01d78e57f8bcbc854621b13f16368bb3074705dc3b1d8c675114042	5667	prebuilts/api/202404/public/kernel.te
100644	7e964c224accf6d6fb927173ce66b618c640f769	3e7e0285340f90caba7e9abbc2bca4137bb10478fd1c606a5f33d5ee3d112ea9	1992	prebuilts/api/202404/public/keystore.te
100644	3c35984874c76a580a6cccd65a7bf77ca691fa69	c6852e3fc62c7c75ee0e6653314107341bd0ec1730ac672c314c38289fb6e1cc	70	prebuilts/api/202404/public/keystore_keys.te
100644	1faa429957ce195b210b6c5edbf83d42757cf958	db6b710f788a820208aa3de996801c18c357c675d01592484225809fed4c897e	118	prebuilts/api/202404/public/llkd.te
100644	de6052da8dca115e6fa10ae264afd0c0d95f0b82	d4f983f64daf155c36fe8b483fc0575959d25cbe624c02975a5a34d54a69b122	2330	prebuilts/api/202404/public/lmkd.te
100644	aaf39002d4ef7f81b835642fc5e8af30e126fea7	6e458e6da9c31055c3174a38b33563bcf25b2acb962fbb87dcab3ff85a433312	2511	prebuilts/api/202404/public/logd.te
100644	f2e856b9bfa2aea7ab9a6646d31d4d1bbda6209c	d2b1c7398cd090d67d76d6ec8d4aa502ad7a1ef58f8cfd29d071be000b7ce033	1127	prebuilts/api/202404/public/logpersist.te
100644	ef7b065d875658cb229e0153d4cb5c266159d0e9	cb7f03933d1bfc8b6e80d428c00599e106b7cf36ca875314a4ff3890a20202a4	34	prebuilts/api/202404/public/mdnsd.te
100644	a52295e2cb1c8cd211d53a1cad5cd811079c5f6d	87dc7d5d5b4a0db227584a62c640384ccb4bdbb2728e2d5b0445026c90421275	1162	prebuilts/api/202404/public/mediadrmserver.te
100644	44786fcced3fb45982b14bd0ee6fbd60a35e32d1	55e784759ea712b3170a2ca1b539511777e373cb12fcf595b4c0ff65ac319b36	2828	prebuilts/api/202404/public/mediaextractor.te
100644	76f819efb7e7a0f6b221bd78c658f0d115664f15	5b72d10be333bb663efd2800ad18c1ef1a3083feb2f06cc7135215f792c15561	1709	prebuilts/api/202404/public/mediametrics.te
100644	24170a5cf177593ec3a6f398ba19a340210c0390	71ed6785e5c08b14c128db7ab08eb13c94acf5d00a3e7f71ab07cc02ec580f4f	161	prebuilts/api/202404/public/mediaprovider.te
100644	9b86c860715201d0bf3ed4c3880dfb4b46810a03	66b91498a35e7dc2788c436b41943853496086fbab95970f2e11824aa3f66b74	5651	prebuilts/api/202404/public/mediaserver.te
100644	dc455007b59937600235037777905cc72cfd1ecd	34bbe97e77d033d9760dd5cfa422417d8ee0ae52ae5704a8da199723cd7d4ab4	1310	prebuilts/api/202404/public/mediaswcodec.te
100644	420d038650f060acbb7234a46ff20ab9e321b38f	4a055a66d03aff618c6d633b7284d11c58d40c625b530a31ccc3e84a27c1ade5	31	prebuilts/api/202404/public/mediatranscoding.te
100644	910aebd011d66b1b361a4cc18efa722e5f45fa30	86bc2209e5e3674616c5b383e908d7a60b5176e9b8b90894db2bbab22ae3ba48	465	prebuilts/api/202404/public/modprobe.te
100644	4f3ce9a99c7526b9bf9372ddb934dab1dfcd9c62	25ae025fbee2964d829b1fe87f98fa843ca5007c44f9bac2ab52c65a0f72bbbc	51	prebuilts/api/202404/public/mtp.te
100644	aa30b62d801d31dfdc374fb7c08314209a6fce73	40a1681d06b1b00dcfd6da9829f01a68a60bb1be769f2fc81164b45f786c8a2c	704	prebuilts/api/202404/public/net.te
100644	41ae9ecf04f43d70b236c811a783011829ed21ea	ca79ebca5861d6097dcd9d2509acc3c2427364857bb6b41c95feaff85a3db41e	6518	prebuilts/api/202404/public/netd.te
100644	27aa7496cab2c9a942f482a1a3822f516f9762c8	1e12a74a5aaf73b0b5d1c1d5be66604ca9ffa33bac07cceaa72ca47c2bf248be	163	prebuilts/api/202404/public/netutils_wrapper.te
100644	feff66460325473e21eb00d3f06ff07308979e4d	9ce89979e92b695e139601aa3ff49236a15c8fb41d921af58858e6466de27680	56	prebuilts/api/202404/public/network_stack.te
100644	59fa441d2a72388ef8d55a6b8c49f23073752db2	9843897178e91a592f65c3e17fe9950f8896b53ae3463bcf361cd8fdd74c1e1f	736	prebuilts/api/202404/public/neverallow_macros
100644	e3a03e7968a3c8346c821ba3dc9a26cd5e8b3736	bf7748322400aa0169814beb1391490a3a54f766c860496e4381796b8c666442	34	prebuilts/api/202404/public/nfc.te
100644	db8dd1a1e3ed1c21811603dd0ed4ffc73ad3a48e	7b39c8ca9d0a559dc9c5b3b01904b9d92b3d7e366f29fe9a52d34efaf71d7468	150	prebuilts/api/202404/public/otapreopt_chroot.te
100644	cec0e6f09278d2e85d05b5c76715cbdb414ae8d6	ff13892d3e9c36d2f893db220babb69786ac7a6126d547645d1cdeb0da4c262d	35	prebuilts/api/202404/public/perfetto.te
100644	d694fda9d03c50eb02c42d6215e29ef2799c8c3e	358e1fdab4c08e7153531eae63ffd2318616bf205bbec7c2ae245b12794111a8	1230	prebuilts/api/202404/public/performanced.te
100644	9b1faf0f6a9149a5f0944eec43f0194a4aef02fe	0199747ce0a4d4281c3f1c661c30b7081e4422e9d8517c6cba4d5e17ca05dbbe	75	prebuilts/api/202404/public/platform_app.te
100644	bcea2dcbf63a4bae8ef5c3991c5f2cd1df686980	5c5564a7558bdc84776e3fbe685ff1b2404f20b0544e8711086cce1b1ab44ed4	1720	prebuilts/api/202404/public/postinstall.te
100644	29900eaa29e0c7df8dbb03a76130a57658316a3c	2759336a094771198f1cd466ca71b99e9920a29c29e92662cf565d531c82cbb8	51	prebuilts/api/202404/public/ppp.te
100644	0761fc30f88ff713c127b5ce3d105ae9072e807f	a6c5d1d7009cefa667f7eac56f9f069b4adb6f33857931e2dd595745542161db	85	prebuilts/api/202404/public/priv_app.te
100644	743845282520d9e623d713bfc0c31cb683d5ac1a	e7ce82caf9531ee480f98d53c5f110edd8fea5c8827e64fd64c7ffb66c0c9c44	47	prebuilts/api/202404/public/prng_seeder.te
100644	85cdc1ef740a469b47961ea34fcfde5fb2869289	41c95b8d73ab722663a5c80c0f7c15e56ffe95862b694215bcf0254ee8ecef82	1180	prebuilts/api/202404/public/profman.te
100644	453a467b7c1373cc8dfad5c9e85829753de9f1ca	e743f0a9e12b2e295b6e8244c74fc71e6f98340a479db23d097116f8c3f0b4f4	15930	prebuilts/api/202404/public/property.te
100644	e03b706e98bc15725c48ae46a4c17a57d51e4c92	cace83bdd61897f1dad91c514103931d393e2367ea2103a769a7df65bae2e938	1283	prebuilts/api/202404/public/radio.te
100755	324320bc19ac110ec6480ab9e21ac900fbcdeeda	991ae52100b7ffdbbb58cac23b4f53b19446f742992b03a9e78fca03682ccfb7	5990	prebuilts/api/202404/public/recovery.te
100644	7224e870b1562052a8a588e71bdebc4d2db13815	5e66902656badb4343ec694f57426120d5e0686fc573a8b662b3011b55d040b8	1057	prebuilts/api/202404/public/recovery_persist.te
100644	d20cd44a25ae7bd429c4e4c1e2fd3e0310efaa3c	b70b2bd772833ba24c70db3c1029df3be6564e7249c2d680ff8375e091d1752d	786	prebuilts/api/202404/public/recovery_refresh.te
100644	710b43d423a48f1642f5f415fd59131e1b8626ef	9de76088f93f9f4a3ef29620503e3429eba6bdc0303f0006124f5b50d2f00de3	264	prebuilts/api/202404/public/remote_provisioning_service_server.te
100644	2aaf3b8a1bcef63bb1e52d6d85252e026e391963	911ca6fb72e62bf6259a37938d7bae7b245ff67e076cbef595b515a054e21253	132	prebuilts/api/202404/public/rkpd_app.te
100644	ca9293439ae9ccc02da1b764fb6b9d3751308c10	362775cb1b2a62fe2fa304ed6922e4d2b1563ad9cc850fbe35af1b60d113ae2c	21	prebuilts/api/202404/public/roles
100644	f92fd79ce5c8606bc5ddab3f33c6ec1599388196	99827ba12b73d8ba65bc66d90e86430128c963259faf170bc4c51eccf0ae3df1	50	prebuilts/api/202404/public/rootdisk_sysdev.te
100644	16b6e9630647bd3827bfa860c1531364ef299ec1	7291fff34ccd560e4283b51f6088004488f665899531d657559229d929f52b21	83	prebuilts/api/202404/public/rs.te
100644	163e1acde8f3df2b7763eea58467e23b51fef347	7f7ce7e68d4298827077e4576d5ca4ff38f931ff58f376c09b445c13752febba	130	prebuilts/api/202404/public/rss_hwm_reset.te
100644	356a0190caaa9acb813b57f882b23d7d4cf70ab8	9101c0f565fc0e8e925dfce4e49d0b807d46935227a3ad08e09bfb9cce252e1c	1574	prebuilts/api/202404/public/runas.te
100644	cdaa799c9dca37761bd00d5617467bea399adcb6	e4fd02f5279d6d0af85f7999921de938d6a9c05dd8f54cc5e65f11dbf6fd7b89	24	prebuilts/api/202404/public/runas_app.te
100644	b3cede1682dc53cdf84876b781a47e8e9b456859	b5dd52e134625aeb1ecf534dcbb2e1ff4ce1aaacc600d6f0c6fb72ffbe041047	65	prebuilts/api/202404/public/scheduler_service_server.te
100644	220e7d0be3f884b845946736a7fbca794c2a783b	12d5b185ac36cf742ddec1a399833a4a377c19b600df33e1860abec4df1e6a41	1663	prebuilts/api/202404/public/sdcardd.te
100644	4ce6714f6eb264fb927a76641369ce910677ac50	5220e810e098a0c6cb6e3253e50bf736e4fe51d8af36008e130a29ce69a2721c	56	prebuilts/api/202404/public/secure_element.te
100644	7c526a5f3300cb514bfefcf5b92de77f1de2ec7a	06eddcd78b1f41a9699e5616acab197c39e965aa954662d76c9174c35a0b9fed	59	prebuilts/api/202404/public/sensor_service_server.te
100644	a6f854ab6dfe83d979e9534527cc8235426f218f	a5fa1ec8cc44cdac166f1621f5eb7da00a7c123b6ad3a59eaf9629aa40c1f070	31923	prebuilts/api/202404/public/service.te
100644	58153f7863dfb985f3e5868b34f52b7af6aa321a	a1a4c13a4d036639615a07b0d0845fa6d39bc4ca36b33c01156fe240631649b5	1273	prebuilts/api/202404/public/servicemanager.te
100644	e5a9152e2ab0d5120d932366d905f3ce10c8005d	55ea8108eb9bba3ed469744dee92102a8f52dee039ba04b73b454c36ecb6237f	1500	prebuilts/api/202404/public/sgdisk.te
100644	6dd5bd77f570316b61be85698b9ba8901dbe2249	c6ac857886f25c0f0b4f0b95da1756edf7f2a09a59210cd2ab4e576aea88e388	104	prebuilts/api/202404/public/shared_relro.te
100644	d4d13e347f5ebb4cb7b864a706311cf1053d9c93	aa6a6cc2dac4644a4b732cb2d147014b161664f704ae6185f4a2962ecd650154	7468	prebuilts/api/202404/public/shell.te
100644	218fee77a83682af488dd95cabc3076a5a585218	52cd523b2f19ac15ee205961ab27780de9809dfd0bd0b11a5402815e3e801bec	25	prebuilts/api/202404/public/simpleperf.te
100644	3719d9f4d87746e517e13e6d1802e8951939a24f	4cd4864b2db362173b65ceb9d65a9e0ec87aea25eed968d029bbc4b4cff1ec32	128	prebuilts/api/202404/public/simpleperf_app_runner.te
100644	10fbbb8520ba234714c8277c0f2a659bbe37009b	3bc0f79b58d661b9653f63b815ebb0e5a7255e8087a79140bdfb4c2878283824	566	prebuilts/api/202404/public/slideshow.te
100644	ab8e58a8e9a404b558b916fefea301fde7217b64	1d1ce4814346016d4b00d2b7da8313b00a3b065bb155abe1495dfddfaf1b6490	144	prebuilts/api/202404/public/stats_service_server.te
100644	71597cc2d71ed68d40661ba5a03918192cb15596	dca2744384b643a0478538bb625804b47271c5a302baefe725559e02ce3d15f9	3306	prebuilts/api/202404/public/statsd.te
100644	a893cdbc6af3188fc3c11b2db039093933003d55	0f46485cc784e9395015eaeffd1a03cab41c8957e609ef6e1e1a0ca924763e75	4399	prebuilts/api/202404/public/su.te
100644	c1e4844a04339e022b75bf155a2510137550bf70	08c6fc8432eb453dc9bc9f2a395246e06a567c950cb2fe62fa06b39ca90af7c2	113	prebuilts/api/202404/public/surfaceflinger.te
100644	023058ee0f0f2220e94101cdbe92fafeff4bfbfd	89d62acc300ea4f19dbc0034d701290b9588b9a55087295230d4bba16724a1c1	182	prebuilts/api/202404/public/system_app.te
100644	cb7f2885797d0c9c51fcfb4af2e184be0e377013	8e803df7ec0b1a3a644915d0df8ed5b0f2caf503d2f3219175eaf9b9dfa6405b	435	prebuilts/api/202404/public/system_server.te
100644	67bff770c51ffa8a719678eb4e9cf9fefa8e1e24	c2168c4cdb488b6b5c53ea35c56ed7cb2f3be57ab3ddd24fb2dcc7d81140a761	466	prebuilts/api/202404/public/system_suspend_internal_server.te
100644	8e8310d5ed1d3b55b5987bb113e18b986577d233	9c1b878020c03a12ef939d258dc8f79f6fdedc854f5277cd796873c084337583	225	prebuilts/api/202404/public/system_suspend_server.te
100644	6d7533afaf6c1dd570742ad0e5c4e4fccfe1c318	a099c30ad36ede647a9434550b0f2f80652b217cccc2bcc57cd14b3df633c0bf	38838	prebuilts/api/202404/public/te_macros
100644	0f9b32dc9d4cb095f4ea361e39a52b09d0c01b29	6d0949f78056f251f8be5bb3d2d212cd25c8b28ba64dc926e29998dbe1d75c57	261	prebuilts/api/202404/public/tee.te
100644	ea2abbb75230146c32dae2ccdc0318fab10884a1	66782d7496d1206a1a19ed56c11102d86d2c06c2b6af24f82432b359d42d977b	711	prebuilts/api/202404/public/tombstoned.te
100644	3705a92df522e31b40be9dc43f5944c898d23ec2	458b0544bb519e03980f561a81b925e6ae31ad89e0f2d5656f95f2ce922aa151	1331	prebuilts/api/202404/public/toolbox.te
100644	48da0d83805c7b009bfa794b4492abcac46b910c	e879fd02cf98727e3e503eeb080084c3e781b749bc94f686872de8e2f13fa054	84	prebuilts/api/202404/public/traced.te
100644	f9a0324b11b128cbff031563e09c3de8d46ecb07	ee32234a4a1c9a2bd314744db72bcd38470cf06e3977d29bb8c04166bd2d80cd	26	prebuilts/api/202404/public/traced_perf.te
100644	3e587c8efb8210d50a822854d939ae5a5cf7112d	358cfe8b86556384b74ce5a75b667c08aa773ac9f9c635bbbb92dcbf11475a5d	59	prebuilts/api/202404/public/traced_probes.te
100644	22f6c3b45e30a07413d07c1eda83d0f47325071f	e6bae204f1b67addab4c3dc268c65bb46a694c98f29db8241e424a167ee80aa5	690	prebuilts/api/202404/public/traceur_app.te
100644	3135a7f0caa9f8e0e870f24d151004e3e0868bfd	5c7b8ac4474ec3b350c5077b0d6b8cbd4bf0b59b3e97f5e6910a388998e42390	3366	prebuilts/api/202404/public/ueventd.te
100644	3b04671b2778adbfec333e986f9c83548e15aaab	4cfab7a02a5051c44ac90af4a0eb02cb05dc4975b100b06f2fd5fe816ab8cc33	1333	prebuilts/api/202404/public/uncrypt.te
100644	a4ee6f5fc0ebe3f2d934bc01ab469c62153a9407	bd147861cb88a448377209104e8818591d4a2a3411cc7c2bdea65c006ec3dee9	1617	prebuilts/api/202404/public/untrusted_app.te
100644	6f7990224cba71b27cfb7040f81bc89bdccf8507	7322caad2cff03b3635254e00084eb073d6de07202e6e57dad9d8a59a1e7ef14	3111	prebuilts/api/202404/public/update_engine.te
100644	12961e7cfe1d452e8632f68e2d5a5f9fe588cc0d	6af9e562e50af7dafeb44cdaca6727279978e2e1e2657bae1b66d3dd04842afb	4178	prebuilts/api/202404/public/update_engine_common.te
100644	68b43f089b28eca696a94c0d84fb59d42a94df1e	50dd9778cd21e25316e992ecdd529e47f2c5e38286b1c135b2ecb4413fd9b6e9	1217	prebuilts/api/202404/public/update_verifier.te
100644	ee36784daf47b612727c0927a84f51557c942d99	9c785ef26c3da5f9aebf901d22950de2c23593d11e83819f0439dde9d3723cef	110	prebuilts/api/202404/public/usbd.te
100644	9974f36dcd58c10876272e0efa58dbeb304d10b9	488bd34a016274dd32e373d30c1b0b7dcd6efb281ed189302aef6a3f3a9184ad	50	prebuilts/api/202404/public/userdata_sysdev.te
100644	dfe688837aa326688facdaceb4769cd2481a85bd	8ea9f492db8c42afd1a08f465ae433c7ab8da702323cd8b21cd532b0e3192021	707	prebuilts/api/202404/public/vdc.te
100644	7a74e7c8030bf72eb196d64947fb8413ff515d76	75876e4c36fe71da438cbfa87a860123cb5e4bf6c06eb7c61f19899368ebf373	10581	prebuilts/api/202404/public/vendor_init.te
100644	3bc3a9f673f5a4023d21ed5092bba1a7498f7e11	231c2a406e6d113c7bf5dc9d88562e39d26c6c8ac616aae59e2e8cba7387dc8c	628	prebuilts/api/202404/public/vendor_misc_writer.te
100644	529c4aa27b0fcd28ebc7aada80064e46be0923d8	52acb1cd64e6150b9f16ae5578a6f0565d390a9d0cd9fa1f2bb11ff273d5cc49	30	prebuilts/api/202404/public/vendor_modprobe.te
100644	5d7cb3165156918285ec1ddc6983c63cbc6af945	981bc7166e9c40b2c82d83829ff417561798aafa5667c912412b79321cd0e622	872	prebuilts/api/202404/public/vendor_shell.te
100644	63f938de12887e5e07e9bb0778c041635de396d2	43dabd0b98aa019721b4456405ff0000a84b39837f824894b9d2d25c6aa6efb4	599	prebuilts/api/202404/public/vendor_toolbox.te
100644	49c87044c42f24f4f681df42256fb43a2e0ac367	78eabfbbb0f097249bd988c3b1fdc503b69f49cd954ac9f02c390e8c91dfa1bc	613	prebuilts/api/202404/public/virtual_touchpad.te
100644	efd9adf92096f0e52b7323445a249c9eaadba9fa	d01ab2fc8822eb21bb8f9ce74e73ac5c2e66a69e7c3661e83744e26f73a9097e	116	prebuilts/api/202404/public/vndservice.te
100644	6b9f73dc00b51adcf9a2f31713e285c009490a78	52a27877172447b87eb16cd611c960ade67420e2c4333d21ffe1c254d158e9ed	102	prebuilts/api/202404/public/vndservicemanager.te
100644	ad6ef830e49c4870af23fb7eab9bdbe578777950	b9ddaffde85342053062e8155a83b4815e750fd83b219961521b1679174c9c22	12042	prebuilts/api/202404/public/vold.te
100644	3087fa861bbe04b61d93424a82adeaa40b25ffa7	b8ef783cb45e03a332b890381f34eed651b226e942e8700cb48d653d55300a4b	228	prebuilts/api/202404/public/vold_prepare_subdirs.te
100644	72e3685646bfa523ac4b2c4ef801c6142180158b	e509a80eb8b62689a4a8c985638a3f57e684436ab759580adf38cf05ee29abc2	247	prebuilts/api/202404/public/watchdogd.te
100644	ace3a013e11bcb767476c4b9dcecbbec6aa973cf	9143395295cd20ae1a38d4c42173d1eb2fb0894496f7c6d2e96b3e04d901012a	248	prebuilts/api/202404/public/webview_zygote.te
100644	1bd89f5a67b56cb978b280fb7aba6871fec5b55c	284ae6030d53339d101f3d5f5506c6f56b35f6f233781d7ef4c0f85caad7bd76	1443	prebuilts/api/202404/public/wificond.te
100644	071354e828cf32b1556b229c732ef1eb74970a6e	d845eb52d49bb388b34b0f30625f1ec91566733857644f8c5da826c3d20228a5	118	prebuilts/api/202404/public/zygote.te
100644	e50a477c6164005fb17cf1c33e3d700c77d90499	1c547546f7f4c837af7f20dc0cb2cd153d142268c8199e27e42f021318d4a5be	288880	prebuilts/api/202504/202504_general_sepolicy.conf
100644	2763fd1e9f5ad80c166907d03bd2ba9c2260e912	a98f4b8479aa64e7d2b5a4146e6edc89fc50d62c80d37200258ff719dfced03b	229237	prebuilts/api/202504/202504_mapping.cil
100644	086efae40afe553d6184ba081366d44f8626fa45	21c140b30b9b4934631d24199140225a0e1be2a6ad450d9bc946b7c1dc2cc5c7	2323770	prebuilts/api/202504/202504_plat_sepolicy.cil
100644	4bdd54babd7e3d0bbbe4fbce9ed0f9b51eb0869e	238a5e39b9d9ac3b99b90ff30e784b358b733003e9dcd6f5b5d73b246d1806f0	2711	prebuilts/api/202504/Android.bp
100644	8cc5e02e5a15b1afaf3bf1ce1b5428f8d71dcacc	7f835335c00ca2343ba3e6e54ae263ab0cd7abbf5cc1062ff58586041454caad	9288	prebuilts/api/202504/private/access_vectors
100644	211405bcfa0f6e9c5141c0606e246bfb54b19f79	6db02f390337a4c7046a1e1fb90f3c29e801ab7973fbe37b4ade472264795bf7	2134	prebuilts/api/202504/private/aconfigd.te
100644	cd98d4beef93210f8ea640238378b03d04c7fca6	2a7b230049fca4acfdf7a32889329eca6e0166375df90fc91419870e930ce1e6	1399	prebuilts/api/202504/private/aconfigd_mainline.te
100644	138c8f51a0ff9a757e9baec62f1745ace0c1041b	45d9ed39f0a702c141542ffd2bf4a5ad3026c539425a46ed056ddb16ec0b0748	8052	prebuilts/api/202504/private/adbd.te
100644	c24b0292702705516adb6e632e71389a5b62c61b	b2cecefefbfc03eeefbb94d14b2f8f2c1073dab6558ee8825ed539eac6df8deb	1059	prebuilts/api/202504/private/adbd_common.te
100644	42fdec4632b347ea13ac0676ef5771780703d242	ecb3b0051d1b9035ce790816311d9e76f63f81301efb4ba0152ccc711bac1990	866	prebuilts/api/202504/private/adbd_tradeinmode.te
100644	98ab218cddb98235d57f3070ed1d238759a152f3	fe5b5415588fc2edfbbb8823864bab9d2dbfc96617becbf5a8c01177fb15eb6c	274	prebuilts/api/202504/private/aidl_lazy_test_server.te
100644	f1bc2145eba91d9c0e9dc6e4a3e4a688050c2dd1	c8a97894383d5da71504f66f201ba9f0ef8239204bed9c6f842cb149e5dcdf7a	647	prebuilts/api/202504/private/apex_test_prepostinstall.te
100644	3205b026af7e5790b2ef116eb6c6502d188092cc	c6cdeb8905e0f780aecb0d7825868da9840b347cb199f59efaaedcbe9e007f43	9822	prebuilts/api/202504/private/apexd.te
100644	d4c5496b70a4f965a821379ff5d6d8aa12719ff7	0fdf35254123a895f45f1977aea63cb7335437d53532f91c02be8b95f921b51b	415	prebuilts/api/202504/private/apexd_derive_classpath.te
100644	b35966349f75afae11692ef3c44c34f80d90d509	a010b01f8321d2e7409c33c73cafefe9107945ecf93df03f84f33018a8402819	32465	prebuilts/api/202504/private/app.te
100644	434fb132e7adb545dc511564ca3b631ec617115a	f62dce15435b564c86f16ef6d54bbedcd4725752b45a1b487be3b4e592595486	13890	prebuilts/api/202504/private/app_neverallows.te
100644	b51f633d939379827eb3ae2cc9b3115f17819dc2	fdc24f9c714cdb1a8fc62d86027e5fe6839bf5f483658ca55caecb7fe6ec0275	6432	prebuilts/api/202504/private/app_zygote.te
100644	0922931c28ccbb36ff69fa157b9ec338c8a35883	b0230cc4b056ea37a5f230d5ce3320a55db89bab5f0e8fe61ee77df1aeaaece6	526	prebuilts/api/202504/private/art_boot.te
100644	7f944f6cbed7ab48588ce8b79047db24183f31bb	a80f98594b3d86ffcddfd8c701b22789f8903aea1a66b2dccdce43c51359aa98	985	prebuilts/api/202504/private/art_exec.te
100644	15d7969dc4c901f4e342c3d1185126c5cd2a765b	dfd69555def2b669340806fc0f09ab754aefabf151c40343ee74ce7a5257d90a	8704	prebuilts/api/202504/private/artd.te
100644	8c8980ce2005c0cfb3ba3955cf11b638935ce0fa	8d4d96e252bf405b4c4b0600269c2e85a4dc2c27e7dbe7e4e89434e0cd738ea1	1442	prebuilts/api/202504/private/asan_extract.te
100644	1712648b183e2ea3c8cacdb0cc8c4f736beac66b	b6e1606dfebfa9d29d8637bbb8ef28154b34f2e56b5aad9938e79eaf2e3db1e0	2705	prebuilts/api/202504/private/atrace.te
100644	93bf295783524b3daa35849158326494557d4622	821ca8b24079674cd42ad5e5891363940bdaabb0f0e9161c7ea5a9c0cb3c89c6	1270	prebuilts/api/202504/private/attributes
100644	5aa8ddec524ffc4b03f98a0d5617ebdd20305d30	a3f1f32d56330fea158c4ad319675284f26f30f3429ad1b86792ad5868e0c28e	4556	prebuilts/api/202504/private/audioserver.te
100644	f634d3d1d57f5e717f14b15b8f849dec68d161d0	7abdedf0f6df9b9d818a21e610b2580e7ac8c9e613f79dc1c5f4966f20edbf67	589	prebuilts/api/202504/private/auditctl.te
100644	db20696a60925599060afa9369eee098b2fa10ef	f369086885c1b8be9cb92f4b8b91473e9adb1d701e8de868933eaf61d67bdb2d	1721	prebuilts/api/202504/private/automotive_display_service.te
100644	b11bd76f6c354a0c1406d78ceec586c9f94e15a6	b03bb0bdad420c69ea9fd9499c9629b776d5f50259466623528426da266fcd17	383	prebuilts/api/202504/private/bert_collector.te
100644	b8ae9f4ac16b52be2185a0a60c8057c5b75949bc	f4125fe293dd881e3167f4d1973ed663857d0b238ca9ce1a3415f8c456e43b23	1183	prebuilts/api/202504/private/binderservicedomain.te
100644	20d50cc5715951dde1227c9ce9859496e0c6ff3a	8d034b027310b0c074e9e009242e93e8bb338bedbd6fd83abc7e6c5058d907cc	231	prebuilts/api/202504/private/blank_screen.te
100644	4e972ab95d9168b08d01eaa49190758b7ae84b62	18c88b2e9292d78a6b24b559d3c63e7484ad4028c2aba98d5a17519b8b63bb5f	721	prebuilts/api/202504/private/blkid.te
100644	125677157ebaadf6fce40e245c85904008103b13	537d7b18964f3c89f911d6d98ac239963941f02a8903933dfac4c46675f8c4d1	1100	prebuilts/api/202504/private/blkid_untrusted.te
100644	0b001e281eed3093fd040962c9454fde0c147486	20bed3c8a6b74bef8de5569f535a4023963298f1b0b8f9e855e9fcd27ccddcb3	3765	prebuilts/api/202504/private/bluetooth.te
100644	fe4f0e663e6ae203381c9e365896f87f919399b2	a9cc20171e4db59f3a38a0cdf21d6e9f38c7b227152eac557d9d6b7b0618992c	167	prebuilts/api/202504/private/bluetoothdomain.te
100644	fd3a09b5c79dee431874168ccc387c05f4e62a9f	85c9afe0f2bb35e17c9379cb083dbabc4f7c8b74edb7b255c3733a28af3ceccc	2035	prebuilts/api/202504/private/bootanim.te
100644	9835940188db3c93ac8d9ce15c229a90322dd7bc	0a49a853ebc1de387249f2ed40706361c074cc4105bc61fb72d261fc7d3a2370	1899	prebuilts/api/202504/private/bootstat.te
100644	50fc1fc1c18050810a79b52b0f128f7f850f812f	bf0aa8f1cb59b85418604f805456559aa15d23d2427160f72ff414dbbeb21f52	3639	prebuilts/api/202504/private/boringssl_self_test.te
100644	7c8f5c0751f31f8592c50fd6b77ddd0b01c117b8	c7f88bc5eb4274bdef4f42acf01c2a1c250ef349f5909049ea96dedbe858e7d9	806	prebuilts/api/202504/private/bpfdomain.te
100644	7d8a7065597977ff2552aab0b3478a60173e1ca2	fb142da4f2a45e174cf90b87852201270c7095d4e5b8386aebf74e86668f8992	3900	prebuilts/api/202504/private/bpfloader.te
100644	143c6b557814920d3cd08c564b4c0f926afeaa8e	0f73097824c54251e4b1a6a0923d5be224c35a66236000941ac1b46e8e79fc0c	817	prebuilts/api/202504/private/bufferhubd.te
100644	a4873a7cc2dd9c07913a2ebfb3ac80f42bbc5052	30cf3d6b915d8d1382246aac8e5554f2bd413e51f3f3e82745efe9508d095b19	1481	prebuilts/api/202504/private/bug_map
100644	352e1b7aafd8ec10a77610559d919a54d268aa79	e97b1c1e77d9981dc5b4365b4d205ffbf1b088bbdba7a92d9738180b13c8149f	59	prebuilts/api/202504/private/camera_service_server.te
100644	16c1f3d3875cb66375a5d35fbc8ad825b04943c4	fbfac985ff20eb304865878ab67decd9f9c83d5634d5d317eac3d7521ad70740	3751	prebuilts/api/202504/private/cameraserver.te
100644	5673ccd3d223ddb77abdcb7641950fc0564b6f77	4c3a133bc4a1a3ccf69e7ded825473dd664c3a47a7d2031b625b132f5343f236	411	prebuilts/api/202504/private/canhalconfigurator.te
100644	2d48a60652789e571049313988efa7d95f5a905d	339a5c185d20174d62d90433aa4a2cdb0dbc4c3772e60bb703d187105ee01de2	645	prebuilts/api/202504/private/charger.te
100644	d920a3d64e7f0618ee7bab2a954b64207b704c94	74a98c2497cf02a9c2a4f9ac800be78b50824a7c07e356def7fa975b9a623f95	2195	prebuilts/api/202504/private/charger_type.te
100644	47bd1983bac63a0e86b046056721cf89eeb36d01	2c6a85d2530f0b18e12c0611233fa75c4ac0dfb5dd3990bdecbafa89406090f4	87	prebuilts/api/202504/private/charger_vendor.te
100644	cd024a78a295b6e04deab3cbf76548d8f712293f	4c2d6e9fc8f112ad6110d0841e09d4cf7cb5c83af6c4efbedff57105b49b56fa	366	prebuilts/api/202504/private/clatd.te
100644	e9c97e50544fc3325f3b10c9e567600d7a8e95c6	43db2e1852dc8b2e15e8f1efabcfd73c963626814c8dd7bf111b41ecfb97a6a7	167299	prebuilts/api/202504/private/compat/202404/202404.cil
100644	e155b2838f1d0f3f356b09719193b9402dfd9b34	08183a9922da778f9a097e2ddb545e6d3ef386f201b0df198a9d0d9d8aa04beb	160	prebuilts/api/202504/private/compat/202404/202404.compat.cil
100644	224c49b6fd9ae00554feb44c888446a184ad8da8	d19f632905b9927f5317fa8d532f434cdd503763d4bfc8c9bcca8b85af781cee	1202	prebuilts/api/202504/private/compat/202404/202404.ignore.cil
100644	408cf335dab252434c2071d1df86a29601b7e392	8e130e15cdb5ecd042a293be9854c09996d13f0ad7ec49b762587e0eb000be1c	109683	prebuilts/api/202504/private/compat/29.0/29.0.cil
100644	2d37de63be0811104e610b5c5b850d22cf926f76	db46612f24c75bcd5ddf6d574fa62a7163bc4951620217973d1000a91371d38e	2470	prebuilts/api/202504/private/compat/29.0/29.0.compat.cil
100644	e40888dcc5ac274ccc041a6a52606efab17fbe2b	18fab6a87d34e179a46af70936ca0877469c906c90ff75b1a3f262b6afdc1002	3487	prebuilts/api/202504/private/compat/29.0/29.0.ignore.cil
100644	f95488ccaf4ecd86e83f5b76525c98ae9cbdc418	37483953b960c5b4cfe7e432a50c18c5afdce6ab6c5d1490c76ed251930e43db	125292	prebuilts/api/202504/private/compat/30.0/30.0.cil
100644	c9c5f477dd63420b4c6548c8dfd5773e56c0b294	2b40198379e1bb65ca2af156b25562381273144d94c5ae223b5ed9905d7437cc	2526	prebuilts/api/202504/private/compat/30.0/30.0.compat.cil
100644	1d3b3892f61f3f3ec59c445f3d775ac80c6733f7	29ebff2887697e9663c64aaa48df0b3450b0d0c67c260c8d0baaf67e2f076615	4090	prebuilts/api/202504/private/compat/30.0/30.0.ignore.cil
100644	b0df31447d2bf119f11119abea6d001b0c3513a9	f591f19de00982ca33f01660a98bc707096375c7d0b225cd92c2e07e70403df6	141059	prebuilts/api/202504/private/compat/31.0/31.0.cil
100644	787c92a8c1b0d3bd5b0b9372bc0ece8a71f10335	adddc30714cef2ec2beb4eecdc24df86acb145e390a708bd2ae5ac41b6fd7630	156	prebuilts/api/202504/private/compat/31.0/31.0.compat.cil
100644	0e39f3ec35cef11048a761b184b7929018273270	336b95a5af90221128157f6d73c24b4aa0338c6cef50fc655e153c7b3e6435ef	1397	prebuilts/api/202504/private/compat/31.0/31.0.ignore.cil
100644	171f0ad2c7d3d3689e86d3984e3b4e8f3c524ff5	868925c095ac11aa1542b7633630de31f00deda5dc4dd16c004d7bd93e5df20c	141236	prebuilts/api/202504/private/compat/32.0/32.0.cil
100644	00ac11fd9c8ca5686b7f99ee88236c63700e7742	59648b120ec76f9e4540b9d656e58a353ead9ebac3c69be778532354f84d0c9d	156	prebuilts/api/202504/private/compat/32.0/32.0.compat.cil
100644	dd74cd82fc09568ed68cce8d3339cde109f36834	39e3e354517e7fa5d355deb4f76ac7b44be319bcae964356cf06e80569159b9e	2319	prebuilts/api/202504/private/compat/32.0/32.0.ignore.cil
100644	16babe753f3fadc41b24bec9a670a4b9beafb60e	839b68a4c64d1fd472ac4c0539910323d1b39877b9ef96f7ecb76fd2863b75b9	149954	prebuilts/api/202504/private/compat/33.0/33.0.cil
100644	f102b02569327363b374a0e65b2ad0791e72204a	d0ee2e4d2d5f0171091425f40b89e1371cb890ccbf78487c717e2d66f460c247	677	prebuilts/api/202504/private/compat/33.0/33.0.compat.cil
100644	a9a37a43f012e4b7dee8df41392dc96a4fd71c64	760e78bf922a2e965e9f2727c5611e56c0dfb6e6c46bcfc9c2b80046304e33a2	2644	prebuilts/api/202504/private/compat/33.0/33.0.ignore.cil
100644	7d8043358f1d7252e101817e0f04481e6ec17458	988b6aa579718fad8eaffb366c93e36f41d9f76cce431ef76fd6d7c45cdae3b6	156200	prebuilts/api/202504/private/compat/34.0/34.0.cil
100644	18e8ef5a0525b2aeefbdecc462f835a7729b39e5	869e218c107cd6a5e2acb3f8e1f608f9089574889689c7b50cf99c07f33a0e3a	905	prebuilts/api/202504/private/compat/34.0/34.0.compat.cil
100644	3f5cb68782e869ff82eef37e17ed57b3bf8a5f8b	e8c4caf3f4c4a90934ce790be638c59e86111c1065bf18d649849394132fb67b	1638	prebuilts/api/202504/private/compat/34.0/34.0.ignore.cil
100644	01504eec8dd3686b14407a0369bdd2cdf9fa1380	583f9962741d277a1fa0bd702d204578a0ba9302f9544e379f28adc24cd9b437	1120	prebuilts/api/202504/private/compos_fd_server.te
100644	5b3615eeac7359d4ead6ea958263076078207702	283a5e68e038e09f63d7dca84303e910e171c31197f7330a719ec5b8c6145299	912	prebuilts/api/202504/private/compos_verify.te
100644	409b2cb4c57fe048b4a3aac953676f90571b5128	c00628ce268c002f97b6f4aff3d68c5f97f85ea72e2ef43f669583e988e8cf8c	1659	prebuilts/api/202504/private/composd.te
100644	7f0ca9d8d8800ced4328ed94580673534253ea55	469bce2a946b3e2a8b9a48938a22f5a28812cfe00efd60e63b98d564686aa408	6175	prebuilts/api/202504/private/coredomain.te
100644	1192ba676ee7fcb43ad1ef2900a82cd0a0c27c24	4a9598ed103d1defb7e9e8224ad0d9de79105cd6ec84f42f787947f6547f290d	1240	prebuilts/api/202504/private/cppreopts.te
100644	4bd1d38218947d93bca0a90d6166fb2b27ea5216	d6a16aaf263444917276067a605960da99bd5b7bc034d2749959875dd26f7fe9	4251	prebuilts/api/202504/private/crash_dump.te
100644	bef5c554a35453f096ce01ea7523a864e40688cc	5baa40222f1590ae2ebab9f2e800637210213a3e15c464885c938d08e897b870	959	prebuilts/api/202504/private/credstore.te
100644	6051992b193f0bc61b873a8be8452bade6786e67	30e38437c64cd79371b73ee696c02c1fbd8c274ca83c92c4d119c0f0ee47c037	9175	prebuilts/api/202504/private/crosvm.te
100644	d7c29c28b4beca7645b0782ccaeffde0d15622ea	b745e2a1da3cbe55b314fac3bb194d382b132dc5c0d0bef2f220dbb20a2146d0	1306	prebuilts/api/202504/private/derive_classpath.te
100644	c47f0a5bd9a53612324a81810ab49ceef1e894e4	3f62ac80cc8c5dad1a294b88d85200daf4181655a9ee7a7e75227e888f518dae	925	prebuilts/api/202504/private/derive_sdk.te
100644	98c91c2f9a9544e0a458fdf5bda7b4233b3b7c1b	764b83a91dd15c7499e1ad40e721996144f4c52c4a4a339c28da42c17f2ebe8b	831	prebuilts/api/202504/private/device_as_webcam.te
100644	3a841ced79d21a7254c848488e070cb8d4c104f0	1406ee3eecd4fd482984f21ea3ef9313d2ceaa8ac21bb1884549f4af3b42413d	4429	prebuilts/api/202504/private/dex2oat.te
100644	b4b35ddcea3174f8ced877a3bca3aa7a1415b08a	ba8c01468142cb5c7e416ddd7465fb10b7c846cf023ad4b0a918513fe0acd4ba	5582	prebuilts/api/202504/private/dexopt_chroot_setup.te
100644	4c87f99ab5ba94307d6447c6b166129c178e7069	e48660370dcfc6c741a2dc807d66d956d511124a0710facaca52d1d9d1ef39d8	238	prebuilts/api/202504/private/dexoptanalyzer.te
100644	ce4fef10bc8f38810edbcf3ed5e4da5ec5c05c6c	dd88643baec0742fab68f3409159cff6daf04fc16a05057a4f38199e16bbc280	1236	prebuilts/api/202504/private/dhcp.te
100644	c5839fa544b524ab61fdcddd991a93294955ae80	22e507ecdbd88b4ed06ddbfc5599543b21549a78fec4e5fd4dc58d9bb42331e2	61	prebuilts/api/202504/private/display_service_server.te
100644	7a12882869104dd487555fbcb7970cf0a8657c19	caf173b2f7f7594d6d8b7ef4c769a8c38d10bedb9a735b4764994500180adb08	507	prebuilts/api/202504/private/dmesgd.te
100644	de6c8d6787f2b5ade47272cd6e158e54a175214e	55e32509754c201656bc795883633e8a0fd64c4f71d458050759f8baa01d52a8	996	prebuilts/api/202504/private/dnsmasq.te
100644	8db40a5893fbd749b8bec6c6a386b8356de2b615	fa0c22a94c9ccfc71a7c517c2a02584555e39c1ecc92a900810a7744efe9e97f	79712	prebuilts/api/202504/private/domain.te
100644	dfbf3b82b816d3f0630da0913ed471cebcda8af6	6c808dfcc5ec6418fd430680d4e17204021ce4c8d27f0a9e9ef617b41f688d95	2351	prebuilts/api/202504/private/drmserver.te
100644	501d829f7ec0da23298a404555ccaaf7635d8776	c0e1a81ae14267829a7c82cf896e3df317193c8c97275e4d924b7fd71a7a40e8	17636	prebuilts/api/202504/private/dumpstate.te
100644	3316ce23bbd9362d3c413512bf16a9b1f973ee69	55726f2925a125ed7d36010268e65361935cde2c77fa2c1a38d8ddd0845a0734	1026	prebuilts/api/202504/private/e2fs.te
100644	d1579fe3b5e82a928d5a2960057656bf485ff5a9	6b4b7ab95cfd09d0e8d6857af03e7b619ff2083c5ef7432098bffd9f4a23717d	3220	prebuilts/api/202504/private/early_virtmgr.te
100644	4e1417b63ecbd6cee35859002c2eaa175deb6af2	1604b7041a62bfe55efaaf6c645b50cdfaaa35a3559179ab0549b2a67ab3301d	3403	prebuilts/api/202504/private/ephemeral_app.te
100644	37726287f8282a5187b43c8b3a32cd7cdf4a545b	23b0dd73fc0a42e2696f4dbba046fd161f1d5863784f15a54a14ce9ecb15fef0	1121	prebuilts/api/202504/private/evsmanagerd.te
100644	f24340de8bc82ce10f8b5f19753213c94a78f039	7514900544d5fbb53da4a887ca5c8d5a184e4905360b27239d4625133a51f04c	643	prebuilts/api/202504/private/extra_free_kbytes.te
100644	a62cc47afec654788a168aab73ae094f0c5c3a0c	f0ec6affcc388de7f407c0967e1ad98de5fc06a2fa0bf3d2da480c66b1ffadd3	6194	prebuilts/api/202504/private/fastbootd.te
100644	6bdcc3940925404b3e6539776c508a3d65bfaaea	f47c05b2b0812e71aa2a22da3aa80f4e7943e8d8af0bf8c8c8620be0150fc948	10758	prebuilts/api/202504/private/file.te
100644	0b3e7f4183a42a1ab40d2eac400922cd23e99ce1	1b140c27875ad6f32f4f2c05099c592612d4a7bc1fdd4bca895cef5116941a61	53101	prebuilts/api/202504/private/file_contexts
100644	9554a76188aa2eaa2cfd2a8c3c737884287d6c95	484c605a690b7904a2c695331b3d131209d5f5becfd05e094213de5950706fa2	1122	prebuilts/api/202504/private/file_contexts_asan
100644	e472fade565924ccdc1d43e23d8c3908c57f9a2e	9e45850bb0bc23086295a61242a86117ef6190cf45492c3e37f225cc788cf45d	510	prebuilts/api/202504/private/file_contexts_overlayfs
100644	949f9ea0e6ca1f8f0914b69c1eb8819594150f94	0dc60cd6b0e719315937bc0e6719a7d717743135d9628baebbc5a8650d271a4a	828	prebuilts/api/202504/private/fingerprintd.te
100644	db7f08f58416408e3caea73534efc4e08a429a11	e29304b4c9fd0c78c790374c8cbcfae9a7e6ca98cac7ef88a4d8f22683e4cd46	3735	prebuilts/api/202504/private/flags_health_check.te
100644	93d7f1b24461e533a62828687cc263752b0a00ec	577777c76e1b96947e37ef3d6b37d380f9dca0f4bfa56ff04c4c67374e9e1265	1055	prebuilts/api/202504/private/fs_use
100644	90f7e5120440e4f9ea420709aacfaf422910e3f3	5ed25076fbbf17af5e118b1e40f4b5bcb595cdc70bc407bcb13df05ebf073940	2555	prebuilts/api/202504/private/fsck.te
100644	4b55a57e5dfd055c646a05603828607aaa1fff9c	17cac375297fb0d5ee620aababa712557ffd737f9da8001ddda016d25dfad11b	2472	prebuilts/api/202504/private/fsck_untrusted.te
100644	4423913d0663ab3a5102d3a9f0be72db8a6c5455	0192fc6d4a5b0d71a40de03182369ea2daa238ff45720bb535b89e0e6f2be970	1188	prebuilts/api/202504/private/fuseblkd.te
100644	b99a49ca8ad052b8a41864903160613219f5ab66	6f9257be7355451846eb89deee678c005afcb580954ea2485c6b3e9b607f81c6	3200	prebuilts/api/202504/private/fuseblkd_untrusted.te
100644	5286f3e5653d9d1c337d60d9828bd7e2fdfd0c06	4ca64958a5d0c0b169b5f806fabed5129078041e7131290b1f8e426dbd01653b	252	prebuilts/api/202504/private/fwk_bufferhub.te
100644	045294f92f7eb01484653277440e10e991cb844b	584e9b483ba25902194502400041126e74af192249f7023aff088864ecdd0308	1372	prebuilts/api/202504/private/gatekeeperd.te
100644	0a0c9cb5fa04edbcfeb130480474b10d63711a4b	73ccfe91e1c2ff940b5f9242fe05b152658e2014f4e33efb8f14ec3cf311f713	24891	prebuilts/api/202504/private/genfs_contexts
100644	11553893089716670a34fb974ba9d0129b972c99	eb064fd9067cbaf2ef6cb5a14d9283d8ac799bd00d098c8b4442ff173c81d8d9	920	prebuilts/api/202504/private/gki_apex_prepostinstall.te
100644	148cb7e689091a6ee242af2cb35f652e7d0460b4	15af0c558af5d2b8a55120be3bb14a681e38617332d2c2d9e660e392b5c98742	7945	prebuilts/api/202504/private/gmscore_app.te
100644	563854368107938b62b9180a5e69c4db245167d8	1ed1de82a442520db1cb83e7f84b7e3adc57ae3beab2e4f91bf9d86ea6b17ec9	2626	prebuilts/api/202504/private/gpuservice.te
100644	9391016c45a77ba85a2daa171f8a4c36f07df066	fceb426ecb4f93b0b44750cc5e46a3f5896ae65b117d2118816105b0b9d4bbce	6353	prebuilts/api/202504/private/gsid.te
100644	6417b62890215faff687cfebbe395b6d3aa028e4	1e71a67b185d442d3852e7838d851a5b503fefd71d24498db0f6ba146310be72	321	prebuilts/api/202504/private/hal_allocator.te
100644	6ab7eb83bde419bac70a86925e12aaa297d28a44	4549dc6c31c7121ec0419d733188897f5e56ff04a8ff54a673aa11237d00a853	323	prebuilts/api/202504/private/hal_allocator_default.te
100644	51d9237f9e7bf175133508b347189e9cdc31f01b	940b0d289272cf72d262ba9f4db584b471a61c924b4a6b580a445b9b4c58fb5e	146	prebuilts/api/202504/private/hal_atrace.te
100644	237ffcd7c6aaedfe8c8e817298568b8471842a22	08ffff7985edf28bdb322cfa618b009de259ac6cf97fc3d4cbca23e0192d1963	1625	prebuilts/api/202504/private/hal_audio.te
100644	6f45b0ebb38e0e6ca324ea373d6734d8d093f48a	07e36264f1eaf1efe0105ef35930f071b5a7e68ec63f2500e083f66b9bc802ab	367	prebuilts/api/202504/private/hal_audiocontrol.te
100644	f053cb08ed2c36f6b09d8a6998d15126ba3107c5	28211b91849b98681ff56fc0080ec1483732f2913d19139e93eb7d5b40fbccca	291	prebuilts/api/202504/private/hal_authgraph.te
100644	bbcdb9a33d6ee7cdc4d72bced57141d311f6638a	d959761d8434bcde7a66034a0afb037c09c8a00b1989db4da54225ea1afc106f	276	prebuilts/api/202504/private/hal_authsecret.te
100644	2e03ea28a52d0340544c5e173e29bc2fed8e45ee	e051be268b9f8a91cf1af2edfc077bb8ca5e0db09f6e8b44497f8af80535776d	1336	prebuilts/api/202504/private/hal_bluetooth.te
100644	f9b50b032ab544f725badb6efecae834dbfb483c	76c3ecbe3f60fcb658126a722bbe6f1891d9a9cca682160c9d5e0c4e04dce28f	405	prebuilts/api/202504/private/hal_bootctl.te
100644	bb882c91330443ecf35f5571b55d41d339d4fb22	f1294f94a7dfe9420dec9211531a2ff35bc64c040be3f1072abe1127be0a5b96	333	prebuilts/api/202504/private/hal_broadcastradio.te
100644	df70ab67439fb21cf672041631a83f7525388b35	74ac19cb19c358364a62b084d2365b63b5bf17d4768ee00c7d7fa8bc2e7db695	1645	prebuilts/api/202504/private/hal_camera.te
100644	d48c43f8496fd8488a73286bcfdb0de39041a006	3a0aa17e7b0223d5c3c3f019276724c89fea6f691f2facd39ee5a85445f74a09	542	prebuilts/api/202504/private/hal_can.te
100644	056b4c998c920777b5d24288a96cd249a3b32f88	d577ebc8fa8da7b0860e0025e4c19e35afa8f74afc1f5cf324a8c4a1ec815da8	1386	prebuilts/api/202504/private/hal_cas.te
100644	df36ff8f2ab16c15ce99b2a5094cc0244c652e4d	dcd07683a8bbe5492248c4848ffea524943acc1c06447c796dfcf45d0dc7ee36	1313	prebuilts/api/202504/private/hal_codec2.te
100644	d26e1db7ab5fa380ef1139036523a8541fccf2ae	84589fe364c0bb7cfbc7e9450d684e15d82b8d0bb777b8673ac013cd6baf53fd	2356	prebuilts/api/202504/private/hal_configstore.te
100644	9896e359045acca250dacbab2bf742bd4097cc6f	fd5ca70c9023ee386c1692c671bfc548f7dca78238f358a4e99623f8d31dd01c	303	prebuilts/api/202504/private/hal_confirmationui.te
100644	14c2dbcfa23d7430c22d1e166c4e24985c4340fb	f67a622f1db9457d1339674e8781e61283d31bd1a795de1d9e3aa522d9707146	420	prebuilts/api/202504/private/hal_contexthub.te
100644	211fbb740ee960b3981ea1f792b9e495cc72de6d	ffb08791b0713d933c9047cae7c1cf7d62f324864dcc0fba8a0cbf3e4fc675c2	2032	prebuilts/api/202504/private/hal_drm.te
100644	eaa223bb02b0e28c99bbc0a92a3f26bf05c3690a	5de3e18c4485f322da91dd0f1ae83f09ccff816c80c0a15e81995d83b2ea192d	723	prebuilts/api/202504/private/hal_dumpstate.te
100644	09a40d80e934bba87922943fbe00d16daf554350	38dc885bea924e2ad13ad43fc3c3aba49c3bdb72f9fdae2ca052ee6c663d3aa1	654	prebuilts/api/202504/private/hal_evs.te
100644	5e4395354c5eaa3a3b17edaaf4efa61c09ad062c	f20963ff4386532e0ede987c635046820e1db259d72195fe5e30dc0579133417	605	prebuilts/api/202504/private/hal_face.te
100644	7aecac13eecdc2851168285b0cdd24a73c00efe1	9ea0af116f8122be6d7b6e5885f60e4f09ef762913a9f6e65b9a046208e1ad61	343	prebuilts/api/202504/private/hal_fastboot.te
100644	3295cc7fb03381ce2180a9c8b1a817133a1291cb	5998d0b5c83590dd9a007d4828bd95191925fb2bd8d45570676cc388bc53c55c	730	prebuilts/api/202504/private/hal_fingerprint.te
100644	fc23e649293e91ae8ab45989070a2a2efa1f31be	1b2cc2852553ba56b1e44a591e931c9288efd056e475d03666f4a7e211f7c4d6	364	prebuilts/api/202504/private/hal_gatekeeper.te
100644	59a6df8e30815f91e147b00ae95efb9c55226406	d2bfba68be300e51df7e188d039b2d2209c4566642ed90714f8f80956e8541d2	306	prebuilts/api/202504/private/hal_gnss.te
100644	39ba46ef289d7a04d31eadb5f2790be3dc30e542	fb9e8fbd5ac92d3b7cbdc14a8bd8da150f8ecb313c5a1c056c45cd8334773005	1205	prebuilts/api/202504/private/hal_graphics_allocator.te
100644	32505642b528bda8060d134683eb1f54374b73cd	950280590d7f2e02c7d936382074edea4eda6f690d2e88bcaac8ed6a0a92431d	1689	prebuilts/api/202504/private/hal_graphics_composer.te
100644	5d7aff5ba263b826d5cdcb815ee81c5ddb9bea90	dc25f9ad74e643d69d5647f8f0b64f8e809e661d579fc2a5878c839ba98a6fb6	1249	prebuilts/api/202504/private/hal_health.te
100644	4938a162fc70d4b1dd401f00bdd40fca13cf2d38	bb45de9ebb9d3a43202b5c2f0cad08ef7737c34220b692b4b3e18b06edd195ef	435	prebuilts/api/202504/private/hal_health_storage.te
100644	8d558ade1753bfbe619d97c6f1ed302ee9883038	f10de9993da707b3fad29345c7e020246a61717c1811aba73debe810c89819b1	200	prebuilts/api/202504/private/hal_identity.te
100644	70a4b7debb22772985fceadb2a8f294e79ca9683	60037898842b3ce1f014b11f0dab7efba7350d40dc36681e75debae6493e11b0	186	prebuilts/api/202504/private/hal_input_classifier.te
100644	b59b15f5a68070bfd19a8b6f86da221876d305c7	92a04e018d22be59fa2241758c378062345afb878ddfcb42afe3c5942250a634	322	prebuilts/api/202504/private/hal_input_processor.te
100644	452127a343df31f82f01343ab063bc175c1b7916	70778643ba639f318ce5e8d9033b9c640d8dcd0835cc2a2bd15353f48bd07e9e	277	prebuilts/api/202504/private/hal_ir.te
100644	617effe2241dde4be20ff03bf9ec0a1b3952e17c	865f1182efa53efce06d24c9e3727f3b22e42e68a7efefc6dfcfdbdfc5748282	145	prebuilts/api/202504/private/hal_ivn.te
100644	3e164ade9401564b97eb45bd63caa193edb8f5b9	764055c8cef10011dea27d45e4230191667d0d4615eac9ecf28bdf063007e5f8	268	prebuilts/api/202504/private/hal_keymaster.te
100644	6c7b577272035415f20d54dede5689013f09200a	2c089530f6355c284a70090392f4e36185fd61ee593fd51902fba53926feec07	386	prebuilts/api/202504/private/hal_keymint.te
100644	0a20870acb9a12573c1f17edce8da3d2a5870f4c	41d1d1a6548437d725368572a4bfa2609d8fff9c780284f9bbacce63c6042ac2	284	prebuilts/api/202504/private/hal_keymint_system.te
100644	93cf2350bcd52cd8f35aefaccc7c034d10857af8	4a0be12763ff0fa1075102739fa3f357a29a27113f126a58a58319ec078d4865	88	prebuilts/api/202504/private/hal_lazy_test.te
100644	40829b6bb0071f975372ea9746e4c2a2ff9181fe	15afe7358dd1267250f5b1130b232e451328bfe0f4cc26a963b652817737ba80	518	prebuilts/api/202504/private/hal_light.te
100644	6fb95e9430cd6daddea4ba77dc359f3da500d4a7	fc3c294d40f40450b723e201d907a8cf545792e39858ab07e69e29a469f7cef7	662	prebuilts/api/202504/private/hal_lowpan.te
100644	27225db2195d72e5c67843e33b330451ddb873fc	70870f07f40fa2253dfd8caf8ff6194ffb39f9154a308bf4982c5e10c0b6a7c8	236	prebuilts/api/202504/private/hal_macsec.te
100644	5bcdbbc32fd120e4f6fb4fe6264d5e736d30bce5	a9544b6d0bc6116e2772cf8b43c69e5d14c57288de25acbfaca4869a80e77972	353	prebuilts/api/202504/private/hal_mediaquality.te
100644	30a4480bd9823c6cbe24657f8c1b91a4e499e8ee	4ae73368aa8355b358cdf766a71eae3438374965b63ea6cad446df0c13a8d65a	262	prebuilts/api/202504/private/hal_memtrack.te
100644	c7049fd00df89548c3c4a2ba12ecb0de41c3591c	64a6a6801ff617244985a04a35a9047b72ede5167b1faf1d057c677dddab7114	2319	prebuilts/api/202504/private/hal_neuralnetworks.te
100644	356288851c2767b583ed875fcfabbe17b2cdf780	897b4aba7c64da19580b10582320e1c311ccaf129c86fabc35e2303b77806993	4004	prebuilts/api/202504/private/hal_neverallows.te
100644	3d0202b77a11be35f71c7d52bc8d41d7bf2ce0e4	ec4f38403a579711fe4be10597111769a901e2ecb758e1a1538c73a9af4a5ed4	430	prebuilts/api/202504/private/hal_nfc.te
100644	1a738a55ba88e0aef50d0c769ec89a523c913c50	1a103dfeec0e56ea736a51174b80550bd0d92d1be56cb99468b20a94f2689d77	442	prebuilts/api/202504/private/hal_nlinterceptor.te
100644	9f38fa55af13f2970c8eb286380be0a1344c7614	3f564c15bc5c47dbe260b8539ee6536ecef91a5442082d0bec5305d260f82e8a	255	prebuilts/api/202504/private/hal_oemlock.te
100644	2611dcd303e869d19000a325db3c56cc604e57d7	d406c6bfb3ccc3e61c36116a8196bbc544267b4ada7118a36e4419ec0199b736	1996	prebuilts/api/202504/private/hal_omx.te
100644	1eb10a15aadd60e02de697a7a05c5babbeb2a470	69871422ddbb15de2ac6bcabf710ae912c05deb9da778c76719c298ca93990ea	461	prebuilts/api/202504/private/hal_power.te
100644	4076effc9230bc8fa5f571efe9bd96b00281f0de	6b2522628b6a70ee8c073b5981ceea68495922bd05394796dc89f2be24f03374	410	prebuilts/api/202504/private/hal_power_stats.te
100644	d16333baeb07bed620ddb7ef4ddfd46a0c71e23a	2ef81b20aabbd6b749d5d348525fec6a50194fc9356f1ead8746c870577f0540	203	prebuilts/api/202504/private/hal_rebootescrow.te
100644	8a55529c885ee86b6108eb1cf9c9a6a9fd008474	f06b602930e9391b0cdfb306ac3f9f4f61c0f28bd969c33dfd263723bc39eff1	244	prebuilts/api/202504/private/hal_remoteaccess.te
100644	8cc7ce5ae18dc154b52557fcaa6e5f84f65e786b	c1a986342cc9257e017a8060eb498ab2176ff841bc7548aaca3321ebf3f3b912	447	prebuilts/api/202504/private/hal_remotelyprovisionedcomponent_avf.te
100644	359159f1b37e8616546cbf04d90616464e753ecb	1a6b59020177a396b86bc76636e915a16ce063daeab5c653cc8cb0eaec30405c	562	prebuilts/api/202504/private/hal_secretkeeper.te
100644	8d3e15c86c08b554e4fda11d6c772d3326fa55e8	6c1552445ad1badcae8f1fffa9b85c465e091cd6796780a7b82b4e12680722b7	450	prebuilts/api/202504/private/hal_secure_element.te
100644	f25a2ea56775149e00fccbea64b34862f6cb0539	1cf7091c6325440cb3c1b59f3740afc1c972854c2010b1a3d4cd5e496b643721	720	prebuilts/api/202504/private/hal_sensors.te
100644	306d4593cce7ad6d0697914702da98a0c8ff1b55	adccfe116762a08990e1ebb613424d46904ec1d17ef35b633bbc24eca57cf4c8	2239	prebuilts/api/202504/private/hal_telephony.te
100644	c9553dc23dcd8a23839a2a373ebee77c03c7293d	40c2c73472b03a593b27b49a568d34dfa9f9baf9c7c35b1737102de060399e6d	540	prebuilts/api/202504/private/hal_tetheroffload.te
100644	13fed00d146a62792c60258f16149a9940cb309e	eed4a39e686168308b3abb0ab8a77b547a41e3d474fda164d9a3a5b5c7acf38e	423	prebuilts/api/202504/private/hal_thermal.te
100644	1f0745bc099f59ad6aff05298c52bfdf6d0f3c04	0dace071869f5773ad34926ad64205c82b4b0303c843d6a001fc8ea771a88f62	306	prebuilts/api/202504/private/hal_threadnetwork.te
100644	658490474a7903b440bccfb8d88bb873adb08b7a	ef14f252726f0664207c6281d6f95263c4a0fcbd41ae7afb0e659edab672c180	214	prebuilts/api/202504/private/hal_tv_cec.te
100644	eb01b67c3b09f3836c65295ccb7ef2778bbcc1f1	d2da1728db955d6769d573dbce61cdb05c83af88dff77c396983379f3cdd0200	308	prebuilts/api/202504/private/hal_tv_hdmi_cec.te
100644	f6de27d2740e3558ab10c939abaa0ba1b3bf716d	c921f788fc58b8e13b1b924090b150343126b42030c3b00a4548dd1983717aca	364	prebuilts/api/202504/private/hal_tv_hdmi_connection.te
100644	2d76fc66595fc750dfac4761c650ae714993d7eb	b33ef596978d15d9139eeb8b21b2b5d6cfa70e2f174db9103a20d9c9bebd7bbf	316	prebuilts/api/202504/private/hal_tv_hdmi_earc.te
100644	b345189a9072a54cba24689d516b80366f71d624	57b30498668311a6378bd73e46ae3aad8fd4348ff955c87c9e7be4c7eef6ff89	383	prebuilts/api/202504/private/hal_tv_input.te
100644	4b7c030db9f4ac244da34295707be5956910e92f	1b6b1d05c896c86f7701375f6d6370f04aa03edcae224014f47d6faa5008080b	328	prebuilts/api/202504/private/hal_tv_tuner.te
100644	45cafaa6979537daee696df4a9a1de86e5e28cca	49b93c973f48915c4bb15925fd19e9f87e12b7e37440c5857549a72d68844a4c	757	prebuilts/api/202504/private/hal_usb.te
100644	c0df9a9bd7343cf5f59aa7fc27e6cfb9c46cce67	872d6eca74869f2cc2f6a090b6b73a1e951e7223f9e702cfe1907b193fdcc1d4	834	prebuilts/api/202504/private/hal_usb_gadget.te
100644	dc334fce3e2fc22086899c9fca4c7452842a3ebe	14cb7f4d83152dff963f02fa0cfb2d2cdf0727b4ef2ff757c6f1a1b5c21a3010	278	prebuilts/api/202504/private/hal_uwb.te
100644	c9eff5596c452f9acb2fc090d7c9730a71ba911a	5ebbf55bf11aea24d70eae4b4cb2a567d6931479f27026cf0a3871eb998f2217	274	prebuilts/api/202504/private/hal_vehicle.te
100644	6909ff2e6704d5c2757fdd7726ef37f218cf1d00	02d6a316ba93775c0de4afa6f4a5b053e4efa196f2812fcc4945ede327197ee5	643	prebuilts/api/202504/private/hal_vibrator.te
100644	3197784bf66c98b435807d3ce309b7454f886868	bc4a19ee62af31f4e9220f33ecdb53cb9d3573f039e3267b3dffd1d2f9ae52cb	323	prebuilts/api/202504/private/hal_vm_capabilities.te
100644	e52c77fbaa3cb6d0edf418e3500be88dc80e3f9a	f268bff139189f9b6792177549ec697cc2efc96cc59c5856023b21d2a5261271	187	prebuilts/api/202504/private/hal_vr.te
100644	2b3498992a688f9b7b6d3a43a8f20ad984e35e7e	b43d2a0e253730a5be19c4827d9bcc3a27c394c57fdc0c5f733fe4b6a47171b6	248	prebuilts/api/202504/private/hal_weaver.te
100644	a0826bb0cf01e72d7bd4dd759c064632fcd39cfc	451667bc4892e522cbbce1e466cf6bcdddf7300674a2668fe5e865156e6395a4	1549	prebuilts/api/202504/private/hal_wifi.te
100644	eeb72babb10aad3bc5c8baf29c957ef9d2f5a0cb	3650521204619edc0bdd6c045ca8af3f7696f463022f6c993a70b34ed792347d	1303	prebuilts/api/202504/private/hal_wifi_hostapd.te
100644	498469d2f153f269bb898f1ed279d2e38b805377	84a97153db614435ec96bb777c7182b89f2ecd0b20c703b51d66c641be0aef92	1646	prebuilts/api/202504/private/hal_wifi_supplicant.te
100644	9dcd3ee3846a74094ad45970754e76405846f626	4f2d76873fcbb4d2632cdc8d65a87aaf2307e000994f42d9ac6fa616391cf970	392	prebuilts/api/202504/private/halclientdomain.te
100644	f36e0e7d8f15cae1cc86b4259a1610540d9839ce	411698d698161bd46b5f2c70f0a06f0a70e18c924735ff871cb40dfa365ddf1b	319	prebuilts/api/202504/private/halserverdomain.te
100644	cf422ed5779dd7b622e643663a8197dcb0c49503	5b87efe3b8b1b4bba80b129db4e8ce9872cfe64de49cead7212e6212f77300e5	34	prebuilts/api/202504/private/healthd.te
100644	39d0bbbe051916a31916765a9d57d1040bdb0ec4	6903516bc1932f441a8e621585c51a5bc4cf93de9b81f87e9bac449d0391e960	2430	prebuilts/api/202504/private/heapprofd.te
100644	04e8c9fbe1dbf5f5154668ea73f8af13a07e9b35	e5e7a9fc4879321b1fd588066b1f1240da1b077e62f6c1f312180d89c5aa7973	284	prebuilts/api/202504/private/hidl_lazy_test_server.te
100644	1a56eb7a2e4a2b4b405577dcac2874cda5c420a4	9602c4343dc15c9addc1e563643a5dc332f670d67a970ed9756afe4c712ab45d	374	prebuilts/api/202504/private/hwservice.te
100644	c56454ff5c4be389025a3b7b6a633281a926496a	e9f9f83ce1dfec4b036e09baa3b5cedeb27e8855b59164d42979ef5903f10668	8865	prebuilts/api/202504/private/hwservice_contexts
100644	5605c4d7c70e7acc56ff832353bd9dabe95181d3	0f9811ab45e91d9640a2e7a0125d3966b7b6a4eafd5479632d301afc6a6cbc18	1081	prebuilts/api/202504/private/hwservicemanager.te
100644	2c32b913e55c21408cdbd8ba3d28e78415d49b2f	a47e6ba91e361fec7033555cb551c196999a884c171aeb255e1949d378909d8d	877	prebuilts/api/202504/private/idmap.te
100644	19db7d752b311ae5a06a02f1dce5693f3c269d28	1e8c696ed2316a3e7b909367dd0bae3792bbf6a30c493b0af334497a3f29177c	1483	prebuilts/api/202504/private/incident.te
100644	cdaf144648d2457d041b834347d0a43b2697c4b7	e343cab616e22544a9f503da03751f60821e09ecf6c1ec904dcffb608f3de095	786	prebuilts/api/202504/private/incident_helper.te
100644	11da9ea36245db5333e61eb117bf54496ab031d7	0eb987e2c8d574c1c4d8bba794fa6b14dce04c26d6f11f1c8820cb417d3ae088	7226	prebuilts/api/202504/private/incidentd.te
100644	6f0ee80011e9da2f4dbbb5ce1c42c777b4cdd21d	a4ff48f10eff1ac85ca0bac74c0f1f4fcef8ac05e8028eb70b58464509dc4a23	27819	prebuilts/api/202504/private/init.te
100644	98190510f2a65869b031c62304436979620cdf06	c6062ea3690f13c60c665063d58bcc246a736c103e770bc7008cfb25606e3f16	973	prebuilts/api/202504/private/initial_sid_contexts
100644	91ac816ba7657261a9f2f486d551626d3cc0ce1e	b65322809825c3f8425f805fced74fb25981e71b7602450584e83ff800fafad7	416	prebuilts/api/202504/private/initial_sids
100644	9e8e35bab525bf7c4cd277773ae634cec40deeec	6477f18fcfb48b062781606c8599cdedafbbe5d355de5d435a4fab45a7951b4b	374	prebuilts/api/202504/private/inputflinger.te
100644	50c378a116c1626bc27ac832b4e1e5446cea1ddd	476291e65461e28c8b3c0c30eb4c3b96574e7793ef3063fe560257457e33a2d0	10581	prebuilts/api/202504/private/installd.te
100644	9d0fd73a1c8e16450a1fd263cda608f831e89adc	cde4bf0d9db990ab76479ab95ed7b2502ede8c9cbaa1c8f785df61b5c16f4ae0	1613	prebuilts/api/202504/private/isolated_app.te
100644	43f1ac656f118688bb780ab434b82d13179911ab	152e036fe483536fde753d8079bad2cfdf2142f870d9472e503d0cd3fe17b99f	5626	prebuilts/api/202504/private/isolated_app_all.te
100644	f34850e454e37656aa8672fc56955638fcc57087	e05fdd812276bf96421c08f47b1b3e781ab8e50863308afad276620355cecd14	2111	prebuilts/api/202504/private/isolated_compute_app.te
100644	adc8c9632f7c0959216685cb028d0d4f2c1fe7a3	906ba4c0b7eebd6de617d95a08acdacaeae2dfc89b205cbce5b0d0b30f1a5867	107	prebuilts/api/202504/private/iw.te
100644	d569dc0b28f50df606247ddd8761711ab33b33f3	06a0f0555b46d0d028a8dbdeb6fe01f53008bbe6a55598f533eec4f9f72a1942	1002	prebuilts/api/202504/private/kcmdlinectrl.te
100644	0d3aa77340676d39659823079c1e3a4aa04e3e5f	411e5decc1b8fc1c6a192b1aba6aabcea0b98832a58060e8e1a6d6534605b166	8031	prebuilts/api/202504/private/kernel.te
100644	fc50ef31402ae29a64d5a90e17c89e7cd0133b09	a4af8092acde5ca45cba30bbba587369a701845b472784e1a3c4a502280f136e	1150	prebuilts/api/202504/private/keys.conf
100644	41c29db158e8c1ef485c35b466f56669b07569f0	0302b05310c98b4e145da4eb77fb85bfad4462387b8e0ccc593de5a6b98c1a22	3629	prebuilts/api/202504/private/keystore.te
100644	868bf15e40d335ec4494516014cd938b06abb7ff	09f59acdbf5d88683041f1095ed94e7393de14e1e6eca662cbf4d97999037baf	1097	prebuilts/api/202504/private/keystore2_key_contexts
100644	2f9760850c9b858ca010050b1823d1f61805b1b1	6d6bd4df7de48e3f4c8293ea1f3b1054565a220be691000be5eecb5d5e1715a6	765	prebuilts/api/202504/private/keystore_keys.te
100644	5459c1d7b2656c69ccb385283a584693237b5c6e	23b65fd3db3d4f0acaafaffa22dd77a22411ff93030652274a889701543fa586	1334	prebuilts/api/202504/private/linkerconfig.te
100644	ba483e8c919f4de3f73082dfe8a69c9ad1d8872f	3577c2429c785c5cf218ee3db1f7121699446bfd8fc6168d15926199b32aa94a	226	prebuilts/api/202504/private/linux_vm_setup.te
100644	9c96dfbf1ccc11a02799a7199b3904bf57c3dfc7	a247542f3f49e0723e14082961b5097391e75bdf20533380d12f9eac99a015d5	1493	prebuilts/api/202504/private/llkd.te
100644	97dc398b88aea5464b1317031846f0c04ce4f78e	74b8889f65cf1ab54cada04503ba7d4ec70fd21bef0c1a13f635944b93565510	3077	prebuilts/api/202504/private/lmkd.te
100644	b6e8b2700a5462d63b1bf6f1eb280fe199c94001	ec5054abdcd41047c656a07a793f221eae0d376db5ad37904f0d3407e1891099	3579	prebuilts/api/202504/private/logd.te
100644	34022d64cc5446ace50f8ca35ce817f1b6764e73	83986fed94895fb2ab138ddf94bccb7080c94f35d60cbe869501e7f1f378ba20	2307	prebuilts/api/202504/private/logpersist.te
100644	09ba0796fd76cda9f6b83a44bad612236e616e16	076f195959ee1cdff71117b4210b9ed545f62f536ce800ab1a698ba57e439e07	1304	prebuilts/api/202504/private/lpdumpd.te
100644	fa8ffcfbef2cec54c695c41ce2a7e6a91ff1a245	b098d3d780cccce917fc7193a3d24e9927e200bd789949b0a6269f72ce8cb37e	2410	prebuilts/api/202504/private/mac_permissions.xml
100644	98e95dab3b8a1e867e0e04a6c16f81050cd33fdd	89fc355ab8793ac8b373c5d48a24e00c0549a8744fec78af5c6fb10d144f761c	245	prebuilts/api/202504/private/mdnsd.te
100644	fdc768104e5a47676acb4a1fa8a37d44cd156260	81e72ecce1c5787dbf32614b7c3be72f6edd3bd46b1f77cd23e8788cea3c150b	1272	prebuilts/api/202504/private/mediadrmserver.te
100644	c800d89cc6eabe6d87d642e196f7a7f4e9f402e2	2bd7c7ca797f2fa88c775ed400791d5b5b450dc00038b7b730a5184bb4b184de	3099	prebuilts/api/202504/private/mediaextractor.te
100644	bb12900e62cf2cc5a27faa07a8deb0fa0fec769f	1eaff5574e7da7e314ed84edec7e620572c62643b5eabd3db93ce852e5b433cc	1836	prebuilts/api/202504/private/mediametrics.te
100644	545d9eae53b52669941319a76c99436427a368d3	84a7383aa8fb17f516e351085816d258a20947dec134e7c76ca41ca64a0f19ed	1963	prebuilts/api/202504/private/mediaprovider.te
100644	064d0d9c449da5923a4863e3b936e7b6480d6256	79735d759402ee4e9affa6b20eb60b738ddad2105fb8510a944fd595f07cdafe	2696	prebuilts/api/202504/private/mediaprovider_app.te
100644	dbba2f1cadd60c773f6eb74a96f706f9bc3b1e89	c10ccc4d475fc727464a2d75af8e57746980bd5d9d6f662a981966785020f075	6697	prebuilts/api/202504/private/mediaserver.te
100644	c96c9dd709d83ee8cf11e7e49e8383414cf592e2	739b14e869c5b6229a935d32f98b8826914f2d32e6bfceaac5eb2ab0d9f8ead1	1437	prebuilts/api/202504/private/mediaswcodec.te
100644	829d9483c6f2cf6ceb2a89676cf61e7c2908bdfa	ec04816b6b8b0433dd3e7d153f57b9b963058c6d8b3adcbf90e24555318d1fc1	3030	prebuilts/api/202504/private/mediatranscoding.te
100644	5871bea7cca79ef411af561be37fd4b05bdb9c23	4b367465473e66d5f922600e8b02be351f2863e43814d8f7b6e35a72aa2d50ca	1035	prebuilts/api/202504/private/mediatuner.te
100644	80378d3ef58e85fee9e9a99a10b1533c0e0594cc	0defbf7fb0093fba63bb609f7ee818bc493692c53925c6ad4c4fb13f62076583	1070	prebuilts/api/202504/private/memcgv2_activation_depth.te
100644	f02acaf30ee69c83527d1df77409dd57aec59348	2359b5af6cf538267ced111db0c58d32bba0a67bdc11a2e48bc304702ff099d2	568	prebuilts/api/202504/private/microfuchsiad.te
100644	b2a1fb10a7fdb4ea394c509082976422ff168e24	b159948255fbda94eb8b135360e44953046a3bc5c4c9b53fe055dbfd45507cd2	1246	prebuilts/api/202504/private/migrate_legacy_obb_data.te
100644	2352067a076a4044b561d384bd7caeb87fe9643f	326b878e774573f10249668c62b99222147c4f6d83c0bef757d2886bf34ddad1	633	prebuilts/api/202504/private/misctrl.te
100644	955c27b00ff5c9ba6f25d6f8c2df3b5fd37d16a0	e356f81480145ac954b6a9fb12e7387a8b42619a4def563af10087c6cfd8fa08	5239	prebuilts/api/202504/private/mls
100644	dd53bea7e83755ed099489e70215f810e610695e	f7549d8c5569deaa3cee8c9decad170e9a7aae349a68e5e0602db7825417ba14	276	prebuilts/api/202504/private/mls_decl
100644	83e05425b27f234203ac747ca613d8a39fac3d28	c5822b44c9a53ab6dda8f4ce79bbf90a9d97fc9ab43849ef0f4207bc86e048d5	1252	prebuilts/api/202504/private/mls_macros
100644	8fcc1d4038aa59827257b9d161f10c09c5890bd2	84637bd25a8b717a84aac0a92104354ce79c5b7da0f0264733e455270c349144	1713	prebuilts/api/202504/private/mlstrustedsubject.te
100644	4875d40328a6ce1d3e1648ceee2b8d734753a4bf	a4ffecfdfc4787fa62576ac193b97eb83d6aec740d8bc802efc126762e1c42ae	420	prebuilts/api/202504/private/mm_events.te
100644	9a76909b2f4763096fc4cfcb3a9066e3f76aa4c6	6d8f880e33f7ee1036fb00565ef0fce9bc18e327e5145702ba094c34b8b6f098	1073	prebuilts/api/202504/private/mmd.te
100644	d7b2fc38fd8b706b47d243b1affaa1bfe1ab74cd	8911890c3de56ba37a883fb6c16bbe0a4c4bdb19825bf22fb94d513362e1e221	477	prebuilts/api/202504/private/modprobe.te
100644	e0418bcf0eb8195d89ebec53372486923d5cf5fa	d4ee9d47a0294ccff6e9f7f0cb04ce3e9101c64ced8797d870c278f2689dfc2f	912	prebuilts/api/202504/private/mtectrl.te
100644	2c2f09143671d88a2a5beebd00fc86a15c53f940	af1c54cd96f898c3db693382229f6c6b12fbbb4c6e6c9d4cb967c1882b65280b	1427	prebuilts/api/202504/private/net.te
100644	3b3c697255f185f9f33df93db7cdb8152ee84031	93b0d6fcb8b3ae06a6840894d180bb0a1c608f9415eb15b0094c3645c108330a	8105	prebuilts/api/202504/private/netd.te
100644	28766dd917034a22ba6e013e9b408ea236e66a4f	7e6ec7baf99800847cc6d6c2c54aa2eb46cd0d931f72dc99e289589409340e45	2122	prebuilts/api/202504/private/netutils_wrapper.te
100644	8a072453dfbec8f73a657dcf9419f076a2851345	59a24f2db539281151f34fb906a667c5ad6413f27d637fc03bc275a7564d7ff0	5929	prebuilts/api/202504/private/network_stack.te
100644	7050d5a7bced770fa177c6f52f205713ef022dbe	df3a6c2aadf8353735083d243ebec50068dd1565fab9ec014a37774811d9ea48	1272	prebuilts/api/202504/private/nfc.te
100644	97205c25f3da14e03d1603265e8325861355f8e1	6dcf44f239837b02380aeb670ddc64528ec4d3ebac9a62d0aa9584432c185f96	3065	prebuilts/api/202504/private/odrefresh.te
100644	4af070862fe7ffc2d94b87820400d875aa8e0fdb	8ab0baeb82c82a406f09a0b3d6eb2055d32f66a5ee09dee98bea3b2f97debd1e	1925	prebuilts/api/202504/private/odsign.te
100644	7325ce530180aa5d9ead4199407227c26c9af430	fb4c949e7419d4b36ef6b9e99215852ae3272684f82a5a8e1798ab0ffbc045a9	335	prebuilts/api/202504/private/ot_ctl.te
100644	04cb70ffafee1e4165c4d16d50eaac6ce8c0e9ec	6df7a0cba8aea06d250875b4e630cc75a65e07c8dbb9f8b1210692b7018104db	1691	prebuilts/api/202504/private/ot_daemon.te
100644	2aeab0bcb052e7e34b792b8a45d93237b2be69c2	258255217888e789102a5bfdeff137d8305801b4336c1b731979a90864d9c9cf	4686	prebuilts/api/202504/private/otapreopt_chroot.te
100644	27a3b0e084a4380a81cb36b4f10c694b864c3223	66f765a62111e45e13d231a48c59f6ec4babae27599aa27835ab5b9675b92a0b	1376	prebuilts/api/202504/private/otapreopt_slot.te
100644	12f7b0dcfdfd38ab6114526dd660fdd4bf579af0	dbbbfce21d93f4575d9216eb3103da59337dc5a28e57b506a6a2161b7761c679	1642	prebuilts/api/202504/private/overlay_remounter.te
100644	07d43996c843c474851729c88387cc564d14b76e	78849e69889434446f62f9a5dbf80cd5b4b8775c10662d584ec1a1f8f444fa5a	5828	prebuilts/api/202504/private/perfetto.te
100644	98107ca363b438143fd9cf0cc370d4aac84730ef	cfd4c02eebf908e414479ccc06bf6c44a11c4e85bb64015e04271433199992d9	1178	prebuilts/api/202504/private/performanced.te
100644	5f8187530e7219f8b6be84536a9d7b8bbd6b77c1	67abe228271f7f61edc593d24e9e15a3612758daa08f5d6f34b5cdc300c47057	824	prebuilts/api/202504/private/permissioncontroller_app.te
100644	38339dad65a6f592942d0e082ec63a209faa2959	25df51ab4a294fd53e8a0a02f3c623fd86fd32664be91a64c0b5a75dc2b617af	5827	prebuilts/api/202504/private/platform_app.te
100644	9290e3ab36427e73a0ce8593de26f87551410a45	8a063a3d29a09b7a939dd142b84889c33208bc22c352c78c5479b5fcea462b03	536	prebuilts/api/202504/private/policy_capabilities
100644	b473c0c9b431fe79309f2df9aa7bfd3c8223b3c8	098d6ebdfb72ab9953ad990ea3d81a4238181105d2965532c3b6ac089dafee0a	77	prebuilts/api/202504/private/port_contexts
100644	5a2804be84c22d40cfc3f1e34f8d0d5d2f1975be	6019bbb1e359c704fdeed6f272c670b4c01ab453ab94dde163e38ac2bca88df1	1819	prebuilts/api/202504/private/postinstall.te
100644	cdf403c2e41e7147d2177971333dcdc323c2242f	debb486c3428be5e753ed56475bf30d34f72547a9575172a793992c12bde3edd	4164	prebuilts/api/202504/private/postinstall_dexopt.te
100644	21287f3bf907ab1e67beb7a02ea595b40f86b29d	2208c61f82b0e2d42fabcaf0f4a78cd3e965b33b953d1f2bdf46ca5b16717b70	834	prebuilts/api/202504/private/prefetch.te
100644	ba54b70acad2b89a5cbe4e0610d585ce7154555f	07fcd710a27f268b2f71f51d6b5191bd09977d13b174a64ae1326569ab1c73a0	758	prebuilts/api/202504/private/preloads_copy.te
100644	dcfba14d52fb2f913eb5603303b20bb0f03115ec	f6b1576aa9857d04a52f580e6be881f38183ff881c6afc068c22b8f699217d80	616	prebuilts/api/202504/private/preopt2cachename.te
100644	1ef5be1566fc7b01a2f561e0fc3573b12960ee77	569d7b4a314663189e1fd115a793758c8f7cecc5bc3423cdd3a6a274e4d9bc2a	12680	prebuilts/api/202504/private/priv_app.te
100644	299e37b85c1c620431844d8b0dc14e78a6b953c3	0bf9e986152330cd47ba0f57211a2069476d443382fc4e049c64d91756f0342f	898	prebuilts/api/202504/private/prng_seeder.te
100644	8dc2d89aa1bd090a741c51c2e4e16f0b130aba8e	2706e75964646e70c274972fd8a17d8adec96aa7ef6d00216fffc06a42a4be38	2927	prebuilts/api/202504/private/profcollectd.te
100644	d1ce92652d008bac7d08d54e452b8e0e31bbe34e	30030834c85d21a0589bf03b785d4f4669ab3335944ffff989e3b3ad126a93ce	1826	prebuilts/api/202504/private/profman.te
100644	27812a1016e06848994e884b8c7afcb2babb3482	9a391d259d9ead57b5a8a4ce78d29f2dbc4b8347438fe98ba387dedef5c7cd7d	19633	prebuilts/api/202504/private/property.te
100644	ff877c97fa03f68c9844c8ab77fa8ada09084586	12301024f77fbd3601ef3d6bb93a37aa1bae86b63c542a7cd7b2e892d40889d0	118211	prebuilts/api/202504/private/property_contexts
100644	ef384ba6abf28b7ad00ac71231e95ffc0804164e	a9cd995c42bc75f41848ff4979faada93e71da58c530b9fcd7c6ebb870aaa03c	2313	prebuilts/api/202504/private/radio.te
100644	24dfd43a4ccce7de4d449a31091988cc75edd2b9	f3c5ab0ec2249fe94a4a61096defd80f0393f879bd2d5e5569ab00864d2e6b23	7403	prebuilts/api/202504/private/recovery.te
100644	3e3c66c3897572a869f69c43d91ef18c11c214ff	bad30f406c7fad354afd00431231d3e008f968476a1117e19b5fccfef5a7ff65	1244	prebuilts/api/202504/private/recovery_persist.te
100644	9dd95e30c56e343fd482c2bdfe68297c844db0e4	1412b537e04e43adf09ea9ffe6b63f19bd1a752071b63d754998a87c6926afc8	925	prebuilts/api/202504/private/recovery_refresh.te
100644	710b43d423a48f1642f5f415fd59131e1b8626ef	9de76088f93f9f4a3ef29620503e3429eba6bdc0303f0006124f5b50d2f00de3	264	prebuilts/api/202504/private/remote_provisioning_service_server.te
100644	5ef7facb5580162f7dc95993b6231b33595748d2	5cfae9e945fb3dd2f76e87b80c2e31531c016bc8d152170d35cbf7c372361674	989	prebuilts/api/202504/private/remount.te
100644	e5c9d0748b7f77add19c3a07b65bde31f6c7c72d	5fdee64211b40b2981ea0445d53b127d1823aaa4f0de60b32b32ea151061705a	462	prebuilts/api/202504/private/rkp_cert_processor.te
100644	45e3e8dc107995e9182b78d84e9c2a2178e18f3a	0643e1777e7fa3223e3e551139d9de77ae796ac8b1d593edffdd5751c9ac4843	375	prebuilts/api/202504/private/rkpd.te
100644	e7809e9f1e4ed1d8d4a1ebf8c0672b5b3b0126a1	64a436908b92448d12acbf5d9b4d137b5404d6eafd0c7212339675ad09d5a1ef	947	prebuilts/api/202504/private/rkpd_app.te
100644	c84fcba0ffabdd4ae4460e34b79333466f62f4a9	4241eb694ec396a73e9a0d6bfc9973400dcef8ac820a7e0cfe0f9cbf3673e6dd	8	prebuilts/api/202504/private/roles_decl
100644	f92fd79ce5c8606bc5ddab3f33c6ec1599388196	99827ba12b73d8ba65bc66d90e86430128c963259faf170bc4c51eccf0ae3df1	50	prebuilts/api/202504/private/rootdisk_sysdev.te
100644	2674c0ef693be1a865ae3061804fb5606618d115	aa47a2211978c54c9a491ab870abd39f94ae086c02a3c1c44cace829343ab6df	1941	prebuilts/api/202504/private/rs.te
100644	30818c2faca7d15c04676e89d573f75db426fa05	187b4692055d37e9ec1249c5498d0ae4d47c1e20572d5a221ce332bafdf4dbab	464	prebuilts/api/202504/private/rss_hwm_reset.te
100644	1d9aed01a4f2a375af1682327d764182d125d8e5	fb6d6679c4d8215a7465780189a66a193052a1a171b2b1ec66bfc55e40462d42	1591	prebuilts/api/202504/private/runas.te
100644	88b4abbcdfd738cbb9d815f14135f86a63198377	a3f05f27caa2e82e0fcaf7e4039fe0dcb5a3e153919eae001c557828987ea678	1362	prebuilts/api/202504/private/runas_app.te
100644	b3cede1682dc53cdf84876b781a47e8e9b456859	b5dd52e134625aeb1ecf534dcbb2e1ff4ce1aaacc600d6f0c6fb72ffbe041047	65	prebuilts/api/202504/private/scheduler_service_server.te
100644	7cea8900019c147c40f235d2fb4a735ba6390cea	522f14be06729bc726e0188d3ae5e0d701666b21f1b2d75ec2412b8c08d0c83b	1691	prebuilts/api/202504/private/sdcardd.te
100644	bb150576b0f44363bdf7bba6e753cee77db4fe75	2c800b2c7124c34d82c015bf4c5feb0e86454408314f91e9841aed5e91db762a	268	prebuilts/api/202504/private/sdk_sandbox_34.te
100644	41b2799fb1464805e3b6f121e7ddbcee91d59846	4b96a30dafd190b697e1052d5c6c19af217b7be9ede032c9a19ba4e13cd2081c	5348	prebuilts/api/202504/private/sdk_sandbox_all.te
100644	bb531ca44ad5a737979ed7d807316960dae7fcf7	414ad26832b9a325497b187a5889babe2e730bc6084783f8e4440c785bf21c74	968	prebuilts/api/202504/private/sdk_sandbox_audit.te
100644	55e5bc135449cebd1139ffc14d9ee3567eaed3c1	28eb17863366cc93c5107218b6977f1c30eb3bdc9b84054b1ead787223627223	2153	prebuilts/api/202504/private/sdk_sandbox_current.te
100644	6fd16ca4c2eb44b48073fb1eb679804b1097cea6	35dfa9f87e7ce81cdc2b16bc99ee878e54d50dadffd83f871fbd242bc96b3b27	2290	prebuilts/api/202504/private/sdk_sandbox_next.te
100644	1a4d9447cb6298bc04c0af6923b0113eeda5d41b	8022eae1c6e376d8ad66ac1fd5709cce486e5a9c19ec91f60a894d8d6bbc1d96	12743	prebuilts/api/202504/private/seapp_contexts
100644	fd3b688e458cee8e0a5842a2b8dcaad8903424eb	7917f1289c4b4deb85ed2f895fce2d3a2a32bf67476341f25a46dca526a072df	582	prebuilts/api/202504/private/secure_element.te
100644	0537214498ab73be146b79b81cf810c88a1dfce3	b52321e0e436242c591f48ec8a341bab39d91da5def01d8e6b95b504c10aea64	3338	prebuilts/api/202504/private/security_classes
100644	7c526a5f3300cb514bfefcf5b92de77f1de2ec7a	06eddcd78b1f41a9699e5616acab197c39e965aa954662d76c9174c35a0b9fed	59	prebuilts/api/202504/private/sensor_service_server.te
100644	96f208d9b60cd517153c1cccb66a87fb6be51fb4	191dd67a18730592c03881eed9dbd920dd5d60d171a1cb49aa5e123d65b56055	4937	prebuilts/api/202504/private/service.te
100644	ad412291ef6a124c3ba0d38a266819e4705d20db	c77fc14709d4c732bbe077effd26a3cf73739488b96d3373f3a24c7b8ac386e4	42929	prebuilts/api/202504/private/service_contexts
100644	6764b451f509f6b5ef97248c1dba0374d95b1b7f	57bb759a024d38c9800da9dd12946dbab658740f3db0b085b35e335ac71db60c	1521	prebuilts/api/202504/private/servicemanager.te
100644	42b8c6bf3de390688a77db791a9019eacf76cdc7	a8651510230911d3f63a8cce8397772f5107787093e9a908eb62ce203165fe79	1458	prebuilts/api/202504/private/sgdisk.te
100644	31fdb8c911f99939abd56daf97c17aa4513264f2	b0273def01ef45452abf89b948b5b3fb5a896cd84c31b1d529bb4be8de8ac0e0	639	prebuilts/api/202504/private/shared_relro.te
100644	492d8f5da2658cfdc6c96334583c448f4f975476	56def6845e074d732631d6d3ef5642def5ee28768af3f123d8e5e95d4e08fee6	18791	prebuilts/api/202504/private/shell.te
100644	46769cba1e402797e2d430249ed8d3dd09d4e609	3506e3999719bfece016ba617189fd9bb6e8b6ea615b92e0d8fe5b0985911256	3012	prebuilts/api/202504/private/simpleperf.te
100644	e4871acf8c9ae734b6118f5af2ebaaec94da1e3e	0eec66a299660dc7edaacad0d2df93c56c0333c5118079119f154ac379ab2cb0	2074	prebuilts/api/202504/private/simpleperf_app_runner.te
100644	e71c4929297d661209a5f9eec7562e3fc82377da	a379bfd5e6634ce8ca14d6eec930260c47861c65958815c10591532c8c30a648	2693	prebuilts/api/202504/private/simpleperf_boot.te
100644	d7c98680c872dd5fad7bd9031d23d90f8dc5a782	f12d3e9d863fdd2f7d5701020f9bcad1f1982853bbeecdf1e45db7b826b3ed8c	472	prebuilts/api/202504/private/slideshow.te
100644	c92217de97e1b36f0031d670d8905be02af7f1fb	689d4d753771782ea2cbbb7bc8f34e02c2888b50319390c57f0258e2b87b048e	2152	prebuilts/api/202504/private/snapshotctl.te
100644	fda3fd13523fae5038aaea828d400e4b2cbce029	de80ead40111ad380785d0c3268aa139e522cea586b7c7eef2034f0ba52e087b	2939	prebuilts/api/202504/private/snapuserd.te
100644	626130333c6a7e5d6a8a7d428e9a3a3a997c535d	7944cb3230ae3820324602573219694fe995d22fbe4cb95dfc3e3321a1f03699	1034	prebuilts/api/202504/private/stats.te
100644	ab8e58a8e9a404b558b916fefea301fde7217b64	1d1ce4814346016d4b00d2b7da8313b00a3b065bb155abe1495dfddfaf1b6490	144	prebuilts/api/202504/private/stats_service_server.te
100644	acc3aa6a857c0ded327285a29a5d0a397e53a61d	5f60924326cfa2caef0d46196256edcbaffe524b759c8b3aebe201dc87013197	5023	prebuilts/api/202504/private/statsd.te
100644	bb39e5b73fb8e0179e00d7bbe4a376df6caac810	6edcf9ea765ec2ffddbec3ab2567b9922ca5e5711dc53fdad3843d30794d9b01	2058	prebuilts/api/202504/private/storaged.te
100644	247fd0b72cfcec9b74b9e9b5dc4e79978b4c567d	3a0ac5bd3c4e8da2a231e0070260a8fe8493208fde5341866ae20ed34188af01	5225	prebuilts/api/202504/private/su.te
100644	1e0e1ef9c5e12292c3c45cd12f1064afc30b4cd1	a6b23ba54322b977e7d6866658dd47091ea11e64b266d3400444527d7b3a564a	6324	prebuilts/api/202504/private/surfaceflinger.te
100644	9a703755870daf6a2daf05ae09b48d778c05837b	fa7190760756ac5c323e20b8300a45cae3c78f0dfd5a7c58f6ef9ba8d027a3d7	6820	prebuilts/api/202504/private/system_app.te
100644	4e5112e92c148c3b7467db0147e4f02e18bd870d	782848baec0b414c90cc7f2858422c89c302dc236a282d885e4d139dc278cde5	69252	prebuilts/api/202504/private/system_server.te
100644	064e0383c41002f3c8cbca91e5255bd0ff568427	6e1b55c04c9e4c254d2387b2597d54f08b9b42827baaaf8867de3162da3dcb6d	978	prebuilts/api/202504/private/system_server_startup.te
100644	a525866606558c8d4153ef96e6f9b5fecdec2d91	dfd8f47b80baadf3c5cc048ec083cb656f99273621113ad3cc6573a64e1931c6	2059	prebuilts/api/202504/private/system_suspend.te
100644	8ff9da9cabf072cc71a039b4047b3338a8035ffa	497776004437446e361f365a83979f44b0fdf18f1f300d02d7ef92d6652bebd8	495	prebuilts/api/202504/private/system_suspend_internal_server.te
100644	8e8310d5ed1d3b55b5987bb113e18b986577d233	9c1b878020c03a12ef939d258dc8f79f6fdedc854f5277cd796873c084337583	225	prebuilts/api/202504/private/system_suspend_server.te
100644	4286053cafeaa1fbbd156a911594b879a84eea67	ff9e6b820a0856cdefdda09149187a992588b8a0e9e495ff138321629febbfcc	4021	prebuilts/api/202504/private/technical_debt.cil
100644	2f86c4d5e0412d7f502217aaec7916c2666e782b	ee9746754bfd41c1afff967af3e8794a36e89720ce42eeec73a2513f6984f1b1	120	prebuilts/api/202504/private/tee.te
100644	89eceae260d641bc3f6280d547712c2ebb48ec0c	eb7ab0d7b1e236e41884dee0063b874300ceaf7da4d067b3f89bd85de89bb0da	381	prebuilts/api/202504/private/tee_service_contexts
100644	320f8b78c361fa7b9139f013eba50254ee1104c0	146dd7c7bcaab34439b8d81770d6508b1f767407a24f8d774df987bbb8a91f75	304	prebuilts/api/202504/private/tee_services.te
100644	1384835490955068d8f7dd42e0a4e80684ddc44c	92ad987062d7df05b82c579c97c770167855ec33a09f92898465d6e3261ec2bf	858	prebuilts/api/202504/private/tombstoned.te
100644	265db0a5ae75db29c8501a7ac8a47b587f396ac3	bdb0f777316cb82c845efd7d07424f27f2a188d5199f72fa2c43f85f2afb9b1a	1693	prebuilts/api/202504/private/toolbox.te
100644	fbca3fd2621aacd329d6c9c570e34690ff8c944d	af2bda35d426d11fa317c5d1d82556e2fd24db59296484df5bab748edd1df244	657	prebuilts/api/202504/private/trace_redactor.te
100644	619a55be8c2854eabae5fb17d0d4e7f9cf507560	3f75ae5798750310aaa3a20149e3e6b5f3614824145d23cee07e518dfc4aa0a5	4983	prebuilts/api/202504/private/traced.te
100644	8bd7ad35d750717df5118bfc4b14d71726657d7c	2cf9e73e4b62d80e50149e2efec268a3978921f475eb889046d3f3101170283d	3246	prebuilts/api/202504/private/traced_perf.te
100644	6a42eb281dea09d2cb238563a48c22784b07b68a	9bd53ebc653c345e0d05f615c2c6d688f9452f262035eb5b5d3e5f3ab889023a	6797	prebuilts/api/202504/private/traced_probes.te
100644	4e6feffcc786eb027b3d9ff612295e4b7534b256	fedffdd36c02f3a8457ca48dbe06520c17a23b813b5c18266a0990252de9021b	1576	prebuilts/api/202504/private/traceur_app.te
100644	18cf452e2ec831aaffd934b692c7efa779ed2857	7b1a14da8b7022d62442b9b48dc67a10fa993d8a5d6735808610cece076784f8	1148	prebuilts/api/202504/private/tradeinmode.te
100644	654f861ea306a81f2994e7502b701b8cb3b1c28b	e8ccbcda590eed943198e4b923fac739d6e424725965a79bf836dea9e618d840	3535	prebuilts/api/202504/private/ueventd.te
100644	156f6849bb3ee7e31d8ac47519b80ddefacb0376	4ba72d9152389c5fc52abdf0ea1c24f1d28448e5ea3169596dae5dae7ac32305	1359	prebuilts/api/202504/private/uncrypt.te
100644	d0f9b2417d540ef4ed20dcb4c09cbd691db2874e	2d270849ba4cbf16675b706b26abdf313e3b36f91a98140a9e037979da21ee08	701	prebuilts/api/202504/private/untrusted_app.te
100644	d59245c3d062795f10ddd862d5fe40645c58376f	3c09b3fd5c7086ba85bf45d3ca6aeedf6110b0971272eca95288800907683ee2	2959	prebuilts/api/202504/private/untrusted_app_25.te
100644	8c970d86071b0548d5cdf4aec55fa7e0f0d6a75a	49faf56404b4a68c43f66fefe6eccbf2c308657bbb69516a6e7fd52886ad8a1e	2378	prebuilts/api/202504/private/untrusted_app_27.te
100644	ed0bbfc7e6182aa311ac4645ed68e783959d672c	6ca436ab11436c83f6cbc2e5afcba3a62cd57e871156307f25580b5f8b54567f	1256	prebuilts/api/202504/private/untrusted_app_29.te
100644	c87548ef2c43d531cb092f436fdda585d1a36b9c	8ffa554adb6681a23f9b93436f1b43f755a63c898c0d81ac2ebf8587679d5d33	1345	prebuilts/api/202504/private/untrusted_app_30.te
100644	6e95fd117917a5a39f92e495d934bd561af15115	58e7c70d89511c25b1987831bed899c820a396cfd5912900f0fccef17d6e5dd7	1395	prebuilts/api/202504/private/untrusted_app_32.te
100644	c646137af33e48e737d47e3cbd85691a6cd08cbf	858090a07a2b9934d87c4b5c2446a2041988c78f0702a5ee7877c7e53d2c1fe3	7986	prebuilts/api/202504/private/untrusted_app_all.te
100644	1a6d9c777d28d21c21ca8cf7f981536e05349921	abdb3225dd2c1fd4c7f7f67bb764af281735b490e49bba86e4af9c6722a9c083	4481	prebuilts/api/202504/private/update_engine.te
100644	6de02929c10217c758002f427b284bdf9126f4fb	46c04b6fd40460cb877606af8550c4abfc3f25d10245c1e44b10de328700f304	4794	prebuilts/api/202504/private/update_engine_common.te
100644	2c68f4cec3239086f8a2684596c68defb3665b6b	3e0c83576672e0ad7f4c4dc241e3663307dc39e2a53d38659d40fe398e53ff56	1612	prebuilts/api/202504/private/update_verifier.te
100644	d77812687015df8f91ad3d7cc31bea069e5560fe	1c7229d2d29d0dd16d7f093968a0914c41a358e793583c02ce07a78fa4d85544	1427	prebuilts/api/202504/private/uprobestats.te
100644	a444f9cd4f1026dd3cc835be0f9735236173d865	4652bfce1a95ba9eedc429ba8a66c04c08e375eed216c0812e436c38ef638300	363	prebuilts/api/202504/private/usbd.te
100644	9974f36dcd58c10876272e0efa58dbeb304d10b9	488bd34a016274dd32e373d30c1b0b7dcd6efb281ed189302aef6a3f3a9184ad	50	prebuilts/api/202504/private/userdata_sysdev.te
100644	51b7b57e6798ca0f476cf87d5de69ae956df26c7	50043f480e4192a70733f660638446ce981fde673dd4b6e88841772d907e5447	55	prebuilts/api/202504/private/users
100644	e59afce5c20ff6d4474d614a5bd13e3ff5bc60fc	3d3c965e9eccff2f257b6aaab7d3d9bb2e902bcc88d28522c1bb818a1bb3e535	474	prebuilts/api/202504/private/vdc.te
100644	f52794496948e2ed9f0569a34077689ea8abfde6	66660f0f9aa00685d875d0dc8292625cf824097f3f3baa3bb331e05aacc35a14	771	prebuilts/api/202504/private/vehicle_binding_util.te
100644	939bcc0060a33f4c532a2e95611b07f89eeaf6f6	ede0e98d5dfcd56fa4cb37235c4e3273bf454c93962074b716612bdae76f7206	11731	prebuilts/api/202504/private/vendor_init.te
100644	1f27bf900f57d2cf1257cce09ba898e41f81a460	ce8e200469546b708e2d7e6d6e1ef3ac328a62253e3beadb462f8b570eb9974d	503	prebuilts/api/202504/private/vendor_misc_writer.te
100644	5a5925dfc3be06e229549480401cf4a2604c75d4	f879b5087b3200825dcd974e120236dd8f1a3ef9094302cce5996c325b18a25b	780	prebuilts/api/202504/private/vendor_shell.te
100644	5421dd59c260f5e77f6815809da7299d9455b304	dd34bdb0181dd9bc2a9dc861fbea916a694b3ab073ffd2839a530918a5c94a63	420	prebuilts/api/202504/private/vendor_toolbox.te
100644	fd6499d6e58a4b3ce7d6ecc7ea3fa80d946a54d9	c1219d9c452ef5047bdbd97b1f496c2acd0414fbf2d24b2ae2b4dc5aa9447846	1647	prebuilts/api/202504/private/vfio_handler.te
100644	86174b15401c3b52faa5868b78d120ec15fdb7b7	4eeac8fc5484e9d8fdb3c812aceebd993f923980fddcdaf3e8a3b0cbe4ea6c4b	2495	prebuilts/api/202504/private/virtual_camera.te
100644	9a805e817ca2a9a5457e59cce0aa5c0348a27323	01064e92e17281ca4b05ad34e3f6b01079d16721e8a95fd8382e8887ef50409b	279	prebuilts/api/202504/private/virtual_face.te
100644	be20e241a258dc7bf0e29a565d2461c359619ab8	67565199b56c054c6aa9def81a86395b831bfd8ee802f97b4a3debc0e5ad6cef	342	prebuilts/api/202504/private/virtual_fingerprint.te
100644	035b121c32ee40efa2b3292704094b07ed77656e	1101fd5696dd67e1adf031dc60a9e8aab31772f1fdfe179e1ac3d4cbeb27ae37	595	prebuilts/api/202504/private/virtual_touchpad.te
100644	95bdd1c78ba8c69c26715da1f2bc5b9877244038	8c59a38b2fa4ce172204abd2998fb0842c611267a1f429bb9a465cf3212c10de	6756	prebuilts/api/202504/private/virtualizationmanager.te
100644	1acf73456a93ad6b1e20c240cf993658237d57c0	7695d6fd256fd570b69e35263efced0cfc4b1bb842a7abf7f2b859f45896e3bb	6537	prebuilts/api/202504/private/virtualizationservice.te
100644	ef34c31c8b2a7fc9c2995f070b6579a1f198b6d0	4587fbc8a9abc2c9d22f07a2d5df0ed2bd7f15625f82f732fc6e3dd777d6b1a8	1512	prebuilts/api/202504/private/vmlauncher_app.te
100644	4a706dff5baaef325b11bc7e717bedbcbeea69a7	9f59b75f8bdd7d1b3d279eba437fcb64f9111f8323e55ce54d3beb50bcffeb27	1245	prebuilts/api/202504/private/vmnic.te
100644	8fe8518de8d8dc08604cdab1ee10f4e8e5636c3c	ef8a59564541e476efd206bb6a0f85cfeb6f9f4f1c3a72d8aa8e27d99afe5a69	15778	prebuilts/api/202504/private/vold.te
100644	44c9ea561eefd13db7efd763110ec1fcf4ec73dd	06aa0c93a9af94c2fa37e313171069c28d1ab74808bcf182a0f47d3778282cd2	3432	prebuilts/api/202504/private/vold_prepare_subdirs.te
100644	8deb22bc8bf33509742a29cb34a88726c9d96579	06fd82ae80f181bb123d55a7eb1a97a1dc7e2b5c37c5057fa925509afb382898	130	prebuilts/api/202504/private/vzwomatrigger_app.te
100644	974a297fc3944cca15a8a9e7dc40d6deb6365e6c	1b3b816f34c1944a455fd541893a98f24923e713bfd61c635f2a184877eb75ce	208	prebuilts/api/202504/private/wait_for_keymaster.te
100644	509e9502428d93fdbc5fef6606a7485db1c313b7	b2c202d68f6b93428c3979c1d2a0f2689005287a1402d69d4628d96e978729e6	176	prebuilts/api/202504/private/watchdogd.te
100644	1e32c1f37567b5d7426c87de8d4627cf9318f21e	b0503fd869faf942394c97ba99a26139e683d8756fb97de7de8f4f31fd89b76f	6399	prebuilts/api/202504/private/webview_zygote.te
100644	c18cef65c36464dd04e12d276064c718ae76a4a6	8701fd4ae0863d9d27708d7c5dd743ad5b4f6c702eb7e07890cd7b2ea1532316	1670	prebuilts/api/202504/private/wifi_mainline_supplicant.te
100644	046157367bafb17ffa386e69b34e2f3f22d9afe3	7e131ac9ed5648d735903f4bf844e3604fa2c9764489fc2f31ed9a017232dac3	1620	prebuilts/api/202504/private/wificond.te
100644	4815eccd0b3b3640e1c35159428b7c89f7935548	bd86f5de013235f907e14f71eeee61370b30ffdedcdcc049d5f77c7ff2c16c1e	11712	prebuilts/api/202504/private/zygote.te
100644	36e4bd3f76a026609b12c353290da83ad2a179c2	564ea4ed9c90d020828292c1cd0e2b85b37c45bc5b3c4f07a6733cf4cfd95a1d	382	prebuilts/api/202504/public/adbd.te
100644	2d3b7e738ef4fa7a113fd9909b35b22ac9268cef	a955f93b765d6f085c5caad37934d071ce66ecdae0d3bbbbcd1a9c4ef01aca72	316	prebuilts/api/202504/public/aidl_lazy_test_server.te
100644	1964bbe049cb4d54c6644b86205e4a04f331ad76	c0e1c500d3b4aa3ca1646582b2efda8a87e6cb28c22bd657810f173c855f203b	321	prebuilts/api/202504/public/apexd.te
100644	864557d66929d89262e6d094382d3ed067b31d04	0a68032adf7973769e1e430a5b169c39807691776698d504fd2dce75641fb3c9	539	prebuilts/api/202504/public/app.te
100644	5c649d2ba88777ce787d5f3ca83f35894609ba1b	91e9b305e69d6d8a150e959bb06ada78c8fe724b248caa6ff20a9e32c40956ce	459	prebuilts/api/202504/public/app_zygote.te
100644	3cf8aa078e68d6f4693de0e911ee98f23efa752a	30170f81b418caa2abefa3871bb097c425af351d99d61796d3ff1436b2a16e38	248	prebuilts/api/202504/public/artd.te
100644	cf160d0ebf939edee7901b6765e53ccc1af4b9f7	ec1c345caa4a45299bde96c06df63acfe5307b7dc2beb11d261ab60af67ea5a0	459	prebuilts/api/202504/public/asan_extract.te
100644	26387c68e8faeae8498849ea07a5dd19cf8d0273	597bb9653e5917bf706beab0e3fbaac873ff86dc0eee40b22045d130c12905f0	240	prebuilts/api/202504/public/atrace.te
100644	ae7720ed9de037bd6573b644899fa7830860a0fb	b15230f60f413830f656032862f1dc4e096cbac9d655f5b86063a5e34a02eba6	15643	prebuilts/api/202504/public/attributes
100644	64a283d72d009085651b2511c471cc734451d9fe	cdc30723ce17801c10a14cf1fdbd700338b19fad171fb668bf54b90ea1c5da39	306	prebuilts/api/202504/public/audioserver.te
100644	4e92e720e4cc6120aa0cd2bf8a4ed1c4df560700	f18e3b418cd0bbc2ada5b74cbdefd338fbcfefe60615de934bf7b6659b3a857f	252	prebuilts/api/202504/public/blkid.te
100644	4be4c0cb2371e5b89d6b8b05f534944e2aa9f72b	e9054e76eb657f82247c8285ca6e87a20ff1e3d21c699984ffbaaa8544719f71	66	prebuilts/api/202504/public/blkid_untrusted.te
100644	ff868a8b9023d6d2bb3df5bab8dc198dfec28b76	b95b80e151a93d63bb2e4a64ecf4f29cf58e82b4b8f863f85de42a11cd864642	253	prebuilts/api/202504/public/bluetooth.te
100644	47f1160f6c8bf7a0e67090c2d4dfb3113c99c03b	35439fca9bac1b6b7e09528c049dc74001f18b67f18158a07eab190f8f97afde	322	prebuilts/api/202504/public/bootanim.te
100644	437f6bc625158b5426432511e710be1797e63a6c	23e45e3534eba1785d7600b5ca5c786ecae0dc98a27e067a00d2ae0a0e1d60fb	309	prebuilts/api/202504/public/bootstat.te
100644	4aae1cfdcd00dcbf38d68c04e0944f25d3be504b	ffa61d2c776d9a0b4cc3079dbf95dc78bbffaecb959f4b940e4040c1542bdd2a	243	prebuilts/api/202504/public/bpfloader.te
100644	e688d5ca695a4ecff3b0c31469c57fd04aa91a43	b7f2c5fb54817cc195e7eef01c45e9ef592a3af180ba858691cbb29abe2e31b2	326	prebuilts/api/202504/public/bufferhubd.te
100644	619b38674aa4899c6d153329f95ebfd00070ea7f	10de9f9913dea31a102abb75032850ba4cac7394438a83d7c4c47f4b31733ef7	365	prebuilts/api/202504/public/cameraserver.te
100644	4514fde1880694a50402d29aac0831e6962754e0	2826f5c4f23b82df1647173bbf9cb75bd2b5a6f162857cce09cccbac5e3dd445	302	prebuilts/api/202504/public/charger.te
100644	dd8d020862c894d07c120b1f358abff66ac65e6f	18798f8d612831ca2b4daa0edddbc71d5bb88bb60cb1f30f4c65ec4a48841b1f	294	prebuilts/api/202504/public/charger_vendor.te
100644	3146ac4931c722e0409c2d92bf8bf4623a086060	cdc1aa5778bf4ab15182fddb8d2895ebe7852a22f8291a92e8c2dd75389bd4c4	294	prebuilts/api/202504/public/crash_dump.te
100644	faa23e90118a2fd17d2a877995408182961cfa8d	5de1649a5e058977ecd6f3cb16b14b489e0bb71a5a94dbb97ceb74f95615dd5c	311	prebuilts/api/202504/public/credstore.te
100644	174a8b28ac6ef0813210d21a6af211a6550f07ea	e37ce416cf8227b0d604dad0b8db519b8117cb08497bcaed9e793a27c9e138c8	279	prebuilts/api/202504/public/crosvm.te
100644	835b532a2183522b889949b43b36685720a0fed8	9de466b02c0eb98e71670292b6deeae9817dfbb477bdfac969d9b60a07353b0a	5222	prebuilts/api/202504/public/device.te
100644	0c1fa30972741fe6101ef11ce3a7bb2bd276b702	73dd893ca6f3c44077021fddddda9281f0288af522870de5de4fac8c2f494a5d	282	prebuilts/api/202504/public/dhcp.te
100644	08ce653cd04fad14810aa14b68ba25afc9fa13aa	bc97c592fa244c12690588cb72cd987c1d463e6b1e1e58a6dc085e1ea7dbeb94	309	prebuilts/api/202504/public/dnsmasq.te
100644	4b59ee085348d7506de44f4a35ca9b006efb45d0	15d62a083b5a8215604ac90a8f77454317d4b66fae1c839c409b60194a364f77	352	prebuilts/api/202504/public/drmserver.te
100644	dd61ad148e5a6d3516053da77f9cebe54e72398d	41f83db165e27631cadf8eafedbd1409cf3e5a5ed54e42fa1fd93fee58e454fc	323	prebuilts/api/202504/public/dumpstate.te
100644	74bab31d9684707fb8f1bdbb27d90b690871ee48	3226c573297a4dd1e40d725f7505626316963cd6d3cf91db256b8767c4672fbe	294	prebuilts/api/202504/public/e2fs.te
100644	6caac1879ef1c3471d5488d5be5dc85127db1598	60a9804c5a5c01a9c445e3ab01ab686bf1372d3879e789324eac45a2ea974539	538	prebuilts/api/202504/public/early_virtmgr.te
100644	072f8f6d213822cc22c4bca721415112e847ef6d	79f7bfbf003acffd0735503ce3c1009f8690c89c318d83711f4f9d28d018bbd6	666	prebuilts/api/202504/public/ephemeral_app.te
100644	b436f926bcc170d43b5cb0fa3aaf39587d623aef	b1285420bf8765006067c9c184a55b36f9b44ab8f2e3fb21bce0b027aa6f613a	253	prebuilts/api/202504/public/evsmanagerd.te
100644	82ba963076ff65ffd42a882f520f9f35da12ee0d	71ba966d20605fcb2d22d26d1de0f48a4dea182677ee105e4640a4f970ec2a26	355	prebuilts/api/202504/public/extra_free_kbytes.te
100644	360a109c0eacf38d9edb1971f4066e4b8057404e	4bb8d5c83ce146cca824f1ab97678c1b3ce55bea60ca7c700b36b518f31a3d2c	381	prebuilts/api/202504/public/fastbootd.te
100644	7a8e3af71a0dc6250f133ae80e7d9d49fbfeb644	3268dd604481f98036cd733602796ea588985e1e8d920edf9a4b8d520ec5e8ca	31649	prebuilts/api/202504/public/file.te
100644	b40ff3be6df7b3bc98f9ffbf8a23c53d02734022	a98df6acf228e46b60392e33b5a77b8d82512c2082b5d5ec63112de9293b51f7	298	prebuilts/api/202504/public/fingerprintd.te
100644	fbd386cb4fef2687ce84b46f39221607e48a6d17	edc9332ff820b70a0ddfe873104860807baff5c7f995c02a469fc29952dcf1c5	368	prebuilts/api/202504/public/flags_health_check.te
100644	cdf7c79798183e6404bc2c80b16b0c1defcb4701	c74e3340e9e327f63b01a663a80ee88bd4463a470330a19979961c7bbbf983cd	313	prebuilts/api/202504/public/fsck.te
100644	bb58f4dd9cfe91e79a9da6d4bc1d1f9c159a994d	af767e457039dbf0c8a343d3f78e192c1e5b63d63a19474efbae30a7b3e4c668	286	prebuilts/api/202504/public/fsck_untrusted.te
100644	6120d6034b4f7b5b901bc2e75d4585cf3da7ff9d	3a89afae4172cc2e446ed9252446a642d887f0ba7b5f0cc9d57777df3a08b787	296	prebuilts/api/202504/public/gatekeeperd.te
100644	2c87fde5ee87630ae561f12deb88dd3f61c8dbc0	f79a4ef588cdadf9e5ed5d3f5565b33da56a5d2fda01edaadcfab1bac0199117	3643	prebuilts/api/202504/public/global_macros
100644	ded8655154a882fa66574cdbf5f8378e679ef4be	f3439a4c2a15ff3de4d11130c51c9da702360c7107fec6ce678143b2f9c3dfe4	303	prebuilts/api/202504/public/gmscore_app.te
100644	75f1c342ff55a0cd2595a9bf98970a2528d280a2	f0fe88ec01491a153d1382c9ac349175cbcfa1695b69efaf3ff12b9b9a69e3cb	299	prebuilts/api/202504/public/gpuservice.te
100644	f7ccd6552926865cbc9a01c3366d831b59be5cb8	4de93e6b13ebd41e8c6adf3c1bb13c26320442a6d62a624cddbb6ffda71a0de7	362	prebuilts/api/202504/public/hal_graphics_composer.te
100644	69c03c6351df2b735573d17bfde63f30016165f4	35b08c09878bc61797a447553a82ad1689cd7e3d2d3d6e2ace7d40c728b4bafa	351	prebuilts/api/202504/public/healthd.te
100644	95fadaaffbe57b8ed17e3c3ea8b787eb3fed2cb7	e2e46865311748ce8b25d00b2282ab9995b066e8e6297a2fbfa15fdf9b993d72	243	prebuilts/api/202504/public/heapprofd.te
100644	d6f2de45dc9033c9130bb080ca292ce5a2cf3179	ae13fb5e146309a5aadb4d2fcb91a0955da5c9e7ae77d4bb785f18d52c0cf934	6845	prebuilts/api/202504/public/hwservice.te
100644	7ed9583f9c89eb2f0c36b2cc5d03e0c9dda5e5dd	8a21147efe7cfbc9c3ae6f471531f75ae05ef9952b46991d9646256f8e9dfd55	390	prebuilts/api/202504/public/hwservicemanager.te
100644	02ff98874dcf49b55266efff7338e3d93af0ebda	e426397d8d6f94c8088cccc0292cfa48c9dd615d373fe4a0a02cedfac4e51669	319	prebuilts/api/202504/public/idmap.te
100644	f3f8140361ba3d6b9015a696bbcb36e6201decb9	4bc1795027fc4b3d808d4cf5570b068498bd5d519628ffec460ae480061865ae	480	prebuilts/api/202504/public/incident.te
100644	e8aca0406346ba1ca30c34b7721c45c7fe9eb459	c2370716a0a08065bf2cfdf114245842bd68197b9e16130453688531a5126f92	350	prebuilts/api/202504/public/incident_helper.te
100644	4a7501de464737e96d104f42fd006434daf025e8	9bebef015f68dc2948a8a28326c86216cf2a812a7c79d3dd55cdc48ec514ff86	243	prebuilts/api/202504/public/incidentd.te
100644	a74983ce40740622ee5ed42517f8cb199fdfb068	00a70c2b3d0b48740294e3c49c431f5d7bb5eb5638a82a086076ea40e5df1aee	355	prebuilts/api/202504/public/init.te
100644	2f44e561fc625679313921373838fd614e19d275	71f0dbaf92b6cd2c0d3b2d5b6762d83b802602ad493314ca8c044f2fc94c488e	313	prebuilts/api/202504/public/inputflinger.te
100644	53e7239ef98181f2d82704eb298b9ce6405712fc	1daa1365e3a298167524ca3c6cdd80dd07f17a4eee28a9006370681ef9ff1100	309	prebuilts/api/202504/public/installd.te
100644	1dd2e3db743d68e66bbe1d8add2fe658b22555dd	0c173b559018cfe9a073d62852de23c82047caa7d795e2f9e231e1bddcc5840f	117650	prebuilts/api/202504/public/ioctl_defines
100644	64ee1b0d7b208415262001b3a3263f5e7cdd6dd5	20f01cd08c93321121b7c3c82f9d9ce2a98e52f60927d5c857ffd676e524c5f6	3486	prebuilts/api/202504/public/ioctl_macros
100644	b231df7dbf4d04a2da11f42658d254c5e07c04d6	611ca3ada165e0c7a907a4ad6ba4f1bf6b795b39b0b2de8753dd3412ef98cfe7	466	prebuilts/api/202504/public/isolated_app.te
100644	4bfadaa0bb7e29716dd4470cdc963e4cf9b79319	4fdf799f6d9977b755508d4e15b3b69db3f655719d3fa211b90b9dc7f542f025	242	prebuilts/api/202504/public/isolated_compute_app.te
100644	c3fcdad0e49f757b5b3d52c2b40357833e9e336a	52c325f96359c6bcc94ff7e05df64bb51ab4763a791bd0ff3c1f9fe48670d4c7	278	prebuilts/api/202504/public/kernel.te
100644	34b6c95a298f43819955f7e8219a7076112dadfa	70e674f5727007d077651d62ff398ba62e447faa6b09681d27acd09b6d327fe5	328	prebuilts/api/202504/public/keystore.te
100644	370be4c8b8d17b7e6d8014e924d8dc7b1d206ef4	5bdd2aebaabb359597ee81726b8ed551a92aa7387b11327156befdee75b9ae79	277	prebuilts/api/202504/public/keystore_keys.te
100644	d678c3c27465dd564f8c8f0e14eea3fbed62e51d	88307ee5b91452ed08a688bebe03fe0167111948c13efd6b11259207712438db	325	prebuilts/api/202504/public/llkd.te
100644	7d05b006f47a39bfbdc03deebb39ed72e84f3560	221f41260e3dc3819075cc450730a50e527a9e423ae0603ed5ff617c5429c516	333	prebuilts/api/202504/public/lmkd.te
100644	a33ebd52162cff984decdcf49aaa03a637e445d0	02bf822945f11ce9c6934b100095a60e1f75f59ef53d63df973f537151b410b5	334	prebuilts/api/202504/public/logd.te
100644	2936584a6a44b28b65d41ddda017ffd583fe545f	f889fc8876eddccdcc98a353e788cf8f988035be430f42ecb349c81174ab17fd	276	prebuilts/api/202504/public/logpersist.te
100644	c36f5e6ed02f898bc59a689585e318aab5e689c4	bcfd42729ef648d26869b3548596946f7bf98f6106c88f7342edec672b3ac260	241	prebuilts/api/202504/public/mdnsd.te
100644	f6475291ef73d0bb033b1d128ab4dd8562c15eec	852f6c239b22a548d1a14a0618335a628a1309276765339432aecf66bd8bcc92	337	prebuilts/api/202504/public/mediadrmserver.te
100644	0943ea3ddb221ad18d3a7155e3febf915de5d055	546736cc02d22307019570e64fec85d58092723ce33083cc479372e502455720	377	prebuilts/api/202504/public/mediaextractor.te
100644	34a1415642b2176b9fead24ef28ca96feb9c74b9	453d732c9d2d2d25b34374210eaf49393639ceab0c95f51af75457ef5e0c9dd2	356	prebuilts/api/202504/public/mediametrics.te
100644	61dbf4c19fa6c045fe610ca34aee0e83007b5941	915d438be4de383b2a1b5442d232416112996b21044cc6703447de3de425b3c5	368	prebuilts/api/202504/public/mediaprovider.te
100644	8be86272d17c7aa51b338cca8b3927df682d767d	0752306c826d6fc9b5a0663a70d63ba50d22e5c6bbdc582cbc8c99c4357ae9b1	365	prebuilts/api/202504/public/mediaserver.te
100644	4e131d30941337b0f5b482dd2beddf501202651a	eb5300c45e42087ace02ee70be0dd4f65519812afd3ba9792bc82a5ab6ed1e89	298	prebuilts/api/202504/public/mediaswcodec.te
100644	cd4a2ac7bde2b96cd32a31b5df3a2915d98aab40	1a098165263585d33a6ddcee2ea2bfdb809a945ee35358dddbeae0464d525b28	238	prebuilts/api/202504/public/mediatranscoding.te
100644	6964fee674fe4e74a3172a840b1a1119235ff39c	61d7e1432330f8055c43f9760cf37eb8a4bd42c95565d6c5839c7f70872f1854	230	prebuilts/api/202504/public/modprobe.te
100644	165c43e7b14100ee8ea5481ee86a7e908c87cf1c	1e6ea0df9f13d928503fde8d9f12e967b5d98cd25168fcb25c17a3070068d0b7	258	prebuilts/api/202504/public/mtp.te
100644	414b5bf74e7d2c3243b90a684991fbc12a259b12	770ed80d048f8e2f8cd63d75e0e46841a9dd714cb9ed27b820c3462571ee672a	292	prebuilts/api/202504/public/net.te
100644	bfb305914f96bb68aac62f53da3144f54db13129	ff6bd804aa62d12aa92728cba3009ce860ce6e3fa805c2fe123a56aec9410938	319	prebuilts/api/202504/public/netd.te
100644	d53f15226f8cad8b17745087bfc5982e3475ddd1	53f9d7fac21154869fbb4eebb1d03a5b2764bc174a1ab5a7f2a53fdc835f4829	306	prebuilts/api/202504/public/netutils_wrapper.te
100644	f909be38b1837544c22c3cfc7c59a670a9c45bde	9b9b1b89d989be7b6b2459ea87e172e01afaa31e1dff84be532cc1fa90eeba75	263	prebuilts/api/202504/public/network_stack.te
100644	59fa441d2a72388ef8d55a6b8c49f23073752db2	9843897178e91a592f65c3e17fe9950f8896b53ae3463bcf361cd8fdd74c1e1f	736	prebuilts/api/202504/public/neverallow_macros
100644	a6e51606283804513d16890b669a25b176566854	9f8d72f3fea86d670786b19741d20037e1c0555d0565008a6dcd4e9916716f8e	241	prebuilts/api/202504/public/nfc.te
100644	eb340c8405c11bb0030ff862692ff60380343f58	11a273fcb44b49c211c6258be26e38b167531af7fd53dc6903d325774ee9d5e4	384	prebuilts/api/202504/public/otapreopt_chroot.te
100644	6da515a10e9caf14b77ed415f0c3ff911179249f	2d4f340a56ab76580ce436e348ddac6bcd07da44989f400e52f8fc50dbcd0838	242	prebuilts/api/202504/public/perfetto.te
100644	8da3b49e4a5a7c2ca83084e224c46bb5e591d2e3	e2c6e8aaf790f86ebac3df2ef284564a8de25e5fc53b624478779b42eb337a81	332	prebuilts/api/202504/public/performanced.te
100644	035a3ef89530adf875f2ed7a8cd1d9755b9040a6	fec1646f5ce0cc3e441ea350dd1c388b999f32ff1260e013b25ff18b7c103e1c	282	prebuilts/api/202504/public/platform_app.te
100644	38b120f907d3ec94b20b8729227eaf8c7ec3241b	a476ab5bc8d4e85892676b6aea2cd841f8a557671b297b6bdd77fffd180b24e4	449	prebuilts/api/202504/public/postinstall.te
100644	892b614612f2489d7316317c97e065318481789c	d06570803cd4656b05e272b1eb39a429ea2128b44d6444bff2cd3860f47feb68	258	prebuilts/api/202504/public/ppp.te
100644	03a8c091c116036dc39a58c39a4c5fe7e7f465c0	1e9bb70aae5e71855b849f500d1f13445523bfa52fd41ec6269fa10532195c9f	292	prebuilts/api/202504/public/priv_app.te
100644	ae1a2c16cdeee9c65a86629bc413ba05b5fafa5f	06f551b440e038d125a5d59bc48362a20617ed813c7854dac3cb9bce7c762541	254	prebuilts/api/202504/public/prng_seeder.te
100644	34ae4a10c6bb0c6310fcb12729090802747c616e	23eafeb4310e8fbaf7c9823bf477228ddb2a049f32a11bf41b97eca9b66b9c0d	298	prebuilts/api/202504/public/profman.te
100644	c6c56a903086d1f22efdc474cd619bdc802534ab	dacdf59b822aa420a36d79c47adc2fe92bccc10f4ced37529999b2ffe760e6f6	14981	prebuilts/api/202504/public/property.te
100644	376248681af46eb1c938350eba837856d12132b2	3055ec1b74fc6c64b6bf49e455f2da0290e81aa8a173c85412075fb00af19313	264	prebuilts/api/202504/public/radio.te
100755	3d3425ce1e6ea9692d506ba2bd0ee2aa1c2050cb	a4b2b8dd0a5fb432b2a193477b4766cf3502b1aae406df8fef5241d8e808f356	386	prebuilts/api/202504/public/recovery.te
100644	329d714261bd7ba14942dc59a977e9e7495cdf7a	ce1c79ff17bcb3a4e5e6de3d5730ca276a4b2b603693714a06887c0eb67c82f6	348	prebuilts/api/202504/public/recovery_persist.te
100644	10bb7be52b46386e8ef51ad2c916fedb47cce248	972035144318837857e3c13b4514e938f8ff2e2578867e5d3514463f6c953e91	345	prebuilts/api/202504/public/recovery_refresh.te
100644	95b6d06ee6fb1d76aa6beef8227dc576eccf70c9	ebb1a56f3ff837bde56ea8d3599d8e173fc45a1cf36d031bd6c5d62edff01f3e	339	prebuilts/api/202504/public/rkpd_app.te
100644	ca9293439ae9ccc02da1b764fb6b9d3751308c10	362775cb1b2a62fe2fa304ed6922e4d2b1563ad9cc850fbe35af1b60d113ae2c	21	prebuilts/api/202504/public/roles
100644	80ab39bf0c0608730ed436e1efa9da9fed415d59	8a0870f586143f4ae0281b1748274a0ebca40293cb226963249905d53cd65678	290	prebuilts/api/202504/public/rs.te
100644	7428a5b2f79a1c056ab0252f9f1e214b864f3df3	e2e8b968204ef6befe725a742e352cf13067e2eb364f4cb5ed22164868f67a1f	337	prebuilts/api/202504/public/rss_hwm_reset.te
100644	2ecf9b0987f3f08607226eb6b178902451329ae0	a203842a632613ed95e264fbc9bb51bdc6d4dc271ffda8cbca024f92f61d674a	303	prebuilts/api/202504/public/runas.te
100644	b160a871cf1c7364682f68dde90211ff059c9c5e	c8a884ffe3ab6315f78dc323f999867a3a52248a04031ffc4dec15505b5295c5	231	prebuilts/api/202504/public/runas_app.te
100644	b7329aeb124b27fb369bd090827052fc476a15cf	98f1c37bb12cc80a601b178b0f433fdfbc00eedee7cc080ace3f71ece788b66c	288	prebuilts/api/202504/public/sdcardd.te
100644	26900cd5ecc8f14bbedfc3ad7526d5bf52acbf7c	d9386354368a8259dd2a745a774bbdabf013c58052c73218c74b8c5dc76eedc8	263	prebuilts/api/202504/public/secure_element.te
100644	2d7cedfa2c54c51d1c0b41aac6fe961349f413a4	f0b4e44187a10dea5f35684b65114efb101c1599d13f67b3b618bde25e819a0e	32862	prebuilts/api/202504/public/service.te
100644	3409993d760903568321169634536cfc4554581c	d3e0b74bef2f8f2b2d0abc0c72b5c1f0c2117a6d1586a9ac82b8ced6750d301a	367	prebuilts/api/202504/public/servicemanager.te
100644	c4468e201227dee95b635e1cf7031dd84db4230f	2fb5b91035ea557ea3b41a54f13eb1502b659aaceceda54ffcef4f38db028d77	312	prebuilts/api/202504/public/sgdisk.te
100644	fdee99f78de7698f42cc45c2cdea8702e0b6e705	3b0539821f163c27deeb4d20490d9e88dd1c95558b3dcaf7c32d5a2ba43fca25	311	prebuilts/api/202504/public/shared_relro.te
100644	189976d6e2db9e23641a83c2a87ecc4ca7156e26	68a8b2d9b696b9865749cb4112ccbcee20b0fb469e10936cea626b7344f874e8	367	prebuilts/api/202504/public/shell.te
100644	c13d241dd08443be3f6e1c8dc8832a0b3c332af7	18e5c3c62628af3a72eb889212cc4a279140a3b91bb261492b0c73d42d4959c2	232	prebuilts/api/202504/public/simpleperf.te
100644	f2a6172a5c3beebee761525986bdfb39fcabb775	8253ddda0599c5b25ca5ae1861f54abe880407a8ecd2b3b1693023fc8f56762d	335	prebuilts/api/202504/public/simpleperf_app_runner.te
100644	4ead98c4be85c3bc9068f55eb3f6a0c9e0e4c3e7	71f77407d03095dca00e64eccebd02d5aee29ec74325107311742ba0d05cd1df	336	prebuilts/api/202504/public/slideshow.te
100644	52f41326df9be666bebfad62dbf628f370214c21	25960eb6f019b1c0338512f92f43392769e2e69acfc146426fc9ad69861c119f	305	prebuilts/api/202504/public/statsd.te
100644	6936f67a5f9247d152392dc84ca24c3b30acf998	679ce6e9157a96910efcc706d99c9cf0f132785cd8ba21da8a8fe93f290493ff	570	prebuilts/api/202504/public/su.te
100644	531b3da3f4170dea6ec003e0f1937492ece348ac	b6923c17e1f83a2af7d492ad30097aad53ff6a25308464ff65be23a54dcbc005	320	prebuilts/api/202504/public/surfaceflinger.te
100644	8e1d5dc14e5f50a5849ee58ede223f1910bc241c	fd57c98cb566723c419ede0a7fad0c370542b16b5dc4dcc5c58d0196d8b860ef	389	prebuilts/api/202504/public/system_app.te
100644	55b163bd44ec5583238d4722dd5e3c999be04169	1c4973184bb458b3e3372b9081d21c74e097772ce2ac1dcf8052da2ab806472f	401	prebuilts/api/202504/public/system_server.te
100644	bd7da4c96fcdb65d39b7e409ed0a239434c5d013	8d1023b78f62b16b660fbf553b737c6b201393228e99a082d3228143cf5decfc	39324	prebuilts/api/202504/public/te_macros
100644	a310d944aef734f0167e7346b2bce82f995afa89	2ff610f4f208b66ce7673c425a85fb8beb6de3a8a494a2a74d5c2db4002928f1	346	prebuilts/api/202504/public/tee.te
100644	bc572192aefd95c1aae799e113667f153fccf36d	0e6d91524993bbea6ea3b2be362f27ca668fb99ba3c0343277f4b35a7f2371fb	334	prebuilts/api/202504/public/tombstoned.te
100644	47411bbf7d41522165087fe4d18b8e6d97389abf	1b03805be3921fd22e9b18bf09403070f8c1ca4d9b220680c89856ad80615120	390	prebuilts/api/202504/public/toolbox.te
100644	79c21ba2bb56594a169a9e8b730cad95d0f36ae6	92d6f0aa96d94404a966abaea07906943eacd4b0b744acd3711e9013a7905302	289	prebuilts/api/202504/public/traced.te
100644	99d4a14662e7eb1c6403e6139611d0df62f5db76	155df2afd11f4727e27d88546c39b4c8a236c7ac0eb346d38e22639831dc55cb	233	prebuilts/api/202504/public/traced_perf.te
100644	bc782a8aa52a1172eb30a9e294b7a518efeb4ce8	29055217d9fdddfcb111b6a1bb9f7da8e442c0dc3df85d42023862848df8c945	266	prebuilts/api/202504/public/traced_probes.te
100644	04df12f7f18eb6a224016cdd867d3c1eb7139b54	d2b9e9db88059c97f40eb83c576606e7c64939edffb25d783a1f45d28991e020	233	prebuilts/api/202504/public/traceur_app.te
100644	e0bd5ca5375c99a7b41d7a7f3da4e6be74434e61	f4b1f9dd3b30567f6276058c595e7365fe4a7fea0a3834f0c2c10c494624fd69	363	prebuilts/api/202504/public/ueventd.te
100644	55a2b3653b3f4be2d84b10df72896c594a01196e	a4828b81257c1ed32636ad07b2484a9993392eb02189c89de4326329fa253a48	317	prebuilts/api/202504/public/uncrypt.te
100644	af1ac27e52b707ff31078272ff5c02044e281e65	faa605d09328aa7104754a84d2b9e3e9ac827971e28016054c69213c62c75efa	1824	prebuilts/api/202504/public/untrusted_app.te
100644	3c6c0b0c7f9eea00e42d0346a6f6c54903d69954	cb46bf8fd3ac4bdf70789722f17ab97b859794833ae7dbdce9db97fe411dbc25	357	prebuilts/api/202504/public/update_engine.te
100644	a8804cec6875eb2fae688fd1d44fab1e3c377d82	e583c466a13b327cc6999c36cf70157a3baa62e47c1a42b75babafbe02460bb4	322	prebuilts/api/202504/public/update_verifier.te
100644	9ff08d24c42d0b92babbe76fad23112408f33da1	faa88942e6429fa9a23638043ee2878d3553d1e4d988c43416531f5cb4c22fca	282	prebuilts/api/202504/public/usbd.te
100644	04fc39e7177a6b40f1da164140d84205e099fcc3	3ff9c506f46b753cce3b5138cb9d294fd0b6d109ca44a73792806223a3064195	581	prebuilts/api/202504/public/vdc.te
100644	ef1386e1e47fa2650e5cb55ff0f89f78acd1b6fc	57a9021770524ed85870125fcca0fe19ea76a2ec6cbd3f066709007c41b6231a	285	prebuilts/api/202504/public/vendor_init.te
100644	a64eee579d29e39741b860c06cedaf8053b0e904	5615474e328ad8506b89818da8e3737d36b04e0709b05fa20e5dce15c42f4c12	331	prebuilts/api/202504/public/vendor_misc_writer.te
100644	8ec0abad19864e9cd50e98beedb141318ecb4ebe	2f86a8c8d41d30d574e25e48481ae17d698c33aaf088a2b4e9d3af8d356a4513	237	prebuilts/api/202504/public/vendor_modprobe.te
100644	1906d0e1586b8bee4a7062bccb5f5d5a3484a412	5fb9c874d4cdf5ca1ef395f75f5f94bd12ee53c0c1f746bb3aca26c7d7282b17	298	prebuilts/api/202504/public/vendor_shell.te
100644	13969b45b123c3aee31ca05d214cb39e3a3eb1c6	66c08c3aaf99a9f0501ada159f9bedc93bca24723e991e14f39e60a23b387056	432	prebuilts/api/202504/public/vendor_toolbox.te
100644	1c9e9d63d4e7c091049032102203f13f29e43ba7	8faab058c274cc70bb44173da4fa69a7bcc1106c4a66539e21deebea9ecedd72	399	prebuilts/api/202504/public/virtual_camera.te
100644	1e1c94eb2790b08b12241806eb6e49ce28bbee77	f77d93966fb2d0a1850bad305cbedde23b8023dfcb28360d2353165180aae301	306	prebuilts/api/202504/public/virtual_touchpad.te
100644	555bc23fa93d2a1eb80ff0edc7e5ad232cfce6ff	325486abacc9d2639b791856253448bbc414805357cf5d3465f3b78463e30a52	455	prebuilts/api/202504/public/virtualizationmanager.te
100644	9f70d9bbcbcdb46d2bcd73fd6cba7325e2153b56	7716345d6e15b7bdc14424d7db01353a0c24c8561a58d45af92acdd2d3811a62	323	prebuilts/api/202504/public/vndservice.te
100644	60af16b5761f02056156e22f0bbea7f223e55117	4bd59de5778ec73499a659bb890de66e2f8d3526afd8e2ef9b02ad6c1f3ffa87	309	prebuilts/api/202504/public/vndservicemanager.te
100644	c05da1240e483351a123dccb7c5702d8f27d9d02	fcc6d1ddca561ad54ad1452234a2a344fdae4c692d2fd3b1561089aa659e0eae	299	prebuilts/api/202504/public/vold.te
100644	f6593074cd06b34460b8064490b274bed847dcc3	bf1e78567f4c75d8d4b52de20f3914d32a86698ad4c15aaed6f75b75c7858dd7	386	prebuilts/api/202504/public/vold_prepare_subdirs.te
100644	2499b548a1bc2dbeb9d25279cd04ab8f7c6b5a7e	ceb16ecd719b9c3be33ca7abde4893d06c3f777e76837a960cc9cda8788a2cbd	345	prebuilts/api/202504/public/watchdogd.te
100644	8142832cfdcf4d2cc5ce9dda357e1f80c4e15655	aa76d174e1a8ff7ef5c191f62ac71e99aceb9425d7f2d3376f482f9e12efe917	454	prebuilts/api/202504/public/webview_zygote.te
100644	934133cc72d9267e7e89d965d8da46bce586b61a	d53ac5f692b48c5dd6adc1576edb9d7d75ca518a9e712ac763f7b9b02fc8e861	301	prebuilts/api/202504/public/wificond.te
100644	9f24337ebd35d0eec29e054084813b7dac873448	89729dcfac6752c522c40dd4f3d03a58905a6fee7af81715d8990ebb85731efd	325	prebuilts/api/202504/public/zygote.te
100644	cbb565406b93672ef20ea9b1a4204adba2d3b18e	bdcf59dd7ba239d58f6d6f749be237befd251f6ebfbe23314056494e88a023fc	3053	prebuilts/api/29.0/Android.bp
100644	b77dcc1f7e083f0d56aafdf596cba1663f6d5866	0d86c8dd8d04c095c41177b5d34ab2ae22231f4d06aae3afb588b2ed438228e8	8391	prebuilts/api/29.0/private/access_vectors
100644	ea9fb1e5f61e5e43cd7fd96254461643aac964f7	ea59858f3ad53393885d8f5d230738ab081ddf28ef4db56f1922bf401f7a0cb5	6485	prebuilts/api/29.0/private/adbd.te
100644	f1bc2145eba91d9c0e9dc6e4a3e4a688050c2dd1	c8a97894383d5da71504f66f201ba9f0ef8239204bed9c6f842cb149e5dcdf7a	647	prebuilts/api/29.0/private/apex_test_prepostinstall.te
100644	b3aabea9a0ff276edb631b8e9320841689aa44bb	dce961377892231ba8c01e20dd96a42f4eb2fa4c3c1bfca6d91213aa9c9f1fa3	4327	prebuilts/api/29.0/private/apexd.te
100644	0d9a2b46f91ccbfb0fcf442c1e42e8019e9baace	ae4d78caf8faa3ac6e61a30f570b2293d8fb1d968c5791da448457a4e6d03807	883	prebuilts/api/29.0/private/app.te
100644	23e1fd2b49c25c8cb60081f0e252810789e88885	b8b22bea8a951a41b0a7e2e5622568fc7100c40aa9180b55dbb1c7f9e69f8d6b	13531	prebuilts/api/29.0/private/app_neverallows.te
100644	e44c1beb2a42a85d9173ac3e524da586c03c34f2	43f8c7fb9756448a3b81f0af0f98c967948c658712a06b9ef41710a94c0f130e	5421	prebuilts/api/29.0/private/app_zygote.te
100644	ba02083c35dc06b4a34ec01226d5bc1675868cfe	0ae9729c38149b2ecf62a013f670a6784b33f5f442f59348cb983152142aacbd	1187	prebuilts/api/29.0/private/art_apex_boot_integrity.te
100644	576ed2006db182c65cac892d89c01743805b3b14	1f2fef551ab1a5a964a8cd82a993eae83a24484677457e2a3c3d0ad4371d340f	1221	prebuilts/api/29.0/private/art_apex_postinstall.te
100644	12b102041d7906e9b7cc7117b7ce008208c225f9	fb696c4f4dc642d465515aa2c56dd79392479df2644ed42eeda3914402aceef1	1152	prebuilts/api/29.0/private/art_apex_preinstall.te
100644	1c20d78ecdb055d2ca26614dc4d5584883715af8	b3c88167cec26b32342b456e6091b18c60ac89d054cbcad7b86dc90085789790	311	prebuilts/api/29.0/private/asan_extract.te
100644	08df515f31f819a3c8547cefcf6e9ae75c60f8a3	9fa818414a6ec471a731116c6c51095c96a0692e3a2602dba849ebd32774ccca	240	prebuilts/api/29.0/private/ashmemd.te
100644	0cdd35a5b0b66111e21e4cd05b4b6040ca0b07ab	05e78818d42af8e3288743b82c15ce7504f280ce984de4c632e42197fdfba355	1899	prebuilts/api/29.0/private/atrace.te
100644	05e793ca066211e20ad6605f91d2223020992e74	1b121bd247cfd5548e22f60f612260bdfae79833c889542aed689f18edfeca93	3747	prebuilts/api/29.0/private/audioserver.te
100644	f634d3d1d57f5e717f14b15b8f849dec68d161d0	7abdedf0f6df9b9d818a21e610b2580e7ac8c9e613f79dc1c5f4966f20edbf67	589	prebuilts/api/29.0/private/auditctl.te
100644	4a1218e1da65f72cc871664a2fb1db2c63b42a8a	2142a7ef9b22c461df90a00e79ab778253958b450797213567c2e06ccedb9190	71	prebuilts/api/29.0/private/binder_in_vendor_violators.te
100644	0891ee5b2195f386b7493e68dd9af52570ab546b	c7ee5f91d8863d9a5d7101c471cf2cb5699fc50c14f870b10e4cd2d1d5e5e85c	1026	prebuilts/api/29.0/private/binderservicedomain.te
100644	51310d18032c57e951557ba20c2e7eb383ebb52e	4db89c14e5f252d2ad988d0b2a201e0de13fe63ec438bc25f67ea429dea77c3a	181	prebuilts/api/29.0/private/blank_screen.te
100644	4e972ab95d9168b08d01eaa49190758b7ae84b62	18c88b2e9292d78a6b24b559d3c63e7484ad4028c2aba98d5a17519b8b63bb5f	721	prebuilts/api/29.0/private/blkid.te
100644	125677157ebaadf6fce40e245c85904008103b13	537d7b18964f3c89f911d6d98ac239963941f02a8903933dfac4c46675f8c4d1	1100	prebuilts/api/29.0/private/blkid_untrusted.te
100644	b96fc58f255888550737e0d5323c1592815915e8	18d85db3f17b54b82cf3720279dc6552667a25c6b32e287c4198a43b89af887d	3126	prebuilts/api/29.0/private/bluetooth.te
100644	fe4f0e663e6ae203381c9e365896f87f919399b2	a9cc20171e4db59f3a38a0cdf21d6e9f38c7b227152eac557d9d6b7b0618992c	167	prebuilts/api/29.0/private/bluetoothdomain.te
100644	20ff1934b7606b306e85ae90a6f874958cb42023	0fd07dcbd2b96a6db9fb6d4d0585d117edde901a1e5124e37718f1485e5098e1	120	prebuilts/api/29.0/private/bootanim.te
100644	806144cf6d34d1d0e4fa82f23863d2d20f217a2b	60daf654155f14a741fb39d488c778e6d295b4dcba3e093fa75d38da22e8e28e	65	prebuilts/api/29.0/private/bootstat.te
100644	00d4c7902eff1c7cd66ccf1cd997bc34a77671c3	01734c3782004752c3758766e339a4e0527a89685b4c7d95c164bb2c2953c56a	1301	prebuilts/api/29.0/private/bpfloader.te
100644	012eb20270cb536f73ae5c02e199a76706106312	4fb1124b4805ee7af1e2f9b6dbe81b03682fe9a1f5e38aa4c805f45ee11e8375	69	prebuilts/api/29.0/private/bufferhubd.te
100644	4b29fde9d1855f8698ddd0f390d961c1eb968dfb	14b788d340cb4061ec7ca354ab280175997273a554f532cdc172e33da14cfc1a	1229	prebuilts/api/29.0/private/bug_map
100644	2be3c9ea37ef57eb00f390f84e07126555424fbd	1254ac87f037499e8fc974fc42bb21cfa7ec2d90f14828599b2f9dd9d90c3195	151	prebuilts/api/29.0/private/cameraserver.te
100644	65109deff1cd8bc78d679e2faa0a2c440ebc8ef0	2f6e73f489db864d56468c6c57dd6eead37f2f40b9e6d26b8c03fd1fdd72bea7	34	prebuilts/api/29.0/private/charger.te
100644	5ba0fc5cdcb99da7e531a630fc50aa621714dbf4	fbd2dddc3c8d3fe166ede0460469cc99b3c5f6c89e47cdb17f8d5035e23e1f33	32	prebuilts/api/29.0/private/clatd.te
100644	419d9fe76e30b2cf85fb2576bb001686c0fa7963	3ba187c9561d6e3f6f9ada3a14f2c0d00bdb2a6987febf5846491cbbf2726759	4242	prebuilts/api/29.0/private/coredomain.te
100644	1a8fa0bf3edf81733f41eac6e6ffbe462fdf91fd	4ede4bd44f1c248fe0e6fa292c201d97550b29734b9207f6881fcacf59a6a6ac	1069	prebuilts/api/29.0/private/cppreopts.te
100644	f130327da4319845697f0c883e6cddb00e459317	e7c97b9ec88480e08eb934ba403dca9ba1e70eb601b0b07ee82ea080cb59f58d	1003	prebuilts/api/29.0/private/crash_dump.te
100644	7907f6c2ab6f52d37d3412acfc82b51e9ec6617a	1b881407c8e80ca151ccf4618ff7692161deb1b56d3339c02961fa5f71972963	3234	prebuilts/api/29.0/private/dex2oat.te
100644	2c0e1a44fa3e5b2e25f0a1402cb55e26c2364fd1	2a5ed87179d2b945abb151935f2bd979b10e357c5c14fb25e7cf6309e81dc666	1601	prebuilts/api/29.0/private/dexoptanalyzer.te
100644	b2f8ac7c747cf6bba0fe8080fa1afb8348b9ae95	22d148a2957d9d442aed4a12a1b59768b45bb10afb988060a771d58a534406a5	124	prebuilts/api/29.0/private/dhcp.te
100644	96084b490a08b671853cafdbf5762b7ae1c5118c	434c86e9ace194b3fffc0984a197d370e004836c1dd97f43ca68b835327114bc	34	prebuilts/api/29.0/private/dnsmasq.te
100644	447176ed08194c59975eba686debe212181a0e95	d43f0e7fc9ab592393381af58231a994ffdf37c450c341542f23ab5b1a24b84d	9492	prebuilts/api/29.0/private/domain.te
100644	afe4f0aae833466a1cdb72d354e3d50649832920	00431991fcb32cac4b9bc55f2a840f6e88537a9de563697dcff56c7f79f0eebd	187	prebuilts/api/29.0/private/drmserver.te
100644	4f6d96aaf01fe953d0e88f38416a26dd77c843f3	5949826b62a0d0c6369ea2c5c09a4271aebee885fed7292e952858bbc954db8a	1533	prebuilts/api/29.0/private/dumpstate.te
100644	1283e217893c4734f2dbb8aed1a45871c9d1a8f5	09a76084d3cc674ef6d3547f8bab8ff2bd1efd9ac66bc60266c70af805d7fb50	4037	prebuilts/api/29.0/private/ephemeral_app.te
100644	29a9157e6d9b81761dee596ab94726ed19985ee9	1a47cd89bf880785b502810c16c1bc51d146a7eae1972f2d43675120203c380e	36	prebuilts/api/29.0/private/fastbootd.te
100644	a856792f9ba41f9046a51fb1b5de8eb6a3fa5503	bf2a5185b12e29eda51efa88d6a955f3c35e87616d4caf4840c77d4921dd9471	850	prebuilts/api/29.0/private/file.te
100644	530bd45facfe44feb0006de2b75394531c1c3edf	6d0b5dfb1b5cb0038d1c8057bd77fc5ab7fe2dc4511f91c8d3e5104e3043ddc0	33505	prebuilts/api/29.0/private/file_contexts
100644	bd841a33cab53df653fdbe6952c2f4cb307891f2	abe8ce098cfb147e81d085127daf011dbe73e7ef738f28b9b2f89d5593c256ff	804	prebuilts/api/29.0/private/file_contexts_asan
100644	e472fade565924ccdc1d43e23d8c3908c57f9a2e	9e45850bb0bc23086295a61242a86117ef6190cf45492c3e37f225cc788cf45d	510	prebuilts/api/29.0/private/file_contexts_overlayfs
100644	eb73ef8ccf9a3129f5a635c3f390d1177277e6f5	1499df576556d71a156bc07d86a7dc37508acc0f038a709379188ba4379a3ff4	73	prebuilts/api/29.0/private/fingerprintd.te
100644	fb41aff793d4ad03cb92e2129e19f7919d3bdbba	eb438e6a729b8a2196858beb53dcf5c9e4f51204ff7915bccf48a5e12a5e9e01	85	prebuilts/api/29.0/private/flags_health_check.te
100644	19643487d2c4c1d720005d241deb88d8443ac86e	2dad85bc0d97a0029bfccdddc935a7eaecdc7c917f9fb1b941e2f4f686e4cf10	955	prebuilts/api/29.0/private/fs_use
100644	f8e09b645d4165b61be2f3b7d841ce0a420d5dc6	484e616c55adb391efe905ecafa51a82085fe8d20e84e60641150453e69ff966	115	prebuilts/api/29.0/private/fsck.te
100644	9a57bf02771bb2a06bf59d5b0a922e96dcb81aa6	a487f15cfd8d2e8ee93353da0d766f5f86b62b115de5e2d90380a561d94a6828	41	prebuilts/api/29.0/private/fsck_untrusted.te
100644	c6a5edd52d4359d402c3cd49c42bcb349cf89f08	541cf1255962bcc7a9947eb501e5a190d111e25b4f92c0ada4a7cc85e90b25be	1066	prebuilts/api/29.0/private/fsverity_init.te
100644	6b69cca613eafc77c828f2e6cfd1939336d6e2d6	71b0e6f17a5c7e899027e1175b790507cc42bbcd627ea4d1a3e406a0d54aa5c2	300	prebuilts/api/29.0/private/fwk_bufferhub.te
100644	5e4d0a2e9de7c4649a6b699d46ef8a8d3d2def99	dd6b06401f621c1fcf1c19a757aa8998deab07722d5fc212e7a8412f1977bdc3	71	prebuilts/api/29.0/private/gatekeeperd.te
100644	380d4a050ab8681b4df763e8be151d56ef1cc639	4d42c0ba99f3f291d3f3fb514d5680d515320ecc91eb1f084cd380e2ea6742cd	23854	prebuilts/api/29.0/private/genfs_contexts
100644	9e17d064e72879d0b91266ce52f5bf3e1de713a4	c5bfc2e486d2e153ccb435d0ed6cbc1b7c5815035a420be2a5c2f3d887009acf	1333	prebuilts/api/29.0/private/gpuservice.te
100644	5dcf746627a195ba04befc8c05301bc7ea88979d	fb712f1e5e9db17615521fe5a79640427aefd5a5ab50211dbd542e8518b30db1	4472	prebuilts/api/29.0/private/gsid.te
100644	9dbe9232e0522f881dca8175bbef5f5cc7461634	1005e49e1cb165c318df5f379f3742a3de07472805a9406aec2e6fa05faae579	276	prebuilts/api/29.0/private/hal_allocator_default.te
100644	9dcd3ee3846a74094ad45970754e76405846f626	4f2d76873fcbb4d2632cdc8d65a87aaf2307e000994f42d9ac6fa616391cf970	392	prebuilts/api/29.0/private/halclientdomain.te
100644	f36e0e7d8f15cae1cc86b4259a1610540d9839ce	411698d698161bd46b5f2c70f0a06f0a70e18c924735ff871cb40dfa365ddf1b	319	prebuilts/api/29.0/private/halserverdomain.te
100644	20d0791739606dd0e886a1f0eacd9cb6308d40b1	a68b97e7c1235ba9dc335ea3949a1edc4f72127b947e4eeb832f8e7f10ca54df	139	prebuilts/api/29.0/private/healthd.te
100644	f984677126a70992f4ed589871904efc9e4e5543	21f91e042e672f7e9a70edf637d68cdf10c2a08cb1dcb1f54b3175e243aa36fb	2912	prebuilts/api/29.0/private/heapprofd.te
100644	f3745a3a3e324caa599bb7ef052a05b7ab53e522	cf1c8d9d6c0c161ae3eb5df42136785906c6570d1a2bfbec0e8a140897f246db	8331	prebuilts/api/29.0/private/hwservice_contexts
100644	0705cc711a933cc614bfec61d48143abaf554730	57778f0a89707df247eceb70fe4c2501b4ab998a3d2c9efb6663788a1153b2c9	246	prebuilts/api/29.0/private/hwservicemanager.te
100644	c982783b97f2b151a37b3588e44bffc4d9c104e0	38f6ddb2675332f615707485c984b5ce9968b0af23217f7585e7b0758e6afcd8	59	prebuilts/api/29.0/private/idmap.te
100644	98101e031394d9ec2f2bce8eefb0e7423c57fd00	c69496c3ac1f3e37f0b5f5f08e87abc4aac46529afb69d4e45312d51da4a54e6	1052	prebuilts/api/29.0/private/incident.te
100644	b45385568345b9c85c622bff8b4ecb386140ac09	9c3ce7fec36997085960e3b0331fb2f6bc053e16c7e684516aa6d77b52c64ab2	719	prebuilts/api/29.0/private/incident_helper.te
100644	ee9812e30e43f9280f28f89069bdfc4b7115295b	8efdeefc61d08a13bcdd42b1f7a43a4622287802d197528b0d5b1e82aa01434d	5477	prebuilts/api/29.0/private/incidentd.te
100644	374b20791b7f72c132aa196501dbe239a83f0866	23b93d13419eb95345d181c92a4dfb0f9d646de9b3a6db6509e2e6009be5792d	1164	prebuilts/api/29.0/private/init.te
100644	98190510f2a65869b031c62304436979620cdf06	c6062ea3690f13c60c665063d58bcc246a736c103e770bc7008cfb25606e3f16	973	prebuilts/api/29.0/private/initial_sid_contexts
100644	91ac816ba7657261a9f2f486d551626d3cc0ce1e	b65322809825c3f8425f805fced74fb25981e71b7602450584e83ff800fafad7	416	prebuilts/api/29.0/private/initial_sids
100644	9696b491b75897d98346b9494cce5f92ad10733c	15009df396ac3bce3902b53db49ea9603326188b10ae4db718ca4398a715f72d	73	prebuilts/api/29.0/private/inputflinger.te
100644	b79d683a6d7bf756695d22b0b889dd032eb6de75	50f5cb983bc4574ed0e45bb988d894eb67fecce2a287d07d7bbdd4d489df42ce	81	prebuilts/api/29.0/private/install_recovery.te
100644	b9e67ae391ae5f3c93f8018e0a316b58316b3c82	bda314f5698e25d827ea912128e13de10ae49988cbf8ddda6e7c1dc377005327	1584	prebuilts/api/29.0/private/installd.te
100644	91f4ddccfbb221efa795263df3f380ddc62b9a4a	b8f0e9bd083e3948684fc1ae222533866cebeffef30bfb8f990953f05f0fe288	82	prebuilts/api/29.0/private/iorapd.te
100644	714405fa9074ae195673c94b5e394cefd67f2c15	c9f196f3bb1d664d498b645c849c215c7383d33350d7513074debcd1ef524095	6591	prebuilts/api/29.0/private/isolated_app.te
100644	adc8c9632f7c0959216685cb028d0d4f2c1fe7a3	906ba4c0b7eebd6de617d95a08acdacaeae2dfc89b205cbce5b0d0b30f1a5867	107	prebuilts/api/29.0/private/iw.te
100644	207800e0857481c747c7be12925422738c767607	20d00ae8e9aeae93f9c9fc171e63a13642bcfdec93d71c30a7c523b829861f13	320	prebuilts/api/29.0/private/kernel.te
100644	f517b67e85b7c05002899248e077ac5ea0430488	fbbd6570756f6299cf09be2376ea5219088ae7e29d40176d2b149126805737d0	929	prebuilts/api/29.0/private/keys.conf
100644	7f71028ba3693bf8b04a7148b1afd0190d1790e4	fc8d3100fa12d1fe846b4fffbccf2518eb0284b149012e57a7f7e5ed54dd2845	547	prebuilts/api/29.0/private/keystore.te
100644	385f930343f8721df3b4a6e74e45ca34d55861b8	1717deb502e0020e368879de1256427ebac1210f9b9cc06cb5da97e4f810665f	1478	prebuilts/api/29.0/private/llkd.te
100644	a07ce879cc6eedbaddfe024633416b053e43bf35	e4ed59e2e998336616a6169dca56cc7de1e8bee70ee95575e998d0dbda2363e2	57	prebuilts/api/29.0/private/lmkd.te
100644	ca92e2061ba91339dee064ad7761f83807bed9be	a3f0d922de210a5c313668ecd97cea9286ac923447ae2af0702dec29bdeded1a	820	prebuilts/api/29.0/private/logd.te
100644	41876272ad9fb70a63bea8ae7ababedc216f2d07	0594c299053a244b98a7113e461d0b5b6a73c216488938aabc466461e77c9287	1065	prebuilts/api/29.0/private/logpersist.te
100644	458a8f171b1a160b3194ecea7daf909d682b7fcd	2014e8a4afb32c5d6d576d030b8ef486a8d6be3827b0cfd74055393611566967	1132	prebuilts/api/29.0/private/lpdumpd.te
100644	7fc37c13efd9826040450b0b6bbda69e6bd7374f	f256a9b5d8cb67e8f39e8ea25b8bf61e50a10920d5744b302486ae9ab1eae74a	2064	prebuilts/api/29.0/private/mac_permissions.xml
100644	98e95dab3b8a1e867e0e04a6c16f81050cd33fdd	89fc355ab8793ac8b373c5d48a24e00c0549a8744fec78af5c6fb10d144f761c	245	prebuilts/api/29.0/private/mdnsd.te
100644	4e511a81908db79a52dea340725f7c771efa9c7e	bd7a10acc20328bd3d6296d00d3f00aa4a394fe097225d30531eef7b8cc1d7f2	241	prebuilts/api/29.0/private/mediadrmserver.te
100644	2e654d689e85bb2ee6cb7c83330dda8e4186856e	8d1ea84fb3535e71b5d703f35237165edbad13848692de6873aed8bb57a6c7ca	322	prebuilts/api/29.0/private/mediaextractor.te
100644	f8b2fa5cdcf1995c62fd767be217af4bd80d9905	a939156f3eec5feff305c4d836d9cddaf94049a019cdc463a55f7e5817fdabf1	73	prebuilts/api/29.0/private/mediametrics.te
100644	30d3fe0fe22cb4a7dc23df3b2573599575341941	99a8734c7c98b9bb5af759b2743984a7c31fdd8e985f0c7163b346557efd79d4	1818	prebuilts/api/29.0/private/mediaprovider.te
100644	635cf4ec9665226c4c3fe25ed672ac3e8f7469fc	aa40d816491c562be45ec945aa8dfbe05bf4bc066f71ac3cdc7fe6f02ad569a6	272	prebuilts/api/29.0/private/mediaserver.te
100644	50f569875184611993d11bf62958f91a3d56da94	34d03fdafbbce8e56016eb912ba3356ba53d82037237471c99bbc596fdedd3fd	74	prebuilts/api/29.0/private/mediaswcodec.te
100644	b2a1fb10a7fdb4ea394c509082976422ff168e24	b159948255fbda94eb8b135360e44953046a3bc5c4c9b53fe055dbfd45507cd2	1246	prebuilts/api/29.0/private/migrate_legacy_obb_data.te
100644	9690440e83fe730e80052e969418b40f316b4155	2972552592bbcf6dab94b0f2da36894ae9e14dc4169699616ecdfd19b023b0ff	4923	prebuilts/api/29.0/private/mls
100644	dd53bea7e83755ed099489e70215f810e610695e	f7549d8c5569deaa3cee8c9decad170e9a7aae349a68e5e0602db7825417ba14	276	prebuilts/api/29.0/private/mls_decl
100644	83e05425b27f234203ac747ca613d8a39fac3d28	c5822b44c9a53ab6dda8f4ce79bbf90a9d97fc9ab43849ef0f4207bc86e048d5	1252	prebuilts/api/29.0/private/mls_macros
100644	98586756f91da77583959db541ca421a565ebcf3	d3174958d3591c745e10b11acdf511e0ca001a469697cf97c4ecff4642098355	35	prebuilts/api/29.0/private/modprobe.te
100644	732e111ed0b42407b3076a9ce971946b9a01e818	3e3d3470ad8f942d07e6ed822b6639cd275d8534cac4ce93cf4153a78dfaf82f	55	prebuilts/api/29.0/private/mtp.te
100644	4c129b7e2628f06adc9b37d68fbe6c2fdc728dfd	80fb6b4a9c912e81e8d42aef1b5da910729830f76394d3695bfe3910fd778b3a	938	prebuilts/api/29.0/private/netd.te
100644	ca3b5158520592e47bded0a78a41174b41af32fb	4b1b2e3da91fa32c287e49ab888956c5dbcab565a0fa49dea15b540a4b861f6f	1730	prebuilts/api/29.0/private/netutils_wrapper.te
100644	b214538aab07376a3586a341b91590928db1ace5	d3a550311868a901bc320ab101f9b54775ce408ddcc2de62eceef0227d6a3188	956	prebuilts/api/29.0/private/network_stack.te
100644	5e856729185b8757d832188a7df38aa548bf2405	7468512cf3eaaf46775dd5398cfd89ca2a2acfae1f3ca635739957e09175b3b2	1114	prebuilts/api/29.0/private/nfc.te
100644	ef1fd4f38e4b74e9ed6ffec8b8b58d0045deefd0	edb9c9f3fcd926c4c928d1410e2961e07b56bb1f5eed27755ea1932f04383d58	407	prebuilts/api/29.0/private/notify_traceur.te
100644	e2bc33e3f7b8a99db6aa4e89c8b8c33e10b79c1e	a8dfebc9b24bf4f74258a94746f281cec9aecc42d11a3b51666fedebeb5170c7	3275	prebuilts/api/29.0/private/otapreopt_chroot.te
100644	27a3b0e084a4380a81cb36b4f10c694b864c3223	66f765a62111e45e13d231a48c59f6ec4babae27599aa27835ab5b9675b92a0b	1376	prebuilts/api/29.0/private/otapreopt_slot.te
100644	6b1a81a7b430763f57a1f43714db5a6aebcd1866	58fad07efd7d59200fc6ffc4e5f13695687cc59e72a4ba8c21e9cf776e7b61a9	2852	prebuilts/api/29.0/private/perfetto.te
100644	792826e02297ffdeb248014a2af721339c6593ed	d697fed933905e86f4f027ce1f004740820f0ee6ddfbc08cebd8dc4c9f0e6c8b	73	prebuilts/api/29.0/private/performanced.te
100644	c65c6f1129eef002f3f5f31cc174c72611a1a574	c056cf5d4af3ac5a94ff4a20c5ea302add76ea5ccfa0f4fbd0c8d75cf6972bd9	474	prebuilts/api/29.0/private/perfprofd.te
100644	bbba1d95c636990d24b0301615aecdce8c29b727	179954fff8b45abb679fd1e13343667df9b382c7063714210d3fe2a940603d4d	3897	prebuilts/api/29.0/private/platform_app.te
100644	9290e3ab36427e73a0ce8593de26f87551410a45	8a063a3d29a09b7a939dd142b84889c33208bc22c352c78c5479b5fcea462b03	536	prebuilts/api/29.0/private/policy_capabilities
100644	b473c0c9b431fe79309f2df9aa7bfd3c8223b3c8	098d6ebdfb72ab9953ad990ea3d81a4238181105d2965532c3b6ac089dafee0a	77	prebuilts/api/29.0/private/port_contexts
100644	363e362dda7be27d3127e4006428a31e427a8e60	a724b9c3c794fde78627b67d5c49222506da2a35a5d313f03d3a8550b042196d	111	prebuilts/api/29.0/private/postinstall.te
100644	fd370c20152fa302d03f7d41923ec1b8f884ebcb	4cd1d2e85d56fa95b193417c9eb9405e9506c7da72118a1b3a6e29264f516a55	3446	prebuilts/api/29.0/private/postinstall_dexopt.te
100644	968b221b688ffe92f04a98d4211648a26d1e7ffc	da8fb0c2edbaf047cf1e79fb74da22b7a68bd2efed742c420baf7ee142394c84	69	prebuilts/api/29.0/private/ppp.te
100644	7177839fd611239b648920bf2d9d1001d611ebd3	d63c21543d3537290837210fb2d95af5a8067a46b568d7b71ff01ba33d486f61	579	prebuilts/api/29.0/private/preloads_copy.te
100644	dcfba14d52fb2f913eb5603303b20bb0f03115ec	f6b1576aa9857d04a52f580e6be881f38183ff881c6afc068c22b8f699217d80	616	prebuilts/api/29.0/private/preopt2cachename.te
100644	ab3847b4cfa063cbcfd89053d98ab4a41fe623c4	5ec33f344cfd7e2ee7d8bf9256b43ebecf2614551e6183464ecb4ecd77925d26	9839	prebuilts/api/29.0/private/priv_app.te
100644	f61d05efe7b8908ba5dbd7464cfb84b2c4118e94	777b58af2c6294c5dec27a8e908e4140a783c28a001d38b33c1fe4f60d86d3b0	34	prebuilts/api/29.0/private/profman.te
100644	cb81ba69320703f001f2bb0b4ae88840b404f224	ef85e1d72acf63141a48390261662a7c8e5a680aa80256ed45f89627ed6b935d	9424	prebuilts/api/29.0/private/property_contexts
100644	42ea7c9e48416235ba3f28b878ff7fac20d87196	2758d2ef46fe643fbb35488f8e72371efdd42950f1d02473aefb226520bd0ea0	61	prebuilts/api/29.0/private/racoon.te
100644	9ac2cf17f022c7b75dd88305f6957de5271f9310	d7fdfceb5a9185850af526d7a834a7360949618625cf2bc818e36e63a7c66a93	207	prebuilts/api/29.0/private/radio.te
100644	2a7fdc7e1d3ad16a0b8f211def5313f91376c7dd	2d266618d453321ba93df5dae8feb0cf125c57b6e1fbb77bda89a563f6105e34	35	prebuilts/api/29.0/private/recovery.te
100644	7cb2e675a6e3eece2ecbd33fb8da780ca9208cc0	d98dab376b70b533039b967a189c989a4b9e3a776d781f77b2446102742fe4f1	329	prebuilts/api/29.0/private/recovery_persist.te
100644	3c095cc261e6c74982a8f33359adb79340d7a4e4	b86e1e5998e15ddf2f8ca239c3f9ac13ea9cb57988107ab1388010041770765a	277	prebuilts/api/29.0/private/recovery_refresh.te
100644	c84fcba0ffabdd4ae4460e34b79333466f62f4a9	4241eb694ec396a73e9a0d6bfc9973400dcef8ac820a7e0cfe0f9cbf3673e6dd	8	prebuilts/api/29.0/private/roles_decl
100644	bf10841cc995ed8214d4638b008a28b99456f1d5	3d7d299f42ccabb106f0160837a5c1e46e11cf1024fff390d5f55a503009a77f	1447	prebuilts/api/29.0/private/rs.te
100644	30818c2faca7d15c04676e89d573f75db426fa05	187b4692055d37e9ec1249c5498d0ae4d47c1e20572d5a221ce332bafdf4dbab	464	prebuilts/api/29.0/private/rss_hwm_reset.te
100644	ef31aac3471736662b840960b05e242ccb80856d	5f56cd90faef00b87a1b5f11c3c300bc73f90c3f8f56f5bc1037b696dd742614	113	prebuilts/api/29.0/private/runas.te
100644	e6fd9530b6dbcee5e187fc9d5ef22f3e0118fc90	70aaf34efb46ade4f11253b11ab67be7b752a90acd82e7eba972d4a6620e8b19	717	prebuilts/api/29.0/private/runas_app.te
100644	126d643490d7081ad0db7db021320aa74af171b8	fef00b81a1140a3c0a2f87570acf2a511fc4bca4facc3f4a672848f37351a2c5	109	prebuilts/api/29.0/private/sdcardd.te
100644	ad8a76cd939b835fc1c64fc58ec024fb7b83758a	f288a283cd28ef5f48132c7283067bbc4a7bbfac2248307baf5ff5655ef267b9	8084	prebuilts/api/29.0/private/seapp_contexts
100644	57f512bbd250f37ba0b93d080ebb4028ef77dfb5	7ecbb299824fb5be4f5a131894b3d4ea4ae3182f42bd0751a9a59d4c86f2d407	509	prebuilts/api/29.0/private/secure_element.te
100644	25b4cbaf5875ab2eea8ac8771b6a31f16d81fbb6	a3f99c334d93d358c303fa74c121e850a65a244118ed32588b5d7a9466997ff4	2813	prebuilts/api/29.0/private/security_classes
100644	a8ee195590edb4084fc6cea7c66192b6e2aaf342	ea99d2cf713dfe6dc6bc1d890e9cfa1779c4f2b138d72a6ce67e068f42153d67	555	prebuilts/api/29.0/private/service.te
100644	96d553bf494a2ab5c63d4582b7a8271cff2d1d32	e37f22a65730ca5eef12ff48078f605857b782937494352c867bfc6821888365	16591	prebuilts/api/29.0/private/service_contexts
100644	9f675a2bed692007a3fba82c7be774daeaf749a7	f1562505201586c49bb811a9fee127d3edc9be2390635a652c5ea28f0150b9ea	116	prebuilts/api/29.0/private/servicemanager.te
100644	a17342e01023583ada9fc6526fea79fb2c685145	8644295a913e80dcb39c62524dd0752addead9f1d018dd95b91b78c630e19b33	33	prebuilts/api/29.0/private/sgdisk.te
100644	02f7206829d2901285479f95ed49fa656327e0d1	26eee565523ae7d3d8a811cb7015202e35f9fbcb588196931fccd6fcf088e8e2	202	prebuilts/api/29.0/private/shared_relro.te
100644	02b01f5aee650b92676533150ab1fb0701b7c562	cc4a346fd48c574af869e7194cdcea1f8b3edfbc868afaf8e1db4331e1743608	2455	prebuilts/api/29.0/private/shell.te
100644	850182605745d6d7cbbb6ad74648d965279726a9	bdfde5ced50940334569a38c43fd5b0d8564063ba4a51be30777430d21fd52bb	125	prebuilts/api/29.0/private/simpleperf_app_runner.te
100644	7dfa994ea7add2eddb4c6e3f2598a79c6d9b5de0	275253fe4d8b41ba25fa8ec8de067d470dd42cbc95f35ca3a19987a0bc973f87	36	prebuilts/api/29.0/private/slideshow.te
100644	81ec1cf77b6991af531a4030fe147b9957e6d774	bf23498d6d2dafaccd699dfb31065f69611c8fc6d2b31d6a708ee54a62d69281	1252	prebuilts/api/29.0/private/stats.te
100644	99548a0d578143397b1ee3ffe818c03e3c93127f	e7da095ac3ce5106f548c84e6221ecef002c3f3a481174cc6e4c45ea17a7b893	642	prebuilts/api/29.0/private/statsd.te
100644	3ed24b233977756cb75890acd371431f5fb6c6e4	58287989eb0c4adbc79b73aad37d8b8c7af849fecd80cba803c150d11389c4c9	1774	prebuilts/api/29.0/private/storaged.te
100644	16e47bbbf6ad0f57687f62b5876453c302c7bec1	9598d174761a29aaff8ec2c91a7bbf52e3bef2151d521d6c72fc3e2628f22134	747	prebuilts/api/29.0/private/su.te
100644	1236627249df9c3ff43105e852d115ecc20ec6fa	2ef80581d84ece116f38a99e121a30df51cfafd4fa94d53da8bd9fc36a6cf9b1	4310	prebuilts/api/29.0/private/surfaceflinger.te
100644	9ed1d365ef69f434317f1d80a1766fd2cbc52df0	2004f481a0a691d2792e7272e5ffc83e3d887f74017b16f21387266ee77d8de6	4265	prebuilts/api/29.0/private/system_app.te
100644	5f60674b0e6c1810a6be6f7650e8a756675f6ab8	af714997d984317793a83cff58038834ba4de3c3fe6bad94663dcfb0ea7f03fd	41184	prebuilts/api/29.0/private/system_server.te
100644	f1427a9e2bde97e837bb22cdaa2b2f62373471f2	a825d818b2e65a357a73ce96f10a356176c0f22be2b329f2f6f7324e790d53bb	906	prebuilts/api/29.0/private/system_server_startup.te
100644	961cd67bdb18257ecaa7d2d20e5738f4a753c787	e2dc41f4e098f13a95e3e0781213def004da3e5fb1eb26fa5c5f0455a550985e	991	prebuilts/api/29.0/private/system_suspend.te
100644	289f69e208d58b6a6b7ea879cfbb80a822cfe909	d07f6449c4b64493d3a3ca12127252364466b10ad3acdd65c9048ad255517ebb	3596	prebuilts/api/29.0/private/technical_debt.cil
100644	305f9d00679e573f56837a9ff9c215ae217e777c	1663a367a285345dac9ecd9deb8dc09a4d0573ea46c32a96e1c8d925d28a9f63	69	prebuilts/api/29.0/private/tombstoned.te
100644	a2b958dba339a87ece3bc9fa66112cc49abc23ae	476afd9a53e0970ff832216b467dff0b787be32ec3da816a432b6bc3956db442	63	prebuilts/api/29.0/private/toolbox.te
100644	2d7d07fd93d9d07b023dfddd3dba4929988c79cb	9ea7f128590ee7ff572f95cb2c4c191e35c23e4349616fb2df7285af42d9eeb4	3060	prebuilts/api/29.0/private/traced.te
100644	5b4c0cc53063a934bacbf231bb4f8405161573d4	448114594db014a00e3afc3ec7a50b33c09e6124b8218d251a7c59b41341f6c5	4700	prebuilts/api/29.0/private/traced_probes.te
100644	94841df10539fbc49c3bb33be78f7c9b0b8d0642	a2b759da3af4fef551b0f7f4ba09a7fe50e0eebc749648874363b5bbe76ad8ce	747	prebuilts/api/29.0/private/traceur_app.te
100644	502735cad0c34d31e410302fbb3dc6b3de090109	1ddfcfc3a634cfcfe0fc7a7ddcb13afe1640743144e5a2832136e8a2aaec398b	71	prebuilts/api/29.0/private/tzdatacheck.te
100644	1bd67735e99dc6ea00b17af8db5e4f03550311df	3e80e7fae0d2fe0b0a9569312c6214339fe6d72b404268ba386f37fcf9ca2c2d	57	prebuilts/api/29.0/private/ueventd.te
100644	e4e9224d9d54910d303676d82c2a2b2ae3473f58	e3d78c9159cf573e7535019bad44766f808e9b4ae3c9509d9c5a39d24ff73f5b	63	prebuilts/api/29.0/private/uncrypt.te
100644	c15fa2244b0568269053451110bb560d79c86d10	bed2f9f2360410f766ced3d1fc84e75c92de69e40ea4938389ce87a010deff44	1105	prebuilts/api/29.0/private/untrusted_app.te
100644	a35d81bd83bb4ddc98b8a5ea916f8a1d30b5397a	ded5b914fc3dae254b7534f98ec3ac1bbe3cb2acee48ca9b58ff0d2ae5e5f4ec	2967	prebuilts/api/29.0/private/untrusted_app_25.te
100644	eaa1791e6454862fa3845ae1bcd4baab81b2e337	c16101edc018f88463316394ef9f17c09cb54a5612bc8ce44d3afdbeb6173364	2247	prebuilts/api/29.0/private/untrusted_app_27.te
100644	3c20c082b7cc1b11c2f2a50a62c63865c5cc5ab7	cdf25a0688fdb40ff152318c0d567aa1ff0d5422ccc7bde8f7e1103aec5da5d0	8730	prebuilts/api/29.0/private/untrusted_app_all.te
100644	5af7db6817de8df41bab90c9bf82eacde78dcf74	3ae590b077444dc5de37ae1b2c01a4f3f5c10f2b5a32d0d3cd275fc62822515d	76	prebuilts/api/29.0/private/update_engine.te
100644	a7fb584717a67896ed22a205fa55f229846812e7	d30de1d1f71892cec57ac6749f1e4ff848446f1b999202cc26b529279e50d852	348	prebuilts/api/29.0/private/update_engine_common.te
100644	1b934d9805eff901c50e2f5c7277034b5941722a	9f6a0b7928ae7e1aef917ebdb2f0da26844ba51c326eee11e1bc819a6d9fef31	79	prebuilts/api/29.0/private/update_verifier.te
100644	13a0ad7a6f6bb180d530debc5bf28bc1cc50d2da	b9b5b79a20a253a663a3fbd2685ab34175819faed147a93a05ae8a69e7db268c	260	prebuilts/api/29.0/private/usbd.te
100644	51b7b57e6798ca0f476cf87d5de69ae956df26c7	50043f480e4192a70733f660638446ce981fde673dd4b6e88841772d907e5447	55	prebuilts/api/29.0/private/users
100644	bc7409eee5f72ec9c706f7d9e303c3ae9f84f7c4	69a6d51eb112f42b9ecf996a91bcec28461c4e503cc3d0d19bfd9482be6af76c	55	prebuilts/api/29.0/private/vdc.te
100644	50efc22d695fda25a8e095e033042662ec8cf037	2d60a619639f6dfe87351979c308a4cc8d10483f4b5bb4a61925c0056fba45f1	222	prebuilts/api/29.0/private/vendor_init.te
100644	3c9c1ee032ddd7dce2002c3b64170025f40c67a7	8eeb142640962ef212ff3af950747291b8a9b5a623ef1b4cfb8ef2bc01ba6232	1062	prebuilts/api/29.0/private/viewcompiler.te
100644	e735172fed4128d3f841f0c4cef2c8e10a5c3bab	e099c211ad5a82d899c07cd87d3df498d244f6c58194fe9907390bebbb903052	81	prebuilts/api/29.0/private/virtual_touchpad.te
100644	dea24a576fd4bf40d0c5a00409314d0af5013ccb	9e5c53061944f7b505a048409477fad72dcfab67b9e8673f78ad3c58cd78f90a	776	prebuilts/api/29.0/private/vold.te
100644	348d3ce327978e8ff71d8d2b564d579694a84bca	0b73ae654eb31e195f83d2f9788a8cbafc8b7919bdbe4a0bda1221fa4dd07184	1324	prebuilts/api/29.0/private/vold_prepare_subdirs.te
100644	053c03d9867da94abbd7a32c1bce1a7586b6fa8d	d2828a0203d33706c5ae76147652a2c81fb62d1c504f353f9ea3e18096aa0152	137	prebuilts/api/29.0/private/vr_hwc.te
100644	85a28da5f8b4cca8d64b8f40255af4de2a97dff9	77e3d911e2f782a94e8802d3faa5a49b0a15471c778cde4d7f34526c6034fd19	299	prebuilts/api/29.0/private/wait_for_keymaster.te
100644	91ece70522d11f67b94bab2e45a79122bb44a6cc	f728cf9119bf04a21e0de54255b2a7ead740ee2ca2f0eaef5e429c57b522c5b2	67	prebuilts/api/29.0/private/watchdogd.te
100644	2f5007aaa66401ac9629f246db4beb0f53d01044	4f0389f27b63525ff3617b89776365a759eed385376c94397f0f4ce93bb49382	5718	prebuilts/api/29.0/private/webview_zygote.te
100644	cc76447458de1cf79f864720b00617631f78aedd	4bb928d52e850ecf9bdefeefa76715810d56b352b7fa00e0b4fe13c3245bab73	111	prebuilts/api/29.0/private/wificond.te
100644	e91662cb7f8712267d1843f0c8711925f698ca04	be161ca0600c03dfda778fad959fd99620b90f4482996edcd675c07ac8706397	65	prebuilts/api/29.0/private/wpantund.te
100644	0466372c095bb64f2a45227af7ba83d9a4477ba5	3cf31efcc47f75954f104ab6a2aa6ba628ccf74c178853d5575daac909f3a6fc	6213	prebuilts/api/29.0/private/zygote.te
100644	4a1f63388b8a92d0dee97ddb13c2c265f4b30c39	9e6613d539c9afc6146c6560fc7dbf8be81c5ba525fd496ff21ad2d3b6e4e4b2	405	prebuilts/api/29.0/public/adbd.te
100644	3957ed6bbc8668625951ebdc36465982ff3e03e8	dcd50d14c07969c839f551655b4d2cf6aa367807d4e473524a048a4704067b68	530	prebuilts/api/29.0/public/apexd.te
100644	5b3459f34ae24ceebb670ce0eba6c1f5e9ec775d	55732dbbb00a98968582ba6ca3a5e0537d4ed018bf7658193941adf2ff8d4a20	22978	prebuilts/api/29.0/public/app.te
100644	4c1ec96522de44f0bcc04ff10045559ad18110ea	1c5aed7e9b9b9443ef2f6d5039c2b755f6c5246a0ef846998a3299cbd0cd5e54	253	prebuilts/api/29.0/public/app_zygote.te
100644	15c5a09fd862f0d3606e4cac734ea00a4ec56b75	d6a13cac7da2b8d2d39a2f128235a36ac15de768d06181cce58d0c7bffcda105	1361	prebuilts/api/29.0/public/asan_extract.te
100644	542f093beac003dc44be45df5e1338d5152b9ba2	336b9dccde9c799b269fe310670389d82c3bf21e2ea516a73ad312c183cfaf6c	22	prebuilts/api/29.0/public/ashmemd.te
100644	857efc5de2b19a2ac7321c814c5d4f3cadf93efc	407a98b8020be638f2c7a34606aabdec5499219ff26f3c66603d6cb366c8e293	10164	prebuilts/api/29.0/public/attributes
100644	2ad86e3d0ee8aedf6f0a59613af5435cc52e5bac	255d639322b0a6b054f146c94a8826a28a30894c32f3be5cf3c5bc618827aad3	99	prebuilts/api/29.0/public/audioserver.te
100644	dabe01452062f9d2d4c8fdb9938633daff89e548	988af8057d7a6852b37a3b1c48949d1f9e8345deea88d01ed9dd0285a5bedd48	45	prebuilts/api/29.0/public/blkid.te
100644	4be4c0cb2371e5b89d6b8b05f534944e2aa9f72b	e9054e76eb657f82247c8285ca6e87a20ff1e3d21c699984ffbaaa8544719f71	66	prebuilts/api/29.0/public/blkid_untrusted.te
100644	9b3442aa5b65cc56e831169890469f23d517772d	4e935acdf2d2a4909ecb8170d985eff37f15e7db9ff0eae1d3bfa6cffdbdcf39	46	prebuilts/api/29.0/public/bluetooth.te
100644	e8cb98bbcfad18f7cb70297310f103a0c1cecdf7	b40da39061a0b6537931a30d42ce58d4a7981abd49e2be531701f332bda2c5bb	1178	prebuilts/api/29.0/public/bootanim.te
100644	a2a060bc25a81c52d75e9046693c03f98b9221ab	8ff5e9eab7cc66f43ebf77f03a70e240fa5229078b5aeceddf391ca8df39b26a	1710	prebuilts/api/29.0/public/bootstat.te
100644	37edb5dcec8bd14c291822c154dfdd2080ec5cd0	52e7faec7fbaa27cb7a4fee692f56f1f7ea19d51d7caf5987ffd2aaf3ccd1517	868	prebuilts/api/29.0/public/bufferhubd.te
100644	352e1b7aafd8ec10a77610559d919a54d268aa79	e97b1c1e77d9981dc5b4365b4d205ffbf1b088bbdba7a92d9738180b13c8149f	59	prebuilts/api/29.0/public/camera_service_server.te
100644	13ef1f7384635dd0e11f5ed34f85051fbb8a25e8	177f3a88a09c0f6a29a7033b244207c40dd2505397250db315c7b36d3b1f33fa	2899	prebuilts/api/29.0/public/cameraserver.te
100644	238b41373d02d410c580ae0f7fd261ae7ec0ff9b	54f9561158ce0db061ff6179e06981152e1dd74a2c5b667cdb81299db725fd49	1442	prebuilts/api/29.0/public/charger.te
100644	35d61908e803a70f12feb16c337c9e280c0811de	cf4c34e137105fa3612824d0453fb1e7488847c6e2452c480c33e324daa58337	1529	prebuilts/api/29.0/public/clatd.te
100644	5188d1958f34867758c988b4da2661f83f5f78fa	43db7d091286341d4ca3dc4f24af4a2d5092194e0f7058c5cf3a1685bafebd0a	2270	prebuilts/api/29.0/public/crash_dump.te
100644	e20a68bd09d27f28962d20e0e75dc0b89992b8ab	2fe55dd281ee72557f8c86cddb77b6afec5988e8ab400c5cb78c02768d015095	3980	prebuilts/api/29.0/public/device.te
100644	4f2369d2d061fb8b9bbc12d9c2b4f85378d927bd	7c5749003af7e57713e992e56a44a59cb398d05535581637320eb51ff12a7f84	1135	prebuilts/api/29.0/public/dhcp.te
100644	c5839fa544b524ab61fdcddd991a93294955ae80	22e507ecdbd88b4ed06ddbfc5599543b21549a78fec4e5fd4dc58d9bb42331e2	61	prebuilts/api/29.0/public/display_service_server.te
100644	d189c89429e17f4cf7523640a2ccc8e0f58af5cd	10d673e01c29625e4251dee124fecc5c911a69fc91fef7a4c1ccebee500130a6	1064	prebuilts/api/29.0/public/dnsmasq.te
100644	1a9e0e1c2a5ad2668a9611a5cd09f694f2ab63c0	79c5f10e878fb585baec655e821214144c7e4771291ea114fcf4a3c526234599	49274	prebuilts/api/29.0/public/domain.te
100644	b7b641c18d69e11f8077d90cc79a3f63ee8358f7	f691ed6eb992010a95b94c737562a3aae44bd3c8e33c2ba3fe7fc927e924ed92	1921	prebuilts/api/29.0/public/drmserver.te
100644	c89d200fd058dcd5056c9afe31bf85abed21aab4	e2f92ef7d391ca42ead4dfdc558101b393cca29b9e47e4061ce8a3553db71364	9283	prebuilts/api/29.0/public/dumpstate.te
100644	dd5bd69deacca25ef57b0ca0f8dbe0010907d7ee	b7a60aacbdc250201cedfe3ddc667217971679c6ec1bbb2f8d9c1e2127383536	830	prebuilts/api/29.0/public/e2fs.te
100644	dc39a22b59ddfca70a42208b143c68caf4b133b3	3f283f565a09656a785b1ce968ea6e2bb9ce79e6e2f487ed1f904e7766745e00	459	prebuilts/api/29.0/public/ephemeral_app.te
100644	8ebe387f2073eb43f7b50835224d8dc034e346d0	2814d1517b2ad82dd704e7d97fcfcf68bc83c378588c8a52f4eb062623a83a01	3767	prebuilts/api/29.0/public/fastbootd.te
100644	da990e306f8276c6784d9bc83bd768342b56f927	b8822973e8c027a9d09086707ffe1da7261c1ca45c0183ca6eb4c3455d0819e7	24004	prebuilts/api/29.0/public/file.te
100644	ff7a884e3ffd8f7039c7a0d4d4f0c1eb4acd9d95	f54ba59a686e42621a60393ebf68b17338bfc2a573bf583a4335f396f7138b10	849	prebuilts/api/29.0/public/fingerprintd.te
100644	151c7c0976ee4ee648c172f1dac0088361402cfd	e533190d88ce75ac0378dfa527af6a8bb51240dd81d801ed24a6e44566f688a1	2018	prebuilts/api/29.0/public/flags_health_check.te
100644	7a9fbeef140e912ce67fc74a4d5b26bbc1d6bb8b	9a78eed1cd7bb2af214103f4794056cf3fa7a24c71099940e4726ef80c437bcc	2165	prebuilts/api/29.0/public/fsck.te
100644	8510c94247754a1aa9703cc8e7bdad30cef1419d	8a2e747c28c3b881c23c33ebbf17681aa9e1e900c6e10bfb6b8fe3588060dc0b	1727	prebuilts/api/29.0/public/fsck_untrusted.te
100644	03486bd1ee0439b7bcbddc00f9a8f57a3b878246	59f264b052f6ef9b996af98097d3d8cb7118dda0607969f636856d10ddb377dc	177	prebuilts/api/29.0/public/fwk_bufferhub.te
100644	dc46d0789a25f7c9e10336c457748603ac2c742d	e87d5446d8a8cc426f18441e245589f5aa8956fa1e5d966cbf1c3db8cea7c5f4	1295	prebuilts/api/29.0/public/gatekeeperd.te
100644	1a1d593b3eed00676ac2f88e208bc1f557238e43	a085efe22ec1e474c5c2123aff8dc8bbf49cc75a5e2b6b1d3564f3e9ab1a64f2	3607	prebuilts/api/29.0/public/global_macros
100644	c862d0b7fa0d36f26c6d058dbdcbb144b1a427e2	795cd00de96637fc67bc769f6c02aae489951cbdb43fdba91add569d3fe80283	92	prebuilts/api/29.0/public/gpuservice.te
100644	6417b62890215faff687cfebbe395b6d3aa028e4	1e71a67b185d442d3852e7838d851a5b503fefd71d24498db0f6ba146310be72	321	prebuilts/api/29.0/public/hal_allocator.te
100644	51d9237f9e7bf175133508b347189e9cdc31f01b	940b0d289272cf72d262ba9f4db584b471a61c924b4a6b580a445b9b4c58fb5e	146	prebuilts/api/29.0/public/hal_atrace.te
100644	bb9eec42c993c4413c8ec4e0b2333eaf25b6df25	34daa456caf8684a32e285a69c6d0061bd05a78a658bd71fc25a285b1a870213	1253	prebuilts/api/29.0/public/hal_audio.te
100644	4a52b89548ee12094425cd485b7ae30e78df2772	786b156e556f85eb7f26ebd30204cde62693eecd68092e48032e3f1f516ea021	247	prebuilts/api/29.0/public/hal_audiocontrol.te
100644	daf8d4877dbca8ed30e652ee848bec83654a884e	4a0b96faeea4ee7baba9eea8fc9bf8a5d9c26ede8b78155b359df99c297e15fb	162	prebuilts/api/29.0/public/hal_authsecret.te
100644	97177bad7c1ff693faba40f53389af57d2cd674c	06bbe039612c6fdec3d286fce836d27e8bff269f903efa85983087cab9202a35	1179	prebuilts/api/29.0/public/hal_bluetooth.te
100644	be9975f89eee851104c066b4b547ede9095bfb4e	c0f77edf7fdff54f6310394582ee18d6726aea0b008c1bb466381a11ca6a588b	217	prebuilts/api/29.0/public/hal_bootctl.te
100644	84a25970f7acc139e481ab0a33cbab3724f2da8e	30f7d0947c5f10216dd0d245a5be6f86cf7ee820e4b724369b3eabe550f1e88e	207	prebuilts/api/29.0/public/hal_broadcastradio.te
100644	77216e4a388d35411ec6197ad51b9c49d2a63bd5	ef7019834262b5ed21c720151bfdd8aa818a9f11a24cfa90227d4a60fba2e9d1	1408	prebuilts/api/29.0/public/hal_camera.te
100644	7de6a135325c4da50f873ae002bd751fdbcd2b0a	5ebab1f09f50143903aaba673b60fe0eab6bb3ae7c1c2c2c824d336c82babf9a	1127	prebuilts/api/29.0/public/hal_cas.te
100644	60cd3b0c4f8423ccf5cea0fe56ec3995f56f21d2	53f367febec7ce5c51f7b575e9625ae5f1b97f1d48feb268d7782d71101e3aa6	745	prebuilts/api/29.0/public/hal_codec2.te
100644	1a95b72f6f02a71e76ebf3c57474d39003797422	45eefacd48d1ef56061c8f6e01c6cc757339a4e80c6c2be89c3e7b03fa5fddf0	2406	prebuilts/api/29.0/public/hal_configstore.te
100644	5d2e4b7a14dfe7b2003e3d9a626074a83a27e07d	0313e377d0178edd6cfcea6ad6cb684415ff6304fdcd4860ffd56a526a938267	178	prebuilts/api/29.0/public/hal_confirmationui.te
100644	34acb38d662fc4f9a21daaff4b72eacf2dedfba4	5b200adf46fc6d3dc6ee55772c422a3fdd7721177ef89f71f962bc6055a73c17	235	prebuilts/api/29.0/public/hal_contexthub.te
100644	bfee2d3446ede678a72b5afe4bebed81ba801e78	3794c3a0b873074bf517d8ab656f995e59f7a4523a534c676419705e44e5bf02	1475	prebuilts/api/29.0/public/hal_drm.te
100644	b7676ed290cfe3f399f36d08315a689ea2fadb65	d7e217c215333a01777492126ee780d997085b8c53057e9c3ae04b62f642c59e	463	prebuilts/api/29.0/public/hal_dumpstate.te
100644	bf2e38b5331480e97a54c0eb62c45ac130073b2c	951c934019311e68d2cf916f338d02a465938ecb1afbc34ef1e05e5ac94335d7	209	prebuilts/api/29.0/public/hal_evs.te
100644	b250586427a2530b2bfd67f716e35ecc88112ccc	508bfc771ac8e9f667dc8bc861245fd95ab4d95cdef82ae4fa6bdc2e87832935	498	prebuilts/api/29.0/public/hal_face.te
100644	b673e291b50ed6ac1f07d06c389554f032efbd5c	84361c588481c0079285147bc5505e0c3c70c524ace3bb269338fdad96698eea	545	prebuilts/api/29.0/public/hal_fingerprint.te
100644	b918f88a2114ba7d27cc51ade00a65dab8ecba2c	7b31b1794a27f3ce34d7d6def9fd3b9afba531e50a48c45d1a63ef7a2aa7227b	251	prebuilts/api/29.0/public/hal_gatekeeper.te
100644	9bfc4ec368acbf98671597050b0a3f1b52b6c955	a1e1b25be15692a8ecdcaea44a0abeeb9b90faab00f7fb45dc75eca9c7aa0018	199	prebuilts/api/29.0/public/hal_gnss.te
100644	991e147c77c769fd151a0945a06613d07af8b01d	a8eb6bca225634aa2946b3ac7866a8d67b59871a83ff394787bcbc740afb8224	651	prebuilts/api/29.0/public/hal_graphics_allocator.te
100644	cb4a1307f1af8f3536f516e7bb110fe07f0ba069	411393e2407ed85b93ea2635e742d379ea09b7499c70c014cfacd029a649a275	1379	prebuilts/api/29.0/public/hal_graphics_composer.te
100644	dc7d0836eae511f7ba3903fdcd150220d57cf143	b55f45a3f0eaea775385a84ae4cc0ae494203ce2181f54fea37247bfb55d66fd	1028	prebuilts/api/29.0/public/hal_health.te
100644	61e609b68d9b0794e80b4bc90ac1895db38b82b4	0e40a37f4a9400456f37ab8b0575ac808b3edad5542df8e8b40b6139d1abc60d	259	prebuilts/api/29.0/public/hal_health_storage.te
100644	70a4b7debb22772985fceadb2a8f294e79ca9683	60037898842b3ce1f014b11f0dab7efba7350d40dc36681e75debae6493e11b0	186	prebuilts/api/29.0/public/hal_input_classifier.te
100644	29555f74cc9621da9533980c2a4dab62fbb7d521	76a943931fcd3a6f5f7d9cd94d1a9b6bcf221cb989cbfeea32c15119fa51bae8	187	prebuilts/api/29.0/public/hal_ir.te
100644	3e164ade9401564b97eb45bd63caa193edb8f5b9	764055c8cef10011dea27d45e4230191667d0d4615eac9ecf28bdf063007e5f8	268	prebuilts/api/29.0/public/hal_keymaster.te
100644	333fcac600ba6aa15bf796caf61636a9305f7c04	59219e53c0f00afd83e0535d6fab2113bd3a7029a95dd243b5b10b4b34c74386	339	prebuilts/api/29.0/public/hal_light.te
100644	6fb95e9430cd6daddea4ba77dc359f3da500d4a7	fc3c294d40f40450b723e201d907a8cf545792e39858ab07e69e29a469f7cef7	662	prebuilts/api/29.0/public/hal_lowpan.te
100644	ed93a29a48e6392bdd4ade75ad6d73f0fd3d2b42	1b7a91d1b3a8a4e11c2b4b78c6fa3675054214ecf31c554022c99a628fa53647	154	prebuilts/api/29.0/public/hal_memtrack.te
100644	1ef6cadffc8c1d648c2c9f2e51d5ac549a7a952c	ad11dceaf0e4c64d5e1d90138f308e03dbb4c3bc1f041a3ee1ec5d0afc0d0cc8	1244	prebuilts/api/29.0/public/hal_neuralnetworks.te
100644	0f05d8ad3fa7415590347e2e60fd16c62edcfb98	df7663bc32fa017980ad5487bae235839c8d5229df151ac8aaef8998c72c8bf1	2338	prebuilts/api/29.0/public/hal_neverallows.te
100644	7cef4a17dc3c8ca9c23037df8a548664c11780ba	49514d8c7b043b10b530da8fb49aa1aec4d88941d029116e9a08fc7b53f3e469	338	prebuilts/api/29.0/public/hal_nfc.te
100644	26b2b4265b94bf5aa695bb3559479ca681eca9e7	18468801305c8b4e6c0baa2bf8df27ac1b399930cb4675431372eb26b6b664a5	150	prebuilts/api/29.0/public/hal_oemlock.te
100644	707cae8c7577c2aa927b7275b0f2cead5d8e24b7	e04721ae78e564757b82ea92fae196f79927dae41ff6f3839263278fb0b0ecdb	1841	prebuilts/api/29.0/public/hal_omx.te
100644	028011ab38dc08f33b43cbfec575d2baf36dc052	b607b103c46a75028be0ba8666b56878c67757eb752deb0c7b72d3e2b13c34ea	205	prebuilts/api/29.0/public/hal_power.te
100644	2c04008bdddbba79794d5543681bcd583dbd561b	c5f6e8056b00a08f1f2fff8223d98706540cbc831339ed881518eee9c624868a	241	prebuilts/api/29.0/public/hal_power_stats.te
100644	3724d35b0062562b32cffbfce03d38d9df59cbe8	0e9eaf455f8406db14b8af1399ea9fe15c85f78a4461683388a499e2cc326dba	259	prebuilts/api/29.0/public/hal_secure_element.te
100644	06e76f1e17e171b969f97e94461944d6c1d09892	3e4d48d668880be74c6c82d5e91781e5f98b4154d6e812c0a4cba189608a8eed	550	prebuilts/api/29.0/public/hal_sensors.te
100644	3e4b65dface53eca36b1fe474906221d5d02fb73	8755da14484212f0369131e5924fae28e96140e2d863b4a00bc2a0194d16347f	2000	prebuilts/api/29.0/public/hal_telephony.te
100644	cf517236643321633dc8b1b2daa45afc88490c18	b07071f3c4c07ffec359a747a8383295822e0fa8b3dd0cf928d6ba402773de9b	434	prebuilts/api/29.0/public/hal_tetheroffload.te
100644	2115da1b955927297b97f3297185efadf50ca63a	568eaf7bd858a86a9be7164c22acf73371b316edd93a9c71157e72bad3cbd388	217	prebuilts/api/29.0/public/hal_thermal.te
100644	658490474a7903b440bccfb8d88bb873adb08b7a	ef14f252726f0664207c6281d6f95263c4a0fcbd41ae7afb0e659edab672c180	214	prebuilts/api/29.0/public/hal_tv_cec.te
100644	5a5bdda167d0d58fc4b07a73aac5d3cfb04d98f0	b1fd8d00c89a2b70f872fd53693c85dbcf34638a57d3de8460b701f02020d20f	226	prebuilts/api/29.0/public/hal_tv_input.te
100644	38bc49a21178d64b27eaf20c7d589485c8c94d70	84909eb6d0cd8ff0e819a0da859203333b8f3b8744b4595295aeea43eea97943	664	prebuilts/api/29.0/public/hal_usb.te
100644	a474652f7a6a5f824885d3f21c2b9904503e483b	2142c8a0da57a574e89564598152522544bcdc134b1e5dbd79396925c0184713	567	prebuilts/api/29.0/public/hal_usb_gadget.te
100644	6855d1469c3346168cdedc0aefde1f082dc53031	73699fe11d99f651e9c5ad7a8bc0f968d0fc9a294bd295de91ec3a6a6d413f99	218	prebuilts/api/29.0/public/hal_vehicle.te
100644	ab6138d3f638ad865af55c4188baee6aeafcbb5d	d12a13c1413730eb7272392ab019f77bfd3d083f07e4c9f010d5c1ed1291ef12	282	prebuilts/api/29.0/public/hal_vibrator.te
100644	e52c77fbaa3cb6d0edf418e3500be88dc80e3f9a	f268bff139189f9b6792177549ec697cc2efc96cc59c5856023b21d2a5261271	187	prebuilts/api/29.0/public/hal_vr.te
100644	36d1306e2b75069c2970fd5cc2fc0a20ad7b06bd	f5a04fce75fd0ccd0d0d49582653db182ad210939044dcda67971edac0227350	146	prebuilts/api/29.0/public/hal_weaver.te
100644	ecc13597ae74cd8ef6bfc7ca9dd1ad12db133532	45519cffbedb8b1286448b6466ac153ee1d90279714ae64d040db876d86dfd16	1397	prebuilts/api/29.0/public/hal_wifi.te
100644	12d72b649f75ac75480396b87f1a61f084d0a3d1	9f935b1dfaac233778e20a05ba5cad7c15361a6d12b7f0f85a2cd6255d919ae0	1124	prebuilts/api/29.0/public/hal_wifi_hostapd.te
100644	765e72a820300cd961718c0bb7f60dedcd24f051	f599191dd3e9976d405d8c23dd349fe6196388e742e455d361236dea88439e71	334	prebuilts/api/29.0/public/hal_wifi_offload.te
100644	79a0667e3c78824d9a9b72925b337d603e4d3448	76f6e62e3f2102a2792607f349b5e409642b1db8e19dbfd5425b6c966f880f91	1334	prebuilts/api/29.0/public/hal_wifi_supplicant.te
100644	5fe4add472eb5ccb8efd8d565cc808af4ba006ba	6c9145d3036b5a9b78849149052b9e067dbf3c7cca297395899e0919666cb361	1839	prebuilts/api/29.0/public/healthd.te
100644	7ceb23feb457ab6d24d06b346de45010d30adcfb	481bb07c9c4455c3a4ff6a862e1a6440332c6dfc23836d0cb3937fb553de29ab	36	prebuilts/api/29.0/public/heapprofd.te
100644	7425878dbd57647646cd8e5c7440145aced45514	4990a9ad8b0396626b87e7f5cc4360a3503f14718531e001b03dabecc202ec73	4449	prebuilts/api/29.0/public/hwservice.te
100644	7f0381564ebd26362c209ad228e3c726f9a58fe9	c3ce28a64d30b8dba05abab54e6f96dd941b7027b7bcdbd6c62c3c2140165ae1	852	prebuilts/api/29.0/public/hwservicemanager.te
100644	92c649c36d453d0231a2e59f7e1c3a2e8180ab45	b426468f406ac9d1d79a3e893bbc35824ba5d4eef95e8ea009797acbfb73bd75	1126	prebuilts/api/29.0/public/idmap.te
100644	ce57bf650869616b9345bfea957353cd5c2fe5fc	e88e9bb70da0fa5330c2bce20565e1a173bd4205649522aceeb6c55a6647d4d1	274	prebuilts/api/29.0/public/incident.te
100644	bca10186949e1d61c220806473161c2466b39806	89468b356967447722156d1b15333e6ccb59d4d4bdfb58f596f111828e607b8e	143	prebuilts/api/29.0/public/incident_helper.te
100644	b03249c88b92bdc9184e966d2b16523e1d1ff3ff	ba4d9715b7a0356427de0a9297260d5a3e4a14ab07eeb60e2d838f0ab382b71e	37	prebuilts/api/29.0/public/incidentd.te
100644	2d52f5966a3d3b423da93636407c0d21ee9960c5	8e02311eabbdd595844f3e5e67da2b7b3ed3910fcfd2b59691bd58754c50dfd7	18021	prebuilts/api/29.0/public/init.te
100644	c3f4da858891c6100a396542e809f7fc1ef35b0e	4fe6ad8c6b13934c5f5bf689957d2e4c4336ab9341504ccaddf8bc12ed0319e0	371	prebuilts/api/29.0/public/inputflinger.te
100644	0aee9ab03b6e4eb36804c9e92fb2c7bcad45f568	2f0ab1d03667c1007acc96bb283c580dad697d2f898c43b9433272a83e1a6e0a	1092	prebuilts/api/29.0/public/install_recovery.te
100644	f0ac52a0d3b86b7e98ec3adf1c6930d4c15b6333	5d44b036984b492778cd070df516666945a2808be10516622dfa08b6a28417d3	7356	prebuilts/api/29.0/public/installd.te
100644	c5b412b2c4e62db4001607705ebb9d49711f8e5d	ace7f4dc02f18e02270a663f917df3866a4f673cb336b8eaf2191ab861f69cca	115736	prebuilts/api/29.0/public/ioctl_defines
100644	5cbfae53fcdc67e97c5fed4141a964816054884b	8da7f827d175e3f852cdb686819cdebefb5ca12e599e9a4b72f9c2721b2db347	3118	prebuilts/api/29.0/public/ioctl_macros
100644	abf7adbac9cad8d9b35301fb27ebe33e94bb4c53	80b36a2c473081ccc58d82b87779a80200d0bef5b0724dc25ebb005f05bbd6c3	2163	prebuilts/api/29.0/public/iorapd.te
100644	a907dacc2a8619268c80987fb66820143f9a0679	0090effd3fd951538e46c93b10dc5bf5749ce3d8878c27a9ab86edf07a5b5bb9	259	prebuilts/api/29.0/public/isolated_app.te
100644	804b631b1576f6295dbc4b155eef9384d2567ba7	a714c12bef392dc662b1b919977b559e00028a55657cd3cffe7bcfccaf64449d	5372	prebuilts/api/29.0/public/kernel.te
100644	e869f32d22d93f6a697938f632b5d7826096b2b5	24250bd4530eb223c28fbcacc9a314e70152c4fbd40b5c43a90af1714fa48546	1128	prebuilts/api/29.0/public/keystore.te
100644	1faa429957ce195b210b6c5edbf83d42757cf958	db6b710f788a820208aa3de996801c18c357c675d01592484225809fed4c897e	118	prebuilts/api/29.0/public/llkd.te
100644	51d1aa2452a535d26814d869cc34ed058c996ccc	b2d66ff17fd0d7f29b109e4e270f482d414174479174a711049ea3598312512c	2026	prebuilts/api/29.0/public/lmkd.te
100644	57e29d940548f688c2ff35e19b6c2ee15cf847d4	b983a77e210ced21a77656204bf20efed62c31012c7bc4447df8f45c6fb70eb1	2437	prebuilts/api/29.0/public/logd.te
100644	c7cab80c83d3dea940b1ef654c4e517a8bbce78f	0e9eb799a4a5e92fe676f5d9711150593d042f08ce582c87eae9889a58fbd4b2	864	prebuilts/api/29.0/public/logpersist.te
100644	ef7b065d875658cb229e0153d4cb5c266159d0e9	cb7f03933d1bfc8b6e80d428c00599e106b7cf36ca875314a4ff3890a20202a4	34	prebuilts/api/29.0/public/mdnsd.te
100644	a52295e2cb1c8cd211d53a1cad5cd811079c5f6d	87dc7d5d5b4a0db227584a62c640384ccb4bdbb2728e2d5b0445026c90421275	1162	prebuilts/api/29.0/public/mediadrmserver.te
100644	4bedb0f064c16f960cacb07b66954b6fba1b2bbd	a0a7674a0356790b00cca3f68ebef5c07aef444cb3cfb962bf82ad642fdc9cd9	2754	prebuilts/api/29.0/public/mediaextractor.te
100644	0e56b07ecaceab4cb1c4c8447552dc39f88f2089	5cd83938593a9ca61c02e0b24256c9ad88efff1837db0ba6993dfac24bdc7045	1611	prebuilts/api/29.0/public/mediametrics.te
100644	24170a5cf177593ec3a6f398ba19a340210c0390	71ed6785e5c08b14c128db7ab08eb13c94acf5d00a3e7f71ab07cc02ec580f4f	161	prebuilts/api/29.0/public/mediaprovider.te
100644	70d0a55b25571e808b3196901d95d6cba2eb2460	81503b12cd37ae1c123724e7cfb7788fe995dff53ccb0b230fe08a5804cad6d3	5069	prebuilts/api/29.0/public/mediaserver.te
100644	2acdeeaddc01ab4bdbc26bc6b480806affe38262	aa69cc4a5e0a87db82ec5fc9cae8e9380e9e1bc97545a6bd52f244228584cc11	996	prebuilts/api/29.0/public/mediaswcodec.te
100644	119040921db369c0418744c3c0cf85f2ac9c8d37	dc874353c95d2aa0f562ba83aa69b4d5246ffc3621437ccb293078f7d29a841b	271	prebuilts/api/29.0/public/modprobe.te
100644	add63c0f56f2153d32e8baae8c4fb901428052ab	e9b6ed8fa8181b4b4eb7b986c2381be0b425ac203fec5d38708c40bb8c19ef11	325	prebuilts/api/29.0/public/mtp.te
100644	afa2a9c8ce0a75529bfeb52dc6457151a15a3826	9d0211dc70f60f6ec6f69755e664751179ad6fb055d3a33067662c24a7831ece	1044	prebuilts/api/29.0/public/net.te
100644	f776db66fa1e54b0c6e625770b3c5c1608a20db9	6b93be7284546f28beed6e01975f59f7c3439b4fa0da2cb373b30593a2d82710	6400	prebuilts/api/29.0/public/netd.te
100644	27aa7496cab2c9a942f482a1a3822f516f9762c8	1e12a74a5aaf73b0b5d1c1d5be66604ca9ffa33bac07cceaa72ca47c2bf248be	163	prebuilts/api/29.0/public/netutils_wrapper.te
100644	feff66460325473e21eb00d3f06ff07308979e4d	9ce89979e92b695e139601aa3ff49236a15c8fb41d921af58858e6466de27680	56	prebuilts/api/29.0/public/network_stack.te
100644	e2b6ed1af12264899c24eaf7e96e81e38fd8c2d7	2d7ffed76247d7fa598f34b636dafc9589b26f63dfd697d51523d163985fa756	681	prebuilts/api/29.0/public/neverallow_macros
100644	e3a03e7968a3c8346c821ba3dc9a26cd5e8b3736	bf7748322400aa0169814beb1391490a3a54f766c860496e4381796b8c666442	34	prebuilts/api/29.0/public/nfc.te
100644	cec0e6f09278d2e85d05b5c76715cbdb414ae8d6	ff13892d3e9c36d2f893db220babb69786ac7a6126d547645d1cdeb0da4c262d	35	prebuilts/api/29.0/public/perfetto.te
100644	7dcb5ea1ed58998db02111aedb4d962ac09c0862	4af434653c989e9c4fc8bbc6961f1b2d5e7b4aa05bbf5d50435332d5c25d21cd	1194	prebuilts/api/29.0/public/performanced.te
100644	47dfbf210d269bcc8a437383d183737b6a60aadc	cfb1c978e1adfceb114f7122df112d4fc08730cb28afc7b6b0cdff9b3945b095	4605	prebuilts/api/29.0/public/perfprofd.te
100644	9b1faf0f6a9149a5f0944eec43f0194a4aef02fe	0199747ce0a4d4281c3f1c661c30b7081e4422e9d8517c6cba4d5e17ca05dbbe	75	prebuilts/api/29.0/public/platform_app.te
100644	bcea2dcbf63a4bae8ef5c3991c5f2cd1df686980	5c5564a7558bdc84776e3fbe685ff1b2404f20b0544e8711086cce1b1ab44ed4	1720	prebuilts/api/29.0/public/postinstall.te
100644	b736deff5f2bfca18190469f559cd037ac10e491	4a9469aeec58070db7c6b9c06756b8a3d1a189b68720f058f4ff170cfffe2800	743	prebuilts/api/29.0/public/ppp.te
100644	0761fc30f88ff713c127b5ce3d105ae9072e807f	a6c5d1d7009cefa667f7eac56f9f069b4adb6f33857931e2dd595745542161db	85	prebuilts/api/29.0/public/priv_app.te
100644	8ff62710e41c62d2ac1310945a46c5cfc1f93e90	da4b5365c825987f0d1faecbf573ec3274e2bff5602706f2dcf8835d47e33ce9	1074	prebuilts/api/29.0/public/profman.te
100644	4ccd8ac85d9d43090fc0325f0e410caea5eb1f86	fb7d165b566b1e3d6d1f5a3395fd6dac34e6c4087f7173205bd5d24e69f14892	12601	prebuilts/api/29.0/public/property.te
100644	71002bea6ce7edd35b64a46976136c36855bdfb6	5c2faa92e924c5e34d8188f40400f80e1fb0a6310fd8d8472b77dfdbdc2846a0	29073	prebuilts/api/29.0/public/property_contexts
100644	688874024cb04c751ceaab66822cb26631502dac	a7c9ca4df403d643758af861d614072e31e8e0b0d9caea0abc59f830c37cf44e	1097	prebuilts/api/29.0/public/racoon.te
100644	452770736907d25bb06923122cd46d14fd022ccb	1b4724ad4a6f803c3c619a389dabe7d6f36308ab8b7ce5c93f96cc3bade82ab2	1369	prebuilts/api/29.0/public/radio.te
100644	35964ef261885fcec375f082faad5c5384da6862	7b6490b5b64bd38f4e34d43649768070cb57261d4dafabf138e0b106323a9071	5598	prebuilts/api/29.0/public/recovery.te
100644	d4b4562019a1c8997ba4339b70295cdee15e0b24	ced3bced3290abf63a8bce038473ee3eaa111362cc465b1fafa6721b9426aab9	1065	prebuilts/api/29.0/public/recovery_persist.te
100644	d6870dcb2cca489eb36505d1fdb853e09d8488a7	e6c2a59c17f1d99cd547f417527786972979c72b2f9bb008b92b76b72a897b13	794	prebuilts/api/29.0/public/recovery_refresh.te
100644	ca9293439ae9ccc02da1b764fb6b9d3751308c10	362775cb1b2a62fe2fa304ed6922e4d2b1563ad9cc850fbe35af1b60d113ae2c	21	prebuilts/api/29.0/public/roles
100644	16b6e9630647bd3827bfa860c1531364ef299ec1	7291fff34ccd560e4283b51f6088004488f665899531d657559229d929f52b21	83	prebuilts/api/29.0/public/rs.te
100644	163e1acde8f3df2b7763eea58467e23b51fef347	7f7ce7e68d4298827077e4576d5ca4ff38f931ff58f376c09b445c13752febba	130	prebuilts/api/29.0/public/rss_hwm_reset.te
100644	356a0190caaa9acb813b57f882b23d7d4cf70ab8	9101c0f565fc0e8e925dfce4e49d0b807d46935227a3ad08e09bfb9cce252e1c	1574	prebuilts/api/29.0/public/runas.te
100644	cdaa799c9dca37761bd00d5617467bea399adcb6	e4fd02f5279d6d0af85f7999921de938d6a9c05dd8f54cc5e65f11dbf6fd7b89	24	prebuilts/api/29.0/public/runas_app.te
100644	b3cede1682dc53cdf84876b781a47e8e9b456859	b5dd52e134625aeb1ecf534dcbb2e1ff4ce1aaacc600d6f0c6fb72ffbe041047	65	prebuilts/api/29.0/public/scheduler_service_server.te
100644	83c1840186337baba4902ca23b58261b21c4e339	2a8dcf741fe87eebee5c94d3d248e2f92cc6f9fc9057d36f4e2036c26b38389f	1533	prebuilts/api/29.0/public/sdcardd.te
100644	4ce6714f6eb264fb927a76641369ce910677ac50	5220e810e098a0c6cb6e3253e50bf736e4fe51d8af36008e130a29ce69a2721c	56	prebuilts/api/29.0/public/secure_element.te
100644	7c526a5f3300cb514bfefcf5b92de77f1de2ec7a	06eddcd78b1f41a9699e5616acab197c39e965aa954662d76c9174c35a0b9fed	59	prebuilts/api/29.0/public/sensor_service_server.te
100644	a2193d0edbe0227d93a30d95028dd66a93936aaf	addef26b27900291c490c87dea5551f3b461a42a9a6db4acd63083b799aea8d0	17096	prebuilts/api/29.0/public/service.te
100644	df209413feeff53c7c2c7274ecd312e7cb85f8a5	6a6b3d21a3b81fe402702b3e44364c8be8570d3ee1f9978d4eadb71dde05386a	925	prebuilts/api/29.0/public/servicemanager.te
100644	9d71249836fd70cb1176bc56f84426ab1e6abbe9	61c07d3a6fc0ffae5e16c5a55c08951940b42b2cc168774d4be45080038c65c8	1395	prebuilts/api/29.0/public/sgdisk.te
100644	8e58e421a80d461c591a31fe619bec3764b1a412	5c4109d51516b2dc36ec3e4ef4ae85da055fe2ca8f7786d345cff10a703f6a87	521	prebuilts/api/29.0/public/shared_relro.te
100644	56196c3d2fee0c26814dfa8b22278e6e5aaaec25	f769962fe5df058b3554c11aae7e1b9c250934186bbc2d93054b7ae45190805e	8061	prebuilts/api/29.0/public/shell.te
100644	b7ff7a0329398a93605df9ccc2b1758fa55e1b7a	9f99a203be01d8a2fed5ba19ca2ffc993f5795d2cd05e5cf7b68ff68a415f64b	1857	prebuilts/api/29.0/public/simpleperf_app_runner.te
100644	10fbbb8520ba234714c8277c0f2a659bbe37009b	3bc0f79b58d661b9653f63b815ebb0e5a7255e8087a79140bdfb4c2878283824	566	prebuilts/api/29.0/public/slideshow.te
100644	564ae234ecbec03abeac15ffd7f4da178f8df164	77e12d0af283dd44492530e55be72a062578a1fdc8a3bae1a8922c0ca3d720ae	57	prebuilts/api/29.0/public/stats_service_server.te
100644	089cae93677d54a4a6a03c51e5ebdd6417fdade2	2d4120a4149afdfcdb5526e4493a17b0a96d64a5b70e2c3cea9977168800c7c9	2633	prebuilts/api/29.0/public/statsd.te
100644	a2f435e17f508db648e5f877b5d10e3ec9b5c689	9fc8133a70928a1f3cff6d9846ff819fe6c2e4df8e22a00799d421c605a91445	4160	prebuilts/api/29.0/public/su.te
100644	c1e4844a04339e022b75bf155a2510137550bf70	08c6fc8432eb453dc9bc9f2a395246e06a567c950cb2fe62fa06b39ca90af7c2	113	prebuilts/api/29.0/public/surfaceflinger.te
100644	023058ee0f0f2220e94101cdbe92fafeff4bfbfd	89d62acc300ea4f19dbc0034d701290b9588b9a55087295230d4bba16724a1c1	182	prebuilts/api/29.0/public/system_app.te
100644	ff18bdf845b7a7420634097bc2d4bad2c995b6da	3f721703f892943a5daa92606eca8774a9a6f196d049b9819b3cc7e9f67f59eb	194	prebuilts/api/29.0/public/system_server.te
100644	8e8310d5ed1d3b55b5987bb113e18b986577d233	9c1b878020c03a12ef939d258dc8f79f6fdedc854f5277cd796873c084337583	225	prebuilts/api/29.0/public/system_suspend_server.te
100644	85783dc9dc341b689a9d01f7ae4d85015eb7907e	c9285065b280c03ec4b446b0d45a6361db1b04ae9478e52c5d3ec185ca77a1ab	25432	prebuilts/api/29.0/public/te_macros
100644	0f9b32dc9d4cb095f4ea361e39a52b09d0c01b29	6d0949f78056f251f8be5bb3d2d212cd25c8b28ba64dc926e29998dbe1d75c57	261	prebuilts/api/29.0/public/tee.te
100644	ea2abbb75230146c32dae2ccdc0318fab10884a1	66782d7496d1206a1a19ed56c11102d86d2c06c2b6af24f82432b359d42d977b	711	prebuilts/api/29.0/public/tombstoned.te
100644	19cc3b6fea5b60644133af08149c5497bf0a5245	c5a50a9e8d86abcc2e290c5591f1180f6b21e9fbe4bd9b0a59fa9182620eea46	1017	prebuilts/api/29.0/public/toolbox.te
100644	ec5b85039b875c8f80c9f52e10fa09a6bae534cb	43bf4e0d00576114b6fbd98f7431afc0fec706efc3e049fa7ba4c76857219dea	53	prebuilts/api/29.0/public/traced.te
100644	3e587c8efb8210d50a822854d939ae5a5cf7112d	358cfe8b86556384b74ce5a75b667c08aa773ac9f9c635bbbb92dcbf11475a5d	59	prebuilts/api/29.0/public/traced_probes.te
100644	5333015f3a399bf8b432689e51edc71acbfe4bfa	9803b2596ed6cc0cf05a68087e1561b99625a695b2376d03b359b59e9c435dfa	809	prebuilts/api/29.0/public/traceur_app.te
100644	cf9b95de9e3b5a9652e702875f7dfbabedf90cf8	6e94cf1fd52b8ef6f0494ceb01475ba24fb903e83775860584cc10029268bde1	1055	prebuilts/api/29.0/public/tzdatacheck.te
100644	98e3bda7ce75e3989f47300f105604bd298137f6	2fd0ba7bb9fe15c3815a2251fd362a45d4f4b6e0db472f66ffa9a368c72c9e02	3251	prebuilts/api/29.0/public/ueventd.te
100644	28dc3f20985dc8f0cc6617975acbd18d428787c4	58ed2e86d8f3f9b812676f71d7fa57554bfed072053dbf7bdc0761410e516971	1265	prebuilts/api/29.0/public/uncrypt.te
100644	5289bf96b9c856c30d69e3db37fd4dce03e0f792	fcbc093b4252c964a33248f942e7107580412b801810f2921df466f8afbe6e3a	982	prebuilts/api/29.0/public/untrusted_app.te
100644	7bcaca64087fab7e6c34ff6b6e01a989b2d7ea03	32beb4b86b0fce11766cfe53ccbbae2d7e7418ef6f93fc899fca49b039bb3c21	2219	prebuilts/api/29.0/public/update_engine.te
100644	a326d4c89d50ac191c0339630b17cb8b34304356	b59781ea3488524ccf7c19aaa6ecbfd93cefc99397102d9955d94d0dd6b471bc	3128	prebuilts/api/29.0/public/update_engine_common.te
100644	8d40cddcc649396e4188b313193b6c94946a6254	940073c69457ce5b56c61b2e8dfba82a52125d8e265146dc96fdc04b431610a4	1305	prebuilts/api/29.0/public/update_verifier.te
100644	991e7be5fcefbfda3e7bde9d19b827477c99cac2	ff336a4627673c807af3670a6d03f7cb107eaf2e9b44b685aec4be8be146a02e	143	prebuilts/api/29.0/public/usbd.te
100644	e638e50a635778652f326d90bbc3b93fc72d480a	2b822171fae16317478c6c06fd134bcebb7665e31dceecdd831accfe315d81a4	573	prebuilts/api/29.0/public/vdc.te
100644	375673cf8c451d7d28d93f65a84eb2851ad932ed	3004ffeeb34da49e121f1022c9e013b96589cef4e4b55f60b970254c817857b7	8894	prebuilts/api/29.0/public/vendor_init.te
100644	dee9941341b969506da606188cecca27aba57e41	96f30e5e9c0b87d2f986d91df148a78b65cf2b1f88b71bfb66bd794118f2974f	551	prebuilts/api/29.0/public/vendor_misc_writer.te
100644	7d30acba4b8fecfb883eb3613ff13dce6dd7dc4d	78dfef5c907a1c2bdeb45d45dac8e8f6952d506ad80251e0f25109e3fef4cd4f	796	prebuilts/api/29.0/public/vendor_shell.te
100644	63f938de12887e5e07e9bb0778c041635de396d2	43dabd0b98aa019721b4456405ff0000a84b39837f824894b9d2d25c6aa6efb4	599	prebuilts/api/29.0/public/vendor_toolbox.te
100644	49c87044c42f24f4f681df42256fb43a2e0ac367	78eabfbbb0f097249bd988c3b1fdc503b69f49cd954ac9f02c390e8c91dfa1bc	613	prebuilts/api/29.0/public/virtual_touchpad.te
100644	0d309bf71510428f71fe0f336d1ff3f023418dd4	3435f0e92777bedd07679b903ebf9e4763c831a0b135efc1b59497d72345f331	58	prebuilts/api/29.0/public/vndservice.te
100644	6b9f73dc00b51adcf9a2f31713e285c009490a78	52a27877172447b87eb16cd611c960ade67420e2c4333d21ffe1c254d158e9ed	102	prebuilts/api/29.0/public/vndservicemanager.te
100644	2a278eb822d31a47185c9f5f6337e5d4850503ea	070e295ffd54d4c993e349ff15ed94ac3c6ad48f87225cc395f53b081bdb9c6e	10106	prebuilts/api/29.0/public/vold.te
100644	3087fa861bbe04b61d93424a82adeaa40b25ffa7	b8ef783cb45e03a332b890381f34eed651b226e942e8700cb48d653d55300a4b	228	prebuilts/api/29.0/public/vold_prepare_subdirs.te
100644	c14688703c4ec42723cc186f1b5465f4a0b2e0f7	ab570996f3bae8ac239eb293293360a92394f49faa4481ebc1a91e565332d8d8	958	prebuilts/api/29.0/public/vr_hwc.te
100644	72e3685646bfa523ac4b2c4ef801c6142180158b	e509a80eb8b62689a4a8c985638a3f57e684436ab759580adf38cf05ee29abc2	247	prebuilts/api/29.0/public/watchdogd.te
100644	ace3a013e11bcb767476c4b9dcecbbec6aa973cf	9143395295cd20ae1a38d4c42173d1eb2fb0894496f7c6d2e96b3e04d901012a	248	prebuilts/api/29.0/public/webview_zygote.te
100644	656abad06e1a87aa37f276d65aee92de587e9790	ab8c44e2995f47d64459f159b7961b48b04e184126d9f70b3b254cbadaa10b09	1103	prebuilts/api/29.0/public/wificond.te
100644	8ddd6935d6300dbfa909b6b6a8b43d4c1a55a89d	e881b8c1524455d03ecb2b12a1190a10fb484beff7a111b069594b1d1d1e26de	1176	prebuilts/api/29.0/public/wpantund.te
100644	071354e828cf32b1556b229c732ef1eb74970a6e	d845eb52d49bb388b34b0f30625f1ec91566733857644f8c5da826c3d20228a5	118	prebuilts/api/29.0/public/zygote.te
100644	27e6147c031df2f2f1bd775fe8d7a745951c9add	ff94242e915474d57dc66ad787620906aac44db034efa87cbc5efde1dc933b19	3053	prebuilts/api/30.0/Android.bp
100644	4144be85ff6cf68564fe1fb2114ffda3622b803f	9683c6b24d88a12825bab6bcadf5428b48566f953aa69b820470912d8524c71e	8332	prebuilts/api/30.0/private/access_vectors
100644	e81aac7de4f5f9679ada018c598ef05735055793	1bc71914da2a06a32c2fd73bd9d3dfda6cd154f96365025b73e25efdbd1aa0bd	6865	prebuilts/api/30.0/private/adbd.te
100644	33efde06bcaf0cafb387a051048e1bb6b56924b4	e4c895659c59c2fa8ceac7e43986903e7e57f114b023b2904954692cadc248ea	117	prebuilts/api/30.0/private/aidl_lazy_test_server.te
100644	f1bc2145eba91d9c0e9dc6e4a3e4a688050c2dd1	c8a97894383d5da71504f66f201ba9f0ef8239204bed9c6f842cb149e5dcdf7a	647	prebuilts/api/30.0/private/apex_test_prepostinstall.te
100644	9e702dd919eb4bd60f69f5e49dcd7b79e7447a65	2a4243c862227fff13a97f3918b1c507cd2a8fc3bf9853f8f8ba0f44f0f3d2a2	6521	prebuilts/api/30.0/private/apexd.te
100644	9882d8f9b0077307c93cacc47e59722754a2b112	5a53fdc387dd15c2de70fa9ea1235a3a00e2e9f1c1c4fe8afc56953c5e08a290	2070	prebuilts/api/30.0/private/app.te
100644	11571870070ada8e03dc771ed4366a4bfb550a80	6fed9c1f174fc47ddc2b5bb6127c7bed55af87b49ec66051c248874550910bf9	10683	prebuilts/api/30.0/private/app_neverallows.te
100644	9285323221de8fa20b6f97c91d56822a042931c1	4035276f146907ee69a704cfdd254085c91a83fbbc79d23c91584ab93e6801df	5588	prebuilts/api/30.0/private/app_zygote.te
100644	ba02083c35dc06b4a34ec01226d5bc1675868cfe	0ae9729c38149b2ecf62a013f670a6784b33f5f442f59348cb983152142aacbd	1187	prebuilts/api/30.0/private/art_apex_boot_integrity.te
100644	576ed2006db182c65cac892d89c01743805b3b14	1f2fef551ab1a5a964a8cd82a993eae83a24484677457e2a3c3d0ad4371d340f	1221	prebuilts/api/30.0/private/art_apex_postinstall.te
100644	12b102041d7906e9b7cc7117b7ce008208c225f9	fb696c4f4dc642d465515aa2c56dd79392479df2644ed42eeda3914402aceef1	1152	prebuilts/api/30.0/private/art_apex_preinstall.te
100644	1c20d78ecdb055d2ca26614dc4d5584883715af8	b3c88167cec26b32342b456e6091b18c60ac89d054cbcad7b86dc90085789790	311	prebuilts/api/30.0/private/asan_extract.te
100644	585c254847f8aace575058bff9e16fca024771cf	5a71c96798c5da8a5b27bb02b15bc1a72dbddc5fd954d769673a08054c539123	2687	prebuilts/api/30.0/private/atrace.te
100644	e01b2126ae5de5445471d89673a83305c5b2c7b2	587f8a6759fa6d1b4012e96a37573ce9a7a0bd35b54e05f9072face0a7ceaf9c	26	prebuilts/api/30.0/private/attributes
100644	067152fb7c9bb5f133a9aa6316e101505c0378b1	87caaab266bf24dca3ea39a3dd5e091e125c35e8215a9844c996fb6ce275f4de	3819	prebuilts/api/30.0/private/audioserver.te
100644	f634d3d1d57f5e717f14b15b8f849dec68d161d0	7abdedf0f6df9b9d818a21e610b2580e7ac8c9e613f79dc1c5f4966f20edbf67	589	prebuilts/api/30.0/private/auditctl.te
100644	fa11ca4246317bb2b30348db634af532f789d6af	2390a87471db5b83453b8d60fab73a27a14eb1303cc579c3c2d48ee2b5a29127	1277	prebuilts/api/30.0/private/automotive_display_service.te
100644	4a1218e1da65f72cc871664a2fb1db2c63b42a8a	2142a7ef9b22c461df90a00e79ab778253958b450797213567c2e06ccedb9190	71	prebuilts/api/30.0/private/binder_in_vendor_violators.te
100644	0891ee5b2195f386b7493e68dd9af52570ab546b	c7ee5f91d8863d9a5d7101c471cf2cb5699fc50c14f870b10e4cd2d1d5e5e85c	1026	prebuilts/api/30.0/private/binderservicedomain.te
100644	51310d18032c57e951557ba20c2e7eb383ebb52e	4db89c14e5f252d2ad988d0b2a201e0de13fe63ec438bc25f67ea429dea77c3a	181	prebuilts/api/30.0/private/blank_screen.te
100644	4e972ab95d9168b08d01eaa49190758b7ae84b62	18c88b2e9292d78a6b24b559d3c63e7484ad4028c2aba98d5a17519b8b63bb5f	721	prebuilts/api/30.0/private/blkid.te
100644	125677157ebaadf6fce40e245c85904008103b13	537d7b18964f3c89f911d6d98ac239963941f02a8903933dfac4c46675f8c4d1	1100	prebuilts/api/30.0/private/blkid_untrusted.te
100644	1680361e5dc085aca85f5a7fceaf847ff91f6520	018c1f0caf42e4c493cb14c355b78bd2ada229ae04013defb6e7185513b2a01a	3283	prebuilts/api/30.0/private/bluetooth.te
100644	fe4f0e663e6ae203381c9e365896f87f919399b2	a9cc20171e4db59f3a38a0cdf21d6e9f38c7b227152eac557d9d6b7b0618992c	167	prebuilts/api/30.0/private/bluetoothdomain.te
100644	47405601d1780d3e31244af6455d55bbe558d342	928aaef5abd8231408096c7b8948cd9b71bc484ac063b3582b8e3d3582b2b02b	239	prebuilts/api/30.0/private/bootanim.te
100644	806144cf6d34d1d0e4fa82f23863d2d20f217a2b	60daf654155f14a741fb39d488c778e6d295b4dcba3e093fa75d38da22e8e28e	65	prebuilts/api/30.0/private/bootstat.te
100644	50fc1fc1c18050810a79b52b0f128f7f850f812f	bf0aa8f1cb59b85418604f805456559aa15d23d2427160f72ff414dbbeb21f52	3639	prebuilts/api/30.0/private/boringssl_self_test.te
100644	74a8e25043852333641b54248fe5411a51dadef1	a178ff1ecbebfaae58fab878e4288f9c2c9ebdc1792dff9989b19c7d984e956d	1529	prebuilts/api/30.0/private/bpfloader.te
100644	012eb20270cb536f73ae5c02e199a76706106312	4fb1124b4805ee7af1e2f9b6dbe81b03682fe9a1f5e38aa4c805f45ee11e8375	69	prebuilts/api/30.0/private/bufferhubd.te
100644	eaa159303d432261ca12237d0f01ad46fe24883d	565038ea94d05bc1a2871c48dc4b323e7843178446556c0319b8077afdaa6292	1511	prebuilts/api/30.0/private/bug_map
100644	2be3c9ea37ef57eb00f390f84e07126555424fbd	1254ac87f037499e8fc974fc42bb21cfa7ec2d90f14828599b2f9dd9d90c3195	151	prebuilts/api/30.0/private/cameraserver.te
100644	65109deff1cd8bc78d679e2faa0a2c440ebc8ef0	2f6e73f489db864d56468c6c57dd6eead37f2f40b9e6d26b8c03fd1fdd72bea7	34	prebuilts/api/30.0/private/charger.te
100644	0fa774a27f1a8694f78d48f4b535f9398df0b395	c6cbeac08f0fe67fc458a5ab156fc29f6904e8c32618d6088ae19c2d018360cb	1542	prebuilts/api/30.0/private/clatd.te
100644	5231498e18aa4735e3342650ca578812b90492a5	71327621085b31d500e909ce5ee16c178c5b52afc28d9b894b98b88e6ea4a3e1	109152	prebuilts/api/30.0/private/compat/29.0/29.0.cil
100644	af4da8a23630038adfa315e4e57312938fabc625	70a54391a9cdea7ad7297cae8c3e4dbb89af7ade9aca6d43e9f9e420acb0db37	165	prebuilts/api/30.0/private/compat/29.0/29.0.compat.cil
100644	fdea691eac39a0b023c61403777e62b10e0878f0	7e0597d7d9c6fff18951c658084292abaa2c46c430183d3603546736ad665733	3476	prebuilts/api/30.0/private/compat/29.0/29.0.ignore.cil
100644	f13d98a1d208840449a0cca6212fbedf8970d9a2	f2d0baa93512f48aa0be00ff7635a419c89856eb8b692d155228bdcce4678c9e	4162	prebuilts/api/30.0/private/coredomain.te
100644	1192ba676ee7fcb43ad1ef2900a82cd0a0c27c24	4a9598ed103d1defb7e9e8224ad0d9de79105cd6ec84f42f787947f6547f290d	1240	prebuilts/api/30.0/private/cppreopts.te
100644	f130327da4319845697f0c883e6cddb00e459317	e7c97b9ec88480e08eb934ba403dca9ba1e70eb601b0b07ee82ea080cb59f58d	1003	prebuilts/api/30.0/private/crash_dump.te
100644	8d87e2f330533c36d4722c449f0eb4079f1eda07	6d474f4fa397a220561995e6fe5f1f7d20e92e2beffb6c5b6d7eff1680315e9e	141	prebuilts/api/30.0/private/credstore.te
100644	1f60e3446f9fdb5e1219e46b8419de155c48df77	ea76b65463ad1b4ca05d717b52075bb3cf5f3f056a16b03aa8211e54100e7232	424	prebuilts/api/30.0/private/derive_sdk.te
100644	7907f6c2ab6f52d37d3412acfc82b51e9ec6617a	1b881407c8e80ca151ccf4618ff7692161deb1b56d3339c02961fa5f71972963	3234	prebuilts/api/30.0/private/dex2oat.te
100644	a2b2b018d22903b18e6011ab388718a11b5a6d32	06dabfb7a95e5ed4eaf4ac637c2cd7fd620c0f5675bb062c5fb5fd2e7617c471	1808	prebuilts/api/30.0/private/dexoptanalyzer.te
100644	b2f8ac7c747cf6bba0fe8080fa1afb8348b9ae95	22d148a2957d9d442aed4a12a1b59768b45bb10afb988060a771d58a534406a5	124	prebuilts/api/30.0/private/dhcp.te
100644	96084b490a08b671853cafdbf5762b7ae1c5118c	434c86e9ace194b3fffc0984a197d370e004836c1dd97f43ca68b835327114bc	34	prebuilts/api/30.0/private/dnsmasq.te
100644	430cb3f0985fc5130879baf9ca7a6005b865a31e	92c0e83bb9d738d1d65520b06515c039bea560c620926def3cc255980addd114	11259	prebuilts/api/30.0/private/domain.te
100644	afe4f0aae833466a1cdb72d354e3d50649832920	00431991fcb32cac4b9bc55f2a840f6e88537a9de563697dcff56c7f79f0eebd	187	prebuilts/api/30.0/private/drmserver.te
100644	72e508e863a63b89a9fcc846557b99a48a01290f	17a0ca075c25660f2c89ae3c5438726ca12ff3084f7d442db52bc7707dbe9141	1809	prebuilts/api/30.0/private/dumpstate.te
100644	56d47474be9827fb93aa06736d147bd30bcbb8ab	0a8c94e62b900fb089a497fdf9f92385dc17dce260e4f2c618955b46af8c9f03	3873	prebuilts/api/30.0/private/ephemeral_app.te
100644	29a9157e6d9b81761dee596ab94726ed19985ee9	1a47cd89bf880785b502810c16c1bc51d146a7eae1972f2d43675120203c380e	36	prebuilts/api/30.0/private/fastbootd.te
100644	44920029c68a01d4771fc6cc802ced3955ba0e38	198950e4c659a862b23fce99609aeb2b25cd66f060618fbf5325a470629356f0	1047	prebuilts/api/30.0/private/file.te
100644	71a72b4debefef8e376851b8fd0abb110d1bf687	5cb52eb57057d7894982fdd80f9e3bbc58e361f9bdf7c9be22f27f22b0c17c5b	39351	prebuilts/api/30.0/private/file_contexts
100644	b37f086338be5d12957feebd9c36ea669449ec1d	a096de3c419af44e227b07725bf97b4de8f83e1fb6a8fd46deccb566e746f978	950	prebuilts/api/30.0/private/file_contexts_asan
100644	e472fade565924ccdc1d43e23d8c3908c57f9a2e	9e45850bb0bc23086295a61242a86117ef6190cf45492c3e37f225cc788cf45d	510	prebuilts/api/30.0/private/file_contexts_overlayfs
100644	eb73ef8ccf9a3129f5a635c3f390d1177277e6f5	1499df576556d71a156bc07d86a7dc37508acc0f038a709379188ba4379a3ff4	73	prebuilts/api/30.0/private/fingerprintd.te
100644	fb41aff793d4ad03cb92e2129e19f7919d3bdbba	eb438e6a729b8a2196858beb53dcf5c9e4f51204ff7915bccf48a5e12a5e9e01	85	prebuilts/api/30.0/private/flags_health_check.te
100644	6fcc2ccb8029a4601739f442edf42af2e6c1deb4	b97e515fcb4c7d5bf205c7f47ea2c1007babaa6e010bbf8a04741d390d0e8424	1008	prebuilts/api/30.0/private/fs_use
100644	f8e09b645d4165b61be2f3b7d841ce0a420d5dc6	484e616c55adb391efe905ecafa51a82085fe8d20e84e60641150453e69ff966	115	prebuilts/api/30.0/private/fsck.te
100644	9a57bf02771bb2a06bf59d5b0a922e96dcb81aa6	a487f15cfd8d2e8ee93353da0d766f5f86b62b115de5e2d90380a561d94a6828	41	prebuilts/api/30.0/private/fsck_untrusted.te
100644	4bb3d0ffb28e61e5b219fd7d7a1d9faec3ed3ba3	796bbfc74e29bf3b0f015d8282883354287eb2066aea139ce0b66fc3ffa63e20	909	prebuilts/api/30.0/private/fsverity_init.te
100644	6b69cca613eafc77c828f2e6cfd1939336d6e2d6	71b0e6f17a5c7e899027e1175b790507cc42bbcd627ea4d1a3e406a0d54aa5c2	300	prebuilts/api/30.0/private/fwk_bufferhub.te
100644	5e4d0a2e9de7c4649a6b699d46ef8a8d3d2def99	dd6b06401f621c1fcf1c19a757aa8998deab07722d5fc212e7a8412f1977bdc3	71	prebuilts/api/30.0/private/gatekeeperd.te
100644	89232bc01ece0b0309abe0bd325a8b56f8eb0aaf	8e60950fd148f707b01337e2081e37468035a0b47b74ad29dcc27cd0ca8a2d7e	25061	prebuilts/api/30.0/private/genfs_contexts
100644	b7c923597f6e2985ac0b572fbc356a2c4c5d96eb	7bf49d25ca940c5f0dc00453ed3762998befcf36dc51072735cf44a23221d525	5491	prebuilts/api/30.0/private/gmscore_app.te
100644	a4d84ea9df058a019d12902f7f9af512fd7a0f6b	32433222e00b895bd429d4f0172b577183f5254c877585e2b2b06159e54110fb	1652	prebuilts/api/30.0/private/gpuservice.te
100644	3ff9d678db9ca978053a6fc87d79c0e6860f1471	0cefb54588fe950ac4c4b28d0647d41243b6aabe7624b5f29ff6c909f8618c21	5334	prebuilts/api/30.0/private/gsid.te
100644	7aa28aa29e35452ecfe7500472c2cc269e558fbe	c758f61b1bf0bc59fa4a56149bd6badeec80e5bccdb4356af9e73a80b59811d5	220	prebuilts/api/30.0/private/hal_allocator_default.te
100644	93cf2350bcd52cd8f35aefaccc7c034d10857af8	4a0be12763ff0fa1075102739fa3f357a29a27113f126a58a58319ec078d4865	88	prebuilts/api/30.0/private/hal_lazy_test.te
100644	9dcd3ee3846a74094ad45970754e76405846f626	4f2d76873fcbb4d2632cdc8d65a87aaf2307e000994f42d9ac6fa616391cf970	392	prebuilts/api/30.0/private/halclientdomain.te
100644	f36e0e7d8f15cae1cc86b4259a1610540d9839ce	411698d698161bd46b5f2c70f0a06f0a70e18c924735ff871cb40dfa365ddf1b	319	prebuilts/api/30.0/private/halserverdomain.te
100644	20d0791739606dd0e886a1f0eacd9cb6308d40b1	a68b97e7c1235ba9dc335ea3949a1edc4f72127b947e4eeb832f8e7f10ca54df	139	prebuilts/api/30.0/private/healthd.te
100644	7bd60a46efbe81693c5bba875dafba0e9f112765	14ec260c457b26d704aa26b28e0fb96b075a9119c9a2fd8ce3545705e3620b31	2846	prebuilts/api/30.0/private/heapprofd.te
100644	04e8c9fbe1dbf5f5154668ea73f8af13a07e9b35	e5e7a9fc4879321b1fd588066b1f1240da1b077e62f6c1f312180d89c5aa7973	284	prebuilts/api/30.0/private/hidl_lazy_test_server.te
100644	b7ba4d7bfe3a4afb612c3f3e7e3f4b12e40cbc67	66cba9bf5a5bcb6bfff7d5a7430ce0e522cf798f80580889d092086d233071af	75	prebuilts/api/30.0/private/hwservice.te
100644	c45b0efdbb2e71f6f0de071be1b111fb16512086	8b4e2ffcb1a9f8e56423961a561534dd56f9f6b35d26fc0be2b8492e86797c2e	8752	prebuilts/api/30.0/private/hwservice_contexts
100644	0705cc711a933cc614bfec61d48143abaf554730	57778f0a89707df247eceb70fe4c2501b4ab998a3d2c9efb6663788a1153b2c9	246	prebuilts/api/30.0/private/hwservicemanager.te
100644	c982783b97f2b151a37b3588e44bffc4d9c104e0	38f6ddb2675332f615707485c984b5ce9968b0af23217f7585e7b0758e6afcd8	59	prebuilts/api/30.0/private/idmap.te
100644	db9ae8638b9190a022412a81227c148db5e416a2	3ec2150a35d7a19510afa19c7df6e691ead35d0a54854affbf4727d2bfbbddf9	1411	prebuilts/api/30.0/private/incident.te
100644	b45385568345b9c85c622bff8b4ecb386140ac09	9c3ce7fec36997085960e3b0331fb2f6bc053e16c7e684516aa6d77b52c64ab2	719	prebuilts/api/30.0/private/incident_helper.te
100644	f10173b00131dd16b03d35427f9c4c120984ee4e	5472031b4aa14c72764ee4610f9ba4f2e4bfbdf603138061aa6e32d3e0db13e6	6500	prebuilts/api/30.0/private/incidentd.te
100644	b0e7f809a4fc80a8062cf96a7612c9f7f206229b	5a7ccd1065a34bd5ddd6cf2220a019fd42d6956eee1624ebf7e70067613370c3	2465	prebuilts/api/30.0/private/init.te
100644	98190510f2a65869b031c62304436979620cdf06	c6062ea3690f13c60c665063d58bcc246a736c103e770bc7008cfb25606e3f16	973	prebuilts/api/30.0/private/initial_sid_contexts
100644	91ac816ba7657261a9f2f486d551626d3cc0ce1e	b65322809825c3f8425f805fced74fb25981e71b7602450584e83ff800fafad7	416	prebuilts/api/30.0/private/initial_sids
100644	9696b491b75897d98346b9494cce5f92ad10733c	15009df396ac3bce3902b53db49ea9603326188b10ae4db718ca4398a715f72d	73	prebuilts/api/30.0/private/inputflinger.te
100644	c89ba8bfaa9bb694c84070e0a2f57b4e5ea26ad9	6ff6f1617db057dd1fb4822b8c2c698321209f57f86946d4368bdbbd3cd4b0dc	1586	prebuilts/api/30.0/private/installd.te
100644	96b7bc26880c0f5822df079ef93ccdfe286c1aa0	5cfaf1637f32e8506b7c3455721c0221b6caa8b58c8a2775de5f8a90bb72da74	528	prebuilts/api/30.0/private/iorap_inode2filename.te
100644	9ddb512c9897733111867864756d882fdb0de89b	83ad2a921a2dad05b6e76f3fbfef607d2fa94627f6e2d157ef0a93e78b354122	115	prebuilts/api/30.0/private/iorap_prefecherd.te
100644	73acec9c908219b63028199378b7855c24ebede3	dc32c960b255d0280c05366201c814e9819dc7432985d3c19bef8b5a84f89917	359	prebuilts/api/30.0/private/iorapd.te
100644	94d60f066acd5802b1552dbf81ca3d50d99ffcd9	96d5c86de84b7e8c85e0615f223d4433a147773dd5df4a1615e28589a2f38358	6605	prebuilts/api/30.0/private/isolated_app.te
100644	adc8c9632f7c0959216685cb028d0d4f2c1fe7a3	906ba4c0b7eebd6de617d95a08acdacaeae2dfc89b205cbce5b0d0b30f1a5867	107	prebuilts/api/30.0/private/iw.te
100644	207800e0857481c747c7be12925422738c767607	20d00ae8e9aeae93f9c9fc171e63a13642bcfdec93d71c30a7c523b829861f13	320	prebuilts/api/30.0/private/kernel.te
100644	362e73df7d21e05498b8a51ced490f151da9213c	388a157a657e19c5057e2488577153e885e71c9b3faf77126be49ba8306f4404	933	prebuilts/api/30.0/private/keys.conf
100644	81b6dfb869522848aa7e66a137af3f3d8646efd1	59003e343687d9b51cc57b532755d484e435b7981ad3cabd307a00b0c0689270	476	prebuilts/api/30.0/private/keystore.te
100644	414b39f48918f7c0fc4b51e1801a908ff6c286f4	127f34cf28f7eef9e4a609852c34911a9dd6f0ef08176412154bd93a4d657b0a	694	prebuilts/api/30.0/private/linkerconfig.te
100644	f218dec7c43cc90eff4d08cc3a7e5e5cb349d6e8	6424d7e69c9e5ef915d4be6e48815728005d68727748fcd2629557a16b737ba6	1492	prebuilts/api/30.0/private/llkd.te
100644	e51cddb4c8161ed36e4aeb8b027fef0936aedd31	782cc0d8812b45a76331e86879215eeafd185bb57cb9731c3e3347da997131da	182	prebuilts/api/30.0/private/lmkd.te
100644	ca92e2061ba91339dee064ad7761f83807bed9be	a3f0d922de210a5c313668ecd97cea9286ac923447ae2af0702dec29bdeded1a	820	prebuilts/api/30.0/private/logd.te
100644	ac324df88fe411bec00bbcfc5304768da1478ad7	9d8dade25f72d817b2e3b7b2dacef3af6a5dbeccd5fabc64f06960b2b50929ae	1179	prebuilts/api/30.0/private/logpersist.te
100644	3bcd7612e9d4639c709aab3f8a8ff1986c4a5b15	768f192a88f8ba88ceafa47113f6098a523f5e7818bb568933e821f2dbfb5a3d	1152	prebuilts/api/30.0/private/lpdumpd.te
100644	7fc37c13efd9826040450b0b6bbda69e6bd7374f	f256a9b5d8cb67e8f39e8ea25b8bf61e50a10920d5744b302486ae9ab1eae74a	2064	prebuilts/api/30.0/private/mac_permissions.xml
100644	98e95dab3b8a1e867e0e04a6c16f81050cd33fdd	89fc355ab8793ac8b373c5d48a24e00c0549a8744fec78af5c6fb10d144f761c	245	prebuilts/api/30.0/private/mdnsd.te
100644	4e511a81908db79a52dea340725f7c771efa9c7e	bd7a10acc20328bd3d6296d00d3f00aa4a394fe097225d30531eef7b8cc1d7f2	241	prebuilts/api/30.0/private/mediadrmserver.te
100644	2e654d689e85bb2ee6cb7c83330dda8e4186856e	8d1ea84fb3535e71b5d703f35237165edbad13848692de6873aed8bb57a6c7ca	322	prebuilts/api/30.0/private/mediaextractor.te
100644	f8b2fa5cdcf1995c62fd767be217af4bd80d9905	a939156f3eec5feff305c4d836d9cddaf94049a019cdc463a55f7e5817fdabf1	73	prebuilts/api/30.0/private/mediametrics.te
100644	249fee17931959f02a1f0f882840a2cdaa498c8e	c4d61aab9b994d82f75bfe700a03a173af305b2380d19fe7930c9881ccba3aed	1728	prebuilts/api/30.0/private/mediaprovider.te
100644	335c1b6109f4079b494255f30871a72702630cb6	23b59e96ad8b8b51f170dd4b17bc3796830e67e64a32de5e0c110a6f073ea573	1447	prebuilts/api/30.0/private/mediaprovider_app.te
100644	c55e54a947feb86c79dac07293e48c22dc6ff508	823a987254a8906652c4d8ebe0c0422209946e0e357348cb78f818f9f89b5945	492	prebuilts/api/30.0/private/mediaserver.te
100644	50f569875184611993d11bf62958f91a3d56da94	34d03fdafbbce8e56016eb912ba3356ba53d82037237471c99bbc596fdedd3fd	74	prebuilts/api/30.0/private/mediaswcodec.te
100644	e0ad84c66e1d1aa855acc14170317e49a52c7769	43cf36b3cc4b271f06c9cae3985ecd970d72b490403a24ffbc0c8365f604214a	81	prebuilts/api/30.0/private/mediatranscoding.te
100644	b2a1fb10a7fdb4ea394c509082976422ff168e24	b159948255fbda94eb8b135360e44953046a3bc5c4c9b53fe055dbfd45507cd2	1246	prebuilts/api/30.0/private/migrate_legacy_obb_data.te
100644	08d4e1f94dfc0f9ba8e318d0ee9d63a375b67f9e	7f9c84e8518501e29ba4c536b03944bda7f1e233db6e32a505cacebfe077a242	4931	prebuilts/api/30.0/private/mls
100644	dd53bea7e83755ed099489e70215f810e610695e	f7549d8c5569deaa3cee8c9decad170e9a7aae349a68e5e0602db7825417ba14	276	prebuilts/api/30.0/private/mls_decl
100644	83e05425b27f234203ac747ca613d8a39fac3d28	c5822b44c9a53ab6dda8f4ce79bbf90a9d97fc9ab43849ef0f4207bc86e048d5	1252	prebuilts/api/30.0/private/mls_macros
100644	98586756f91da77583959db541ca421a565ebcf3	d3174958d3591c745e10b11acdf511e0ca001a469697cf97c4ecff4642098355	35	prebuilts/api/30.0/private/modprobe.te
100644	732e111ed0b42407b3076a9ce971946b9a01e818	3e3d3470ad8f942d07e6ed822b6639cd275d8534cac4ce93cf4153a78dfaf82f	55	prebuilts/api/30.0/private/mtp.te
100644	41473b73db7b1f1ff34c8aa15fa16fe9ef3c7203	e42ea03d0771fd943efc01348c219f28280be8911dcf1c668fa2b922b7150fa5	983	prebuilts/api/30.0/private/netd.te
100644	ca3b5158520592e47bded0a78a41174b41af32fb	4b1b2e3da91fa32c287e49ab888956c5dbcab565a0fa49dea15b540a4b861f6f	1730	prebuilts/api/30.0/private/netutils_wrapper.te
100644	1295a070f460d83640301f96b38f4b6c51fd2850	58e67ec7b6e6241d2275c4d93473dddf2538340d4d43e5c272c5dfee439c4a02	1443	prebuilts/api/30.0/private/network_stack.te
100644	2e48eef04872ebb9959e55dedba64728b6f0476f	0da9100dacc7d9e618fd0b1d50d0addbc22c18e4211ca25bf5a37eb962a45ad1	1063	prebuilts/api/30.0/private/nfc.te
100644	ef1fd4f38e4b74e9ed6ffec8b8b58d0045deefd0	edb9c9f3fcd926c4c928d1410e2961e07b56bb1f5eed27755ea1932f04383d58	407	prebuilts/api/30.0/private/notify_traceur.te
100644	e2bc33e3f7b8a99db6aa4e89c8b8c33e10b79c1e	a8dfebc9b24bf4f74258a94746f281cec9aecc42d11a3b51666fedebeb5170c7	3275	prebuilts/api/30.0/private/otapreopt_chroot.te
100644	27a3b0e084a4380a81cb36b4f10c694b864c3223	66f765a62111e45e13d231a48c59f6ec4babae27599aa27835ab5b9675b92a0b	1376	prebuilts/api/30.0/private/otapreopt_slot.te
100644	14707ac52d82fcdadfa6b621023613b03e3abcec	a6c8c2ebf6ef1ec55dc036e30c7293e46f7fece3e4f79fca6791ee8e2287ed30	3528	prebuilts/api/30.0/private/perfetto.te
100644	792826e02297ffdeb248014a2af721339c6593ed	d697fed933905e86f4f027ce1f004740820f0ee6ddfbc08cebd8dc4c9f0e6c8b	73	prebuilts/api/30.0/private/performanced.te
100644	41185e3da474b13d738b775c38ad674cff3be081	8a2f297de3aaaa1c020168b5122e0f68d48f9d85fb06ba1ec2164d280a0d0973	1902	prebuilts/api/30.0/private/permissioncontroller_app.te
100644	3beec38e02742a98dd8f0e8e71ef3093ba8887a6	b1ad08a8444a42b3ac3d9850bbd1f2a82011c0a1e7adad7211c874fc3340cdd7	3832	prebuilts/api/30.0/private/platform_app.te
100644	9290e3ab36427e73a0ce8593de26f87551410a45	8a063a3d29a09b7a939dd142b84889c33208bc22c352c78c5479b5fcea462b03	536	prebuilts/api/30.0/private/policy_capabilities
100644	b473c0c9b431fe79309f2df9aa7bfd3c8223b3c8	098d6ebdfb72ab9953ad990ea3d81a4238181105d2965532c3b6ac089dafee0a	77	prebuilts/api/30.0/private/port_contexts
100644	363e362dda7be27d3127e4006428a31e427a8e60	a724b9c3c794fde78627b67d5c49222506da2a35a5d313f03d3a8550b042196d	111	prebuilts/api/30.0/private/postinstall.te
100644	fd370c20152fa302d03f7d41923ec1b8f884ebcb	4cd1d2e85d56fa95b193417c9eb9405e9506c7da72118a1b3a6e29264f516a55	3446	prebuilts/api/30.0/private/postinstall_dexopt.te
100644	968b221b688ffe92f04a98d4211648a26d1e7ffc	da8fb0c2edbaf047cf1e79fb74da22b7a68bd2efed742c420baf7ee142394c84	69	prebuilts/api/30.0/private/ppp.te
100644	ba54b70acad2b89a5cbe4e0610d585ce7154555f	07fcd710a27f268b2f71f51d6b5191bd09977d13b174a64ae1326569ab1c73a0	758	prebuilts/api/30.0/private/preloads_copy.te
100644	dcfba14d52fb2f913eb5603303b20bb0f03115ec	f6b1576aa9857d04a52f580e6be881f38183ff881c6afc068c22b8f699217d80	616	prebuilts/api/30.0/private/preopt2cachename.te
100644	c5f7013caebef38559f341d23973853dc70d87e0	a510fd21e0541af621f46db9ae5e209724f8521f48f6d848601db65144acf7c4	8932	prebuilts/api/30.0/private/priv_app.te
100644	f61d05efe7b8908ba5dbd7464cfb84b2c4118e94	777b58af2c6294c5dec27a8e908e4140a783c28a001d38b33c1fe4f60d86d3b0	34	prebuilts/api/30.0/private/profman.te
100644	7908bb1071a9ae9419ca339a44353d6331f4fb0e	a42f3557a5672e49ebca88e9550bf4304a3f4952151b559b1a2dc229a7b65096	12816	prebuilts/api/30.0/private/property_contexts
100644	42ea7c9e48416235ba3f28b878ff7fac20d87196	2758d2ef46fe643fbb35488f8e72371efdd42950f1d02473aefb226520bd0ea0	61	prebuilts/api/30.0/private/racoon.te
100644	00a5cda36be9306fb1d04c397dc088fbd64ec4e6	0fc3b78be18c0af90f9c226f574b2d4c65c6ea542b8c6ee664b90a98efb6f6e7	792	prebuilts/api/30.0/private/radio.te
100644	2a7fdc7e1d3ad16a0b8f211def5313f91376c7dd	2d266618d453321ba93df5dae8feb0cf125c57b6e1fbb77bda89a563f6105e34	35	prebuilts/api/30.0/private/recovery.te
100644	7cb2e675a6e3eece2ecbd33fb8da780ca9208cc0	d98dab376b70b533039b967a189c989a4b9e3a776d781f77b2446102742fe4f1	329	prebuilts/api/30.0/private/recovery_persist.te
100644	3c095cc261e6c74982a8f33359adb79340d7a4e4	b86e1e5998e15ddf2f8ca239c3f9ac13ea9cb57988107ab1388010041770765a	277	prebuilts/api/30.0/private/recovery_refresh.te
100644	c84fcba0ffabdd4ae4460e34b79333466f62f4a9	4241eb694ec396a73e9a0d6bfc9973400dcef8ac820a7e0cfe0f9cbf3673e6dd	8	prebuilts/api/30.0/private/roles_decl
100644	bf10841cc995ed8214d4638b008a28b99456f1d5	3d7d299f42ccabb106f0160837a5c1e46e11cf1024fff390d5f55a503009a77f	1447	prebuilts/api/30.0/private/rs.te
100644	30818c2faca7d15c04676e89d573f75db426fa05	187b4692055d37e9ec1249c5498d0ae4d47c1e20572d5a221ce332bafdf4dbab	464	prebuilts/api/30.0/private/rss_hwm_reset.te
100644	ef31aac3471736662b840960b05e242ccb80856d	5f56cd90faef00b87a1b5f11c3c300bc73f90c3f8f56f5bc1037b696dd742614	113	prebuilts/api/30.0/private/runas.te
100644	c1b354a9a3876ad23239c50151c9ff50683aa53e	0301d67180994e80bb3334e9dd9cafd18662764e4849274398e906c3bc1be366	1375	prebuilts/api/30.0/private/runas_app.te
100644	126d643490d7081ad0db7db021320aa74af171b8	fef00b81a1140a3c0a2f87570acf2a511fc4bca4facc3f4a672848f37351a2c5	109	prebuilts/api/30.0/private/sdcardd.te
100644	a8c61be8ffdaa9ae1adc5b3a7c29365fc2872430	cabda3542b5f39c12dc75621a6134fdb43cb7c46ca4700b92b934bb55824e0f0	9328	prebuilts/api/30.0/private/seapp_contexts
100644	57f512bbd250f37ba0b93d080ebb4028ef77dfb5	7ecbb299824fb5be4f5a131894b3d4ea4ae3182f42bd0751a9a59d4c86f2d407	509	prebuilts/api/30.0/private/secure_element.te
100644	04ed814ff80daec1f70618310e54189f2cb27e7c	093f1b3edbeaf95f1cbfa9260c02ddaab7e671e3d63dd4b11b528ce326067a6c	2945	prebuilts/api/30.0/private/security_classes
100644	6c17521ac7a8421ad0432bbd59752783e9aa8bab	d1fb607f6dce8d908849db9027ca13370f4e4a88e8d2ff639078d6fcf4ed2a71	639	prebuilts/api/30.0/private/service.te
100644	5c6f1a4766047a38d7c220a786d0c375bec25a9d	48067b0c9c6f1d6dad590c3a16c36c2d1c49c4aae744a66c7f66e853806c6e56	18825	prebuilts/api/30.0/private/service_contexts
100644	6294452042acafda0db100304bc362314d27705e	0568682f243e8da4741e3cbb9e979cab918a737483df8289a609bca0883b7c0f	168	prebuilts/api/30.0/private/servicemanager.te
100644	a17342e01023583ada9fc6526fea79fb2c685145	8644295a913e80dcb39c62524dd0752addead9f1d018dd95b91b78c630e19b33	33	prebuilts/api/30.0/private/sgdisk.te
100644	02f7206829d2901285479f95ed49fa656327e0d1	26eee565523ae7d3d8a811cb7015202e35f9fbcb588196931fccd6fcf088e8e2	202	prebuilts/api/30.0/private/shared_relro.te
100644	fd7876332dfe069cae2eb513f137bb9909e73eb9	f81e65f29af900edc66c1cbdfdbf98076f8bfaf8613a16c8af3cac3a49be536f	3092	prebuilts/api/30.0/private/shell.te
100644	0639c1136da03dc2d6d33baf1150264ffcc6b79e	ae8ebe297bc99fc3a58487b4bbfe79f03fe614594a8ffd95472133661a80e80f	1739	prebuilts/api/30.0/private/simpleperf.te
100644	850182605745d6d7cbbb6ad74648d965279726a9	bdfde5ced50940334569a38c43fd5b0d8564063ba4a51be30777430d21fd52bb	125	prebuilts/api/30.0/private/simpleperf_app_runner.te
100644	7dfa994ea7add2eddb4c6e3f2598a79c6d9b5de0	275253fe4d8b41ba25fa8ec8de067d470dd42cbc95f35ca3a19987a0bc973f87	36	prebuilts/api/30.0/private/slideshow.te
100644	fb2bbcae762aef461561929651e3bfda5e3bf177	505714db5fb708f05caac8bceee5e5f8477c92538d003f1350cb5a1ef1643b2f	1575	prebuilts/api/30.0/private/snapshotctl.te
100644	3e8a3d5fb04cc5e0dafc86c0ed5109dc9761c37f	bc224a78f730ead09904443096922c24a93e96014a93bd1617b8eabd63abbc6d	1299	prebuilts/api/30.0/private/stats.te
100644	14831560475513a749f73da1e37048f94583534d	2d8a636b6536fdde7981fabcfe0757fc28f5d995959d2179e43cabf2d35ac44f	755	prebuilts/api/30.0/private/statsd.te
100644	b7d4ae9ce7aac3b018d996cac440af0ec9be6ba0	57b32f645107b62b732751998547fca834c336f87a7c87e73813866da96956eb	2020	prebuilts/api/30.0/private/storaged.te
100644	16e47bbbf6ad0f57687f62b5876453c302c7bec1	9598d174761a29aaff8ec2c91a7bbf52e3bef2151d521d6c72fc3e2628f22134	747	prebuilts/api/30.0/private/su.te
100644	2e9ce197a922f616b26deec5003eb65420bc9c45	d170544f1c08b465490a16284a7cec31e782c3b62c9688bae35700ee8707602c	5075	prebuilts/api/30.0/private/surfaceflinger.te
100644	06dac78ce570d3b0815851b18c83b990b2b34225	2e1fc67fb680d4dd54703ce74dfa4286d630b916bdd3943124c69b64e82edd92	4870	prebuilts/api/30.0/private/system_app.te
100644	00828274d68e26c221296f75a89d84079aea1278	46626526a9976e970f704cd0a66b6e68ef9339cc2745e51b1e6080b31faea8cc	46424	prebuilts/api/30.0/private/system_server.te
100644	902941ed4d790fb0a6bef8db86ff556075e40291	830de0326a192063d1d1f2e4766f42dbc0f56e2b50f1d9c544e08112973cc435	573	prebuilts/api/30.0/private/system_server_startup.te
100644	d33dc8e85a905c4e3784d521b0ad99e5d29a72f0	2411bc37c5e6814ce7371c16254fe551a607b23c3e352e62b34b1a9233bbfa14	952	prebuilts/api/30.0/private/system_suspend.te
100644	fdcd0a3323147d9585d2aad3fc7c2903caa0a77b	f2d2c25f521904b2d67c24d8a760085a6938fefb8a8f2ac1d2e8a3cda875a1de	3816	prebuilts/api/30.0/private/technical_debt.cil
100644	305f9d00679e573f56837a9ff9c215ae217e777c	1663a367a285345dac9ecd9deb8dc09a4d0573ea46c32a96e1c8d925d28a9f63	69	prebuilts/api/30.0/private/tombstoned.te
100644	a2b958dba339a87ece3bc9fa66112cc49abc23ae	476afd9a53e0970ff832216b467dff0b787be32ec3da816a432b6bc3956db442	63	prebuilts/api/30.0/private/toolbox.te
100644	2410d7e30cd25006d718b96de4da0000ff50284e	21904cdaccd9c2ca2d333fd3d8e2e6da4240a1c37208321c18e1b48ed5cb3549	4005	prebuilts/api/30.0/private/traced.te
100644	9483e6cb44209f60824b0316e1735a256e5221d6	dd9f7106b7662e1a29f7e6eb8f04cfd93835f4055144359896b5d4fb771757a4	2206	prebuilts/api/30.0/private/traced_perf.te
100644	36f9c51df1c45f58f12388ae41a2eb577c7be422	d5be41c2950f033c9bd239f1ab09d3fe9e7749b66ee26e2d515e4c3bb1786bbf	4793	prebuilts/api/30.0/private/traced_probes.te
100644	94841df10539fbc49c3bb33be78f7c9b0b8d0642	a2b759da3af4fef551b0f7f4ba09a7fe50e0eebc749648874363b5bbe76ad8ce	747	prebuilts/api/30.0/private/traceur_app.te
100644	502735cad0c34d31e410302fbb3dc6b3de090109	1ddfcfc3a634cfcfe0fc7a7ddcb13afe1640743144e5a2832136e8a2aaec398b	71	prebuilts/api/30.0/private/tzdatacheck.te
100644	1bd67735e99dc6ea00b17af8db5e4f03550311df	3e80e7fae0d2fe0b0a9569312c6214339fe6d72b404268ba386f37fcf9ca2c2d	57	prebuilts/api/30.0/private/ueventd.te
100644	e4e9224d9d54910d303676d82c2a2b2ae3473f58	e3d78c9159cf573e7535019bad44766f808e9b4ae3c9509d9c5a39d24ff73f5b	63	prebuilts/api/30.0/private/uncrypt.te
100644	6e7a99cd8c64bfd8bd076a5e5420a16e1bb1bb5b	4149677ee6c42edf30be8be74233c13f8644216d0746d8c7f2b8f73149cfad9c	399	prebuilts/api/30.0/private/untrusted_app.te
100644	a1abc416bd80249b194a90a5e3717c96143cb99e	97d914908efd281a18799e61ef669c7d55503286657033a5c2dfc2f57da22b45	2264	prebuilts/api/30.0/private/untrusted_app_25.te
100644	b7b6d7213c40fa3dbada04d66f2c431c70dcaedc	ee8176a5b17e19bcddf25c08bb7ef97d4dc392e80232226ee693680635d3c1fa	1683	prebuilts/api/30.0/private/untrusted_app_27.te
100644	344ae89bd357f75f74ec93941abcb42b7b03fda2	f42414d4c3873a1c0806194238f6fcc0100b4d5942ed0ac8c4587ce6451cf1db	561	prebuilts/api/30.0/private/untrusted_app_29.te
100644	d9fd5a12e0ffa74ee1e3e5c67b17203c2e43d05c	0ec71f806d2855880fd6f5f654dd6decfa4fbd4d418348fc43d94f9f749c7695	8022	prebuilts/api/30.0/private/untrusted_app_all.te
100644	e4e700919eddc3ad9dec9872c3feb10dd1d5f180	bf17ba4294d973e3574a05f70472b70c4b59bb951d1e7c4a78581f0c99e9a94a	189	prebuilts/api/30.0/private/update_engine.te
100644	a7fb584717a67896ed22a205fa55f229846812e7	d30de1d1f71892cec57ac6749f1e4ff848446f1b999202cc26b529279e50d852	348	prebuilts/api/30.0/private/update_engine_common.te
100644	1b934d9805eff901c50e2f5c7277034b5941722a	9f6a0b7928ae7e1aef917ebdb2f0da26844ba51c326eee11e1bc819a6d9fef31	79	prebuilts/api/30.0/private/update_verifier.te
100644	13a0ad7a6f6bb180d530debc5bf28bc1cc50d2da	b9b5b79a20a253a663a3fbd2685ab34175819faed147a93a05ae8a69e7db268c	260	prebuilts/api/30.0/private/usbd.te
100644	51b7b57e6798ca0f476cf87d5de69ae956df26c7	50043f480e4192a70733f660638446ce981fde673dd4b6e88841772d907e5447	55	prebuilts/api/30.0/private/users
100644	bc7409eee5f72ec9c706f7d9e303c3ae9f84f7c4	69a6d51eb112f42b9ecf996a91bcec28461c4e503cc3d0d19bfd9482be6af76c	55	prebuilts/api/30.0/private/vdc.te
100644	6a68f1fed752ed633d8c17722254efefb18f9c01	759920a2909020fd426a03c8339918eacfe9ac85fa035df2a4957d9c877ac407	366	prebuilts/api/30.0/private/vendor_init.te
100644	d1f09644126d4ba1eca1684209da2557ff51848b	db41a42f2deb666fdc32db24efd711503860cf647a9328ae4e6987cf97b44ca8	1070	prebuilts/api/30.0/private/viewcompiler.te
100644	e735172fed4128d3f841f0c4cef2c8e10a5c3bab	e099c211ad5a82d899c07cd87d3df498d244f6c58194fe9907390bebbb903052	81	prebuilts/api/30.0/private/virtual_touchpad.te
100644	dea24a576fd4bf40d0c5a00409314d0af5013ccb	9e5c53061944f7b505a048409477fad72dcfab67b9e8673f78ad3c58cd78f90a	776	prebuilts/api/30.0/private/vold.te
100644	f3ec05859f3cada321f3452276fb23aef76a5aa0	8ad6794edf2370b10fe1d76f231588c16cf1f2c61b56bd942470be696dd53a14	1599	prebuilts/api/30.0/private/vold_prepare_subdirs.te
100644	053c03d9867da94abbd7a32c1bce1a7586b6fa8d	d2828a0203d33706c5ae76147652a2c81fb62d1c504f353f9ea3e18096aa0152	137	prebuilts/api/30.0/private/vr_hwc.te
100644	8deb22bc8bf33509742a29cb34a88726c9d96579	06fd82ae80f181bb123d55a7eb1a97a1dc7e2b5c37c5057fa925509afb382898	130	prebuilts/api/30.0/private/vzwomatrigger_app.te
100644	85a28da5f8b4cca8d64b8f40255af4de2a97dff9	77e3d911e2f782a94e8802d3faa5a49b0a15471c778cde4d7f34526c6034fd19	299	prebuilts/api/30.0/private/wait_for_keymaster.te
100644	91ece70522d11f67b94bab2e45a79122bb44a6cc	f728cf9119bf04a21e0de54255b2a7ead740ee2ca2f0eaef5e429c57b522c5b2	67	prebuilts/api/30.0/private/watchdogd.te
100644	969ab9cc92c054f0e74fe9cbccbbb2ad692f64da	7635c416988bbd02e3962ed0ead11bfba2f9a4e494ecac63a72ac21eb8d5ceb7	5851	prebuilts/api/30.0/private/webview_zygote.te
100644	5476e33858dc85e21afeeec385417fb51d03bde1	dda3c10859390582404f14002882eb98a3a4bb1f497d42a47bed1154dc0669d5	65	prebuilts/api/30.0/private/wificond.te
100644	e91662cb7f8712267d1843f0c8711925f698ca04	be161ca0600c03dfda778fad959fd99620b90f4482996edcd675c07ac8706397	65	prebuilts/api/30.0/private/wpantund.te
100644	5f08f8d6b1d8d30ea8c7403ccc32b84c3765f770	bfef3b10956fc29860a394295e7d53861858cc6af1a9681da107cf7e4f07057d	8011	prebuilts/api/30.0/private/zygote.te
100644	4a1f63388b8a92d0dee97ddb13c2c265f4b30c39	9e6613d539c9afc6146c6560fc7dbf8be81c5ba525fd496ff21ad2d3b6e4e4b2	405	prebuilts/api/30.0/public/adbd.te
100644	626d0088b1cc03ab8c90abcde1b6e23ae2201a94	b2c94354f32c76cafbc9e92fad154e73095e3bf22ffb2b287c925d26837bba8a	288	prebuilts/api/30.0/public/aidl_lazy_test_server.te
100644	93c257f5fcc604a940695268fe13890931efad93	6862731e073adb905137591d5ff767ccb48400e7871f70d16423e944ff546a49	546	prebuilts/api/30.0/public/apexd.te
100644	c892d9e472a693043c6a6fb89fe36d2e45bfc176	7d1afb884599fe54b705f01048c8d7b9a25d1a43c520713fc27bd21720cacbbd	23078	prebuilts/api/30.0/public/app.te
100644	4c1ec96522de44f0bcc04ff10045559ad18110ea	1c5aed7e9b9b9443ef2f6d5039c2b755f6c5246a0ef846998a3299cbd0cd5e54	253	prebuilts/api/30.0/public/app_zygote.te
100644	15c5a09fd862f0d3606e4cac734ea00a4ec56b75	d6a13cac7da2b8d2d39a2f128235a36ac15de768d06181cce58d0c7bffcda105	1361	prebuilts/api/30.0/public/asan_extract.te
100644	0c91692bc0ebb75f00bffd9a62c9d84d7cfc9006	a5a7f977838012e140ce6e7667296891574a88ec5056a39d5c498d8c2cd9559e	12429	prebuilts/api/30.0/public/attributes
100644	a8a33cc5a5edd9ed380f81d1d790cbe707f29a5e	8be2f75791593d2dfccc085f1b3ab659ad7b6aea89cee84b03ea35985d2687a5	224	prebuilts/api/30.0/public/audioserver.te
100644	dabe01452062f9d2d4c8fdb9938633daff89e548	988af8057d7a6852b37a3b1c48949d1f9e8345deea88d01ed9dd0285a5bedd48	45	prebuilts/api/30.0/public/blkid.te
100644	4be4c0cb2371e5b89d6b8b05f534944e2aa9f72b	e9054e76eb657f82247c8285ca6e87a20ff1e3d21c699984ffbaaa8544719f71	66	prebuilts/api/30.0/public/blkid_untrusted.te
100644	9b3442aa5b65cc56e831169890469f23d517772d	4e935acdf2d2a4909ecb8170d985eff37f15e7db9ff0eae1d3bfa6cffdbdcf39	46	prebuilts/api/30.0/public/bluetooth.te
100644	bd2bec6e9ce44fc3b55dd1b998120d04ea3d5ac3	832009a26b15c82bda0fd368688531e5804a34b6ecdad9ac37fcc5805deae6a0	1243	prebuilts/api/30.0/public/bootanim.te
100644	e91f2a5e512f3b02aaa9f0a1a16edaaf842eec22	8d9f24520ceb4415aa073a467b8b453dabf2aef83fa4179040dcd57af1e68276	1902	prebuilts/api/30.0/public/bootstat.te
100644	37edb5dcec8bd14c291822c154dfdd2080ec5cd0	52e7faec7fbaa27cb7a4fee692f56f1f7ea19d51d7caf5987ffd2aaf3ccd1517	868	prebuilts/api/30.0/public/bufferhubd.te
100644	352e1b7aafd8ec10a77610559d919a54d268aa79	e97b1c1e77d9981dc5b4365b4d205ffbf1b088bbdba7a92d9738180b13c8149f	59	prebuilts/api/30.0/public/camera_service_server.te
100644	13ef1f7384635dd0e11f5ed34f85051fbb8a25e8	177f3a88a09c0f6a29a7033b244207c40dd2505397250db315c7b36d3b1f33fa	2899	prebuilts/api/30.0/public/cameraserver.te
100644	4b341ead3ddcee0d980da717532b6aed2a4213c5	817e19a440de606c057efdb3c4c128cdb76acd332b2ec88e29abff0e464d81f8	1515	prebuilts/api/30.0/public/charger.te
100644	5188d1958f34867758c988b4da2661f83f5f78fa	43db7d091286341d4ca3dc4f24af4a2d5092194e0f7058c5cf3a1685bafebd0a	2270	prebuilts/api/30.0/public/crash_dump.te
100644	db16a8dcb93633b40967b0835dfd4a8277c2b5c1	6312fb2b753fbe7bf9d0155fca4133ec457f1fbbbd831cfe8cedf0b3797154f1	512	prebuilts/api/30.0/public/credstore.te
100644	32563d67c46a3af8aa6fd1d089898c027348680b	9c84fa552b794222945682c37fd9fef82d4f7b3d4e95f6e7101dbc3d75b0b43f	4072	prebuilts/api/30.0/public/device.te
100644	4f2369d2d061fb8b9bbc12d9c2b4f85378d927bd	7c5749003af7e57713e992e56a44a59cb398d05535581637320eb51ff12a7f84	1135	prebuilts/api/30.0/public/dhcp.te
100644	c5839fa544b524ab61fdcddd991a93294955ae80	22e507ecdbd88b4ed06ddbfc5599543b21549a78fec4e5fd4dc58d9bb42331e2	61	prebuilts/api/30.0/public/display_service_server.te
100644	86f1eb1c9e6383cfa3f9aa0717493e183e74d2e2	50ca9115784e21ac8b0f8bc1f19918b7c042e359dbcc7e00b1760dba7bffcffe	1197	prebuilts/api/30.0/public/dnsmasq.te
100644	c151b95288c1e9f4e1763af555ec21a1edecc2f0	f87b232ce6f4cbd0752c1a3e534c273a67b2e6e707b9d32d6957c1212a0daa1d	50044	prebuilts/api/30.0/public/domain.te
100644	e2c66383d81045f934a5d369a1449aa2439977e2	09342912cc4c0f80c9a5b43205e4451cb54da58d291f2eb641e9c9699fcaceeb	2098	prebuilts/api/30.0/public/drmserver.te
100644	8d99a3cd329731fc52e6e2a261db053848101b75	773a850288d1fac6713c0c9ad07b5185575f1365576e405ada62b45489c6c2f3	10420	prebuilts/api/30.0/public/dumpstate.te
100644	dd5bd69deacca25ef57b0ca0f8dbe0010907d7ee	b7a60aacbdc250201cedfe3ddc667217971679c6ec1bbb2f8d9c1e2127383536	830	prebuilts/api/30.0/public/e2fs.te
100644	dc39a22b59ddfca70a42208b143c68caf4b133b3	3f283f565a09656a785b1ce968ea6e2bb9ce79e6e2f487ed1f904e7766745e00	459	prebuilts/api/30.0/public/ephemeral_app.te
100644	878781721db3f0cd38f556856e2d3cf751550d6a	810752870b6a87c487eb0610ec6e0e7ba10e3170ca068a7b995a9dc815273732	4722	prebuilts/api/30.0/public/fastbootd.te
100644	91257e237614f98025a821d9d70799f3a4f7ef9b	4fd4b350746a9628cc8d45fb5b643fb7ef5249f605cb3a7d7fbfd31b344a5cb7	26220	prebuilts/api/30.0/public/file.te
100644	ff7a884e3ffd8f7039c7a0d4d4f0c1eb4acd9d95	f54ba59a686e42621a60393ebf68b17338bfc2a573bf583a4335f396f7138b10	849	prebuilts/api/30.0/public/fingerprintd.te
100644	6315d44e4f1bfd68ffad968a60358308f9ab47eb	62041751f2632038d80b21b435de92f19bdf5eacf63d8ac7d20d9e491c9948dd	2286	prebuilts/api/30.0/public/flags_health_check.te
100644	7a9fbeef140e912ce67fc74a4d5b26bbc1d6bb8b	9a78eed1cd7bb2af214103f4794056cf3fa7a24c71099940e4726ef80c437bcc	2165	prebuilts/api/30.0/public/fsck.te
100644	8510c94247754a1aa9703cc8e7bdad30cef1419d	8a2e747c28c3b881c23c33ebbf17681aa9e1e900c6e10bfb6b8fe3588060dc0b	1727	prebuilts/api/30.0/public/fsck_untrusted.te
100644	03486bd1ee0439b7bcbddc00f9a8f57a3b878246	59f264b052f6ef9b996af98097d3d8cb7118dda0607969f636856d10ddb377dc	177	prebuilts/api/30.0/public/fwk_bufferhub.te
100644	dc46d0789a25f7c9e10336c457748603ac2c742d	e87d5446d8a8cc426f18441e245589f5aa8956fa1e5d966cbf1c3db8cea7c5f4	1295	prebuilts/api/30.0/public/gatekeeperd.te
100644	2c87fde5ee87630ae561f12deb88dd3f61c8dbc0	f79a4ef588cdadf9e5ed5d3f5565b33da56a5d2fda01edaadcfab1bac0199117	3643	prebuilts/api/30.0/public/global_macros
100644	b574bf39c124521c6f693cff9d0d61d623f465ff	b353de758a73f8393b06326829401ad63897e03052542d397f8c3a6f4f40c892	96	prebuilts/api/30.0/public/gmscore_app.te
100644	c862d0b7fa0d36f26c6d058dbdcbb144b1a427e2	795cd00de96637fc67bc769f6c02aae489951cbdb43fdba91add569d3fe80283	92	prebuilts/api/30.0/public/gpuservice.te
100644	6417b62890215faff687cfebbe395b6d3aa028e4	1e71a67b185d442d3852e7838d851a5b503fefd71d24498db0f6ba146310be72	321	prebuilts/api/30.0/public/hal_allocator.te
100644	51d9237f9e7bf175133508b347189e9cdc31f01b	940b0d289272cf72d262ba9f4db584b471a61c924b4a6b580a445b9b4c58fb5e	146	prebuilts/api/30.0/public/hal_atrace.te
100644	5958f2c96f352ca950a41156a2f2714622c3db93	a4ea703f7ee352ddf855df0fcaa4e2773863479a0de0e3f336904667e21a1912	1224	prebuilts/api/30.0/public/hal_audio.te
100644	4a52b89548ee12094425cd485b7ae30e78df2772	786b156e556f85eb7f26ebd30204cde62693eecd68092e48032e3f1f516ea021	247	prebuilts/api/30.0/public/hal_audiocontrol.te
100644	daf8d4877dbca8ed30e652ee848bec83654a884e	4a0b96faeea4ee7baba9eea8fc9bf8a5d9c26ede8b78155b359df99c297e15fb	162	prebuilts/api/30.0/public/hal_authsecret.te
100644	97177bad7c1ff693faba40f53389af57d2cd674c	06bbe039612c6fdec3d286fce836d27e8bff269f903efa85983087cab9202a35	1179	prebuilts/api/30.0/public/hal_bluetooth.te
100644	be9975f89eee851104c066b4b547ede9095bfb4e	c0f77edf7fdff54f6310394582ee18d6726aea0b008c1bb466381a11ca6a588b	217	prebuilts/api/30.0/public/hal_bootctl.te
100644	84a25970f7acc139e481ab0a33cbab3724f2da8e	30f7d0947c5f10216dd0d245a5be6f86cf7ee820e4b724369b3eabe550f1e88e	207	prebuilts/api/30.0/public/hal_broadcastradio.te
100644	77216e4a388d35411ec6197ad51b9c49d2a63bd5	ef7019834262b5ed21c720151bfdd8aa818a9f11a24cfa90227d4a60fba2e9d1	1408	prebuilts/api/30.0/public/hal_camera.te
100644	c75495b3642fa1619b43ab3dd1e68e4bc8e47416	a209b6db5f94bb1a3f48cc98da03391ca20120f87f646dac3e45897dfec75347	430	prebuilts/api/30.0/public/hal_can.te
100644	7de6a135325c4da50f873ae002bd751fdbcd2b0a	5ebab1f09f50143903aaba673b60fe0eab6bb3ae7c1c2c2c824d336c82babf9a	1127	prebuilts/api/30.0/public/hal_cas.te
100644	8c7816a884d930e3e78b6c97a93ed29d7225a026	56f3a7fb6981f95bcbe64a35228cc16d384c4b45f25312d42931034ae8d4a8a3	842	prebuilts/api/30.0/public/hal_codec2.te
100644	069da4791b12423f9551cc271b851a7445f795de	b796854da74c3e645b2e34e9c6dd28a44dc51cb5695cbee1dcd3da3f17955c0f	2441	prebuilts/api/30.0/public/hal_configstore.te
100644	5d2e4b7a14dfe7b2003e3d9a626074a83a27e07d	0313e377d0178edd6cfcea6ad6cb684415ff6304fdcd4860ffd56a526a938267	178	prebuilts/api/30.0/public/hal_confirmationui.te
100644	34acb38d662fc4f9a21daaff4b72eacf2dedfba4	5b200adf46fc6d3dc6ee55772c422a3fdd7721177ef89f71f962bc6055a73c17	235	prebuilts/api/30.0/public/hal_contexthub.te
100644	5987491344de5c4e5c574ab2f5e078676ace1596	b04c00af9b91f76e2ba06cb6e361aadb6cf1897df30821579775cee9e00cfa65	1626	prebuilts/api/30.0/public/hal_drm.te
100644	b7676ed290cfe3f399f36d08315a689ea2fadb65	d7e217c215333a01777492126ee780d997085b8c53057e9c3ae04b62f642c59e	463	prebuilts/api/30.0/public/hal_dumpstate.te
100644	789333af7bd57ae252ee08e8f965235dc758fc94	10c4ee98f81f60f654a55f7cda29dbb9d1f0a8a86939511536ad7cf5cf8d2332	198	prebuilts/api/30.0/public/hal_evs.te
100644	b250586427a2530b2bfd67f716e35ecc88112ccc	508bfc771ac8e9f667dc8bc861245fd95ab4d95cdef82ae4fa6bdc2e87832935	498	prebuilts/api/30.0/public/hal_face.te
100644	b673e291b50ed6ac1f07d06c389554f032efbd5c	84361c588481c0079285147bc5505e0c3c70c524ace3bb269338fdad96698eea	545	prebuilts/api/30.0/public/hal_fingerprint.te
100644	b918f88a2114ba7d27cc51ade00a65dab8ecba2c	7b31b1794a27f3ce34d7d6def9fd3b9afba531e50a48c45d1a63ef7a2aa7227b	251	prebuilts/api/30.0/public/hal_gatekeeper.te
100644	9bfc4ec368acbf98671597050b0a3f1b52b6c955	a1e1b25be15692a8ecdcaea44a0abeeb9b90faab00f7fb45dc75eca9c7aa0018	199	prebuilts/api/30.0/public/hal_gnss.te
100644	991e147c77c769fd151a0945a06613d07af8b01d	a8eb6bca225634aa2946b3ac7866a8d67b59871a83ff394787bcbc740afb8224	651	prebuilts/api/30.0/public/hal_graphics_allocator.te
100644	cb4a1307f1af8f3536f516e7bb110fe07f0ba069	411393e2407ed85b93ea2635e742d379ea09b7499c70c014cfacd029a649a275	1379	prebuilts/api/30.0/public/hal_graphics_composer.te
100644	dc7d0836eae511f7ba3903fdcd150220d57cf143	b55f45a3f0eaea775385a84ae4cc0ae494203ce2181f54fea37247bfb55d66fd	1028	prebuilts/api/30.0/public/hal_health.te
100644	61e609b68d9b0794e80b4bc90ac1895db38b82b4	0e40a37f4a9400456f37ab8b0575ac808b3edad5542df8e8b40b6139d1abc60d	259	prebuilts/api/30.0/public/hal_health_storage.te
100644	3a95743c27b5d137d373871005c8bf84f61297c7	d4f3764642779cac37adccc80a151ffb10167c401d00ddb6d59ce183c196ab85	266	prebuilts/api/30.0/public/hal_identity.te
100644	70a4b7debb22772985fceadb2a8f294e79ca9683	60037898842b3ce1f014b11f0dab7efba7350d40dc36681e75debae6493e11b0	186	prebuilts/api/30.0/public/hal_input_classifier.te
100644	29555f74cc9621da9533980c2a4dab62fbb7d521	76a943931fcd3a6f5f7d9cd94d1a9b6bcf221cb989cbfeea32c15119fa51bae8	187	prebuilts/api/30.0/public/hal_ir.te
100644	3e164ade9401564b97eb45bd63caa193edb8f5b9	764055c8cef10011dea27d45e4230191667d0d4615eac9ecf28bdf063007e5f8	268	prebuilts/api/30.0/public/hal_keymaster.te
100644	7054d7b3283277b19afba7b796719c39edcd96ac	399dec55d5589a77b0a93e334b4dcb9ca928f1c34a66a39fe017f2f9f68cb598	671	prebuilts/api/30.0/public/hal_light.te
100644	6fb95e9430cd6daddea4ba77dc359f3da500d4a7	fc3c294d40f40450b723e201d907a8cf545792e39858ab07e69e29a469f7cef7	662	prebuilts/api/30.0/public/hal_lowpan.te
100644	ed93a29a48e6392bdd4ade75ad6d73f0fd3d2b42	1b7a91d1b3a8a4e11c2b4b78c6fa3675054214ecf31c554022c99a628fa53647	154	prebuilts/api/30.0/public/hal_memtrack.te
100644	228d990cb966f180a203628ab0300ff8aa83fd28	7117d97308d76f83a74b95a089b5fcee222201b3e9938df0ef7defb461be7c68	1655	prebuilts/api/30.0/public/hal_neuralnetworks.te
100644	411787826801915561e7feb0d82f1ce30673a441	c02cb97dec31eb28c0084d87ad2f4567f0d450fdbad6074d838baa953e5aa895	2396	prebuilts/api/30.0/public/hal_neverallows.te
100644	7cef4a17dc3c8ca9c23037df8a548664c11780ba	49514d8c7b043b10b530da8fb49aa1aec4d88941d029116e9a08fc7b53f3e469	338	prebuilts/api/30.0/public/hal_nfc.te
100644	26b2b4265b94bf5aa695bb3559479ca681eca9e7	18468801305c8b4e6c0baa2bf8df27ac1b399930cb4675431372eb26b6b664a5	150	prebuilts/api/30.0/public/hal_oemlock.te
100644	8e74383d31b59239c297fb4bbf31c07a93cf4ea3	dd2fe375b1d8d332ffcf08a81fa3a82dd55023d09123060dff2aaf81302156e0	1932	prebuilts/api/30.0/public/hal_omx.te
100644	c94771b57fbdfab8716d5c08eacf41ddd14370c3	562b321708d42f1316b19eb902dcd3ff61ec32f9fcb10bfebbc6063783089149	410	prebuilts/api/30.0/public/hal_power.te
100644	2c04008bdddbba79794d5543681bcd583dbd561b	c5f6e8056b00a08f1f2fff8223d98706540cbc831339ed881518eee9c624868a	241	prebuilts/api/30.0/public/hal_power_stats.te
100644	4352630ba5bb8532184f7632c964cc35cade2eca	6f28a572f9c6153b3ed7f2dddcd89c4a6e3bf919ce90a0dfe04319417169259e	277	prebuilts/api/30.0/public/hal_rebootescrow.te
100644	3724d35b0062562b32cffbfce03d38d9df59cbe8	0e9eaf455f8406db14b8af1399ea9fe15c85f78a4461683388a499e2cc326dba	259	prebuilts/api/30.0/public/hal_secure_element.te
100644	06e76f1e17e171b969f97e94461944d6c1d09892	3e4d48d668880be74c6c82d5e91781e5f98b4154d6e812c0a4cba189608a8eed	550	prebuilts/api/30.0/public/hal_sensors.te
100644	3e4b65dface53eca36b1fe474906221d5d02fb73	8755da14484212f0369131e5924fae28e96140e2d863b4a00bc2a0194d16347f	2000	prebuilts/api/30.0/public/hal_telephony.te
100644	cf517236643321633dc8b1b2daa45afc88490c18	b07071f3c4c07ffec359a747a8383295822e0fa8b3dd0cf928d6ba402773de9b	434	prebuilts/api/30.0/public/hal_tetheroffload.te
100644	2115da1b955927297b97f3297185efadf50ca63a	568eaf7bd858a86a9be7164c22acf73371b316edd93a9c71157e72bad3cbd388	217	prebuilts/api/30.0/public/hal_thermal.te
100644	658490474a7903b440bccfb8d88bb873adb08b7a	ef14f252726f0664207c6281d6f95263c4a0fcbd41ae7afb0e659edab672c180	214	prebuilts/api/30.0/public/hal_tv_cec.te
100644	5a5bdda167d0d58fc4b07a73aac5d3cfb04d98f0	b1fd8d00c89a2b70f872fd53693c85dbcf34638a57d3de8460b701f02020d20f	226	prebuilts/api/30.0/public/hal_tv_input.te
100644	0da4ec704bd9d340995f913073c5a0b7c5acb575	020a34929f95e8ece4d76ae401e57e4c1401bb05af2d6605b18a9cb4b903eb6e	171	prebuilts/api/30.0/public/hal_tv_tuner.te
100644	38bc49a21178d64b27eaf20c7d589485c8c94d70	84909eb6d0cd8ff0e819a0da859203333b8f3b8744b4595295aeea43eea97943	664	prebuilts/api/30.0/public/hal_usb.te
100644	a474652f7a6a5f824885d3f21c2b9904503e483b	2142c8a0da57a574e89564598152522544bcdc134b1e5dbd79396925c0184713	567	prebuilts/api/30.0/public/hal_usb_gadget.te
100644	6855d1469c3346168cdedc0aefde1f082dc53031	73699fe11d99f651e9c5ad7a8bc0f968d0fc9a294bd295de91ec3a6a6d413f99	218	prebuilts/api/30.0/public/hal_vehicle.te
100644	a34621d37473bf60a519828747b9e8f730528c8a	f821c43486c1cddfac3d893a44f54f9c2ba3e79129d2fc214e1c82d5996eb610	558	prebuilts/api/30.0/public/hal_vibrator.te
100644	e52c77fbaa3cb6d0edf418e3500be88dc80e3f9a	f268bff139189f9b6792177549ec697cc2efc96cc59c5856023b21d2a5261271	187	prebuilts/api/30.0/public/hal_vr.te
100644	36d1306e2b75069c2970fd5cc2fc0a20ad7b06bd	f5a04fce75fd0ccd0d0d49582653db182ad210939044dcda67971edac0227350	146	prebuilts/api/30.0/public/hal_weaver.te
100644	ecc13597ae74cd8ef6bfc7ca9dd1ad12db133532	45519cffbedb8b1286448b6466ac153ee1d90279714ae64d040db876d86dfd16	1397	prebuilts/api/30.0/public/hal_wifi.te
100644	12d72b649f75ac75480396b87f1a61f084d0a3d1	9f935b1dfaac233778e20a05ba5cad7c15361a6d12b7f0f85a2cd6255d919ae0	1124	prebuilts/api/30.0/public/hal_wifi_hostapd.te
100644	79a0667e3c78824d9a9b72925b337d603e4d3448	76f6e62e3f2102a2792607f349b5e409642b1db8e19dbfd5425b6c966f880f91	1334	prebuilts/api/30.0/public/hal_wifi_supplicant.te
100644	7ea23e1c3aa0a10f645074caefdd8455c26458d9	43c27966382366a895c4d9bb9bb47e09f66889788c29b239b902920e46dcdcc8	1803	prebuilts/api/30.0/public/healthd.te
100644	7ceb23feb457ab6d24d06b346de45010d30adcfb	481bb07c9c4455c3a4ff6a862e1a6440332c6dfc23836d0cb3937fb553de29ab	36	prebuilts/api/30.0/public/heapprofd.te
100644	6f223ddc1f4c67c9a3c451daf9e5f87614ad8173	9f288646ee1f64b3e1a0221a57c9791c32975ffa8debc4d64d1dcdbca103c368	7014	prebuilts/api/30.0/public/hwservice.te
100644	7f0381564ebd26362c209ad228e3c726f9a58fe9	c3ce28a64d30b8dba05abab54e6f96dd941b7027b7bcdbd6c62c3c2140165ae1	852	prebuilts/api/30.0/public/hwservicemanager.te
100644	f41f573eaec62a90336bed1fbd53edf070a121d5	8ff268a1d6c37d283da40d740177faa80d4edd9a5f49b26d2b981150cd42989b	1148	prebuilts/api/30.0/public/idmap.te
100644	ce57bf650869616b9345bfea957353cd5c2fe5fc	e88e9bb70da0fa5330c2bce20565e1a173bd4205649522aceeb6c55a6647d4d1	274	prebuilts/api/30.0/public/incident.te
100644	bca10186949e1d61c220806473161c2466b39806	89468b356967447722156d1b15333e6ccb59d4d4bdfb58f596f111828e607b8e	143	prebuilts/api/30.0/public/incident_helper.te
100644	b03249c88b92bdc9184e966d2b16523e1d1ff3ff	ba4d9715b7a0356427de0a9297260d5a3e4a14ab07eeb60e2d838f0ab382b71e	37	prebuilts/api/30.0/public/incidentd.te
100644	403b4c5e60b0509b4118108c7dee06f28632db5e	e0e5ca68fb82573e3d19b45c5585b80d4d9bd9c0de558702fd8ca6276fcfb1f2	19451	prebuilts/api/30.0/public/init.te
100644	c3f4da858891c6100a396542e809f7fc1ef35b0e	4fe6ad8c6b13934c5f5bf689957d2e4c4336ab9341504ccaddf8bc12ed0319e0	371	prebuilts/api/30.0/public/inputflinger.te
100644	c8cc89d5d3e47d27d9bfc65f11587465278f86b5	75a928388d023a20f9bc30ffa6558fbe84e5885f523e07055afcdf48d696f719	7893	prebuilts/api/30.0/public/installd.te
100644	4cc3bba517a29f5ae313a4c08e5ab5f5e7beb8ab	a633038a84f01419dbfef99c667ec436edb6a2fef0bf88844bf11eb550a1f87e	116174	prebuilts/api/30.0/public/ioctl_defines
100644	5cbfae53fcdc67e97c5fed4141a964816054884b	8da7f827d175e3f852cdb686819cdebefb5ca12e599e9a4b72f9c2721b2db347	3118	prebuilts/api/30.0/public/ioctl_macros
100644	4041ddd839168d061f5c211c9382340dce2bc97c	d8f0571656c7badda0fc2fee154c8a62236b1eef5b3b278d278bd57f542bcefb	4612	prebuilts/api/30.0/public/iorap_inode2filename.te
100644	ad9db142bd86ef20463dec711e154b705adb9696	de7cf0f3eeb7227f640437e111feb6756d8e440ed0531c43bf122d3259f66292	2507	prebuilts/api/30.0/public/iorap_prefetcherd.te
100644	b9706994e79d11b3338d39b2007af673c9a71fa5	a9e45e755a624c73324d9be992d48f07c765f47f30651e655f8b3e14dd395517	2975	prebuilts/api/30.0/public/iorapd.te
100644	a907dacc2a8619268c80987fb66820143f9a0679	0090effd3fd951538e46c93b10dc5bf5749ce3d8878c27a9ab86edf07a5b5bb9	259	prebuilts/api/30.0/public/isolated_app.te
100644	35018e91e796ab3f46b53201dd069fb038198600	6649e81a0dee9955f3ef59f046d3be77008061a523fa06a20a792dc71cd177e0	5396	prebuilts/api/30.0/public/kernel.te
100644	27c462470cf516b5edeeab29f2a41c1a2a4d3a93	ac61231d0372c1636a40ad985ff1be48ee57c09b614fe6aae7266096059cd45b	1160	prebuilts/api/30.0/public/keystore.te
100644	1faa429957ce195b210b6c5edbf83d42757cf958	db6b710f788a820208aa3de996801c18c357c675d01592484225809fed4c897e	118	prebuilts/api/30.0/public/llkd.te
100644	67e93e13bce858bd9a944fd4f12528e25323d6bd	bbec642dde932031cc5bb5bb4e236be58f569d7192a9495eb0c36d41164788c3	2303	prebuilts/api/30.0/public/lmkd.te
100644	57e29d940548f688c2ff35e19b6c2ee15cf847d4	b983a77e210ced21a77656204bf20efed62c31012c7bc4447df8f45c6fb70eb1	2437	prebuilts/api/30.0/public/logd.te
100644	c8e6af4e17dc68c69a45481f36306cf773b8eea7	e2b996502c74cfb6ebd671133074c7b4c44b17e109f23f5df7197d420b7a5e58	1033	prebuilts/api/30.0/public/logpersist.te
100644	ef7b065d875658cb229e0153d4cb5c266159d0e9	cb7f03933d1bfc8b6e80d428c00599e106b7cf36ca875314a4ff3890a20202a4	34	prebuilts/api/30.0/public/mdnsd.te
100644	a52295e2cb1c8cd211d53a1cad5cd811079c5f6d	87dc7d5d5b4a0db227584a62c640384ccb4bdbb2728e2d5b0445026c90421275	1162	prebuilts/api/30.0/public/mediadrmserver.te
100644	859ec9c3ba6c5d756a9335e80e8b2aac3086eea2	c264846642e390e0e5434921ca24fa3cee0ee388f4fef8ffe6595a786490eb74	2840	prebuilts/api/30.0/public/mediaextractor.te
100644	0e56b07ecaceab4cb1c4c8447552dc39f88f2089	5cd83938593a9ca61c02e0b24256c9ad88efff1837db0ba6993dfac24bdc7045	1611	prebuilts/api/30.0/public/mediametrics.te
100644	24170a5cf177593ec3a6f398ba19a340210c0390	71ed6785e5c08b14c128db7ab08eb13c94acf5d00a3e7f71ab07cc02ec580f4f	161	prebuilts/api/30.0/public/mediaprovider.te
100644	52d358142a3bea56919b9bdf386b068407b81f88	c50e4c80987c5ab22bd1d56aef4698bec0caa686ae95cc990da590b3ee1af43a	5101	prebuilts/api/30.0/public/mediaserver.te
100644	2acdeeaddc01ab4bdbc26bc6b480806affe38262	aa69cc4a5e0a87db82ec5fc9cae8e9380e9e1bc97545a6bd52f244228584cc11	996	prebuilts/api/30.0/public/mediaswcodec.te
100644	386535bb2d892479ce3cb8ea97162fa99775f5a9	4725eefb60b85099762d4befcf98e7a490935e24058b93e418615fe720bbb331	1146	prebuilts/api/30.0/public/mediatranscoding.te
100644	2c7d64b0bc406ba4d46f0184e93656fa81a9059b	76753078bdad134de7a0d32521ed0fdd68e648c7a36a4045eb745534745e6799	318	prebuilts/api/30.0/public/modprobe.te
100644	add63c0f56f2153d32e8baae8c4fb901428052ab	e9b6ed8fa8181b4b4eb7b986c2381be0b425ac203fec5d38708c40bb8c19ef11	325	prebuilts/api/30.0/public/mtp.te
100644	e90715e66a18914f99dcad6766dad50f7b0d9f03	12c7bc254d148bc1db914ee0d9597968f047a7e2d11afd4a28d5105e4a6f639f	1383	prebuilts/api/30.0/public/net.te
100644	0b83d4c9df4a8f806bbb533dcb4b7c4605a6f7e3	a0a26c6233a2eaea350b998380b774ba929a137ed151af46d9398e4271f8239e	6674	prebuilts/api/30.0/public/netd.te
100644	27aa7496cab2c9a942f482a1a3822f516f9762c8	1e12a74a5aaf73b0b5d1c1d5be66604ca9ffa33bac07cceaa72ca47c2bf248be	163	prebuilts/api/30.0/public/netutils_wrapper.te
100644	feff66460325473e21eb00d3f06ff07308979e4d	9ce89979e92b695e139601aa3ff49236a15c8fb41d921af58858e6466de27680	56	prebuilts/api/30.0/public/network_stack.te
100644	59fa441d2a72388ef8d55a6b8c49f23073752db2	9843897178e91a592f65c3e17fe9950f8896b53ae3463bcf361cd8fdd74c1e1f	736	prebuilts/api/30.0/public/neverallow_macros
100644	e3a03e7968a3c8346c821ba3dc9a26cd5e8b3736	bf7748322400aa0169814beb1391490a3a54f766c860496e4381796b8c666442	34	prebuilts/api/30.0/public/nfc.te
100644	cec0e6f09278d2e85d05b5c76715cbdb414ae8d6	ff13892d3e9c36d2f893db220babb69786ac7a6126d547645d1cdeb0da4c262d	35	prebuilts/api/30.0/public/perfetto.te
100644	7dcb5ea1ed58998db02111aedb4d962ac09c0862	4af434653c989e9c4fc8bbc6961f1b2d5e7b4aa05bbf5d50435332d5c25d21cd	1194	prebuilts/api/30.0/public/performanced.te
100644	9b1faf0f6a9149a5f0944eec43f0194a4aef02fe	0199747ce0a4d4281c3f1c661c30b7081e4422e9d8517c6cba4d5e17ca05dbbe	75	prebuilts/api/30.0/public/platform_app.te
100644	bcea2dcbf63a4bae8ef5c3991c5f2cd1df686980	5c5564a7558bdc84776e3fbe685ff1b2404f20b0544e8711086cce1b1ab44ed4	1720	prebuilts/api/30.0/public/postinstall.te
100644	b736deff5f2bfca18190469f559cd037ac10e491	4a9469aeec58070db7c6b9c06756b8a3d1a189b68720f058f4ff170cfffe2800	743	prebuilts/api/30.0/public/ppp.te
100644	0761fc30f88ff713c127b5ce3d105ae9072e807f	a6c5d1d7009cefa667f7eac56f9f069b4adb6f33857931e2dd595745542161db	85	prebuilts/api/30.0/public/priv_app.te
100644	8ff62710e41c62d2ac1310945a46c5cfc1f93e90	da4b5365c825987f0d1faecbf573ec3274e2bff5602706f2dcf8835d47e33ce9	1074	prebuilts/api/30.0/public/profman.te
100644	9a93518d64493c4abc12ec9fe7e2b25351f1c2da	a960db2e1a2aa7e01d2b6e24cccbf848083f2e91d47cac9947069be563faf8a1	18039	prebuilts/api/30.0/public/property.te
100644	6a99e3ffbae90e6b8a48f80368493e14fc949aca	3ef919160875976b26ccc4879566bae8d5dbd457854472eb40a24db28cec05c4	34035	prebuilts/api/30.0/public/property_contexts
100644	688874024cb04c751ceaab66822cb26631502dac	a7c9ca4df403d643758af861d614072e31e8e0b0d9caea0abc59f830c37cf44e	1097	prebuilts/api/30.0/public/racoon.te
100644	34eaf83d0440435c1594382dd205013cbeb3f90c	9a82ee6223a15b6bbaf2dacfecf3bdb8570f39e1efb354924c55515572a62bfa	1428	prebuilts/api/30.0/public/radio.te
100644	63a9cea62fe52d7024e9ebff2ad57cd8019d77d4	e92f54f8c1f32a25d98876245e3de36b37723c4703f8f925415d2fdb46cc2014	6700	prebuilts/api/30.0/public/recovery.te
100644	d4b4562019a1c8997ba4339b70295cdee15e0b24	ced3bced3290abf63a8bce038473ee3eaa111362cc465b1fafa6721b9426aab9	1065	prebuilts/api/30.0/public/recovery_persist.te
100644	d6870dcb2cca489eb36505d1fdb853e09d8488a7	e6c2a59c17f1d99cd547f417527786972979c72b2f9bb008b92b76b72a897b13	794	prebuilts/api/30.0/public/recovery_refresh.te
100644	ca9293439ae9ccc02da1b764fb6b9d3751308c10	362775cb1b2a62fe2fa304ed6922e4d2b1563ad9cc850fbe35af1b60d113ae2c	21	prebuilts/api/30.0/public/roles
100644	16b6e9630647bd3827bfa860c1531364ef299ec1	7291fff34ccd560e4283b51f6088004488f665899531d657559229d929f52b21	83	prebuilts/api/30.0/public/rs.te
100644	163e1acde8f3df2b7763eea58467e23b51fef347	7f7ce7e68d4298827077e4576d5ca4ff38f931ff58f376c09b445c13752febba	130	prebuilts/api/30.0/public/rss_hwm_reset.te
100644	356a0190caaa9acb813b57f882b23d7d4cf70ab8	9101c0f565fc0e8e925dfce4e49d0b807d46935227a3ad08e09bfb9cce252e1c	1574	prebuilts/api/30.0/public/runas.te
100644	cdaa799c9dca37761bd00d5617467bea399adcb6	e4fd02f5279d6d0af85f7999921de938d6a9c05dd8f54cc5e65f11dbf6fd7b89	24	prebuilts/api/30.0/public/runas_app.te
100644	b3cede1682dc53cdf84876b781a47e8e9b456859	b5dd52e134625aeb1ecf534dcbb2e1ff4ce1aaacc600d6f0c6fb72ffbe041047	65	prebuilts/api/30.0/public/scheduler_service_server.te
100644	1ae377082c0b3438c6741b1f9ffe098a35dd72d8	b20b730ff9579d01a7c97144758d2adf1a9c6f8eb20ae0faa1fa585b39ff704f	1590	prebuilts/api/30.0/public/sdcardd.te
100644	4ce6714f6eb264fb927a76641369ce910677ac50	5220e810e098a0c6cb6e3253e50bf736e4fe51d8af36008e130a29ce69a2721c	56	prebuilts/api/30.0/public/secure_element.te
100644	7c526a5f3300cb514bfefcf5b92de77f1de2ec7a	06eddcd78b1f41a9699e5616acab197c39e965aa954662d76c9174c35a0b9fed	59	prebuilts/api/30.0/public/sensor_service_server.te
100644	f27772eabb934a5d51db6f7d3be546b1e09cec88	054734e56ce16b723e58e6aa6807e11b64c5d8ca596e99fd2e2c2ec55a4e1d26	19066	prebuilts/api/30.0/public/service.te
100644	63fc2273ad093cf61670bb07771386f8f3bf894e	51c20e0a2b3ab94306c57121b40ae56864419afaab79dd1f02f1f7cecf5b9511	1137	prebuilts/api/30.0/public/servicemanager.te
100644	e5a9152e2ab0d5120d932366d905f3ce10c8005d	55ea8108eb9bba3ed469744dee92102a8f52dee039ba04b73b454c36ecb6237f	1500	prebuilts/api/30.0/public/sgdisk.te
100644	8e58e421a80d461c591a31fe619bec3764b1a412	5c4109d51516b2dc36ec3e4ef4ae85da055fe2ca8f7786d345cff10a703f6a87	521	prebuilts/api/30.0/public/shared_relro.te
100644	c0412ebfd3bfea018ee90a50831f96132fd18b89	9817f8d2d3accfe68e33d09e1bb10cde544ea97f36126c994bc86a9e3347b254	8445	prebuilts/api/30.0/public/shell.te
100644	218fee77a83682af488dd95cabc3076a5a585218	52cd523b2f19ac15ee205961ab27780de9809dfd0bd0b11a5402815e3e801bec	25	prebuilts/api/30.0/public/simpleperf.te
100644	b7ff7a0329398a93605df9ccc2b1758fa55e1b7a	9f99a203be01d8a2fed5ba19ca2ffc993f5795d2cd05e5cf7b68ff68a415f64b	1857	prebuilts/api/30.0/public/simpleperf_app_runner.te
100644	10fbbb8520ba234714c8277c0f2a659bbe37009b	3bc0f79b58d661b9653f63b815ebb0e5a7255e8087a79140bdfb4c2878283824	566	prebuilts/api/30.0/public/slideshow.te
100644	564ae234ecbec03abeac15ffd7f4da178f8df164	77e12d0af283dd44492530e55be72a062578a1fdc8a3bae1a8922c0ca3d720ae	57	prebuilts/api/30.0/public/stats_service_server.te
100644	435bbdfb1af50c256cae8b9f9d202b17fdd50d07	93fca45bafe1a4114206f54012f7ac02fa4d795e4e758f0a1a2fa4683faf584e	2530	prebuilts/api/30.0/public/statsd.te
100644	99d460303bf2c2417b3b5c75ab1037d6a6815c68	a4bf60d2c608a4563f2ff53b007236c9f281274ef72b433b9ef322b7a8c3930e	4234	prebuilts/api/30.0/public/su.te
100644	c1e4844a04339e022b75bf155a2510137550bf70	08c6fc8432eb453dc9bc9f2a395246e06a567c950cb2fe62fa06b39ca90af7c2	113	prebuilts/api/30.0/public/surfaceflinger.te
100644	023058ee0f0f2220e94101cdbe92fafeff4bfbfd	89d62acc300ea4f19dbc0034d701290b9588b9a55087295230d4bba16724a1c1	182	prebuilts/api/30.0/public/system_app.te
100644	ff18bdf845b7a7420634097bc2d4bad2c995b6da	3f721703f892943a5daa92606eca8774a9a6f196d049b9819b3cc7e9f67f59eb	194	prebuilts/api/30.0/public/system_server.te
100644	8e8310d5ed1d3b55b5987bb113e18b986577d233	9c1b878020c03a12ef939d258dc8f79f6fdedc854f5277cd796873c084337583	225	prebuilts/api/30.0/public/system_suspend_server.te
100644	56f977522e8a2b796a7db4ef5b0f29b98bd82048	b0893f7ee9e7404906d3524c97657244ed42b7fc95b03954a648e34e41fe65c9	33003	prebuilts/api/30.0/public/te_macros
100644	0f9b32dc9d4cb095f4ea361e39a52b09d0c01b29	6d0949f78056f251f8be5bb3d2d212cd25c8b28ba64dc926e29998dbe1d75c57	261	prebuilts/api/30.0/public/tee.te
100644	ea2abbb75230146c32dae2ccdc0318fab10884a1	66782d7496d1206a1a19ed56c11102d86d2c06c2b6af24f82432b359d42d977b	711	prebuilts/api/30.0/public/tombstoned.te
100644	4c2cc3eabd5c14dc060039c816d21009e1f9e335	02c0e9c888ba2afa6c7f1c467ab1b9d733699bee08ec6afcf5f2e915d4490ca1	1464	prebuilts/api/30.0/public/toolbox.te
100644	ec5b85039b875c8f80c9f52e10fa09a6bae534cb	43bf4e0d00576114b6fbd98f7431afc0fec706efc3e049fa7ba4c76857219dea	53	prebuilts/api/30.0/public/traced.te
100644	f9a0324b11b128cbff031563e09c3de8d46ecb07	ee32234a4a1c9a2bd314744db72bcd38470cf06e3977d29bb8c04166bd2d80cd	26	prebuilts/api/30.0/public/traced_perf.te
100644	3e587c8efb8210d50a822854d939ae5a5cf7112d	358cfe8b86556384b74ce5a75b667c08aa773ac9f9c635bbbb92dcbf11475a5d	59	prebuilts/api/30.0/public/traced_probes.te
100644	7e2cc84a04e0315e36fbe9a8d6aecc7122e30584	17570a843a825ddab89e79a927b413a175df3c735fd5876d5b226ac33e6d1194	836	prebuilts/api/30.0/public/traceur_app.te
100644	cf9b95de9e3b5a9652e702875f7dfbabedf90cf8	6e94cf1fd52b8ef6f0494ceb01475ba24fb903e83775860584cc10029268bde1	1055	prebuilts/api/30.0/public/tzdatacheck.te
100644	fc503b890e0b7f15d7a6efac68c4b894f6a5f3e4	294ba59847cb4e95b34577081ac3874ab9d0d64a82dd486a2690b121b3bc8fcf	3269	prebuilts/api/30.0/public/ueventd.te
100644	4114b2add38c3de6fe05b0ca27a71d9b7c390713	983fbd4e26dbf9981ca307d0180220747a4743442a78ef790ddfa1bf2687d5f2	1449	prebuilts/api/30.0/public/uncrypt.te
100644	43fe19a0345cd5b0a10ec55c8408ce0af398611e	a1d034eb0f418e60182b380f6f6746b53339ca308cc0a0b76fca462d46cceaec	1369	prebuilts/api/30.0/public/untrusted_app.te
100644	8b767bea0400b2c9821108a27ee9dbc93b0520f4	f27864d10ccb3663c1d3539df0b12af1f1b173a6d7d7e6a1de9fe6b6711d102d	3401	prebuilts/api/30.0/public/update_engine.te
100644	57d8e7e3a93a835549ec68cc13411067137f3459	ca8938f2b80abefc6769605d800d1ae0c5d8b9d74ec2c76591519df94d3339d0	3611	prebuilts/api/30.0/public/update_engine_common.te
100644	f881aeb6b5a2a1c5845a644bf80b6c445b12ec90	ec6fce4b05fd547e72a45e0601c15354cfd7524e5dff89d81b28540d96f0084b	1405	prebuilts/api/30.0/public/update_verifier.te
100644	991e7be5fcefbfda3e7bde9d19b827477c99cac2	ff336a4627673c807af3670a6d03f7cb107eaf2e9b44b685aec4be8be146a02e	143	prebuilts/api/30.0/public/usbd.te
100644	e638e50a635778652f326d90bbc3b93fc72d480a	2b822171fae16317478c6c06fd134bcebb7665e31dceecdd831accfe315d81a4	573	prebuilts/api/30.0/public/vdc.te
100644	36bb5cbd7ca87adc2e7091c6014b1f3307cb4707	03d3aef873d090cb382016f240e052ad90ede66561210f1bf4339c1c998a4fac	8969	prebuilts/api/30.0/public/vendor_init.te
100644	dee9941341b969506da606188cecca27aba57e41	96f30e5e9c0b87d2f986d91df148a78b65cf2b1f88b71bfb66bd794118f2974f	551	prebuilts/api/30.0/public/vendor_misc_writer.te
100644	7d30acba4b8fecfb883eb3613ff13dce6dd7dc4d	78dfef5c907a1c2bdeb45d45dac8e8f6952d506ad80251e0f25109e3fef4cd4f	796	prebuilts/api/30.0/public/vendor_shell.te
100644	63f938de12887e5e07e9bb0778c041635de396d2	43dabd0b98aa019721b4456405ff0000a84b39837f824894b9d2d25c6aa6efb4	599	prebuilts/api/30.0/public/vendor_toolbox.te
100644	49c87044c42f24f4f681df42256fb43a2e0ac367	78eabfbbb0f097249bd988c3b1fdc503b69f49cd954ac9f02c390e8c91dfa1bc	613	prebuilts/api/30.0/public/virtual_touchpad.te
100644	efd9adf92096f0e52b7323445a249c9eaadba9fa	d01ab2fc8822eb21bb8f9ce74e73ac5c2e66a69e7c3661e83744e26f73a9097e	116	prebuilts/api/30.0/public/vndservice.te
100644	6b9f73dc00b51adcf9a2f31713e285c009490a78	52a27877172447b87eb16cd611c960ade67420e2c4333d21ffe1c254d158e9ed	102	prebuilts/api/30.0/public/vndservicemanager.te
100644	1d125d3aa0202b20cf7922cc726eea3736ab13df	db4c4bf3d837b8125ed0eedcdebad06bc462d0d8ff5c781bc7035d66e523e926	12034	prebuilts/api/30.0/public/vold.te
100644	3087fa861bbe04b61d93424a82adeaa40b25ffa7	b8ef783cb45e03a332b890381f34eed651b226e942e8700cb48d653d55300a4b	228	prebuilts/api/30.0/public/vold_prepare_subdirs.te
100644	c14688703c4ec42723cc186f1b5465f4a0b2e0f7	ab570996f3bae8ac239eb293293360a92394f49faa4481ebc1a91e565332d8d8	958	prebuilts/api/30.0/public/vr_hwc.te
100644	72e3685646bfa523ac4b2c4ef801c6142180158b	e509a80eb8b62689a4a8c985638a3f57e684436ab759580adf38cf05ee29abc2	247	prebuilts/api/30.0/public/watchdogd.te
100644	ace3a013e11bcb767476c4b9dcecbbec6aa973cf	9143395295cd20ae1a38d4c42173d1eb2fb0894496f7c6d2e96b3e04d901012a	248	prebuilts/api/30.0/public/webview_zygote.te
100644	b429884c5647bc4bca76e84e52b1572d4fe62ab5	0817f29506be2216e9ab0751533039a0164067c9c70503e7a158e3f656e32080	1522	prebuilts/api/30.0/public/wificond.te
100644	8ddd6935d6300dbfa909b6b6a8b43d4c1a55a89d	e881b8c1524455d03ecb2b12a1190a10fb484beff7a111b069594b1d1d1e26de	1176	prebuilts/api/30.0/public/wpantund.te
100644	071354e828cf32b1556b229c732ef1eb74970a6e	d845eb52d49bb388b34b0f30625f1ec91566733857644f8c5da826c3d20228a5	118	prebuilts/api/30.0/public/zygote.te
100644	e6a2cd097d033134dd40cc3024823e4c29956e35	933e717c0a3806acfebfa97e39ccf2bb0ee5949d48416d34baa2b34d1ef9785f	3053	prebuilts/api/31.0/Android.bp
100644	7496c65ca5494e35908d42d41a797110e20ebc84	15fb5c639a282c0c972947da562ecf9fd26531bb45df48644c693c49d05f05c7	8735	prebuilts/api/31.0/private/access_vectors
100644	42739957e3269788ffa5a1163f5cb60b104dd630	d36915cbf891ccc1be7298919e804a8782ad10b002fca125c91b75928e746efe	7836	prebuilts/api/31.0/private/adbd.te
100644	33efde06bcaf0cafb387a051048e1bb6b56924b4	e4c895659c59c2fa8ceac7e43986903e7e57f114b023b2904954692cadc248ea	117	prebuilts/api/31.0/private/aidl_lazy_test_server.te
100644	f1bc2145eba91d9c0e9dc6e4a3e4a688050c2dd1	c8a97894383d5da71504f66f201ba9f0ef8239204bed9c6f842cb149e5dcdf7a	647	prebuilts/api/31.0/private/apex_test_prepostinstall.te
100644	09799bd0a40d0a5d41edb9f3cda9bb7bad5c15f4	832d6c9606c8f50810f37c633a23d3d56a9bb7caa927359dfe816fa3c04494fc	9339	prebuilts/api/31.0/private/apexd.te
100644	2b3554f8805f9ee51cafed9cb8e3e25e3c586f34	9d614430f556a15681444e53090a34912099d109b9b82e1faf03b6ed986bf017	4219	prebuilts/api/31.0/private/app.te
100644	c7fa4e8c5081986b7cabd525b5803412a0ad069e	2a9e374dd9a07a00857115f0fd77b8d77c84fc62a3862c52c35cabbfd7cb2cc1	10730	prebuilts/api/31.0/private/app_neverallows.te
100644	004c10844d8935d67174038f6082a179dded8898	5aa9d5478423dba052e0c10849411219846c9b7a29cf7b02b0a1f89318f6b714	6105	prebuilts/api/31.0/private/app_zygote.te
100644	69bcd501099b0e394a36b255fca53fd4effed6d5	cf8af7108d5ea8f32a024ce47cfb20f33a724a7c4763421a55c818e8d4cc54a1	398	prebuilts/api/31.0/private/asan_extract.te
100644	d9e351c49511109c8063a591ad6bf6f2d6af7fbb	c7fcd5b05a0aa43d4b135930c19a427fa6e04f7c53cc30f446b4b10776f13e73	2678	prebuilts/api/31.0/private/atrace.te
100644	991bac1d610e3e2311c27eaf078be8c3a342049c	a30ae493249d74fe61cfbd65af5e1d92aba613a62502a1cc7a5641c572033301	504	prebuilts/api/31.0/private/attributes
100644	2d0b46d7fd3c3729e5616ed48e8c00bbaf72afb8	546956cbdd6a13a1ea1b1cfbdb33ca5bca1c6b276a05eabd4d1aaf2b243b1d18	3994	prebuilts/api/31.0/private/audioserver.te
100644	f634d3d1d57f5e717f14b15b8f849dec68d161d0	7abdedf0f6df9b9d818a21e610b2580e7ac8c9e613f79dc1c5f4966f20edbf67	589	prebuilts/api/31.0/private/auditctl.te
100644	da933a9fb4c25fa5236a657d1e0c697f274c172e	8498f91ec06bd99be1c349b6ce7e3785bb1518ac01159d389d8f1d630ec2f892	1347	prebuilts/api/31.0/private/automotive_display_service.te
100644	7275954b2940a2b53dae45466b974a286013ca4a	1a25583cbfd741349d18885efc14ca89dddc6b82a25b94330f9cc8872d274f93	1167	prebuilts/api/31.0/private/binderservicedomain.te
100644	20d50cc5715951dde1227c9ce9859496e0c6ff3a	8d034b027310b0c074e9e009242e93e8bb338bedbd6fd83abc7e6c5058d907cc	231	prebuilts/api/31.0/private/blank_screen.te
100644	4e972ab95d9168b08d01eaa49190758b7ae84b62	18c88b2e9292d78a6b24b559d3c63e7484ad4028c2aba98d5a17519b8b63bb5f	721	prebuilts/api/31.0/private/blkid.te
100644	125677157ebaadf6fce40e245c85904008103b13	537d7b18964f3c89f911d6d98ac239963941f02a8903933dfac4c46675f8c4d1	1100	prebuilts/api/31.0/private/blkid_untrusted.te
100644	8fc6d203e32afc14f18827418ea259fea6f6cd5e	cac4c3613acdfcd08be3077192bd4cca973b41a02c69a116e9755a8931ac0138	3371	prebuilts/api/31.0/private/bluetooth.te
100644	fe4f0e663e6ae203381c9e365896f87f919399b2	a9cc20171e4db59f3a38a0cdf21d6e9f38c7b227152eac557d9d6b7b0618992c	167	prebuilts/api/31.0/private/bluetoothdomain.te
100644	855bc3dd53d319b3989d9d7e8e5364b4949b2bd3	96f8763d41cee7b7980479dcc5d1c16805a0dde688d3ee894aef15187d7b8a07	449	prebuilts/api/31.0/private/bootanim.te
100644	016292ed31e23c24e69160732a3e3feca1805ec8	382cc7df8c24f1818c0aa272f92a070b177d5fef0ca56867062b77df529be5db	1006	prebuilts/api/31.0/private/bootstat.te
100644	50fc1fc1c18050810a79b52b0f128f7f850f812f	bf0aa8f1cb59b85418604f805456559aa15d23d2427160f72ff414dbbeb21f52	3639	prebuilts/api/31.0/private/boringssl_self_test.te
100644	343ec7ae8ee11e3844f089f1a1acb9f563e85710	0282147085c1aacffc2a4106c82f9653a4ccf5b1fccb20998ad6582bd409b1e0	2271	prebuilts/api/31.0/private/bpfloader.te
100644	012eb20270cb536f73ae5c02e199a76706106312	4fb1124b4805ee7af1e2f9b6dbe81b03682fe9a1f5e38aa4c805f45ee11e8375	69	prebuilts/api/31.0/private/bufferhubd.te
100644	5b042ae4c71fbacdd769fd11a1c3632711638ed4	d34dc2f3db8497a3064b0ab204c68516d4c51326b7fdbd3819d7b53fe307e63f	1503	prebuilts/api/31.0/private/bug_map
100644	2be3c9ea37ef57eb00f390f84e07126555424fbd	1254ac87f037499e8fc974fc42bb21cfa7ec2d90f14828599b2f9dd9d90c3195	151	prebuilts/api/31.0/private/cameraserver.te
100644	9ba60ac136802a60fb43313eab460d221f73ef23	3f56d9adf32d5cd1ad249b9ac131396a237031cf75fc75880210d7d67e3ccdd4	327	prebuilts/api/31.0/private/canhalconfigurator.te
100644	8be113ffb23aec07d51b971ed7c32e3a86bec92c	06012498085d3349c6cd15a829e2ce7b71e1d0fc4f388eefc65d85a858a43e8d	716	prebuilts/api/31.0/private/charger.te
100644	0fa774a27f1a8694f78d48f4b535f9398df0b395	c6cbeac08f0fe67fc458a5ab156fc29f6904e8c32618d6088ae19c2d018360cb	1542	prebuilts/api/31.0/private/clatd.te
100644	0fb0a1c5ba68dfb32205bf0de4950ec2182feb98	b1b946fda0a07b60a35e7147ebc07112681611c539fb5762b5925ca53367ca8b	109549	prebuilts/api/31.0/private/compat/29.0/29.0.cil
100644	ccd9d1a058dc173af422d14f66e8388489dc3b1d	a719324d4059bcff49ea4df6ae74a8f69fb9f5907781a85ecaeb4b78c88626dc	846	prebuilts/api/31.0/private/compat/29.0/29.0.compat.cil
100644	10790468f16ced385ff7d8a87a6e765788b1a12d	88b09b023cb97878ac3c3008da86fb8eae34e28a2b182e184525c485caec522a	3472	prebuilts/api/31.0/private/compat/29.0/29.0.ignore.cil
100644	9f40876682452ce5620999c1adb965042f63774b	ffb035e7484a855a9baa84c461175c11f7cd77fbd577ab4ea942c2aa26ba13b7	124693	prebuilts/api/31.0/private/compat/30.0/30.0.cil
100644	97c5874898df57ae96202399c16820728fe226dd	760a5aa8f81926445d48f52fb52edc124f6f51c4c4085d9e6f2ccaecebd38cbb	902	prebuilts/api/31.0/private/compat/30.0/30.0.compat.cil
100644	0c36aed13958ef17837a9f7f2635a05a9c6202d2	a7f7d2c20c85cb35400f36a4957867a34fdccaf5f68ca33b6c47a38210831ae5	3990	prebuilts/api/31.0/private/compat/30.0/30.0.ignore.cil
100644	b7f4f5d18e29dca739bf64eaa74c7959fb11a6d0	329ebef16a51d5b2380df34dd0c211ecae8189a29f1a783520037212289d1c22	5631	prebuilts/api/31.0/private/coredomain.te
100644	1192ba676ee7fcb43ad1ef2900a82cd0a0c27c24	4a9598ed103d1defb7e9e8224ad0d9de79105cd6ec84f42f787947f6547f290d	1240	prebuilts/api/31.0/private/cppreopts.te
100644	9233a4dae75e0c2b94ae03510b62c8d586daa2cb	108bd548677a76af40b0222ea2a296b95918ec1bf1e9d934b5574c92134f1c17	1299	prebuilts/api/31.0/private/crash_dump.te
100644	8d87e2f330533c36d4722c449f0eb4079f1eda07	6d474f4fa397a220561995e6fe5f1f7d20e92e2beffb6c5b6d7eff1680315e9e	141	prebuilts/api/31.0/private/credstore.te
100644	5d7080a49789003dabe16adcb6a70fe1fe37ed7c	752b985414a49883a57f6b996a50b8821a55dbf39d739054d9e6c1c728b8879b	540	prebuilts/api/31.0/private/crosvm.te
100644	2299ba092332b40c3d11f7de9c172e40ac35fbff	c2dd215c76687eccb5f189617e45c523a9189da613da3da074e6ba9b15231a8c	1003	prebuilts/api/31.0/private/derive_classpath.te
100644	1f60e3446f9fdb5e1219e46b8419de155c48df77	ea76b65463ad1b4ca05d717b52075bb3cf5f3f056a16b03aa8211e54100e7232	424	prebuilts/api/31.0/private/derive_sdk.te
100644	e7cdd5f12851d6413c7aa3438b86d960cbb9fddb	b18c7a7adcc1801ca20f9ca0775445b46a30da292e74a29ba9c10dd16b9fde42	4161	prebuilts/api/31.0/private/dex2oat.te
100644	8eb1d2905b35e0e947c3e99ec667f1e554020c35	fc225659486d986d1af99bd810cbbc28bfa42d4044436b7553e700cdc3aeef95	2307	prebuilts/api/31.0/private/dexoptanalyzer.te
100644	8ec9111d63af55648cc52c7a02ee9d785e06f84a	6bbc07a1ab43a5843ce2e74ce328cdad071acdcd494660028d4fde58a3292d03	183	prebuilts/api/31.0/private/dhcp.te
100644	96084b490a08b671853cafdbf5762b7ae1c5118c	434c86e9ace194b3fffc0984a197d370e004836c1dd97f43ca68b835327114bc	34	prebuilts/api/31.0/private/dnsmasq.te
100644	b91d36d85d24c202327f2f99d92ce505978c3e12	a5474ed6cabb62b9e933a8506c41149531d112e5c4a6d662d3e0739029e38b91	15700	prebuilts/api/31.0/private/domain.te
100644	8449c3ec3fc572d3a5ed452a854974933cf9834e	e4fb3f1ee2d57240e31d24f3a196a28cbada8ed9d5a42d70e5733d2c94006a06	233	prebuilts/api/31.0/private/drmserver.te
100644	37a9a0c8bbe3c4d90b2d89968ceebe845062f1e9	5ecbfcafb2abf03f5ca05aeabd178a1cca29ab639af42acc3c2bad8fb62d6df3	3573	prebuilts/api/31.0/private/dumpstate.te
100644	e004891792232b5dc99dfc7a081bceea8591201f	e8c5ca3a771548005227e480576ec0de949ca124d776ddcaccd4a66ba823dc1c	3728	prebuilts/api/31.0/private/ephemeral_app.te
100644	40b3945b58fb743f50f1aa0fdc97361a90c062cb	341f37a4ec4e32eae26e5ddb69d47dc76c13b15b6b929efd7eb34665471cec5f	1502	prebuilts/api/31.0/private/fastbootd.te
100644	a024600fbad00673fbfbf94da4bf17e7b6e2e1fd	8f56a109ac21502c7dfccfdcba38720cf4d455309712a17a56354a05fe23586e	2352	prebuilts/api/31.0/private/file.te
100644	351cd7c5fbc6ca21b65fa5e41fb8d02745ecf18a	b10dca67b51d681bcd291af40ddcb307c72608fab5a30081f46fa9f2d0897c12	43766	prebuilts/api/31.0/private/file_contexts
100644	fd083c22183984cc5578666376e987222eb30a26	cccf6d8b75c1d75285302af8a6569afb39999aabcf898088da19e3cc41ae6be8	1096	prebuilts/api/31.0/private/file_contexts_asan
100644	e472fade565924ccdc1d43e23d8c3908c57f9a2e	9e45850bb0bc23086295a61242a86117ef6190cf45492c3e37f225cc788cf45d	510	prebuilts/api/31.0/private/file_contexts_overlayfs
100644	eb73ef8ccf9a3129f5a635c3f390d1177277e6f5	1499df576556d71a156bc07d86a7dc37508acc0f038a709379188ba4379a3ff4	73	prebuilts/api/31.0/private/fingerprintd.te
100644	55d1a9a7bd995ebecd86374ef5bcbfda84f1c9d5	8ee8725d6e1fafdf42c0fd4c87012f8d4a1c2d0879351332ea71a496c2ee4819	2019	prebuilts/api/31.0/private/flags_health_check.te
100644	93d7f1b24461e533a62828687cc263752b0a00ec	577777c76e1b96947e37ef3d6b37d380f9dca0f4bfa56ff04c4c67374e9e1265	1055	prebuilts/api/31.0/private/fs_use
100644	f8e09b645d4165b61be2f3b7d841ce0a420d5dc6	484e616c55adb391efe905ecafa51a82085fe8d20e84e60641150453e69ff966	115	prebuilts/api/31.0/private/fsck.te
100644	9a57bf02771bb2a06bf59d5b0a922e96dcb81aa6	a487f15cfd8d2e8ee93353da0d766f5f86b62b115de5e2d90380a561d94a6828	41	prebuilts/api/31.0/private/fsck_untrusted.te
100644	42d142f021356c22ab5a327a081919e4ad4ed550	3cc1588310160eb9d9449dd9ad5f6abc1760a1106cd2437f4e3bc8a6063dc195	1083	prebuilts/api/31.0/private/fsverity_init.te
100644	6b69cca613eafc77c828f2e6cfd1939336d6e2d6	71b0e6f17a5c7e899027e1175b790507cc42bbcd627ea4d1a3e406a0d54aa5c2	300	prebuilts/api/31.0/private/fwk_bufferhub.te
100644	2fb88a3bb28f55f12c2d318fa421f15094d5d6a5	a73899aabc4b507591c02e8a95e3404ebeef82ba7166fcc436c61865cb3c4e25	143	prebuilts/api/31.0/private/gatekeeperd.te
100644	13bfb46e1c5f76074f0d214ec851a0531e31de7c	488efc66e3ae3f780fa105ad95faafa2526590acba5e2fca16438f5621fca6c5	30473	prebuilts/api/31.0/private/genfs_contexts
100644	11553893089716670a34fb974ba9d0129b972c99	eb064fd9067cbaf2ef6cb5a14d9283d8ac799bd00d098c8b4442ff173c81d8d9	920	prebuilts/api/31.0/private/gki_apex_prepostinstall.te
100644	571d155cda3f3cb6197fc04e9cda12fb2093a2ce	3d6f4b39aecda6a9e5d49c89f45006ea2cd63d54344de075f722fc6305d2ecc0	5713	prebuilts/api/31.0/private/gmscore_app.te
100644	2e4254ca40942cda1f8e7d1b06a32f6847b5e573	83b345f97634af7041e6b441a632c98819828a469abda3c7b76aa50b9078c8ba	2283	prebuilts/api/31.0/private/gpuservice.te
100644	8a13cb173b29a64e78db627041fc175003061bf8	aa53feda128ce02dd5cac55b1189f6582d84d3fb7d396904838d6e9a633eb319	6223	prebuilts/api/31.0/private/gsid.te
100644	7aa28aa29e35452ecfe7500472c2cc269e558fbe	c758f61b1bf0bc59fa4a56149bd6badeec80e5bccdb4356af9e73a80b59811d5	220	prebuilts/api/31.0/private/hal_allocator_default.te
100644	93cf2350bcd52cd8f35aefaccc7c034d10857af8	4a0be12763ff0fa1075102739fa3f357a29a27113f126a58a58319ec078d4865	88	prebuilts/api/31.0/private/hal_lazy_test.te
100644	9dcd3ee3846a74094ad45970754e76405846f626	4f2d76873fcbb4d2632cdc8d65a87aaf2307e000994f42d9ac6fa616391cf970	392	prebuilts/api/31.0/private/halclientdomain.te
100644	f36e0e7d8f15cae1cc86b4259a1610540d9839ce	411698d698161bd46b5f2c70f0a06f0a70e18c924735ff871cb40dfa365ddf1b	319	prebuilts/api/31.0/private/halserverdomain.te
100644	93bc3d8fcd8a3c6cb4933c9a4a3089cd0f104347	0dada279ca99570ba29b0c6b286aa6195d8f78a5050c82d208311955bd9b67c7	342	prebuilts/api/31.0/private/healthd.te
100644	246f936d423556b6ec5795c260faeb33eb2c3f83	d1aac86d9e9b908927b05ef2d8ae4ff72433f6a3f12fc653d6a5a7cab8995271	2926	prebuilts/api/31.0/private/heapprofd.te
100644	04e8c9fbe1dbf5f5154668ea73f8af13a07e9b35	e5e7a9fc4879321b1fd588066b1f1240da1b077e62f6c1f312180d89c5aa7973	284	prebuilts/api/31.0/private/hidl_lazy_test_server.te
100644	b7ba4d7bfe3a4afb612c3f3e7e3f4b12e40cbc67	66cba9bf5a5bcb6bfff7d5a7430ce0e522cf798f80580889d092086d233071af	75	prebuilts/api/31.0/private/hwservice.te
100644	5b6e79dee50bfca766fc81823ac412794e72e143	5d7138ca8e27b6fbcbfb29516ad9b65e6814d02e4cfb9872d30d732bd127b554	8648	prebuilts/api/31.0/private/hwservice_contexts
100644	e1fde43f262c6058e1c5eec35c44db3780df5f3e	6a4de1059cf70d0ced5572da2ab7f90aa32604e5d7a0d01a109e968fc32fe60b	296	prebuilts/api/31.0/private/hwservicemanager.te
100644	c982783b97f2b151a37b3588e44bffc4d9c104e0	38f6ddb2675332f615707485c984b5ce9968b0af23217f7585e7b0758e6afcd8	59	prebuilts/api/31.0/private/idmap.te
100644	db9ae8638b9190a022412a81227c148db5e416a2	3ec2150a35d7a19510afa19c7df6e691ead35d0a54854affbf4727d2bfbbddf9	1411	prebuilts/api/31.0/private/incident.te
100644	b45385568345b9c85c622bff8b4ecb386140ac09	9c3ce7fec36997085960e3b0331fb2f6bc053e16c7e684516aa6d77b52c64ab2	719	prebuilts/api/31.0/private/incident_helper.te
100644	918ffda835f6967242b70ef5790a08281c326188	8fe90627f721f5224731848ad336d760185c2953edc6e1ab8f24c76a978dd37b	6947	prebuilts/api/31.0/private/incidentd.te
100644	f569e0c2d156663701e225caa7fcd40067e45d6f	43bd3f2f486d823bd22982ed35341d445e5dbba08152963d1aa81e42f3831526	4372	prebuilts/api/31.0/private/init.te
100644	98190510f2a65869b031c62304436979620cdf06	c6062ea3690f13c60c665063d58bcc246a736c103e770bc7008cfb25606e3f16	973	prebuilts/api/31.0/private/initial_sid_contexts
100644	91ac816ba7657261a9f2f486d551626d3cc0ce1e	b65322809825c3f8425f805fced74fb25981e71b7602450584e83ff800fafad7	416	prebuilts/api/31.0/private/initial_sids
100644	9696b491b75897d98346b9494cce5f92ad10733c	15009df396ac3bce3902b53db49ea9603326188b10ae4db718ca4398a715f72d	73	prebuilts/api/31.0/private/inputflinger.te
100644	726e5aa03a689026af36aa3bb123271cf256fd2f	4d69bfabe6c4520dfd4d9d752d015e6221ac0f9847488b03aabf2bbb8406d71f	1673	prebuilts/api/31.0/private/installd.te
100644	5acb26212fb5e9525b7f138a03039e974c6159d0	ade918cd7404d638cd77f8f4a5bf32946efed17698400edadac779ab75af3640	677	prebuilts/api/31.0/private/iorap_inode2filename.te
100644	9ddb512c9897733111867864756d882fdb0de89b	83ad2a921a2dad05b6e76f3fbfef607d2fa94627f6e2d157ef0a93e78b354122	115	prebuilts/api/31.0/private/iorap_prefecherd.te
100644	73acec9c908219b63028199378b7855c24ebede3	dc32c960b255d0280c05366201c814e9819dc7432985d3c19bef8b5a84f89917	359	prebuilts/api/31.0/private/iorapd.te
100644	71749c00f6c992e8a14423e7a5e4019570d5ffbb	b092188d10ed92767d5120d47df674dae1d206e1d703cf9ac8d7c788e12f2f6a	6632	prebuilts/api/31.0/private/isolated_app.te
100644	adc8c9632f7c0959216685cb028d0d4f2c1fe7a3	906ba4c0b7eebd6de617d95a08acdacaeae2dfc89b205cbce5b0d0b30f1a5867	107	prebuilts/api/31.0/private/iw.te
100644	53411634340bdc10811e9bb9ed1d5d39fcbff486	2c915ce844e019f4c3d89d999489b5664296a1ad1d9cb0ffaa3da5e40b9a42e4	1432	prebuilts/api/31.0/private/kernel.te
100644	362e73df7d21e05498b8a51ced490f151da9213c	388a157a657e19c5057e2488577153e885e71c9b3faf77126be49ba8306f4404	933	prebuilts/api/31.0/private/keys.conf
100644	884222412a2bc7e64ed21f8c4bbf57e675d364bf	da3c810732b4ee0d10ac2a05db30679e0ed0f691f719f44cfdd1db38de91aadd	1236	prebuilts/api/31.0/private/keystore.te
100644	3833971fcd24e4074d412b84a07f279291d6a2c4	cf36b6761243f5f1f79ee5cec86f798c50e254ed2c4726bafd7308e1993daebc	1095	prebuilts/api/31.0/private/keystore2_key_contexts
100644	2f9760850c9b858ca010050b1823d1f61805b1b1	6d6bd4df7de48e3f4c8293ea1f3b1054565a220be691000be5eecb5d5e1715a6	765	prebuilts/api/31.0/private/keystore_keys.te
100644	268810233906212281cc7234fa8e2ae6ae965f58	8b02805aa918db69f6686719f55887d0f70150db554e760943bc6e16130d2a6f	1041	prebuilts/api/31.0/private/linkerconfig.te
100644	f218dec7c43cc90eff4d08cc3a7e5e5cb349d6e8	6424d7e69c9e5ef915d4be6e48815728005d68727748fcd2629557a16b737ba6	1492	prebuilts/api/31.0/private/llkd.te
100644	ec9a93e295fe3dbb822e0dad853d8ce3b4746571	ab0e471df25f66027acd3575b88a78c410f7d2b3f6e3ad979c38b30af11a4c34	345	prebuilts/api/31.0/private/lmkd.te
100644	7112c4f83ca3283848b2c847cfa000fdcff4343d	ed926f77b93399395e7d5bac92e9cecfb901a0b4032dba40f814ad8343c83605	897	prebuilts/api/31.0/private/logd.te
100644	ab2c9c63f38d5855af89a2b5aaef150bdb7e2274	65553233e2d1ac8caefd93d2f7f5a66902327c877d9d53b0eaeeec163a4fd5ec	1215	prebuilts/api/31.0/private/logpersist.te
100644	9f5f87ebd0a8e5fb5dd316aa9d6327d313dff153	1fc86e34effc94aebfc66ce2bd5110e77dbcb1abcb430c66de5f83b01d4717a0	909	prebuilts/api/31.0/private/lpdumpd.te
100644	7fc37c13efd9826040450b0b6bbda69e6bd7374f	f256a9b5d8cb67e8f39e8ea25b8bf61e50a10920d5744b302486ae9ab1eae74a	2064	prebuilts/api/31.0/private/mac_permissions.xml
100644	98e95dab3b8a1e867e0e04a6c16f81050cd33fdd	89fc355ab8793ac8b373c5d48a24e00c0549a8744fec78af5c6fb10d144f761c	245	prebuilts/api/31.0/private/mdnsd.te
100644	4e511a81908db79a52dea340725f7c771efa9c7e	bd7a10acc20328bd3d6296d00d3f00aa4a394fe097225d30531eef7b8cc1d7f2	241	prebuilts/api/31.0/private/mediadrmserver.te
100644	7bcf5c82fb33e5785d39c1c6798305d185c2b420	3f6fd9ed5315c5d04c7c16727e45b3e9411efbdf77c2f76f64510178a8c63e92	441	prebuilts/api/31.0/private/mediaextractor.te
100644	5a6f2e1df51c2eb090829bbe0bbd3bd116511445	55e902810f9c5bb42bf38ba30b5f798ef9e6ecb815361a131017e648e6e554a2	277	prebuilts/api/31.0/private/mediametrics.te
100644	78bbdb06463975b04037ea0089b1680b6a2f4a9f	0302c14925ed8d4e0acff14db3110b0f39b19bba76a0ed2a6d6673adaf8429bd	1889	prebuilts/api/31.0/private/mediaprovider.te
100644	0e4a50ee69c82bd7f323aa701a773fa1ef23c98a	b1983d53672a32baf6f7d86a13ee116f2ba181dd7c20329651a6353f1890f4f6	1770	prebuilts/api/31.0/private/mediaprovider_app.te
100644	6fe460ca5021fbd975081938465cb0372b088ae3	d4c2bbfa0ccc2a376ff93a3ae9679bbcb8d13d2ce20158270f696f10efbd5eb9	671	prebuilts/api/31.0/private/mediaserver.te
100644	02079c1131dd6a6b2d479f8a2d92ce055dbcfbf0	257579654b57cd2ff9c12c45ad6de0218aa413011ba4124921d70b912d5c1dfe	188	prebuilts/api/31.0/private/mediaswcodec.te
100644	073e81d7845da8cd3192baf131a567257768110e	be76fb748e0540e54511c4f653cb59a11ad0f09b8e73923b9c59718c1c415945	2932	prebuilts/api/31.0/private/mediatranscoding.te
100644	413d2e545bd2790dcbd38d2b1f55f6b1878b135b	9c1d3eedbf604ea6074d5d3c05138d68f6abf3f8128b8c14e056e1762b029827	898	prebuilts/api/31.0/private/mediatuner.te
100644	b2a1fb10a7fdb4ea394c509082976422ff168e24	b159948255fbda94eb8b135360e44953046a3bc5c4c9b53fe055dbfd45507cd2	1246	prebuilts/api/31.0/private/migrate_legacy_obb_data.te
100644	955c27b00ff5c9ba6f25d6f8c2df3b5fd37d16a0	e356f81480145ac954b6a9fb12e7387a8b42619a4def563af10087c6cfd8fa08	5239	prebuilts/api/31.0/private/mls
100644	dd53bea7e83755ed099489e70215f810e610695e	f7549d8c5569deaa3cee8c9decad170e9a7aae349a68e5e0602db7825417ba14	276	prebuilts/api/31.0/private/mls_decl
100644	83e05425b27f234203ac747ca613d8a39fac3d28	c5822b44c9a53ab6dda8f4ce79bbf90a9d97fc9ab43849ef0f4207bc86e048d5	1252	prebuilts/api/31.0/private/mls_macros
100644	22482d9b79c09c90fd8c86d791a8dd11d11bf488	7ed928425a0daed1d7d2bf6fc4231c72373858fb1320f86e6852eb694e3ed54c	781	prebuilts/api/31.0/private/mlstrustedsubject.te
100644	4875d40328a6ce1d3e1648ceee2b8d734753a4bf	a4ffecfdfc4787fa62576ac193b97eb83d6aec740d8bc802efc126762e1c42ae	420	prebuilts/api/31.0/private/mm_events.te
100644	98586756f91da77583959db541ca421a565ebcf3	d3174958d3591c745e10b11acdf511e0ca001a469697cf97c4ecff4642098355	35	prebuilts/api/31.0/private/modprobe.te
100644	732e111ed0b42407b3076a9ce971946b9a01e818	3e3d3470ad8f942d07e6ed822b6639cd275d8534cac4ce93cf4153a78dfaf82f	55	prebuilts/api/31.0/private/mtp.te
100644	670a4bf79534015990ea271dbec0b5cee9d4d934	9e4e9f19e647b3497135bee544bb0215caf43fdeb0703cf26d0112af71ec771b	1657	prebuilts/api/31.0/private/netd.te
100644	ca3b5158520592e47bded0a78a41174b41af32fb	4b1b2e3da91fa32c287e49ab888956c5dbcab565a0fa49dea15b540a4b861f6f	1730	prebuilts/api/31.0/private/netutils_wrapper.te
100644	09a98b534388f90352051f807daac02f1a78b6a8	853760e7f806d3cffb66f595a4e30382a211d8b3c0fb7365f2735360fa1ecb57	2973	prebuilts/api/31.0/private/network_stack.te
100644	f1a08f7a4473964f288939059c461ff561583674	430df7a80691a051488b43ec938ddcbf6ab7d8c9ce858fee30dc1db6ca72867b	1182	prebuilts/api/31.0/private/nfc.te
100644	3db1ae8c2634272667751979b109c4c15b286c30	1ebb49b749c84e146003cd40adaf65eb74faa3362cf25f3fdbb09f39feb1783c	2552	prebuilts/api/31.0/private/odrefresh.te
100644	c6c7808b60b7fe95d9295a84e68b51452dcc9ba3	87f0bd9d4cf909a0c471ab82d9bf160d55f4bc05bd7ea05768955edbeb625629	1750	prebuilts/api/31.0/private/odsign.te
100644	ea9d4ee9f4da76c8e3ce73f14a52e1277d78f4bf	576fd6b813e5e463cdbfaa53496c54e5519fe03a797684689fd7c6d75d51fce9	4488	prebuilts/api/31.0/private/otapreopt_chroot.te
100644	27a3b0e084a4380a81cb36b4f10c694b864c3223	66f765a62111e45e13d231a48c59f6ec4babae27599aa27835ab5b9675b92a0b	1376	prebuilts/api/31.0/private/otapreopt_slot.te
100644	f9693dabfcd3e075efcae9f3c3f1e05f9249053a	dfc902a0fd51f2c19049bbbd70b76b86d755f297c6e57bd461917c7fc3c19dd2	3869	prebuilts/api/31.0/private/perfetto.te
100644	792826e02297ffdeb248014a2af721339c6593ed	d697fed933905e86f4f027ce1f004740820f0ee6ddfbc08cebd8dc4c9f0e6c8b	73	prebuilts/api/31.0/private/performanced.te
100644	5f8187530e7219f8b6be84536a9d7b8bbd6b77c1	67abe228271f7f61edc593d24e9e15a3612758daa08f5d6f34b5cdc300c47057	824	prebuilts/api/31.0/private/permissioncontroller_app.te
100644	f746f1cc400505810dc68c9749228a2954866d45	b492f35292f4bb140675dac8b3a0c69f5518d02ccd8be255acb60bb68f1b2cf8	4065	prebuilts/api/31.0/private/platform_app.te
100644	9290e3ab36427e73a0ce8593de26f87551410a45	8a063a3d29a09b7a939dd142b84889c33208bc22c352c78c5479b5fcea462b03	536	prebuilts/api/31.0/private/policy_capabilities
100644	b473c0c9b431fe79309f2df9aa7bfd3c8223b3c8	098d6ebdfb72ab9953ad990ea3d81a4238181105d2965532c3b6ac089dafee0a	77	prebuilts/api/31.0/private/port_contexts
100644	7060c59bdd8246336bb19d536994221dbe2a6f77	f1848667c2f6f0c6f1ab043c180b0c16a04f27185516b04f8a874e05ffd4186e	216	prebuilts/api/31.0/private/postinstall.te
100644	2fdc941230a0ffd947d077dd944a886ab8ef5f8c	2bd7cb8d7fa093eaf7ab859a94375ed9deb78bbf504de9123dfbdab799fb852f	4044	prebuilts/api/31.0/private/postinstall_dexopt.te
100644	968b221b688ffe92f04a98d4211648a26d1e7ffc	da8fb0c2edbaf047cf1e79fb74da22b7a68bd2efed742c420baf7ee142394c84	69	prebuilts/api/31.0/private/ppp.te
100644	ba54b70acad2b89a5cbe4e0610d585ce7154555f	07fcd710a27f268b2f71f51d6b5191bd09977d13b174a64ae1326569ab1c73a0	758	prebuilts/api/31.0/private/preloads_copy.te
100644	dcfba14d52fb2f913eb5603303b20bb0f03115ec	f6b1576aa9857d04a52f580e6be881f38183ff881c6afc068c22b8f699217d80	616	prebuilts/api/31.0/private/preopt2cachename.te
100644	3ceb7a3058be3664788660e6d2a2ab126caec27d	e853669894d43e143371162e637975e32ad88dcecab27a3e767a468510a5ad75	10549	prebuilts/api/31.0/private/priv_app.te
100644	efde321ea8339a9f9e81c394d8a6731a34a0cce8	8f8936f07431db6c5375f570d5b79cc607bffecfddfa46500c7927475c911a03	2570	prebuilts/api/31.0/private/profcollectd.te
100644	f61d05efe7b8908ba5dbd7464cfb84b2c4118e94	777b58af2c6294c5dec27a8e908e4140a783c28a001d38b33c1fe4f60d86d3b0	34	prebuilts/api/31.0/private/profman.te
100644	e72693a385fec761714652d60e782fdab7bc444a	5e9790cb407a26e175c3acee75cc099bdd84c7e8ed6447ac3e63ff68abf13ed8	11798	prebuilts/api/31.0/private/property.te
100644	e0700fe0afcbd369a3a9b730711550421223c11f	79b68931c4345bdfc700f12559f04b6ab8d49d5f3f31f0fe931ae5ac7759fdf3	76246	prebuilts/api/31.0/private/property_contexts
100644	42ea7c9e48416235ba3f28b878ff7fac20d87196	2758d2ef46fe643fbb35488f8e72371efdd42950f1d02473aefb226520bd0ea0	61	prebuilts/api/31.0/private/racoon.te
100644	08365f05de36cd9d3c776bd9a83494d7ebfb5817	41bcea464eca26301b2f8702dd494b58ba9023d0895ab38a482bae685d6bcecd	1057	prebuilts/api/31.0/private/radio.te
100644	bba2a0db2bd480b58ec4ef4c558bd0013cca2984	e33031b9f2799014a4e62954f541c1400409ae9b4793a78cf15728dc3061a0eb	1693	prebuilts/api/31.0/private/recovery.te
100644	7cb2e675a6e3eece2ecbd33fb8da780ca9208cc0	d98dab376b70b533039b967a189c989a4b9e3a776d781f77b2446102742fe4f1	329	prebuilts/api/31.0/private/recovery_persist.te
100644	3c095cc261e6c74982a8f33359adb79340d7a4e4	b86e1e5998e15ddf2f8ca239c3f9ac13ea9cb57988107ab1388010041770765a	277	prebuilts/api/31.0/private/recovery_refresh.te
100644	010c9bc3fde2b5a937e9503171aab39dcd82d3ed	bcabfce183d7c81bb9b7169dfedd7c0ca00a88248b31b9cd1ee95d83b92048f4	377	prebuilts/api/31.0/private/remote_prov_app.te
100644	c84fcba0ffabdd4ae4460e34b79333466f62f4a9	4241eb694ec396a73e9a0d6bfc9973400dcef8ac820a7e0cfe0f9cbf3673e6dd	8	prebuilts/api/31.0/private/roles_decl
100644	268f0406b205a9be61be6972fb7c617247afabf7	b6e1e8308f37b04aeb0cb009b46b82ed19e5cbd5a49781d753ed79d273b7a3b7	1628	prebuilts/api/31.0/private/rs.te
100644	30818c2faca7d15c04676e89d573f75db426fa05	187b4692055d37e9ec1249c5498d0ae4d47c1e20572d5a221ce332bafdf4dbab	464	prebuilts/api/31.0/private/rss_hwm_reset.te
100644	ef31aac3471736662b840960b05e242ccb80856d	5f56cd90faef00b87a1b5f11c3c300bc73f90c3f8f56f5bc1037b696dd742614	113	prebuilts/api/31.0/private/runas.te
100644	c1b354a9a3876ad23239c50151c9ff50683aa53e	0301d67180994e80bb3334e9dd9cafd18662764e4849274398e906c3bc1be366	1375	prebuilts/api/31.0/private/runas_app.te
100644	126d643490d7081ad0db7db021320aa74af171b8	fef00b81a1140a3c0a2f87570acf2a511fc4bca4facc3f4a672848f37351a2c5	109	prebuilts/api/31.0/private/sdcardd.te
100644	1d38fd926c250e12f250f5359d82293862398c17	f26e748019a9d1aa07105f504cbacede86147b1db22727b8298e791fac4e8ce9	9495	prebuilts/api/31.0/private/seapp_contexts
100644	57f512bbd250f37ba0b93d080ebb4028ef77dfb5	7ecbb299824fb5be4f5a131894b3d4ea4ae3182f42bd0751a9a59d4c86f2d407	509	prebuilts/api/31.0/private/secure_element.te
100644	200b030cc828216fa11adf0abb79407041333368	628a4c5570cf5bd5762b89c3c7096f6900f2e2be07f5d7f39702744fd9fe4fa9	3129	prebuilts/api/31.0/private/security_classes
100644	7f692f35ccffd823ce2267557d7230705e5e2f22	0e7b373ab9184671c9e44427183828146250a63b08e3180aa90fac5b7a3bbee6	934	prebuilts/api/31.0/private/service.te
100644	3fd342b9bebec6e137c0aa8eca99d7e45e5a1584	848e8978fe2d0efb969630166e21db17b5f66bc2d1a32635f4a9c6dceaf0cae0	24040	prebuilts/api/31.0/private/service_contexts
100644	6294452042acafda0db100304bc362314d27705e	0568682f243e8da4741e3cbb9e979cab918a737483df8289a609bca0883b7c0f	168	prebuilts/api/31.0/private/servicemanager.te
100644	a17342e01023583ada9fc6526fea79fb2c685145	8644295a913e80dcb39c62524dd0752addead9f1d018dd95b91b78c630e19b33	33	prebuilts/api/31.0/private/sgdisk.te
100644	31fdb8c911f99939abd56daf97c17aa4513264f2	b0273def01ef45452abf89b948b5b3fb5a896cd84c31b1d529bb4be8de8ac0e0	639	prebuilts/api/31.0/private/shared_relro.te
100644	40b19fde0343a020e234ba4260de921941b00c7a	74d6a9073f14501cdf338655d6af9bebe1ae42350d4972763752f007e9195a36	7396	prebuilts/api/31.0/private/shell.te
100644	0639c1136da03dc2d6d33baf1150264ffcc6b79e	ae8ebe297bc99fc3a58487b4bbfe79f03fe614594a8ffd95472133661a80e80f	1739	prebuilts/api/31.0/private/simpleperf.te
100644	850182605745d6d7cbbb6ad74648d965279726a9	bdfde5ced50940334569a38c43fd5b0d8564063ba4a51be30777430d21fd52bb	125	prebuilts/api/31.0/private/simpleperf_app_runner.te
100644	7dfa994ea7add2eddb4c6e3f2598a79c6d9b5de0	275253fe4d8b41ba25fa8ec8de067d470dd42cbc95f35ca3a19987a0bc973f87	36	prebuilts/api/31.0/private/slideshow.te
100644	fb2bbcae762aef461561929651e3bfda5e3bf177	505714db5fb708f05caac8bceee5e5f8477c92538d003f1350cb5a1ef1643b2f	1575	prebuilts/api/31.0/private/snapshotctl.te
100644	d96b31e057724b576668ffa3d12d36ad9d37c410	57d053f8dfe3ff09aaf7b8bd8983562efa3b20df4f12cf0886d1e1430a2344ec	1020	prebuilts/api/31.0/private/snapuserd.te
100644	db29072df3d6e2880464fa296f43a1009a7ef96f	4fd3c6fd0d4929e865290931341e01ebef1ddebc2d04cacf0be1efdf350d4649	1327	prebuilts/api/31.0/private/stats.te
100644	444d82e3c36a51a3688f209bf20c711cfc9cc73c	7636979d67b2942f9d4ac6ca4a57db386ab1b39b3f0b3f2968cc64dd07a899e6	908	prebuilts/api/31.0/private/statsd.te
100644	bb39e5b73fb8e0179e00d7bbe4a376df6caac810	6edcf9ea765ec2ffddbec3ab2567b9922ca5e5711dc53fdad3843d30794d9b01	2058	prebuilts/api/31.0/private/storaged.te
100644	587f449fbe08f74e35a74914a37d740d2eabcc9a	0884685a1d60558366d3471b63ebadf3d0135a1770c98d51433d221db3fb0122	981	prebuilts/api/31.0/private/su.te
100644	7a92bd485c6678883b57ea377f71e565d5a13183	d12afa3175e0791d267895cd0a262e318f0ec3237edd32ebc2f6b546faecda90	5252	prebuilts/api/31.0/private/surfaceflinger.te
100644	41fac622b3100cf6fb01fe239e05e8239db54c1e	66d293ffa9cd8165feb1d9f474b6bf25cafcccc855b723097913eb30854e8367	5286	prebuilts/api/31.0/private/system_app.te
100644	73301c1e9fb12d0f7dbd9e3ef177b451aeec9f59	4bd7323be896f95c498dd20498662178cab2403334c70ddb7af54b46589faa18	54872	prebuilts/api/31.0/private/system_server.te
100644	064e0383c41002f3c8cbca91e5255bd0ff568427	6e1b55c04c9e4c254d2387b2597d54f08b9b42827baaaf8867de3162da3dcb6d	978	prebuilts/api/31.0/private/system_server_startup.te
100644	caf8955bb1ba599a3bbc590dd0093e128447f4ae	816ee7d8285396bfd0928789831e2a8e1b59fd541383ae8acc3588eb1008d290	1418	prebuilts/api/31.0/private/system_suspend.te
100644	9b3e3c6adfdba9da482bb87568efdc72141fb876	2af238ee01c7f80e69e8306041779b0cd1687c23502e1ef63555441a5597a2f0	4231	prebuilts/api/31.0/private/technical_debt.cil
100644	b6dfd1e4d6a4474909010fa7922da2baaf01b6f3	9e16c3096094f484c5902dda78963d278537866150b48f9e4fa280dc703546b0	244	prebuilts/api/31.0/private/tombstoned.te
100644	a2b958dba339a87ece3bc9fa66112cc49abc23ae	476afd9a53e0970ff832216b467dff0b787be32ec3da816a432b6bc3956db442	63	prebuilts/api/31.0/private/toolbox.te
100644	fc9a2455a5bc266406e330c677fad5e561a6551f	3efdd8cd52d684b3e6db25df7b03f272c893294e82269303c445a1a354d84662	4699	prebuilts/api/31.0/private/traced.te
100644	96a7263f74cefdbc8ea9a5d23f61f52a41353737	b9982296cd6fea46fc90afd4dbe4b6bfbf3b4ca10a0af1b7850027bdfc1c1447	2807	prebuilts/api/31.0/private/traced_perf.te
100644	730a45c95d7ef79a8ba1677036e5bec8d49c6d20	2edb0ab630f5e5e9ae7c1254f4ae8062134ca678522c9ece861fe2b85d254ea1	5831	prebuilts/api/31.0/private/traced_probes.te
100644	2937e269b503d5ef372f2c2ac48f64ea243dcabb	14aa78be2e7f3e044a91bc7ad3b01d1b207237372ed28b8b37a35986e14e28f4	782	prebuilts/api/31.0/private/traceur_app.te
100644	502735cad0c34d31e410302fbb3dc6b3de090109	1ddfcfc3a634cfcfe0fc7a7ddcb13afe1640743144e5a2832136e8a2aaec398b	71	prebuilts/api/31.0/private/tzdatacheck.te
100644	8bcdbf95a34be844c0f3a0563e399e3e53f2bf81	b85a99b6eed576c38bb39fc1c00b1955e04ac34cf4afdd946f743e6b6ebb309f	216	prebuilts/api/31.0/private/ueventd.te
100644	1a94cd1e5b9b3ebe37ba3e79f98750af10ac0ef3	7c398ed46164dafc6186cdeea2624dcb57b7e49ac7b63355e00a74fac4b74851	136	prebuilts/api/31.0/private/uncrypt.te
100644	6e7a99cd8c64bfd8bd076a5e5420a16e1bb1bb5b	4149677ee6c42edf30be8be74233c13f8644216d0746d8c7f2b8f73149cfad9c	399	prebuilts/api/31.0/private/untrusted_app.te
100644	41cabe878b07c7aa36bffdc85c15c095c6a1c859	7bb64d407c306c22e91bcacbf0c832857041ee1aabcd4ee6f0116b51e30c8876	2343	prebuilts/api/31.0/private/untrusted_app_25.te
100644	0993faa9bd6bbddbf53162d4f0fdf7d410b57b0a	01a6d0754deb2632e119e4923718cbdc4b6dd75d8689afb009646b771f530894	1762	prebuilts/api/31.0/private/untrusted_app_27.te
100644	c5652b16943f79016f596b403309bb8725114ec5	7b6b2de6cfe1b6bbc340ccf5637690be33d4c7cd171b7c6f854764c924143d21	640	prebuilts/api/31.0/private/untrusted_app_29.te
100644	6064c1453994c2db28211905267017167a607f9c	c1b8949bac3f42349e4873e0dd124be033c0b75946e1e0db43664d3f9a3499c1	8177	prebuilts/api/31.0/private/untrusted_app_all.te
100644	d828e1fe1a9c794ad67efd26e791b165b4efa1bd	42b0f1f86554c2c730bdef56b408a0bb483217ae9c7e3e5254887565068a8c7b	1033	prebuilts/api/31.0/private/update_engine.te
100644	8571ff650ab646967301d31eabe2bad42cbbc500	b139a68cad42d8fb38a34fa341ffb38c4c5e57b9795a6adf1d2c85e6ee33ce47	685	prebuilts/api/31.0/private/update_engine_common.te
100644	5e1b27bf8ee3bbf6ba60ffef4136b1a054e88902	3b1c68094ddb963967e939697eb59d7ac104db1b333d6020d2e6a7d69cc6458d	267	prebuilts/api/31.0/private/update_verifier.te
100644	42f23244e0783408ce79a31d24211a76bdb80578	80476430ef267a1756bc4bb8fc2cbc939dbb3aed3009be2ff3f0c907027bacb3	328	prebuilts/api/31.0/private/usbd.te
100644	51b7b57e6798ca0f476cf87d5de69ae956df26c7	50043f480e4192a70733f660638446ce981fde673dd4b6e88841772d907e5447	55	prebuilts/api/31.0/private/users
100644	bc7409eee5f72ec9c706f7d9e303c3ae9f84f7c4	69a6d51eb112f42b9ecf996a91bcec28461c4e503cc3d0d19bfd9482be6af76c	55	prebuilts/api/31.0/private/vdc.te
100644	2e616f363719fa1bb172d34211ea4ce53002d204	c90da3c4f254f6b354ede60c26daeffc3a7496b359330cbe0c1362e38b54ea04	631	prebuilts/api/31.0/private/vendor_init.te
100644	d1f09644126d4ba1eca1684209da2557ff51848b	db41a42f2deb666fdc32db24efd711503860cf647a9328ae4e6987cf97b44ca8	1070	prebuilts/api/31.0/private/viewcompiler.te
100644	467f7d4f9606f1a1409ccffb707b0bc8dc83226a	03b7e5571034869110ed7325a3d4e53ad690821cae8269b7e1d30b6d05b2c6c3	642	prebuilts/api/31.0/private/virtmanager.te
100644	e735172fed4128d3f841f0c4cef2c8e10a5c3bab	e099c211ad5a82d899c07cd87d3df498d244f6c58194fe9907390bebbb903052	81	prebuilts/api/31.0/private/virtual_touchpad.te
100644	de0fde48a34f3271d3ad1dd8106346a7ae8421b7	c59a83f7299e81d9f60b28a35078531e9aabed6e823d55f0038ea6d15d332b17	2041	prebuilts/api/31.0/private/vold.te
100644	956e94e5f8677148bf9a0e9afe07a7ab23a63f49	f512f7828cc2ee5794dfe06faa428fdc867a4d1152e9a7475f7eb7b10cea616c	2201	prebuilts/api/31.0/private/vold_prepare_subdirs.te
100644	053c03d9867da94abbd7a32c1bce1a7586b6fa8d	d2828a0203d33706c5ae76147652a2c81fb62d1c504f353f9ea3e18096aa0152	137	prebuilts/api/31.0/private/vr_hwc.te
100644	8deb22bc8bf33509742a29cb34a88726c9d96579	06fd82ae80f181bb123d55a7eb1a97a1dc7e2b5c37c5057fa925509afb382898	130	prebuilts/api/31.0/private/vzwomatrigger_app.te
100644	da98e2e0712f0d23a83f7684c9e7040b4f417ed1	0976e7a5d851b2dd3ecad677595227262ecdee9ab327f052e2e9fe6bf6541311	536	prebuilts/api/31.0/private/wait_for_keymaster.te
100644	91ece70522d11f67b94bab2e45a79122bb44a6cc	f728cf9119bf04a21e0de54255b2a7ead740ee2ca2f0eaef5e429c57b522c5b2	67	prebuilts/api/31.0/private/watchdogd.te
100644	3473ecaee77923e5080c2b4e8b176b97fcf4ce31	89180de3f70f91b5ae886ac9c0cfb2d2a75038e2ed5ed282ee169ba734473b79	6144	prebuilts/api/31.0/private/webview_zygote.te
100644	3fdaca27394e2eb4564d91011b8e9e25d8da4d02	a604bdc2019d0400be0f07a76763a26e4b016cc8fb83e53c26941a3d27dbdc2d	271	prebuilts/api/31.0/private/wificond.te
100644	e91662cb7f8712267d1843f0c8711925f698ca04	be161ca0600c03dfda778fad959fd99620b90f4482996edcd675c07ac8706397	65	prebuilts/api/31.0/private/wpantund.te
100644	743647ec7a1c3b13a3178351ceb5a09bd0d17d24	369520758fb0f8cb415319c4844194d4c1566134ab856179712d9fc8ba51cc8f	9536	prebuilts/api/31.0/private/zygote.te
100644	5056b352801daa903f836ff7d9499a8e6463a3cb	4e25ad0580ba210be2d406ccb385450af2540d6644793a55fb34facb050239d4	528	prebuilts/api/31.0/public/adbd.te
100644	626d0088b1cc03ab8c90abcde1b6e23ae2201a94	b2c94354f32c76cafbc9e92fad154e73095e3bf22ffb2b287c925d26837bba8a	288	prebuilts/api/31.0/public/aidl_lazy_test_server.te
100644	53bc5692bf88cf500da6607918bbeac96e398340	7632fe2d6b2a455edcce3cc374fc1f89e0d0b224997e90b5e3a853675dbe95d0	444	prebuilts/api/31.0/public/apexd.te
100644	5527f9994137d506b4e265ac6631087677ddbd0e	8e1a70bf52a4aa72839953437658a1cbbdcdfd9459f25fb9288956d3472a104e	24095	prebuilts/api/31.0/public/app.te
100644	4c1ec96522de44f0bcc04ff10045559ad18110ea	1c5aed7e9b9b9443ef2f6d5039c2b755f6c5246a0ef846998a3299cbd0cd5e54	253	prebuilts/api/31.0/public/app_zygote.te
100644	d8a1b7366a7963759fcb65849bee1da5d712ebd6	147dafa0e0e3a7513be95dd4ec193dd7ed1fad218fa44886d62a61a04f7d30e5	1296	prebuilts/api/31.0/public/asan_extract.te
100644	7327f84ec1589384d9bbc76a76dd37daf4a4acb9	00e33e07a1209ebc5e57c46613bbd2bf46535fbab8a5efc0939ab09e458703c2	33	prebuilts/api/31.0/public/atrace.te
100644	b60c9cc62e424e761a680eb090ffdf02b79d5106	4d76e8addf8bb7fc935c3962e00d299f3343f65ff71b96ce0a7ba56e650da831	13147	prebuilts/api/31.0/public/attributes
100644	a8a33cc5a5edd9ed380f81d1d790cbe707f29a5e	8be2f75791593d2dfccc085f1b3ab659ad7b6aea89cee84b03ea35985d2687a5	224	prebuilts/api/31.0/public/audioserver.te
100644	dabe01452062f9d2d4c8fdb9938633daff89e548	988af8057d7a6852b37a3b1c48949d1f9e8345deea88d01ed9dd0285a5bedd48	45	prebuilts/api/31.0/public/blkid.te
100644	4be4c0cb2371e5b89d6b8b05f534944e2aa9f72b	e9054e76eb657f82247c8285ca6e87a20ff1e3d21c699984ffbaaa8544719f71	66	prebuilts/api/31.0/public/blkid_untrusted.te
100644	9b3442aa5b65cc56e831169890469f23d517772d	4e935acdf2d2a4909ecb8170d985eff37f15e7db9ff0eae1d3bfa6cffdbdcf39	46	prebuilts/api/31.0/public/bluetooth.te
100644	88fe1736515652c193627048ce47222375147a74	fcdf1dbbceceebd558f150d6f5bc23f6c2037da31a96e41b325f59753dc915fa	1260	prebuilts/api/31.0/public/bootanim.te
100644	5079c28f15788ad63250d0a7f76177fbb0cd7c27	40527028e0501bafe9712fa0b31aab6e5386dfdb77326402a8c5698c3560e192	949	prebuilts/api/31.0/public/bootstat.te
100644	37edb5dcec8bd14c291822c154dfdd2080ec5cd0	52e7faec7fbaa27cb7a4fee692f56f1f7ea19d51d7caf5987ffd2aaf3ccd1517	868	prebuilts/api/31.0/public/bufferhubd.te
100644	352e1b7aafd8ec10a77610559d919a54d268aa79	e97b1c1e77d9981dc5b4365b4d205ffbf1b088bbdba7a92d9738180b13c8149f	59	prebuilts/api/31.0/public/camera_service_server.te
100644	7a29240c38367f6265da1fa2911b5789ac47062a	65237682c46d6212dc432571f0ed4face3b68b9ad08b1183416612e843607810	3031	prebuilts/api/31.0/public/cameraserver.te
100644	37359e3bfd0880a9df80ed3400b7054710dca5cc	aea9ea08a29dc04c5dd05031aa48a93a5ea3c9efd13bcacf0a8dc15ccaac2b48	1269	prebuilts/api/31.0/public/charger.te
100644	a6f0a94706586fbe3c768d7bad20490ceb2a82a9	f9707888b7f8fe1aa57e5bd44e1d286cae059bcf087e12b24f8c8b481457bba5	2578	prebuilts/api/31.0/public/crash_dump.te
100644	97d942d914fc0c30fdd0f7077529c40f95b86419	11580e4d8d0d562bef9092a04a1286c2ca4a9edd68afceee9966c9b1ff5239a6	656	prebuilts/api/31.0/public/credstore.te
100644	cc2ef57a4aa7c1d4763c339b01dac7fbcd0c7468	1ce32bde9145ee10a3e65c23ed7794df4501be2ba7fe1d456b092ab7634764a6	4715	prebuilts/api/31.0/public/device.te
100644	1d875ab173f70ee6abd9f284b761560d1451e86d	ad4cdd48a31cff9ffa0cf7e704eedcfbdd8bbbc33df5fb45c8c4e24d7a5cbba4	1128	prebuilts/api/31.0/public/dhcp.te
100644	c5839fa544b524ab61fdcddd991a93294955ae80	22e507ecdbd88b4ed06ddbfc5599543b21549a78fec4e5fd4dc58d9bb42331e2	61	prebuilts/api/31.0/public/display_service_server.te
100644	86f1eb1c9e6383cfa3f9aa0717493e183e74d2e2	50ca9115784e21ac8b0f8bc1f19918b7c042e359dbcc7e00b1760dba7bffcffe	1197	prebuilts/api/31.0/public/dnsmasq.te
100644	799a2f1c570b91f1bf724c86f017fcc2f24aaf39	433b5febe388998fea4712a7bdccd1ea06c610db31756cb18edcc950f9cd8a40	50270	prebuilts/api/31.0/public/domain.te
100644	eede0fce2f559b8738f1da1ef35b02f6400f8185	608290e7e32e45f91c4dc7249603b628f3e9394f1481c7699b6ba11e55f85563	2246	prebuilts/api/31.0/public/drmserver.te
100644	85a5796061bfb38bc4cc410f878e26ab2ee2825f	26687eb6f4543ef6bc7f896aed2f150a2a23ec68ccac5d01471cb46106fac805	11366	prebuilts/api/31.0/public/dumpstate.te
100644	dd5bd69deacca25ef57b0ca0f8dbe0010907d7ee	b7a60aacbdc250201cedfe3ddc667217971679c6ec1bbb2f8d9c1e2127383536	830	prebuilts/api/31.0/public/e2fs.te
100644	dc39a22b59ddfca70a42208b143c68caf4b133b3	3f283f565a09656a785b1ce968ea6e2bb9ce79e6e2f487ed1f904e7766745e00	459	prebuilts/api/31.0/public/ephemeral_app.te
100644	e167a5e874f345abea66d6bbcfabe6ea002203c7	c34b77893bbff7a7725c7be15eb9c63fe2c1d9ecc584fd9c275209259292c54f	4006	prebuilts/api/31.0/public/fastbootd.te
100644	dc788ac6a39631fe5096a3ab271df52f48aa5149	6e78350b65d351d137386b554a42eb263bc3f4312751075b0306ad6478a2be96	29309	prebuilts/api/31.0/public/file.te
100644	8cf24111b64281632996653d17bfb5081a3a42ff	3ebd6052591c08deb15b51f1c9ca765212fd30fafbdf943e576fb2bb7f6f3572	901	prebuilts/api/31.0/public/fingerprintd.te
100644	25a776813315030058b3079c5519f07d6440926d	337ef7670e382fc8895fb407ece6836c05d2348b9de9e82c8d36657eac2c94e4	682	prebuilts/api/31.0/public/flags_health_check.te
100644	7a9fbeef140e912ce67fc74a4d5b26bbc1d6bb8b	9a78eed1cd7bb2af214103f4794056cf3fa7a24c71099940e4726ef80c437bcc	2165	prebuilts/api/31.0/public/fsck.te
100644	8510c94247754a1aa9703cc8e7bdad30cef1419d	8a2e747c28c3b881c23c33ebbf17681aa9e1e900c6e10bfb6b8fe3588060dc0b	1727	prebuilts/api/31.0/public/fsck_untrusted.te
100644	03486bd1ee0439b7bcbddc00f9a8f57a3b878246	59f264b052f6ef9b996af98097d3d8cb7118dda0607969f636856d10ddb377dc	177	prebuilts/api/31.0/public/fwk_bufferhub.te
100644	d48c5f82d4ca943c86ab7d7f8ac21e7b8fb702da	a2d54ffee25d30c2534b8bed88b85d30f5c24eacf335de67b4f60af92151081f	1372	prebuilts/api/31.0/public/gatekeeperd.te
100644	2c87fde5ee87630ae561f12deb88dd3f61c8dbc0	f79a4ef588cdadf9e5ed5d3f5565b33da56a5d2fda01edaadcfab1bac0199117	3643	prebuilts/api/31.0/public/global_macros
100644	b574bf39c124521c6f693cff9d0d61d623f465ff	b353de758a73f8393b06326829401ad63897e03052542d397f8c3a6f4f40c892	96	prebuilts/api/31.0/public/gmscore_app.te
100644	c862d0b7fa0d36f26c6d058dbdcbb144b1a427e2	795cd00de96637fc67bc769f6c02aae489951cbdb43fdba91add569d3fe80283	92	prebuilts/api/31.0/public/gpuservice.te
100644	6417b62890215faff687cfebbe395b6d3aa028e4	1e71a67b185d442d3852e7838d851a5b503fefd71d24498db0f6ba146310be72	321	prebuilts/api/31.0/public/hal_allocator.te
100644	51d9237f9e7bf175133508b347189e9cdc31f01b	940b0d289272cf72d262ba9f4db584b471a61c924b4a6b580a445b9b4c58fb5e	146	prebuilts/api/31.0/public/hal_atrace.te
100644	d1970b9bd4e6696e0a3b12cb92260a9daca73c23	6d6e53c444cec80b1caab46a86f642f24a2f200c508bd8ec8907568c63655db1	1315	prebuilts/api/31.0/public/hal_audio.te
100644	6f45b0ebb38e0e6ca324ea373d6734d8d093f48a	07e36264f1eaf1efe0105ef35930f071b5a7e68ec63f2500e083f66b9bc802ab	367	prebuilts/api/31.0/public/hal_audiocontrol.te
100644	bbcdb9a33d6ee7cdc4d72bced57141d311f6638a	d959761d8434bcde7a66034a0afb037c09c8a00b1989db4da54225ea1afc106f	276	prebuilts/api/31.0/public/hal_authsecret.te
100644	97177bad7c1ff693faba40f53389af57d2cd674c	06bbe039612c6fdec3d286fce836d27e8bff269f903efa85983087cab9202a35	1179	prebuilts/api/31.0/public/hal_bluetooth.te
100644	a1f3d7fe427171c1aad7a7ed020bba5b18d98065	320d33f4e0accaeac2ed25bc500c084c8dc4fae146907a86f28df5e0d8686fa7	277	prebuilts/api/31.0/public/hal_bootctl.te
100644	84a25970f7acc139e481ab0a33cbab3724f2da8e	30f7d0947c5f10216dd0d245a5be6f86cf7ee820e4b724369b3eabe550f1e88e	207	prebuilts/api/31.0/public/hal_broadcastradio.te
100644	45fad56e7949d8b811ef1b6e0c6205979eb1385c	2bf000cd73ddd82ea8fad1cc4bfc88a1cff0d712905a83bd1e1e51c15719750e	1475	prebuilts/api/31.0/public/hal_camera.te
100644	959d1d94a246e33c8e3e01a3520002cb640127c9	2b03d78741f7851f17eddb7030f1bb7cb25976984497eec6c127a9fc81344ba5	398	prebuilts/api/31.0/public/hal_can.te
100644	e699a6bac737acca643a88b2bad72f78dcc505c4	446543d7596422d13334c257dbb9d1c0625a8bc8fd6737199935a4df1915b3de	1248	prebuilts/api/31.0/public/hal_cas.te
100644	a379bb3fc1e736ae6158d37838560db082e92de1	ac34c9ff16f80400601b9b85d654a8799a1ab229e58c52d592f13b37b8060217	938	prebuilts/api/31.0/public/hal_codec2.te
100644	069da4791b12423f9551cc271b851a7445f795de	b796854da74c3e645b2e34e9c6dd28a44dc51cb5695cbee1dcd3da3f17955c0f	2441	prebuilts/api/31.0/public/hal_configstore.te
100644	5d2e4b7a14dfe7b2003e3d9a626074a83a27e07d	0313e377d0178edd6cfcea6ad6cb684415ff6304fdcd4860ffd56a526a938267	178	prebuilts/api/31.0/public/hal_confirmationui.te
100644	34acb38d662fc4f9a21daaff4b72eacf2dedfba4	5b200adf46fc6d3dc6ee55772c422a3fdd7721177ef89f71f962bc6055a73c17	235	prebuilts/api/31.0/public/hal_contexthub.te
100644	bb1bd91e67c6aeebdc9c62d565f27f89c83a6273	00beb2a3635418217203125f439a0ef3c972d97eb0c204454eb765274926f638	1747	prebuilts/api/31.0/public/hal_drm.te
100644	9f854e366d56f8da99320feb4c4cf62af03aec04	6e882ce97b7c3ce6426f55bab1a8e5f219b798d5924d8e19a18c3339a3ed20e7	522	prebuilts/api/31.0/public/hal_dumpstate.te
100644	789333af7bd57ae252ee08e8f965235dc758fc94	10c4ee98f81f60f654a55f7cda29dbb9d1f0a8a86939511536ad7cf5cf8d2332	198	prebuilts/api/31.0/public/hal_evs.te
100644	0134576745054629af9e9157886d1a6309ae214b	0302b61bfd2504b5f2dcd76d2e9fabab10b8a4b993eea93c0e9b77fe7ab24340	594	prebuilts/api/31.0/public/hal_face.te
100644	444cfdad0f9a4db77c7a83249a4e40961731a36d	0c4338dbfb8cf0fa4388f2592ebea167ff8a45db5e764e76f898605906222276	701	prebuilts/api/31.0/public/hal_fingerprint.te
100644	b918f88a2114ba7d27cc51ade00a65dab8ecba2c	7b31b1794a27f3ce34d7d6def9fd3b9afba531e50a48c45d1a63ef7a2aa7227b	251	prebuilts/api/31.0/public/hal_gatekeeper.te
100644	832bc8d24efd143cd7759346f86297131dbaec15	2aa147080b24e77ca3c6762538b92778eadcf0eb85ae4cacd2ee079da5965a92	340	prebuilts/api/31.0/public/hal_gnss.te
100644	3ec6b96186557327bf8e8104fb6dbf4e92dc817c	80e56ca297fd792500ce9a1df3cac6e098aa9a4011bec68396e23d99d788c274	729	prebuilts/api/31.0/public/hal_graphics_allocator.te
100644	1c69c99932555305020e6f955ad71f1ed55f8034	a3c47d78dd65958b60376f073a7e61e21247385a618437356132be50ee0b9a50	1456	prebuilts/api/31.0/public/hal_graphics_composer.te
100644	dc7d0836eae511f7ba3903fdcd150220d57cf143	b55f45a3f0eaea775385a84ae4cc0ae494203ce2181f54fea37247bfb55d66fd	1028	prebuilts/api/31.0/public/hal_health.te
100644	4938a162fc70d4b1dd401f00bdd40fca13cf2d38	bb45de9ebb9d3a43202b5c2f0cad08ef7737c34220b692b4b3e18b06edd195ef	435	prebuilts/api/31.0/public/hal_health_storage.te
100644	8d558ade1753bfbe619d97c6f1ed302ee9883038	f10de9993da707b3fad29345c7e020246a61717c1811aba73debe810c89819b1	200	prebuilts/api/31.0/public/hal_identity.te
100644	70a4b7debb22772985fceadb2a8f294e79ca9683	60037898842b3ce1f014b11f0dab7efba7350d40dc36681e75debae6493e11b0	186	prebuilts/api/31.0/public/hal_input_classifier.te
100644	29555f74cc9621da9533980c2a4dab62fbb7d521	76a943931fcd3a6f5f7d9cd94d1a9b6bcf221cb989cbfeea32c15119fa51bae8	187	prebuilts/api/31.0/public/hal_ir.te
100644	3e164ade9401564b97eb45bd63caa193edb8f5b9	764055c8cef10011dea27d45e4230191667d0d4615eac9ecf28bdf063007e5f8	268	prebuilts/api/31.0/public/hal_keymaster.te
100644	9c65e22dfed64c2a2fc12fcf77aede11669084b8	ffaedc460be0d7860757e84abb06767c7cc5aa9e65c6a00e1135723915294b65	340	prebuilts/api/31.0/public/hal_keymint.te
100644	40829b6bb0071f975372ea9746e4c2a2ff9181fe	15afe7358dd1267250f5b1130b232e451328bfe0f4cc26a963b652817737ba80	518	prebuilts/api/31.0/public/hal_light.te
100644	6fb95e9430cd6daddea4ba77dc359f3da500d4a7	fc3c294d40f40450b723e201d907a8cf545792e39858ab07e69e29a469f7cef7	662	prebuilts/api/31.0/public/hal_lowpan.te
100644	30a4480bd9823c6cbe24657f8c1b91a4e499e8ee	4ae73368aa8355b358cdf766a71eae3438374965b63ea6cad446df0c13a8d65a	262	prebuilts/api/31.0/public/hal_memtrack.te
100644	7497deca716f4965f2dc9110d3eb35cf7cabb099	d6a3cc0c0cf8dd1141a4ce287cca95c57e0638c5558ee83d953cfab82b9b1044	2072	prebuilts/api/31.0/public/hal_neuralnetworks.te
100644	105689b8a18a3438f1924e30f268b6abd4dc9e95	a0e10cee6060f9d3fac5a990d3ed8142cb57702316a3b92eeb0c38af1f9d8aca	3295	prebuilts/api/31.0/public/hal_neverallows.te
100644	7cef4a17dc3c8ca9c23037df8a548664c11780ba	49514d8c7b043b10b530da8fb49aa1aec4d88941d029116e9a08fc7b53f3e469	338	prebuilts/api/31.0/public/hal_nfc.te
100644	9f38fa55af13f2970c8eb286380be0a1344c7614	3f564c15bc5c47dbe260b8539ee6536ecef91a5442082d0bec5305d260f82e8a	255	prebuilts/api/31.0/public/hal_oemlock.te
100644	8e74383d31b59239c297fb4bbf31c07a93cf4ea3	dd2fe375b1d8d332ffcf08a81fa3a82dd55023d09123060dff2aaf81302156e0	1932	prebuilts/api/31.0/public/hal_omx.te
100644	aae32a016150ddedfc145940e90d8dad2d238ddc	13b69f8774aecbd22f423085886b0a6463b30f2e9bf2e7f891004b45b0d999e4	350	prebuilts/api/31.0/public/hal_power.te
100644	4076effc9230bc8fa5f571efe9bd96b00281f0de	6b2522628b6a70ee8c073b5981ceea68495922bd05394796dc89f2be24f03374	410	prebuilts/api/31.0/public/hal_power_stats.te
100644	d16333baeb07bed620ddb7ef4ddfd46a0c71e23a	2ef81b20aabbd6b749d5d348525fec6a50194fc9356f1ead8746c870577f0540	203	prebuilts/api/31.0/public/hal_rebootescrow.te
100644	3724d35b0062562b32cffbfce03d38d9df59cbe8	0e9eaf455f8406db14b8af1399ea9fe15c85f78a4461683388a499e2cc326dba	259	prebuilts/api/31.0/public/hal_secure_element.te
100644	06e76f1e17e171b969f97e94461944d6c1d09892	3e4d48d668880be74c6c82d5e91781e5f98b4154d6e812c0a4cba189608a8eed	550	prebuilts/api/31.0/public/hal_sensors.te
100644	f0cf075c8631aba41125b06a964589c431fdb89b	22a0424e5775019a062e77ef931105adbfdc6cc1018b35e3813488ab9a602634	2129	prebuilts/api/31.0/public/hal_telephony.te
100644	cf517236643321633dc8b1b2daa45afc88490c18	b07071f3c4c07ffec359a747a8383295822e0fa8b3dd0cf928d6ba402773de9b	434	prebuilts/api/31.0/public/hal_tetheroffload.te
100644	2115da1b955927297b97f3297185efadf50ca63a	568eaf7bd858a86a9be7164c22acf73371b316edd93a9c71157e72bad3cbd388	217	prebuilts/api/31.0/public/hal_thermal.te
100644	658490474a7903b440bccfb8d88bb873adb08b7a	ef14f252726f0664207c6281d6f95263c4a0fcbd41ae7afb0e659edab672c180	214	prebuilts/api/31.0/public/hal_tv_cec.te
100644	5a5bdda167d0d58fc4b07a73aac5d3cfb04d98f0	b1fd8d00c89a2b70f872fd53693c85dbcf34638a57d3de8460b701f02020d20f	226	prebuilts/api/31.0/public/hal_tv_input.te
100644	0da4ec704bd9d340995f913073c5a0b7c5acb575	020a34929f95e8ece4d76ae401e57e4c1401bb05af2d6605b18a9cb4b903eb6e	171	prebuilts/api/31.0/public/hal_tv_tuner.te
100644	38bc49a21178d64b27eaf20c7d589485c8c94d70	84909eb6d0cd8ff0e819a0da859203333b8f3b8744b4595295aeea43eea97943	664	prebuilts/api/31.0/public/hal_usb.te
100644	a474652f7a6a5f824885d3f21c2b9904503e483b	2142c8a0da57a574e89564598152522544bcdc134b1e5dbd79396925c0184713	567	prebuilts/api/31.0/public/hal_usb_gadget.te
100644	6855d1469c3346168cdedc0aefde1f082dc53031	73699fe11d99f651e9c5ad7a8bc0f968d0fc9a294bd295de91ec3a6a6d413f99	218	prebuilts/api/31.0/public/hal_vehicle.te
100644	c90249571539d0d326df79e2e6431a51be70c6cd	dc27a1e4b198ea517666d2e7fe38eb2e4b1d772d88366ce901cc807f7058883a	491	prebuilts/api/31.0/public/hal_vibrator.te
100644	e52c77fbaa3cb6d0edf418e3500be88dc80e3f9a	f268bff139189f9b6792177549ec697cc2efc96cc59c5856023b21d2a5261271	187	prebuilts/api/31.0/public/hal_vr.te
100644	2b3498992a688f9b7b6d3a43a8f20ad984e35e7e	b43d2a0e253730a5be19c4827d9bcc3a27c394c57fdc0c5f733fe4b6a47171b6	248	prebuilts/api/31.0/public/hal_weaver.te
100644	2e4fa78590c1cac9caf3130c40de1d06fc5cae24	8991783ef018548ef1a47f92cff520c8fc04885897944c321799e2f13100d328	1470	prebuilts/api/31.0/public/hal_wifi.te
100644	12d72b649f75ac75480396b87f1a61f084d0a3d1	9f935b1dfaac233778e20a05ba5cad7c15361a6d12b7f0f85a2cd6255d919ae0	1124	prebuilts/api/31.0/public/hal_wifi_hostapd.te
100644	7361af15f15237a37f7e2039d3a2114d9e276cb7	652b55eea632856da3a6dfd3916ea73443260c5ed7f1fb9b47b9392f51461e64	1612	prebuilts/api/31.0/public/hal_wifi_supplicant.te
100644	05acb84a023cfb1f05172e2066341a6fc318725c	6e47ce91f582cd04ed58c8fc7f3a203a29c40ec73681cfe3433793d39083ace1	1590	prebuilts/api/31.0/public/healthd.te
100644	7ceb23feb457ab6d24d06b346de45010d30adcfb	481bb07c9c4455c3a4ff6a862e1a6440332c6dfc23836d0cb3937fb553de29ab	36	prebuilts/api/31.0/public/heapprofd.te
100644	11b77f08bf4d34814ffdb6386f13b0e4d09f0823	aa33c4a2478a77822f6109d60cff1dea19ddd252beb9e32f2b105cf13f5193ed	6937	prebuilts/api/31.0/public/hwservice.te
100644	7ec18723318d7306485195c1249181f1ea001337	57a38c94e1ce144b2ff1d274139b7b6ba3573bcdc08059a847ef2a7618e3dafd	801	prebuilts/api/31.0/public/hwservicemanager.te
100644	f41f573eaec62a90336bed1fbd53edf070a121d5	8ff268a1d6c37d283da40d740177faa80d4edd9a5f49b26d2b981150cd42989b	1148	prebuilts/api/31.0/public/idmap.te
100644	ce57bf650869616b9345bfea957353cd5c2fe5fc	e88e9bb70da0fa5330c2bce20565e1a173bd4205649522aceeb6c55a6647d4d1	274	prebuilts/api/31.0/public/incident.te
100644	bca10186949e1d61c220806473161c2466b39806	89468b356967447722156d1b15333e6ccb59d4d4bdfb58f596f111828e607b8e	143	prebuilts/api/31.0/public/incident_helper.te
100644	b03249c88b92bdc9184e966d2b16523e1d1ff3ff	ba4d9715b7a0356427de0a9297260d5a3e4a14ab07eeb60e2d838f0ab382b71e	37	prebuilts/api/31.0/public/incidentd.te
100644	ea5a9793d1042b5732672aa6f58ac3814d77f922	c78505ca05bb424e54b59dfe22fa941dd901106902a7194ce531c2dee7757a65	20316	prebuilts/api/31.0/public/init.te
100644	b62c06dbe7b544ab0e3ddb14159151c63ed53640	6d1f4fb3c393cf2de6de96755dd2cf12a81596c86fe8617f9407ef0290508bf8	407	prebuilts/api/31.0/public/inputflinger.te
100644	08060e30d309f2eb33e52fd52abbed6ab7a2932a	948752b7427a4b43a63127b80a5af9535723346cb9c5adecf7ddebd9432460cc	7924	prebuilts/api/31.0/public/installd.te
100644	5ac4d9458bbdc0675ef1d5e62df5cdf4d2f03f65	3a275276c74d2fb74cf5f057ba980ff60361291c3bdd4bce21c3001f188f3c6e	117308	prebuilts/api/31.0/public/ioctl_defines
100644	47a51571552f700a73be1cc9e43bc506cfec1e24	1d0b97f51b1346c57013793d6da8649991b7c6fc87be7c2a4453107d8d161a82	3460	prebuilts/api/31.0/public/ioctl_macros
100644	6f119eedf96582e4995463337543d076d9a85bf7	4cd11ac823ddc65cc89b27feb5d518c7e44e978eaa5e7381e213ba3f5d583e7e	4132	prebuilts/api/31.0/public/iorap_inode2filename.te
100644	4b218fbbbf544e92c4dea9da3973f8b6364544a4	8b270cccb30d3b913c9f629fdd3ed553b926f8357585087df3f230019d48b6c4	2580	prebuilts/api/31.0/public/iorap_prefetcherd.te
100644	b9706994e79d11b3338d39b2007af673c9a71fa5	a9e45e755a624c73324d9be992d48f07c765f47f30651e655f8b3e14dd395517	2975	prebuilts/api/31.0/public/iorapd.te
100644	a907dacc2a8619268c80987fb66820143f9a0679	0090effd3fd951538e46c93b10dc5bf5749ce3d8878c27a9ab86edf07a5b5bb9	259	prebuilts/api/31.0/public/isolated_app.te
100644	9aa40ccf174aad3763a773551b11f3ed242ae3e5	de7d1872e45b942abd26ad599f1d0b5668d164dcc13997f7773adfb40b745a00	5465	prebuilts/api/31.0/public/kernel.te
100644	b7d509059b83e4f384b3e8b9f03748b758bf60e9	147e2dc68c3b47dae5fe0fed9cfeee850c05a325282f0f9f74285ee895522f7b	1667	prebuilts/api/31.0/public/keystore.te
100644	3c35984874c76a580a6cccd65a7bf77ca691fa69	c6852e3fc62c7c75ee0e6653314107341bd0ec1730ac672c314c38289fb6e1cc	70	prebuilts/api/31.0/public/keystore_keys.te
100644	1faa429957ce195b210b6c5edbf83d42757cf958	db6b710f788a820208aa3de996801c18c357c675d01592484225809fed4c897e	118	prebuilts/api/31.0/public/llkd.te
100644	de6052da8dca115e6fa10ae264afd0c0d95f0b82	d4f983f64daf155c36fe8b483fc0575959d25cbe624c02975a5a34d54a69b122	2330	prebuilts/api/31.0/public/lmkd.te
100644	81871798a30e1eab24623d606eae1e7a704df635	3abcae25896bf568fed7214142330e107a23fd7fe628ac62b6122ca9f824b363	2469	prebuilts/api/31.0/public/logd.te
100644	c8e6af4e17dc68c69a45481f36306cf773b8eea7	e2b996502c74cfb6ebd671133074c7b4c44b17e109f23f5df7197d420b7a5e58	1033	prebuilts/api/31.0/public/logpersist.te
100644	ef7b065d875658cb229e0153d4cb5c266159d0e9	cb7f03933d1bfc8b6e80d428c00599e106b7cf36ca875314a4ff3890a20202a4	34	prebuilts/api/31.0/public/mdnsd.te
100644	a52295e2cb1c8cd211d53a1cad5cd811079c5f6d	87dc7d5d5b4a0db227584a62c640384ccb4bdbb2728e2d5b0445026c90421275	1162	prebuilts/api/31.0/public/mediadrmserver.te
100644	06f7928f1211888238791844409d6be2d3afde18	33254ea52dafe103a435e5f87df0ef04de88de867a8843e0b3b63c02fe6fbf8d	2819	prebuilts/api/31.0/public/mediaextractor.te
100644	468c0d02c15cc9cc18c5b9e45220d306251642ce	a37944a8d84f0540fa2d742a4360665b6d61851d1c2ba8b6d8e4eda45cda5df8	1647	prebuilts/api/31.0/public/mediametrics.te
100644	24170a5cf177593ec3a6f398ba19a340210c0390	71ed6785e5c08b14c128db7ab08eb13c94acf5d00a3e7f71ab07cc02ec580f4f	161	prebuilts/api/31.0/public/mediaprovider.te
100644	ad460e127961634d72f9c8549ddd872c56dc40bd	80e9d80422476f912ba6dced9f6ab460476228093da97469addf3549da0e364f	5309	prebuilts/api/31.0/public/mediaserver.te
100644	5726842a73932b0d451f354e0a0b395647b58021	16e9ea33eccbb115ccd4bb0e17d0c2f7115c28913cf5f9e50df6fea44259ee21	1082	prebuilts/api/31.0/public/mediaswcodec.te
100644	2c7d64b0bc406ba4d46f0184e93656fa81a9059b	76753078bdad134de7a0d32521ed0fdd68e648c7a36a4045eb745534745e6799	318	prebuilts/api/31.0/public/modprobe.te
100644	add63c0f56f2153d32e8baae8c4fb901428052ab	e9b6ed8fa8181b4b4eb7b986c2381be0b425ac203fec5d38708c40bb8c19ef11	325	prebuilts/api/31.0/public/mtp.te
100644	e90715e66a18914f99dcad6766dad50f7b0d9f03	12c7bc254d148bc1db914ee0d9597968f047a7e2d11afd4a28d5105e4a6f639f	1383	prebuilts/api/31.0/public/net.te
100644	ff0bff6c9a17f0dc8642c8fd70eda0526f6b2c30	b65fc302ea5618675859bf9c5a5ff1f0dbe80dcd933edb11e65fe81cfae2f9e8	6170	prebuilts/api/31.0/public/netd.te
100644	27aa7496cab2c9a942f482a1a3822f516f9762c8	1e12a74a5aaf73b0b5d1c1d5be66604ca9ffa33bac07cceaa72ca47c2bf248be	163	prebuilts/api/31.0/public/netutils_wrapper.te
100644	feff66460325473e21eb00d3f06ff07308979e4d	9ce89979e92b695e139601aa3ff49236a15c8fb41d921af58858e6466de27680	56	prebuilts/api/31.0/public/network_stack.te
100644	59fa441d2a72388ef8d55a6b8c49f23073752db2	9843897178e91a592f65c3e17fe9950f8896b53ae3463bcf361cd8fdd74c1e1f	736	prebuilts/api/31.0/public/neverallow_macros
100644	e3a03e7968a3c8346c821ba3dc9a26cd5e8b3736	bf7748322400aa0169814beb1391490a3a54f766c860496e4381796b8c666442	34	prebuilts/api/31.0/public/nfc.te
100644	db8dd1a1e3ed1c21811603dd0ed4ffc73ad3a48e	7b39c8ca9d0a559dc9c5b3b01904b9d92b3d7e366f29fe9a52d34efaf71d7468	150	prebuilts/api/31.0/public/otapreopt_chroot.te
100644	cec0e6f09278d2e85d05b5c76715cbdb414ae8d6	ff13892d3e9c36d2f893db220babb69786ac7a6126d547645d1cdeb0da4c262d	35	prebuilts/api/31.0/public/perfetto.te
100644	d694fda9d03c50eb02c42d6215e29ef2799c8c3e	358e1fdab4c08e7153531eae63ffd2318616bf205bbec7c2ae245b12794111a8	1230	prebuilts/api/31.0/public/performanced.te
100644	9b1faf0f6a9149a5f0944eec43f0194a4aef02fe	0199747ce0a4d4281c3f1c661c30b7081e4422e9d8517c6cba4d5e17ca05dbbe	75	prebuilts/api/31.0/public/platform_app.te
100644	bcea2dcbf63a4bae8ef5c3991c5f2cd1df686980	5c5564a7558bdc84776e3fbe685ff1b2404f20b0544e8711086cce1b1ab44ed4	1720	prebuilts/api/31.0/public/postinstall.te
100644	b736deff5f2bfca18190469f559cd037ac10e491	4a9469aeec58070db7c6b9c06756b8a3d1a189b68720f058f4ff170cfffe2800	743	prebuilts/api/31.0/public/ppp.te
100644	0761fc30f88ff713c127b5ce3d105ae9072e807f	a6c5d1d7009cefa667f7eac56f9f069b4adb6f33857931e2dd595745542161db	85	prebuilts/api/31.0/public/priv_app.te
100644	c014d79541998961e5a787ca1404d985b6df5e82	bbf240629cdd0d6187c8a41c563f510ba5af640e810c42d49011aa14b8f884b8	1229	prebuilts/api/31.0/public/profman.te
100644	1d3f358fd3ae991998885c3180bf626558988b30	0fdcd6048f664eb033dc87e29a06cf0adb28ca9e7bdd367dfe48356f0f733872	13481	prebuilts/api/31.0/public/property.te
100644	e4b299e98833e6aa8720d2fc883648512d1d3379	a90ce4b03fd7de909d3892e15066b3497fed681f007a3104d63f100760530b1f	1145	prebuilts/api/31.0/public/racoon.te
100644	e03b706e98bc15725c48ae46a4c17a57d51e4c92	cace83bdd61897f1dad91c514103931d393e2367ea2103a769a7df65bae2e938	1283	prebuilts/api/31.0/public/radio.te
100644	36498888743f0457727fc3775b27d5f846286d48	560bbac6e45acf2d608648d67d306b618d7f09f6d6cd479c51ca9439e7f632c1	5680	prebuilts/api/31.0/public/recovery.te
100644	d4b4562019a1c8997ba4339b70295cdee15e0b24	ced3bced3290abf63a8bce038473ee3eaa111362cc465b1fafa6721b9426aab9	1065	prebuilts/api/31.0/public/recovery_persist.te
100644	d6870dcb2cca489eb36505d1fdb853e09d8488a7	e6c2a59c17f1d99cd547f417527786972979c72b2f9bb008b92b76b72a897b13	794	prebuilts/api/31.0/public/recovery_refresh.te
100644	ca9293439ae9ccc02da1b764fb6b9d3751308c10	362775cb1b2a62fe2fa304ed6922e4d2b1563ad9cc850fbe35af1b60d113ae2c	21	prebuilts/api/31.0/public/roles
100644	16b6e9630647bd3827bfa860c1531364ef299ec1	7291fff34ccd560e4283b51f6088004488f665899531d657559229d929f52b21	83	prebuilts/api/31.0/public/rs.te
100644	163e1acde8f3df2b7763eea58467e23b51fef347	7f7ce7e68d4298827077e4576d5ca4ff38f931ff58f376c09b445c13752febba	130	prebuilts/api/31.0/public/rss_hwm_reset.te
100644	356a0190caaa9acb813b57f882b23d7d4cf70ab8	9101c0f565fc0e8e925dfce4e49d0b807d46935227a3ad08e09bfb9cce252e1c	1574	prebuilts/api/31.0/public/runas.te
100644	cdaa799c9dca37761bd00d5617467bea399adcb6	e4fd02f5279d6d0af85f7999921de938d6a9c05dd8f54cc5e65f11dbf6fd7b89	24	prebuilts/api/31.0/public/runas_app.te
100644	b3cede1682dc53cdf84876b781a47e8e9b456859	b5dd52e134625aeb1ecf534dcbb2e1ff4ce1aaacc600d6f0c6fb72ffbe041047	65	prebuilts/api/31.0/public/scheduler_service_server.te
100644	bb1c919e8b5cf9495482998d39f26cf745b104e9	8a5b7faf3632e6ff3378bc95afc015229436dc170700391594fc16b7812e4739	1636	prebuilts/api/31.0/public/sdcardd.te
100644	4ce6714f6eb264fb927a76641369ce910677ac50	5220e810e098a0c6cb6e3253e50bf736e4fe51d8af36008e130a29ce69a2721c	56	prebuilts/api/31.0/public/secure_element.te
100644	7c526a5f3300cb514bfefcf5b92de77f1de2ec7a	06eddcd78b1f41a9699e5616acab197c39e965aa954662d76c9174c35a0b9fed	59	prebuilts/api/31.0/public/sensor_service_server.te
100644	ba7837d56208a755f3a37b2a6879ccedfaa0703c	a0faf722d7217a91f2db3ebab2312c26213b32df2c45b83fea85f6e6a43a1951	23954	prebuilts/api/31.0/public/service.te
100644	63fc2273ad093cf61670bb07771386f8f3bf894e	51c20e0a2b3ab94306c57121b40ae56864419afaab79dd1f02f1f7cecf5b9511	1137	prebuilts/api/31.0/public/servicemanager.te
100644	e5a9152e2ab0d5120d932366d905f3ce10c8005d	55ea8108eb9bba3ed469744dee92102a8f52dee039ba04b73b454c36ecb6237f	1500	prebuilts/api/31.0/public/sgdisk.te
100644	6dd5bd77f570316b61be85698b9ba8901dbe2249	c6ac857886f25c0f0b4f0b95da1756edf7f2a09a59210cd2ab4e576aea88e388	104	prebuilts/api/31.0/public/shared_relro.te
100644	70a7fb48452236e508ff0d9851f8f3b6c2c59409	05dac411e5892a8a7eb9e21d356fad7043c182135556cdcff3272b15cf5b0e4f	7340	prebuilts/api/31.0/public/shell.te
100644	218fee77a83682af488dd95cabc3076a5a585218	52cd523b2f19ac15ee205961ab27780de9809dfd0bd0b11a5402815e3e801bec	25	prebuilts/api/31.0/public/simpleperf.te
100644	2ed007e1032f75edaa331c30129c016bd05b6b7c	3a39b14a8d478d514bff9814e64c3c053df99ff2fc738510feca908834b5aaa8	1948	prebuilts/api/31.0/public/simpleperf_app_runner.te
100644	10fbbb8520ba234714c8277c0f2a659bbe37009b	3bc0f79b58d661b9653f63b815ebb0e5a7255e8087a79140bdfb4c2878283824	566	prebuilts/api/31.0/public/slideshow.te
100644	ab8e58a8e9a404b558b916fefea301fde7217b64	1d1ce4814346016d4b00d2b7da8313b00a3b065bb155abe1495dfddfaf1b6490	144	prebuilts/api/31.0/public/stats_service_server.te
100644	670f4c70266bac57e4f0b4a198b67c3a65c2c5fb	e8eaf5a1b9cd87fe33a0dd9f0559b3139d28b1e1017195d916aa68ad877a8e15	2804	prebuilts/api/31.0/public/statsd.te
100644	074ff2e5d9642e32426d28e9bde32dace8e54062	a560f3367914642472954b876f7025448da878f2d739046e46dcc9904af3b807	4306	prebuilts/api/31.0/public/su.te
100644	c1e4844a04339e022b75bf155a2510137550bf70	08c6fc8432eb453dc9bc9f2a395246e06a567c950cb2fe62fa06b39ca90af7c2	113	prebuilts/api/31.0/public/surfaceflinger.te
100644	023058ee0f0f2220e94101cdbe92fafeff4bfbfd	89d62acc300ea4f19dbc0034d701290b9588b9a55087295230d4bba16724a1c1	182	prebuilts/api/31.0/public/system_app.te
100644	edefadfb0f3c78ff382e0527ff9ed8f660c1b017	ecc15a0e7798c4f431300ad608829e820458fee068dc9f67f8d1edec7e0d6cde	426	prebuilts/api/31.0/public/system_server.te
100644	67bff770c51ffa8a719678eb4e9cf9fefa8e1e24	c2168c4cdb488b6b5c53ea35c56ed7cb2f3be57ab3ddd24fb2dcc7d81140a761	466	prebuilts/api/31.0/public/system_suspend_internal_server.te
100644	8e8310d5ed1d3b55b5987bb113e18b986577d233	9c1b878020c03a12ef939d258dc8f79f6fdedc854f5277cd796873c084337583	225	prebuilts/api/31.0/public/system_suspend_server.te
100644	7dc5062c55759c26c6be52188022c809b63b5410	6e89b8bc81f8108842cec88b8a7b0e26ed96a2544450cf896d0f2a8d5150ca01	35505	prebuilts/api/31.0/public/te_macros
100644	0f9b32dc9d4cb095f4ea361e39a52b09d0c01b29	6d0949f78056f251f8be5bb3d2d212cd25c8b28ba64dc926e29998dbe1d75c57	261	prebuilts/api/31.0/public/tee.te
100644	ea2abbb75230146c32dae2ccdc0318fab10884a1	66782d7496d1206a1a19ed56c11102d86d2c06c2b6af24f82432b359d42d977b	711	prebuilts/api/31.0/public/tombstoned.te
100644	4c2cc3eabd5c14dc060039c816d21009e1f9e335	02c0e9c888ba2afa6c7f1c467ab1b9d733699bee08ec6afcf5f2e915d4490ca1	1464	prebuilts/api/31.0/public/toolbox.te
100644	922d46e08daa98be51aff000f8fb91e1b5674b29	874b3e00dd1e1fca9086903b364c419aa3b35cd2df51d6df727c51e5c4fe4725	83	prebuilts/api/31.0/public/traced.te
100644	f9a0324b11b128cbff031563e09c3de8d46ecb07	ee32234a4a1c9a2bd314744db72bcd38470cf06e3977d29bb8c04166bd2d80cd	26	prebuilts/api/31.0/public/traced_perf.te
100644	3e587c8efb8210d50a822854d939ae5a5cf7112d	358cfe8b86556384b74ce5a75b667c08aa773ac9f9c635bbbb92dcbf11475a5d	59	prebuilts/api/31.0/public/traced_probes.te
100644	ce9b844d5fcd9009fdefff817502f60f8709e411	b06fc02065a2c2e217429cf1b6002c9f50d51e0bcccfb48df403e0cb8084de9d	710	prebuilts/api/31.0/public/traceur_app.te
100644	cf9b95de9e3b5a9652e702875f7dfbabedf90cf8	6e94cf1fd52b8ef6f0494ceb01475ba24fb903e83775860584cc10029268bde1	1055	prebuilts/api/31.0/public/tzdatacheck.te
100644	d5d43017d7fda1ecf915202749f346abad0760d5	75ea0d68110a1ec902f5e8dd01cf5b140f6dcd3a6100410c3caa9c64654edb68	3248	prebuilts/api/31.0/public/ueventd.te
100644	3b04671b2778adbfec333e986f9c83548e15aaab	4cfab7a02a5051c44ac90af4a0eb02cb05dc4975b100b06f2fd5fe816ab8cc33	1333	prebuilts/api/31.0/public/uncrypt.te
100644	43fe19a0345cd5b0a10ec55c8408ce0af398611e	a1d034eb0f418e60182b380f6f6746b53339ca308cc0a0b76fca462d46cceaec	1369	prebuilts/api/31.0/public/untrusted_app.te
100644	ab7090bbc6b793d664809eaa615b17f8a7f13f00	d1f3fd52ee1f4360a1d9cc7074b5ea8e0e2637fb11575b9c926c9c73fabaa155	3070	prebuilts/api/31.0/public/update_engine.te
100644	e8fd29e41a85d4c3b3ffdd068f7fbdb23c238dbe	ee86574b0893182b974a41c59db8eb62fa25474ccce5f4e47784b1779a91495f	4120	prebuilts/api/31.0/public/update_engine_common.te
100644	68b43f089b28eca696a94c0d84fb59d42a94df1e	50dd9778cd21e25316e992ecdd529e47f2c5e38286b1c135b2ecb4413fd9b6e9	1217	prebuilts/api/31.0/public/update_verifier.te
100644	6f349541b3212ca1bc5b817845a7aef7c6433c66	e8a017999bc87ae7ce8c77a7b90c41566151ee3ae64fde824cb1f70799d96750	75	prebuilts/api/31.0/public/usbd.te
100644	9974f36dcd58c10876272e0efa58dbeb304d10b9	488bd34a016274dd32e373d30c1b0b7dcd6efb281ed189302aef6a3f3a9184ad	50	prebuilts/api/31.0/public/userdata_sysdev.te
100644	e638e50a635778652f326d90bbc3b93fc72d480a	2b822171fae16317478c6c06fd134bcebb7665e31dceecdd831accfe315d81a4	573	prebuilts/api/31.0/public/vdc.te
100644	0999f4880fbb43b00235f0b4baaa04751c4d6e56	2f92b633f20611fde75996410be1232f5a0af8ccc931079f5c14628eea11f92f	9646	prebuilts/api/31.0/public/vendor_init.te
100644	3bc3a9f673f5a4023d21ed5092bba1a7498f7e11	231c2a406e6d113c7bf5dc9d88562e39d26c6c8ac616aae59e2e8cba7387dc8c	628	prebuilts/api/31.0/public/vendor_misc_writer.te
100644	529c4aa27b0fcd28ebc7aada80064e46be0923d8	52acb1cd64e6150b9f16ae5578a6f0565d390a9d0cd9fa1f2bb11ff273d5cc49	30	prebuilts/api/31.0/public/vendor_modprobe.te
100644	5d7cb3165156918285ec1ddc6983c63cbc6af945	981bc7166e9c40b2c82d83829ff417561798aafa5667c912412b79321cd0e622	872	prebuilts/api/31.0/public/vendor_shell.te
100644	63f938de12887e5e07e9bb0778c041635de396d2	43dabd0b98aa019721b4456405ff0000a84b39837f824894b9d2d25c6aa6efb4	599	prebuilts/api/31.0/public/vendor_toolbox.te
100644	49c87044c42f24f4f681df42256fb43a2e0ac367	78eabfbbb0f097249bd988c3b1fdc503b69f49cd954ac9f02c390e8c91dfa1bc	613	prebuilts/api/31.0/public/virtual_touchpad.te
100644	efd9adf92096f0e52b7323445a249c9eaadba9fa	d01ab2fc8822eb21bb8f9ce74e73ac5c2e66a69e7c3661e83744e26f73a9097e	116	prebuilts/api/31.0/public/vndservice.te
100644	6b9f73dc00b51adcf9a2f31713e285c009490a78	52a27877172447b87eb16cd611c960ade67420e2c4333d21ffe1c254d158e9ed	102	prebuilts/api/31.0/public/vndservicemanager.te
100644	7796ba85115fc009f780b35c457f5c2ab9faf4a1	e875a0589b1ce09dc4dbc86d3f6a4d99abd750126e9477106d7937aeead12cd9	11828	prebuilts/api/31.0/public/vold.te
100644	3087fa861bbe04b61d93424a82adeaa40b25ffa7	b8ef783cb45e03a332b890381f34eed651b226e942e8700cb48d653d55300a4b	228	prebuilts/api/31.0/public/vold_prepare_subdirs.te
100644	c14688703c4ec42723cc186f1b5465f4a0b2e0f7	ab570996f3bae8ac239eb293293360a92394f49faa4481ebc1a91e565332d8d8	958	prebuilts/api/31.0/public/vr_hwc.te
100644	72e3685646bfa523ac4b2c4ef801c6142180158b	e509a80eb8b62689a4a8c985638a3f57e684436ab759580adf38cf05ee29abc2	247	prebuilts/api/31.0/public/watchdogd.te
100644	ace3a013e11bcb767476c4b9dcecbbec6aa973cf	9143395295cd20ae1a38d4c42173d1eb2fb0894496f7c6d2e96b3e04d901012a	248	prebuilts/api/31.0/public/webview_zygote.te
100644	254fcbca01eaab0b623eeef38bc91d934603f981	517ad3c696885f0d43a6f8ef74cd58bca0f4d353a63b1e2bd28ce587afc9bbd4	1501	prebuilts/api/31.0/public/wificond.te
100644	8ddd6935d6300dbfa909b6b6a8b43d4c1a55a89d	e881b8c1524455d03ecb2b12a1190a10fb484beff7a111b069594b1d1d1e26de	1176	prebuilts/api/31.0/public/wpantund.te
100644	071354e828cf32b1556b229c732ef1eb74970a6e	d845eb52d49bb388b34b0f30625f1ec91566733857644f8c5da826c3d20228a5	118	prebuilts/api/31.0/public/zygote.te
100644	d1db64a17b31c061e2578275e746d25d8538ec7d	d35049723dfda7364d063100015aa210c814b61fca1bd57492beec26caec6c0e	3053	prebuilts/api/32.0/Android.bp
100644	7496c65ca5494e35908d42d41a797110e20ebc84	15fb5c639a282c0c972947da562ecf9fd26531bb45df48644c693c49d05f05c7	8735	prebuilts/api/32.0/private/access_vectors
100644	42739957e3269788ffa5a1163f5cb60b104dd630	d36915cbf891ccc1be7298919e804a8782ad10b002fca125c91b75928e746efe	7836	prebuilts/api/32.0/private/adbd.te
100644	33efde06bcaf0cafb387a051048e1bb6b56924b4	e4c895659c59c2fa8ceac7e43986903e7e57f114b023b2904954692cadc248ea	117	prebuilts/api/32.0/private/aidl_lazy_test_server.te
100644	f1bc2145eba91d9c0e9dc6e4a3e4a688050c2dd1	c8a97894383d5da71504f66f201ba9f0ef8239204bed9c6f842cb149e5dcdf7a	647	prebuilts/api/32.0/private/apex_test_prepostinstall.te
100644	d43ed33f2f29337488dadbccd318dc90f0933c01	4f13ef1e7cd4747895a12fed0c6a7bd72dcbacf8051d8448be8ae312f9852e67	9380	prebuilts/api/32.0/private/apexd.te
100644	30c76d330be32ccee7c5011a6060f98aaa11707b	18c3168a1f5599e2f2884df6138415c5f4cb8ad47903f60d470dd6c86f986773	4249	prebuilts/api/32.0/private/app.te
100644	c7fa4e8c5081986b7cabd525b5803412a0ad069e	2a9e374dd9a07a00857115f0fd77b8d77c84fc62a3862c52c35cabbfd7cb2cc1	10730	prebuilts/api/32.0/private/app_neverallows.te
100644	004c10844d8935d67174038f6082a179dded8898	5aa9d5478423dba052e0c10849411219846c9b7a29cf7b02b0a1f89318f6b714	6105	prebuilts/api/32.0/private/app_zygote.te
100644	69bcd501099b0e394a36b255fca53fd4effed6d5	cf8af7108d5ea8f32a024ce47cfb20f33a724a7c4763421a55c818e8d4cc54a1	398	prebuilts/api/32.0/private/asan_extract.te
100644	d9e351c49511109c8063a591ad6bf6f2d6af7fbb	c7fcd5b05a0aa43d4b135930c19a427fa6e04f7c53cc30f446b4b10776f13e73	2678	prebuilts/api/32.0/private/atrace.te
100644	991bac1d610e3e2311c27eaf078be8c3a342049c	a30ae493249d74fe61cfbd65af5e1d92aba613a62502a1cc7a5641c572033301	504	prebuilts/api/32.0/private/attributes
100644	2d0b46d7fd3c3729e5616ed48e8c00bbaf72afb8	546956cbdd6a13a1ea1b1cfbdb33ca5bca1c6b276a05eabd4d1aaf2b243b1d18	3994	prebuilts/api/32.0/private/audioserver.te
100644	f634d3d1d57f5e717f14b15b8f849dec68d161d0	7abdedf0f6df9b9d818a21e610b2580e7ac8c9e613f79dc1c5f4966f20edbf67	589	prebuilts/api/32.0/private/auditctl.te
100644	d757a52e7272aa0f093b27075e2943f4a328d3d1	073c5c7923dc1f42c2714c4e5f9703a62044b5a502768389bad58128573afb5a	1500	prebuilts/api/32.0/private/automotive_display_service.te
100644	7275954b2940a2b53dae45466b974a286013ca4a	1a25583cbfd741349d18885efc14ca89dddc6b82a25b94330f9cc8872d274f93	1167	prebuilts/api/32.0/private/binderservicedomain.te
100644	20d50cc5715951dde1227c9ce9859496e0c6ff3a	8d034b027310b0c074e9e009242e93e8bb338bedbd6fd83abc7e6c5058d907cc	231	prebuilts/api/32.0/private/blank_screen.te
100644	4e972ab95d9168b08d01eaa49190758b7ae84b62	18c88b2e9292d78a6b24b559d3c63e7484ad4028c2aba98d5a17519b8b63bb5f	721	prebuilts/api/32.0/private/blkid.te
100644	125677157ebaadf6fce40e245c85904008103b13	537d7b18964f3c89f911d6d98ac239963941f02a8903933dfac4c46675f8c4d1	1100	prebuilts/api/32.0/private/blkid_untrusted.te
100644	8fc6d203e32afc14f18827418ea259fea6f6cd5e	cac4c3613acdfcd08be3077192bd4cca973b41a02c69a116e9755a8931ac0138	3371	prebuilts/api/32.0/private/bluetooth.te
100644	fe4f0e663e6ae203381c9e365896f87f919399b2	a9cc20171e4db59f3a38a0cdf21d6e9f38c7b227152eac557d9d6b7b0618992c	167	prebuilts/api/32.0/private/bluetoothdomain.te
100644	855bc3dd53d319b3989d9d7e8e5364b4949b2bd3	96f8763d41cee7b7980479dcc5d1c16805a0dde688d3ee894aef15187d7b8a07	449	prebuilts/api/32.0/private/bootanim.te
100644	016292ed31e23c24e69160732a3e3feca1805ec8	382cc7df8c24f1818c0aa272f92a070b177d5fef0ca56867062b77df529be5db	1006	prebuilts/api/32.0/private/bootstat.te
100644	50fc1fc1c18050810a79b52b0f128f7f850f812f	bf0aa8f1cb59b85418604f805456559aa15d23d2427160f72ff414dbbeb21f52	3639	prebuilts/api/32.0/private/boringssl_self_test.te
100644	343ec7ae8ee11e3844f089f1a1acb9f563e85710	0282147085c1aacffc2a4106c82f9653a4ccf5b1fccb20998ad6582bd409b1e0	2271	prebuilts/api/32.0/private/bpfloader.te
100644	012eb20270cb536f73ae5c02e199a76706106312	4fb1124b4805ee7af1e2f9b6dbe81b03682fe9a1f5e38aa4c805f45ee11e8375	69	prebuilts/api/32.0/private/bufferhubd.te
100644	5b042ae4c71fbacdd769fd11a1c3632711638ed4	d34dc2f3db8497a3064b0ab204c68516d4c51326b7fdbd3819d7b53fe307e63f	1503	prebuilts/api/32.0/private/bug_map
100644	2be3c9ea37ef57eb00f390f84e07126555424fbd	1254ac87f037499e8fc974fc42bb21cfa7ec2d90f14828599b2f9dd9d90c3195	151	prebuilts/api/32.0/private/cameraserver.te
100644	9ba60ac136802a60fb43313eab460d221f73ef23	3f56d9adf32d5cd1ad249b9ac131396a237031cf75fc75880210d7d67e3ccdd4	327	prebuilts/api/32.0/private/canhalconfigurator.te
100644	8be113ffb23aec07d51b971ed7c32e3a86bec92c	06012498085d3349c6cd15a829e2ce7b71e1d0fc4f388eefc65d85a858a43e8d	716	prebuilts/api/32.0/private/charger.te
100644	0fa774a27f1a8694f78d48f4b535f9398df0b395	c6cbeac08f0fe67fc458a5ab156fc29f6904e8c32618d6088ae19c2d018360cb	1542	prebuilts/api/32.0/private/clatd.te
100644	0fb0a1c5ba68dfb32205bf0de4950ec2182feb98	b1b946fda0a07b60a35e7147ebc07112681611c539fb5762b5925ca53367ca8b	109549	prebuilts/api/32.0/private/compat/29.0/29.0.cil
100644	ccd9d1a058dc173af422d14f66e8388489dc3b1d	a719324d4059bcff49ea4df6ae74a8f69fb9f5907781a85ecaeb4b78c88626dc	846	prebuilts/api/32.0/private/compat/29.0/29.0.compat.cil
100644	10790468f16ced385ff7d8a87a6e765788b1a12d	88b09b023cb97878ac3c3008da86fb8eae34e28a2b182e184525c485caec522a	3472	prebuilts/api/32.0/private/compat/29.0/29.0.ignore.cil
100644	9f40876682452ce5620999c1adb965042f63774b	ffb035e7484a855a9baa84c461175c11f7cd77fbd577ab4ea942c2aa26ba13b7	124693	prebuilts/api/32.0/private/compat/30.0/30.0.cil
100644	97c5874898df57ae96202399c16820728fe226dd	760a5aa8f81926445d48f52fb52edc124f6f51c4c4085d9e6f2ccaecebd38cbb	902	prebuilts/api/32.0/private/compat/30.0/30.0.compat.cil
100644	e4acfe8a4a05cd510e7c45a665600f14c6751b40	2267bfdb89433ebdf8ba4f1b777f8b98db2e0287168c1bc9f07253e9822b6c32	4010	prebuilts/api/32.0/private/compat/30.0/30.0.ignore.cil
100644	009d8b2def681d4ae849917f8be61f971b8dbdcd	5cd411e53429bcb0cbee74fd88e0de5236f71fd84aefc31c2bec6f0b83f88cec	140511	prebuilts/api/32.0/private/compat/31.0/31.0.cil
100644	628abfcda6e6c21672602cb71cc4b71857d48ce5	8a4ae48ea2fec85e203bad7da59b2953e3b9a616c700eabbb0f5a2877ef9fa41	29	prebuilts/api/32.0/private/compat/31.0/31.0.compat.cil
100644	4e95cc6e485e6c8f4fbda9c838d9b6cbbd59b1ca	8db5953c765d3b950e3d3599e94ab685636d3f7dda39cf81c6f42b0e7ad8bb7b	325	prebuilts/api/32.0/private/compat/31.0/31.0.ignore.cil
100644	b7f4f5d18e29dca739bf64eaa74c7959fb11a6d0	329ebef16a51d5b2380df34dd0c211ecae8189a29f1a783520037212289d1c22	5631	prebuilts/api/32.0/private/coredomain.te
100644	1192ba676ee7fcb43ad1ef2900a82cd0a0c27c24	4a9598ed103d1defb7e9e8224ad0d9de79105cd6ec84f42f787947f6547f290d	1240	prebuilts/api/32.0/private/cppreopts.te
100644	9233a4dae75e0c2b94ae03510b62c8d586daa2cb	108bd548677a76af40b0222ea2a296b95918ec1bf1e9d934b5574c92134f1c17	1299	prebuilts/api/32.0/private/crash_dump.te
100644	8d87e2f330533c36d4722c449f0eb4079f1eda07	6d474f4fa397a220561995e6fe5f1f7d20e92e2beffb6c5b6d7eff1680315e9e	141	prebuilts/api/32.0/private/credstore.te
100644	5d7080a49789003dabe16adcb6a70fe1fe37ed7c	752b985414a49883a57f6b996a50b8821a55dbf39d739054d9e6c1c728b8879b	540	prebuilts/api/32.0/private/crosvm.te
100644	2299ba092332b40c3d11f7de9c172e40ac35fbff	c2dd215c76687eccb5f189617e45c523a9189da613da3da074e6ba9b15231a8c	1003	prebuilts/api/32.0/private/derive_classpath.te
100644	1f60e3446f9fdb5e1219e46b8419de155c48df77	ea76b65463ad1b4ca05d717b52075bb3cf5f3f056a16b03aa8211e54100e7232	424	prebuilts/api/32.0/private/derive_sdk.te
100644	e7cdd5f12851d6413c7aa3438b86d960cbb9fddb	b18c7a7adcc1801ca20f9ca0775445b46a30da292e74a29ba9c10dd16b9fde42	4161	prebuilts/api/32.0/private/dex2oat.te
100644	8eb1d2905b35e0e947c3e99ec667f1e554020c35	fc225659486d986d1af99bd810cbbc28bfa42d4044436b7553e700cdc3aeef95	2307	prebuilts/api/32.0/private/dexoptanalyzer.te
100644	8ec9111d63af55648cc52c7a02ee9d785e06f84a	6bbc07a1ab43a5843ce2e74ce328cdad071acdcd494660028d4fde58a3292d03	183	prebuilts/api/32.0/private/dhcp.te
100644	96084b490a08b671853cafdbf5762b7ae1c5118c	434c86e9ace194b3fffc0984a197d370e004836c1dd97f43ca68b835327114bc	34	prebuilts/api/32.0/private/dnsmasq.te
100644	b91d36d85d24c202327f2f99d92ce505978c3e12	a5474ed6cabb62b9e933a8506c41149531d112e5c4a6d662d3e0739029e38b91	15700	prebuilts/api/32.0/private/domain.te
100644	8449c3ec3fc572d3a5ed452a854974933cf9834e	e4fb3f1ee2d57240e31d24f3a196a28cbada8ed9d5a42d70e5733d2c94006a06	233	prebuilts/api/32.0/private/drmserver.te
100644	4fad5852f4830d4001e8b86836d9e527b3e4b10f	0c8b791ea93b488838cf844eaa86b8cc9d8f21a6a40620f1155fb3719cd8d49d	3649	prebuilts/api/32.0/private/dumpstate.te
100644	e004891792232b5dc99dfc7a081bceea8591201f	e8c5ca3a771548005227e480576ec0de949ca124d776ddcaccd4a66ba823dc1c	3728	prebuilts/api/32.0/private/ephemeral_app.te
100644	40b3945b58fb743f50f1aa0fdc97361a90c062cb	341f37a4ec4e32eae26e5ddb69d47dc76c13b15b6b929efd7eb34665471cec5f	1502	prebuilts/api/32.0/private/fastbootd.te
100644	a024600fbad00673fbfbf94da4bf17e7b6e2e1fd	8f56a109ac21502c7dfccfdcba38720cf4d455309712a17a56354a05fe23586e	2352	prebuilts/api/32.0/private/file.te
100644	48d98ff98472c7547676d7a5219d5a127e827742	808b6413b0830d74256387c4c96e48401870803e3b63a9001d3fca518e9c704c	43843	prebuilts/api/32.0/private/file_contexts
100644	fd083c22183984cc5578666376e987222eb30a26	cccf6d8b75c1d75285302af8a6569afb39999aabcf898088da19e3cc41ae6be8	1096	prebuilts/api/32.0/private/file_contexts_asan
100644	e472fade565924ccdc1d43e23d8c3908c57f9a2e	9e45850bb0bc23086295a61242a86117ef6190cf45492c3e37f225cc788cf45d	510	prebuilts/api/32.0/private/file_contexts_overlayfs
100644	eb73ef8ccf9a3129f5a635c3f390d1177277e6f5	1499df576556d71a156bc07d86a7dc37508acc0f038a709379188ba4379a3ff4	73	prebuilts/api/32.0/private/fingerprintd.te
100644	6b15a3513ba87eea6ec9bebf97f5be8ca0d897ab	2175a320aaf029adb173f8a65afc03657a167183de0c73841e8d49dec1273606	2080	prebuilts/api/32.0/private/flags_health_check.te
100644	93d7f1b24461e533a62828687cc263752b0a00ec	577777c76e1b96947e37ef3d6b37d380f9dca0f4bfa56ff04c4c67374e9e1265	1055	prebuilts/api/32.0/private/fs_use
100644	f8e09b645d4165b61be2f3b7d841ce0a420d5dc6	484e616c55adb391efe905ecafa51a82085fe8d20e84e60641150453e69ff966	115	prebuilts/api/32.0/private/fsck.te
100644	9a57bf02771bb2a06bf59d5b0a922e96dcb81aa6	a487f15cfd8d2e8ee93353da0d766f5f86b62b115de5e2d90380a561d94a6828	41	prebuilts/api/32.0/private/fsck_untrusted.te
100644	42d142f021356c22ab5a327a081919e4ad4ed550	3cc1588310160eb9d9449dd9ad5f6abc1760a1106cd2437f4e3bc8a6063dc195	1083	prebuilts/api/32.0/private/fsverity_init.te
100644	6b69cca613eafc77c828f2e6cfd1939336d6e2d6	71b0e6f17a5c7e899027e1175b790507cc42bbcd627ea4d1a3e406a0d54aa5c2	300	prebuilts/api/32.0/private/fwk_bufferhub.te
100644	2fb88a3bb28f55f12c2d318fa421f15094d5d6a5	a73899aabc4b507591c02e8a95e3404ebeef82ba7166fcc436c61865cb3c4e25	143	prebuilts/api/32.0/private/gatekeeperd.te
100644	13bfb46e1c5f76074f0d214ec851a0531e31de7c	488efc66e3ae3f780fa105ad95faafa2526590acba5e2fca16438f5621fca6c5	30473	prebuilts/api/32.0/private/genfs_contexts
100644	11553893089716670a34fb974ba9d0129b972c99	eb064fd9067cbaf2ef6cb5a14d9283d8ac799bd00d098c8b4442ff173c81d8d9	920	prebuilts/api/32.0/private/gki_apex_prepostinstall.te
100644	571d155cda3f3cb6197fc04e9cda12fb2093a2ce	3d6f4b39aecda6a9e5d49c89f45006ea2cd63d54344de075f722fc6305d2ecc0	5713	prebuilts/api/32.0/private/gmscore_app.te
100644	2e4254ca40942cda1f8e7d1b06a32f6847b5e573	83b345f97634af7041e6b441a632c98819828a469abda3c7b76aa50b9078c8ba	2283	prebuilts/api/32.0/private/gpuservice.te
100644	8a13cb173b29a64e78db627041fc175003061bf8	aa53feda128ce02dd5cac55b1189f6582d84d3fb7d396904838d6e9a633eb319	6223	prebuilts/api/32.0/private/gsid.te
100644	7aa28aa29e35452ecfe7500472c2cc269e558fbe	c758f61b1bf0bc59fa4a56149bd6badeec80e5bccdb4356af9e73a80b59811d5	220	prebuilts/api/32.0/private/hal_allocator_default.te
100644	93cf2350bcd52cd8f35aefaccc7c034d10857af8	4a0be12763ff0fa1075102739fa3f357a29a27113f126a58a58319ec078d4865	88	prebuilts/api/32.0/private/hal_lazy_test.te
100644	9dcd3ee3846a74094ad45970754e76405846f626	4f2d76873fcbb4d2632cdc8d65a87aaf2307e000994f42d9ac6fa616391cf970	392	prebuilts/api/32.0/private/halclientdomain.te
100644	f36e0e7d8f15cae1cc86b4259a1610540d9839ce	411698d698161bd46b5f2c70f0a06f0a70e18c924735ff871cb40dfa365ddf1b	319	prebuilts/api/32.0/private/halserverdomain.te
100644	93bc3d8fcd8a3c6cb4933c9a4a3089cd0f104347	0dada279ca99570ba29b0c6b286aa6195d8f78a5050c82d208311955bd9b67c7	342	prebuilts/api/32.0/private/healthd.te
100644	246f936d423556b6ec5795c260faeb33eb2c3f83	d1aac86d9e9b908927b05ef2d8ae4ff72433f6a3f12fc653d6a5a7cab8995271	2926	prebuilts/api/32.0/private/heapprofd.te
100644	04e8c9fbe1dbf5f5154668ea73f8af13a07e9b35	e5e7a9fc4879321b1fd588066b1f1240da1b077e62f6c1f312180d89c5aa7973	284	prebuilts/api/32.0/private/hidl_lazy_test_server.te
100644	b7ba4d7bfe3a4afb612c3f3e7e3f4b12e40cbc67	66cba9bf5a5bcb6bfff7d5a7430ce0e522cf798f80580889d092086d233071af	75	prebuilts/api/32.0/private/hwservice.te
100644	5b6e79dee50bfca766fc81823ac412794e72e143	5d7138ca8e27b6fbcbfb29516ad9b65e6814d02e4cfb9872d30d732bd127b554	8648	prebuilts/api/32.0/private/hwservice_contexts
100644	e1fde43f262c6058e1c5eec35c44db3780df5f3e	6a4de1059cf70d0ced5572da2ab7f90aa32604e5d7a0d01a109e968fc32fe60b	296	prebuilts/api/32.0/private/hwservicemanager.te
100644	c982783b97f2b151a37b3588e44bffc4d9c104e0	38f6ddb2675332f615707485c984b5ce9968b0af23217f7585e7b0758e6afcd8	59	prebuilts/api/32.0/private/idmap.te
100644	db9ae8638b9190a022412a81227c148db5e416a2	3ec2150a35d7a19510afa19c7df6e691ead35d0a54854affbf4727d2bfbbddf9	1411	prebuilts/api/32.0/private/incident.te
100644	b45385568345b9c85c622bff8b4ecb386140ac09	9c3ce7fec36997085960e3b0331fb2f6bc053e16c7e684516aa6d77b52c64ab2	719	prebuilts/api/32.0/private/incident_helper.te
100644	918ffda835f6967242b70ef5790a08281c326188	8fe90627f721f5224731848ad336d760185c2953edc6e1ab8f24c76a978dd37b	6947	prebuilts/api/32.0/private/incidentd.te
100644	200780dfb1b32ec30b9c4789307c28b9e081e22f	f030e52ef8426679a968294a36f3309a1f522847b10ba185c994d943409a7ad8	4491	prebuilts/api/32.0/private/init.te
100644	98190510f2a65869b031c62304436979620cdf06	c6062ea3690f13c60c665063d58bcc246a736c103e770bc7008cfb25606e3f16	973	prebuilts/api/32.0/private/initial_sid_contexts
100644	91ac816ba7657261a9f2f486d551626d3cc0ce1e	b65322809825c3f8425f805fced74fb25981e71b7602450584e83ff800fafad7	416	prebuilts/api/32.0/private/initial_sids
100644	9696b491b75897d98346b9494cce5f92ad10733c	15009df396ac3bce3902b53db49ea9603326188b10ae4db718ca4398a715f72d	73	prebuilts/api/32.0/private/inputflinger.te
100644	726e5aa03a689026af36aa3bb123271cf256fd2f	4d69bfabe6c4520dfd4d9d752d015e6221ac0f9847488b03aabf2bbb8406d71f	1673	prebuilts/api/32.0/private/installd.te
100644	5acb26212fb5e9525b7f138a03039e974c6159d0	ade918cd7404d638cd77f8f4a5bf32946efed17698400edadac779ab75af3640	677	prebuilts/api/32.0/private/iorap_inode2filename.te
100644	9ddb512c9897733111867864756d882fdb0de89b	83ad2a921a2dad05b6e76f3fbfef607d2fa94627f6e2d157ef0a93e78b354122	115	prebuilts/api/32.0/private/iorap_prefecherd.te
100644	73acec9c908219b63028199378b7855c24ebede3	dc32c960b255d0280c05366201c814e9819dc7432985d3c19bef8b5a84f89917	359	prebuilts/api/32.0/private/iorapd.te
100644	71749c00f6c992e8a14423e7a5e4019570d5ffbb	b092188d10ed92767d5120d47df674dae1d206e1d703cf9ac8d7c788e12f2f6a	6632	prebuilts/api/32.0/private/isolated_app.te
100644	adc8c9632f7c0959216685cb028d0d4f2c1fe7a3	906ba4c0b7eebd6de617d95a08acdacaeae2dfc89b205cbce5b0d0b30f1a5867	107	prebuilts/api/32.0/private/iw.te
100644	53411634340bdc10811e9bb9ed1d5d39fcbff486	2c915ce844e019f4c3d89d999489b5664296a1ad1d9cb0ffaa3da5e40b9a42e4	1432	prebuilts/api/32.0/private/kernel.te
100644	362e73df7d21e05498b8a51ced490f151da9213c	388a157a657e19c5057e2488577153e885e71c9b3faf77126be49ba8306f4404	933	prebuilts/api/32.0/private/keys.conf
100644	884222412a2bc7e64ed21f8c4bbf57e675d364bf	da3c810732b4ee0d10ac2a05db30679e0ed0f691f719f44cfdd1db38de91aadd	1236	prebuilts/api/32.0/private/keystore.te
100644	3833971fcd24e4074d412b84a07f279291d6a2c4	cf36b6761243f5f1f79ee5cec86f798c50e254ed2c4726bafd7308e1993daebc	1095	prebuilts/api/32.0/private/keystore2_key_contexts
100644	2f9760850c9b858ca010050b1823d1f61805b1b1	6d6bd4df7de48e3f4c8293ea1f3b1054565a220be691000be5eecb5d5e1715a6	765	prebuilts/api/32.0/private/keystore_keys.te
100644	268810233906212281cc7234fa8e2ae6ae965f58	8b02805aa918db69f6686719f55887d0f70150db554e760943bc6e16130d2a6f	1041	prebuilts/api/32.0/private/linkerconfig.te
100644	f218dec7c43cc90eff4d08cc3a7e5e5cb349d6e8	6424d7e69c9e5ef915d4be6e48815728005d68727748fcd2629557a16b737ba6	1492	prebuilts/api/32.0/private/llkd.te
100644	aee1b7f19448f52561df905050bf6dd759435c8d	f13f86a12ad2a3697a89c8bd0bbcbca1dd44535d01321f9e468e96689f6d7f1f	446	prebuilts/api/32.0/private/lmkd.te
100644	7112c4f83ca3283848b2c847cfa000fdcff4343d	ed926f77b93399395e7d5bac92e9cecfb901a0b4032dba40f814ad8343c83605	897	prebuilts/api/32.0/private/logd.te
100644	ab2c9c63f38d5855af89a2b5aaef150bdb7e2274	65553233e2d1ac8caefd93d2f7f5a66902327c877d9d53b0eaeeec163a4fd5ec	1215	prebuilts/api/32.0/private/logpersist.te
100644	9f5f87ebd0a8e5fb5dd316aa9d6327d313dff153	1fc86e34effc94aebfc66ce2bd5110e77dbcb1abcb430c66de5f83b01d4717a0	909	prebuilts/api/32.0/private/lpdumpd.te
100644	7fc37c13efd9826040450b0b6bbda69e6bd7374f	f256a9b5d8cb67e8f39e8ea25b8bf61e50a10920d5744b302486ae9ab1eae74a	2064	prebuilts/api/32.0/private/mac_permissions.xml
100644	98e95dab3b8a1e867e0e04a6c16f81050cd33fdd	89fc355ab8793ac8b373c5d48a24e00c0549a8744fec78af5c6fb10d144f761c	245	prebuilts/api/32.0/private/mdnsd.te
100644	4e511a81908db79a52dea340725f7c771efa9c7e	bd7a10acc20328bd3d6296d00d3f00aa4a394fe097225d30531eef7b8cc1d7f2	241	prebuilts/api/32.0/private/mediadrmserver.te
100644	7bcf5c82fb33e5785d39c1c6798305d185c2b420	3f6fd9ed5315c5d04c7c16727e45b3e9411efbdf77c2f76f64510178a8c63e92	441	prebuilts/api/32.0/private/mediaextractor.te
100644	5a6f2e1df51c2eb090829bbe0bbd3bd116511445	55e902810f9c5bb42bf38ba30b5f798ef9e6ecb815361a131017e648e6e554a2	277	prebuilts/api/32.0/private/mediametrics.te
100644	78bbdb06463975b04037ea0089b1680b6a2f4a9f	0302c14925ed8d4e0acff14db3110b0f39b19bba76a0ed2a6d6673adaf8429bd	1889	prebuilts/api/32.0/private/mediaprovider.te
100644	742da1f1278dfa33145797660a5a5557a23deabc	ec9fd6b9ce97fc77b57503cd292ef62242ed6ebfe8196684604f36f343cf8a21	1951	prebuilts/api/32.0/private/mediaprovider_app.te
100644	6fe460ca5021fbd975081938465cb0372b088ae3	d4c2bbfa0ccc2a376ff93a3ae9679bbcb8d13d2ce20158270f696f10efbd5eb9	671	prebuilts/api/32.0/private/mediaserver.te
100644	02079c1131dd6a6b2d479f8a2d92ce055dbcfbf0	257579654b57cd2ff9c12c45ad6de0218aa413011ba4124921d70b912d5c1dfe	188	prebuilts/api/32.0/private/mediaswcodec.te
100644	073e81d7845da8cd3192baf131a567257768110e	be76fb748e0540e54511c4f653cb59a11ad0f09b8e73923b9c59718c1c415945	2932	prebuilts/api/32.0/private/mediatranscoding.te
100644	413d2e545bd2790dcbd38d2b1f55f6b1878b135b	9c1d3eedbf604ea6074d5d3c05138d68f6abf3f8128b8c14e056e1762b029827	898	prebuilts/api/32.0/private/mediatuner.te
100644	b2a1fb10a7fdb4ea394c509082976422ff168e24	b159948255fbda94eb8b135360e44953046a3bc5c4c9b53fe055dbfd45507cd2	1246	prebuilts/api/32.0/private/migrate_legacy_obb_data.te
100644	955c27b00ff5c9ba6f25d6f8c2df3b5fd37d16a0	e356f81480145ac954b6a9fb12e7387a8b42619a4def563af10087c6cfd8fa08	5239	prebuilts/api/32.0/private/mls
100644	dd53bea7e83755ed099489e70215f810e610695e	f7549d8c5569deaa3cee8c9decad170e9a7aae349a68e5e0602db7825417ba14	276	prebuilts/api/32.0/private/mls_decl
100644	83e05425b27f234203ac747ca613d8a39fac3d28	c5822b44c9a53ab6dda8f4ce79bbf90a9d97fc9ab43849ef0f4207bc86e048d5	1252	prebuilts/api/32.0/private/mls_macros
100644	22482d9b79c09c90fd8c86d791a8dd11d11bf488	7ed928425a0daed1d7d2bf6fc4231c72373858fb1320f86e6852eb694e3ed54c	781	prebuilts/api/32.0/private/mlstrustedsubject.te
100644	4875d40328a6ce1d3e1648ceee2b8d734753a4bf	a4ffecfdfc4787fa62576ac193b97eb83d6aec740d8bc802efc126762e1c42ae	420	prebuilts/api/32.0/private/mm_events.te
100644	98586756f91da77583959db541ca421a565ebcf3	d3174958d3591c745e10b11acdf511e0ca001a469697cf97c4ecff4642098355	35	prebuilts/api/32.0/private/modprobe.te
100644	732e111ed0b42407b3076a9ce971946b9a01e818	3e3d3470ad8f942d07e6ed822b6639cd275d8534cac4ce93cf4153a78dfaf82f	55	prebuilts/api/32.0/private/mtp.te
100644	670a4bf79534015990ea271dbec0b5cee9d4d934	9e4e9f19e647b3497135bee544bb0215caf43fdeb0703cf26d0112af71ec771b	1657	prebuilts/api/32.0/private/netd.te
100644	ca3b5158520592e47bded0a78a41174b41af32fb	4b1b2e3da91fa32c287e49ab888956c5dbcab565a0fa49dea15b540a4b861f6f	1730	prebuilts/api/32.0/private/netutils_wrapper.te
100644	09a98b534388f90352051f807daac02f1a78b6a8	853760e7f806d3cffb66f595a4e30382a211d8b3c0fb7365f2735360fa1ecb57	2973	prebuilts/api/32.0/private/network_stack.te
100644	f1a08f7a4473964f288939059c461ff561583674	430df7a80691a051488b43ec938ddcbf6ab7d8c9ce858fee30dc1db6ca72867b	1182	prebuilts/api/32.0/private/nfc.te
100644	3db1ae8c2634272667751979b109c4c15b286c30	1ebb49b749c84e146003cd40adaf65eb74faa3362cf25f3fdbb09f39feb1783c	2552	prebuilts/api/32.0/private/odrefresh.te
100644	c6c7808b60b7fe95d9295a84e68b51452dcc9ba3	87f0bd9d4cf909a0c471ab82d9bf160d55f4bc05bd7ea05768955edbeb625629	1750	prebuilts/api/32.0/private/odsign.te
100644	ea9d4ee9f4da76c8e3ce73f14a52e1277d78f4bf	576fd6b813e5e463cdbfaa53496c54e5519fe03a797684689fd7c6d75d51fce9	4488	prebuilts/api/32.0/private/otapreopt_chroot.te
100644	27a3b0e084a4380a81cb36b4f10c694b864c3223	66f765a62111e45e13d231a48c59f6ec4babae27599aa27835ab5b9675b92a0b	1376	prebuilts/api/32.0/private/otapreopt_slot.te
100644	f9693dabfcd3e075efcae9f3c3f1e05f9249053a	dfc902a0fd51f2c19049bbbd70b76b86d755f297c6e57bd461917c7fc3c19dd2	3869	prebuilts/api/32.0/private/perfetto.te
100644	792826e02297ffdeb248014a2af721339c6593ed	d697fed933905e86f4f027ce1f004740820f0ee6ddfbc08cebd8dc4c9f0e6c8b	73	prebuilts/api/32.0/private/performanced.te
100644	5f8187530e7219f8b6be84536a9d7b8bbd6b77c1	67abe228271f7f61edc593d24e9e15a3612758daa08f5d6f34b5cdc300c47057	824	prebuilts/api/32.0/private/permissioncontroller_app.te
100644	f746f1cc400505810dc68c9749228a2954866d45	b492f35292f4bb140675dac8b3a0c69f5518d02ccd8be255acb60bb68f1b2cf8	4065	prebuilts/api/32.0/private/platform_app.te
100644	9290e3ab36427e73a0ce8593de26f87551410a45	8a063a3d29a09b7a939dd142b84889c33208bc22c352c78c5479b5fcea462b03	536	prebuilts/api/32.0/private/policy_capabilities
100644	b473c0c9b431fe79309f2df9aa7bfd3c8223b3c8	098d6ebdfb72ab9953ad990ea3d81a4238181105d2965532c3b6ac089dafee0a	77	prebuilts/api/32.0/private/port_contexts
100644	7060c59bdd8246336bb19d536994221dbe2a6f77	f1848667c2f6f0c6f1ab043c180b0c16a04f27185516b04f8a874e05ffd4186e	216	prebuilts/api/32.0/private/postinstall.te
100644	2fdc941230a0ffd947d077dd944a886ab8ef5f8c	2bd7cb8d7fa093eaf7ab859a94375ed9deb78bbf504de9123dfbdab799fb852f	4044	prebuilts/api/32.0/private/postinstall_dexopt.te
100644	968b221b688ffe92f04a98d4211648a26d1e7ffc	da8fb0c2edbaf047cf1e79fb74da22b7a68bd2efed742c420baf7ee142394c84	69	prebuilts/api/32.0/private/ppp.te
100644	ba54b70acad2b89a5cbe4e0610d585ce7154555f	07fcd710a27f268b2f71f51d6b5191bd09977d13b174a64ae1326569ab1c73a0	758	prebuilts/api/32.0/private/preloads_copy.te
100644	dcfba14d52fb2f913eb5603303b20bb0f03115ec	f6b1576aa9857d04a52f580e6be881f38183ff881c6afc068c22b8f699217d80	616	prebuilts/api/32.0/private/preopt2cachename.te
100644	3ceb7a3058be3664788660e6d2a2ab126caec27d	e853669894d43e143371162e637975e32ad88dcecab27a3e767a468510a5ad75	10549	prebuilts/api/32.0/private/priv_app.te
100644	efde321ea8339a9f9e81c394d8a6731a34a0cce8	8f8936f07431db6c5375f570d5b79cc607bffecfddfa46500c7927475c911a03	2570	prebuilts/api/32.0/private/profcollectd.te
100644	f61d05efe7b8908ba5dbd7464cfb84b2c4118e94	777b58af2c6294c5dec27a8e908e4140a783c28a001d38b33c1fe4f60d86d3b0	34	prebuilts/api/32.0/private/profman.te
100644	77e1a7d26d0b19ca08c4925ed3e00420879478ea	955d3a907a8cea4019541ce18e13527d6529866b0113e454659db31c2752753a	11851	prebuilts/api/32.0/private/property.te
100644	f235b35b710fcc4dfd04c070146554f6dfcb92d8	6cd89233281b94d50cf280bc9ca135e6eb0fe65b58945fa4cb5012adc6ce8fdf	76833	prebuilts/api/32.0/private/property_contexts
100644	42ea7c9e48416235ba3f28b878ff7fac20d87196	2758d2ef46fe643fbb35488f8e72371efdd42950f1d02473aefb226520bd0ea0	61	prebuilts/api/32.0/private/racoon.te
100644	08365f05de36cd9d3c776bd9a83494d7ebfb5817	41bcea464eca26301b2f8702dd494b58ba9023d0895ab38a482bae685d6bcecd	1057	prebuilts/api/32.0/private/radio.te
100644	bba2a0db2bd480b58ec4ef4c558bd0013cca2984	e33031b9f2799014a4e62954f541c1400409ae9b4793a78cf15728dc3061a0eb	1693	prebuilts/api/32.0/private/recovery.te
100644	7cb2e675a6e3eece2ecbd33fb8da780ca9208cc0	d98dab376b70b533039b967a189c989a4b9e3a776d781f77b2446102742fe4f1	329	prebuilts/api/32.0/private/recovery_persist.te
100644	3c095cc261e6c74982a8f33359adb79340d7a4e4	b86e1e5998e15ddf2f8ca239c3f9ac13ea9cb57988107ab1388010041770765a	277	prebuilts/api/32.0/private/recovery_refresh.te
100644	010c9bc3fde2b5a937e9503171aab39dcd82d3ed	bcabfce183d7c81bb9b7169dfedd7c0ca00a88248b31b9cd1ee95d83b92048f4	377	prebuilts/api/32.0/private/remote_prov_app.te
100644	c84fcba0ffabdd4ae4460e34b79333466f62f4a9	4241eb694ec396a73e9a0d6bfc9973400dcef8ac820a7e0cfe0f9cbf3673e6dd	8	prebuilts/api/32.0/private/roles_decl
100644	268f0406b205a9be61be6972fb7c617247afabf7	b6e1e8308f37b04aeb0cb009b46b82ed19e5cbd5a49781d753ed79d273b7a3b7	1628	prebuilts/api/32.0/private/rs.te
100644	30818c2faca7d15c04676e89d573f75db426fa05	187b4692055d37e9ec1249c5498d0ae4d47c1e20572d5a221ce332bafdf4dbab	464	prebuilts/api/32.0/private/rss_hwm_reset.te
100644	ef31aac3471736662b840960b05e242ccb80856d	5f56cd90faef00b87a1b5f11c3c300bc73f90c3f8f56f5bc1037b696dd742614	113	prebuilts/api/32.0/private/runas.te
100644	c1b354a9a3876ad23239c50151c9ff50683aa53e	0301d67180994e80bb3334e9dd9cafd18662764e4849274398e906c3bc1be366	1375	prebuilts/api/32.0/private/runas_app.te
100644	126d643490d7081ad0db7db021320aa74af171b8	fef00b81a1140a3c0a2f87570acf2a511fc4bca4facc3f4a672848f37351a2c5	109	prebuilts/api/32.0/private/sdcardd.te
100644	1d38fd926c250e12f250f5359d82293862398c17	f26e748019a9d1aa07105f504cbacede86147b1db22727b8298e791fac4e8ce9	9495	prebuilts/api/32.0/private/seapp_contexts
100644	57f512bbd250f37ba0b93d080ebb4028ef77dfb5	7ecbb299824fb5be4f5a131894b3d4ea4ae3182f42bd0751a9a59d4c86f2d407	509	prebuilts/api/32.0/private/secure_element.te
100644	200b030cc828216fa11adf0abb79407041333368	628a4c5570cf5bd5762b89c3c7096f6900f2e2be07f5d7f39702744fd9fe4fa9	3129	prebuilts/api/32.0/private/security_classes
100644	7f692f35ccffd823ce2267557d7230705e5e2f22	0e7b373ab9184671c9e44427183828146250a63b08e3180aa90fac5b7a3bbee6	934	prebuilts/api/32.0/private/service.te
100644	3fd342b9bebec6e137c0aa8eca99d7e45e5a1584	848e8978fe2d0efb969630166e21db17b5f66bc2d1a32635f4a9c6dceaf0cae0	24040	prebuilts/api/32.0/private/service_contexts
100644	6294452042acafda0db100304bc362314d27705e	0568682f243e8da4741e3cbb9e979cab918a737483df8289a609bca0883b7c0f	168	prebuilts/api/32.0/private/servicemanager.te
100644	a17342e01023583ada9fc6526fea79fb2c685145	8644295a913e80dcb39c62524dd0752addead9f1d018dd95b91b78c630e19b33	33	prebuilts/api/32.0/private/sgdisk.te
100644	31fdb8c911f99939abd56daf97c17aa4513264f2	b0273def01ef45452abf89b948b5b3fb5a896cd84c31b1d529bb4be8de8ac0e0	639	prebuilts/api/32.0/private/shared_relro.te
100644	ba9e972a199f74010a4202af5ae1e89b427cc726	e815d8f600fea6a621e0d155bc64c14ce62cef7613fd24eab75e26d6e82bee36	7496	prebuilts/api/32.0/private/shell.te
100644	0639c1136da03dc2d6d33baf1150264ffcc6b79e	ae8ebe297bc99fc3a58487b4bbfe79f03fe614594a8ffd95472133661a80e80f	1739	prebuilts/api/32.0/private/simpleperf.te
100644	850182605745d6d7cbbb6ad74648d965279726a9	bdfde5ced50940334569a38c43fd5b0d8564063ba4a51be30777430d21fd52bb	125	prebuilts/api/32.0/private/simpleperf_app_runner.te
100644	7dfa994ea7add2eddb4c6e3f2598a79c6d9b5de0	275253fe4d8b41ba25fa8ec8de067d470dd42cbc95f35ca3a19987a0bc973f87	36	prebuilts/api/32.0/private/slideshow.te
100644	fb2bbcae762aef461561929651e3bfda5e3bf177	505714db5fb708f05caac8bceee5e5f8477c92538d003f1350cb5a1ef1643b2f	1575	prebuilts/api/32.0/private/snapshotctl.te
100644	d96b31e057724b576668ffa3d12d36ad9d37c410	57d053f8dfe3ff09aaf7b8bd8983562efa3b20df4f12cf0886d1e1430a2344ec	1020	prebuilts/api/32.0/private/snapuserd.te
100644	db29072df3d6e2880464fa296f43a1009a7ef96f	4fd3c6fd0d4929e865290931341e01ebef1ddebc2d04cacf0be1efdf350d4649	1327	prebuilts/api/32.0/private/stats.te
100644	444d82e3c36a51a3688f209bf20c711cfc9cc73c	7636979d67b2942f9d4ac6ca4a57db386ab1b39b3f0b3f2968cc64dd07a899e6	908	prebuilts/api/32.0/private/statsd.te
100644	bb39e5b73fb8e0179e00d7bbe4a376df6caac810	6edcf9ea765ec2ffddbec3ab2567b9922ca5e5711dc53fdad3843d30794d9b01	2058	prebuilts/api/32.0/private/storaged.te
100644	587f449fbe08f74e35a74914a37d740d2eabcc9a	0884685a1d60558366d3471b63ebadf3d0135a1770c98d51433d221db3fb0122	981	prebuilts/api/32.0/private/su.te
100644	7a92bd485c6678883b57ea377f71e565d5a13183	d12afa3175e0791d267895cd0a262e318f0ec3237edd32ebc2f6b546faecda90	5252	prebuilts/api/32.0/private/surfaceflinger.te
100644	41fac622b3100cf6fb01fe239e05e8239db54c1e	66d293ffa9cd8165feb1d9f474b6bf25cafcccc855b723097913eb30854e8367	5286	prebuilts/api/32.0/private/system_app.te
100644	6aca000385d5a66129f23fed9aa8c40df926bf64	c2f018a85f227e7f01118ba7237544fcd23a33162e788747b6f5d75f7f707f1d	54969	prebuilts/api/32.0/private/system_server.te
100644	064e0383c41002f3c8cbca91e5255bd0ff568427	6e1b55c04c9e4c254d2387b2597d54f08b9b42827baaaf8867de3162da3dcb6d	978	prebuilts/api/32.0/private/system_server_startup.te
100644	caf8955bb1ba599a3bbc590dd0093e128447f4ae	816ee7d8285396bfd0928789831e2a8e1b59fd541383ae8acc3588eb1008d290	1418	prebuilts/api/32.0/private/system_suspend.te
100644	9b3e3c6adfdba9da482bb87568efdc72141fb876	2af238ee01c7f80e69e8306041779b0cd1687c23502e1ef63555441a5597a2f0	4231	prebuilts/api/32.0/private/technical_debt.cil
100644	b6dfd1e4d6a4474909010fa7922da2baaf01b6f3	9e16c3096094f484c5902dda78963d278537866150b48f9e4fa280dc703546b0	244	prebuilts/api/32.0/private/tombstoned.te
100644	a2b958dba339a87ece3bc9fa66112cc49abc23ae	476afd9a53e0970ff832216b467dff0b787be32ec3da816a432b6bc3956db442	63	prebuilts/api/32.0/private/toolbox.te
100644	fc9a2455a5bc266406e330c677fad5e561a6551f	3efdd8cd52d684b3e6db25df7b03f272c893294e82269303c445a1a354d84662	4699	prebuilts/api/32.0/private/traced.te
100644	96a7263f74cefdbc8ea9a5d23f61f52a41353737	b9982296cd6fea46fc90afd4dbe4b6bfbf3b4ca10a0af1b7850027bdfc1c1447	2807	prebuilts/api/32.0/private/traced_perf.te
100644	730a45c95d7ef79a8ba1677036e5bec8d49c6d20	2edb0ab630f5e5e9ae7c1254f4ae8062134ca678522c9ece861fe2b85d254ea1	5831	prebuilts/api/32.0/private/traced_probes.te
100644	2937e269b503d5ef372f2c2ac48f64ea243dcabb	14aa78be2e7f3e044a91bc7ad3b01d1b207237372ed28b8b37a35986e14e28f4	782	prebuilts/api/32.0/private/traceur_app.te
100644	502735cad0c34d31e410302fbb3dc6b3de090109	1ddfcfc3a634cfcfe0fc7a7ddcb13afe1640743144e5a2832136e8a2aaec398b	71	prebuilts/api/32.0/private/tzdatacheck.te
100644	8bcdbf95a34be844c0f3a0563e399e3e53f2bf81	b85a99b6eed576c38bb39fc1c00b1955e04ac34cf4afdd946f743e6b6ebb309f	216	prebuilts/api/32.0/private/ueventd.te
100644	1a94cd1e5b9b3ebe37ba3e79f98750af10ac0ef3	7c398ed46164dafc6186cdeea2624dcb57b7e49ac7b63355e00a74fac4b74851	136	prebuilts/api/32.0/private/uncrypt.te
100644	6e7a99cd8c64bfd8bd076a5e5420a16e1bb1bb5b	4149677ee6c42edf30be8be74233c13f8644216d0746d8c7f2b8f73149cfad9c	399	prebuilts/api/32.0/private/untrusted_app.te
100644	41cabe878b07c7aa36bffdc85c15c095c6a1c859	7bb64d407c306c22e91bcacbf0c832857041ee1aabcd4ee6f0116b51e30c8876	2343	prebuilts/api/32.0/private/untrusted_app_25.te
100644	0993faa9bd6bbddbf53162d4f0fdf7d410b57b0a	01a6d0754deb2632e119e4923718cbdc4b6dd75d8689afb009646b771f530894	1762	prebuilts/api/32.0/private/untrusted_app_27.te
100644	c5652b16943f79016f596b403309bb8725114ec5	7b6b2de6cfe1b6bbc340ccf5637690be33d4c7cd171b7c6f854764c924143d21	640	prebuilts/api/32.0/private/untrusted_app_29.te
100644	6064c1453994c2db28211905267017167a607f9c	c1b8949bac3f42349e4873e0dd124be033c0b75946e1e0db43664d3f9a3499c1	8177	prebuilts/api/32.0/private/untrusted_app_all.te
100644	d828e1fe1a9c794ad67efd26e791b165b4efa1bd	42b0f1f86554c2c730bdef56b408a0bb483217ae9c7e3e5254887565068a8c7b	1033	prebuilts/api/32.0/private/update_engine.te
100644	8571ff650ab646967301d31eabe2bad42cbbc500	b139a68cad42d8fb38a34fa341ffb38c4c5e57b9795a6adf1d2c85e6ee33ce47	685	prebuilts/api/32.0/private/update_engine_common.te
100644	5e1b27bf8ee3bbf6ba60ffef4136b1a054e88902	3b1c68094ddb963967e939697eb59d7ac104db1b333d6020d2e6a7d69cc6458d	267	prebuilts/api/32.0/private/update_verifier.te
100644	42f23244e0783408ce79a31d24211a76bdb80578	80476430ef267a1756bc4bb8fc2cbc939dbb3aed3009be2ff3f0c907027bacb3	328	prebuilts/api/32.0/private/usbd.te
100644	51b7b57e6798ca0f476cf87d5de69ae956df26c7	50043f480e4192a70733f660638446ce981fde673dd4b6e88841772d907e5447	55	prebuilts/api/32.0/private/users
100644	63c9c2a0e1a1f86d8bf8d73efd8b1374a0cb3f4a	8c02eefd92a5a5c5c414ec6609889f225a5c4a89bfdcb14d0c262e567cae451a	142	prebuilts/api/32.0/private/vdc.te
100644	76d07560002ab560cf5f87c2e207665fff2aeb73	752c73f9377b26c60578ec0a0533861517944ed96d7f03890580c852bee74540	679	prebuilts/api/32.0/private/vehicle_binding_util.te
100644	2e616f363719fa1bb172d34211ea4ce53002d204	c90da3c4f254f6b354ede60c26daeffc3a7496b359330cbe0c1362e38b54ea04	631	prebuilts/api/32.0/private/vendor_init.te
100644	d1f09644126d4ba1eca1684209da2557ff51848b	db41a42f2deb666fdc32db24efd711503860cf647a9328ae4e6987cf97b44ca8	1070	prebuilts/api/32.0/private/viewcompiler.te
100644	467f7d4f9606f1a1409ccffb707b0bc8dc83226a	03b7e5571034869110ed7325a3d4e53ad690821cae8269b7e1d30b6d05b2c6c3	642	prebuilts/api/32.0/private/virtmanager.te
100644	e735172fed4128d3f841f0c4cef2c8e10a5c3bab	e099c211ad5a82d899c07cd87d3df498d244f6c58194fe9907390bebbb903052	81	prebuilts/api/32.0/private/virtual_touchpad.te
100644	de0fde48a34f3271d3ad1dd8106346a7ae8421b7	c59a83f7299e81d9f60b28a35078531e9aabed6e823d55f0038ea6d15d332b17	2041	prebuilts/api/32.0/private/vold.te
100644	956e94e5f8677148bf9a0e9afe07a7ab23a63f49	f512f7828cc2ee5794dfe06faa428fdc867a4d1152e9a7475f7eb7b10cea616c	2201	prebuilts/api/32.0/private/vold_prepare_subdirs.te
100644	053c03d9867da94abbd7a32c1bce1a7586b6fa8d	d2828a0203d33706c5ae76147652a2c81fb62d1c504f353f9ea3e18096aa0152	137	prebuilts/api/32.0/private/vr_hwc.te
100644	8deb22bc8bf33509742a29cb34a88726c9d96579	06fd82ae80f181bb123d55a7eb1a97a1dc7e2b5c37c5057fa925509afb382898	130	prebuilts/api/32.0/private/vzwomatrigger_app.te
100644	da98e2e0712f0d23a83f7684c9e7040b4f417ed1	0976e7a5d851b2dd3ecad677595227262ecdee9ab327f052e2e9fe6bf6541311	536	prebuilts/api/32.0/private/wait_for_keymaster.te
100644	91ece70522d11f67b94bab2e45a79122bb44a6cc	f728cf9119bf04a21e0de54255b2a7ead740ee2ca2f0eaef5e429c57b522c5b2	67	prebuilts/api/32.0/private/watchdogd.te
100644	3473ecaee77923e5080c2b4e8b176b97fcf4ce31	89180de3f70f91b5ae886ac9c0cfb2d2a75038e2ed5ed282ee169ba734473b79	6144	prebuilts/api/32.0/private/webview_zygote.te
100644	3fdaca27394e2eb4564d91011b8e9e25d8da4d02	a604bdc2019d0400be0f07a76763a26e4b016cc8fb83e53c26941a3d27dbdc2d	271	prebuilts/api/32.0/private/wificond.te
100644	e91662cb7f8712267d1843f0c8711925f698ca04	be161ca0600c03dfda778fad959fd99620b90f4482996edcd675c07ac8706397	65	prebuilts/api/32.0/private/wpantund.te
100644	743647ec7a1c3b13a3178351ceb5a09bd0d17d24	369520758fb0f8cb415319c4844194d4c1566134ab856179712d9fc8ba51cc8f	9536	prebuilts/api/32.0/private/zygote.te
100644	5056b352801daa903f836ff7d9499a8e6463a3cb	4e25ad0580ba210be2d406ccb385450af2540d6644793a55fb34facb050239d4	528	prebuilts/api/32.0/public/adbd.te
100644	626d0088b1cc03ab8c90abcde1b6e23ae2201a94	b2c94354f32c76cafbc9e92fad154e73095e3bf22ffb2b287c925d26837bba8a	288	prebuilts/api/32.0/public/aidl_lazy_test_server.te
100644	53bc5692bf88cf500da6607918bbeac96e398340	7632fe2d6b2a455edcce3cc374fc1f89e0d0b224997e90b5e3a853675dbe95d0	444	prebuilts/api/32.0/public/apexd.te
100644	5527f9994137d506b4e265ac6631087677ddbd0e	8e1a70bf52a4aa72839953437658a1cbbdcdfd9459f25fb9288956d3472a104e	24095	prebuilts/api/32.0/public/app.te
100644	4c1ec96522de44f0bcc04ff10045559ad18110ea	1c5aed7e9b9b9443ef2f6d5039c2b755f6c5246a0ef846998a3299cbd0cd5e54	253	prebuilts/api/32.0/public/app_zygote.te
100644	d8a1b7366a7963759fcb65849bee1da5d712ebd6	147dafa0e0e3a7513be95dd4ec193dd7ed1fad218fa44886d62a61a04f7d30e5	1296	prebuilts/api/32.0/public/asan_extract.te
100644	7327f84ec1589384d9bbc76a76dd37daf4a4acb9	00e33e07a1209ebc5e57c46613bbd2bf46535fbab8a5efc0939ab09e458703c2	33	prebuilts/api/32.0/public/atrace.te
100644	b60c9cc62e424e761a680eb090ffdf02b79d5106	4d76e8addf8bb7fc935c3962e00d299f3343f65ff71b96ce0a7ba56e650da831	13147	prebuilts/api/32.0/public/attributes
100644	d593567aaefb10df6aa93330c80d07b8781bf9b1	ad0d3c143daf916eb911c0b8393b290ef4a025856eec8811a8fccebca5e4c485	399	prebuilts/api/32.0/public/audioserver.te
100644	dabe01452062f9d2d4c8fdb9938633daff89e548	988af8057d7a6852b37a3b1c48949d1f9e8345deea88d01ed9dd0285a5bedd48	45	prebuilts/api/32.0/public/blkid.te
100644	4be4c0cb2371e5b89d6b8b05f534944e2aa9f72b	e9054e76eb657f82247c8285ca6e87a20ff1e3d21c699984ffbaaa8544719f71	66	prebuilts/api/32.0/public/blkid_untrusted.te
100644	9b3442aa5b65cc56e831169890469f23d517772d	4e935acdf2d2a4909ecb8170d985eff37f15e7db9ff0eae1d3bfa6cffdbdcf39	46	prebuilts/api/32.0/public/bluetooth.te
100644	88fe1736515652c193627048ce47222375147a74	fcdf1dbbceceebd558f150d6f5bc23f6c2037da31a96e41b325f59753dc915fa	1260	prebuilts/api/32.0/public/bootanim.te
100644	5079c28f15788ad63250d0a7f76177fbb0cd7c27	40527028e0501bafe9712fa0b31aab6e5386dfdb77326402a8c5698c3560e192	949	prebuilts/api/32.0/public/bootstat.te
100644	37edb5dcec8bd14c291822c154dfdd2080ec5cd0	52e7faec7fbaa27cb7a4fee692f56f1f7ea19d51d7caf5987ffd2aaf3ccd1517	868	prebuilts/api/32.0/public/bufferhubd.te
100644	352e1b7aafd8ec10a77610559d919a54d268aa79	e97b1c1e77d9981dc5b4365b4d205ffbf1b088bbdba7a92d9738180b13c8149f	59	prebuilts/api/32.0/public/camera_service_server.te
100644	7a29240c38367f6265da1fa2911b5789ac47062a	65237682c46d6212dc432571f0ed4face3b68b9ad08b1183416612e843607810	3031	prebuilts/api/32.0/public/cameraserver.te
100644	37359e3bfd0880a9df80ed3400b7054710dca5cc	aea9ea08a29dc04c5dd05031aa48a93a5ea3c9efd13bcacf0a8dc15ccaac2b48	1269	prebuilts/api/32.0/public/charger.te
100644	a6f0a94706586fbe3c768d7bad20490ceb2a82a9	f9707888b7f8fe1aa57e5bd44e1d286cae059bcf087e12b24f8c8b481457bba5	2578	prebuilts/api/32.0/public/crash_dump.te
100644	97d942d914fc0c30fdd0f7077529c40f95b86419	11580e4d8d0d562bef9092a04a1286c2ca4a9edd68afceee9966c9b1ff5239a6	656	prebuilts/api/32.0/public/credstore.te
100644	cc2ef57a4aa7c1d4763c339b01dac7fbcd0c7468	1ce32bde9145ee10a3e65c23ed7794df4501be2ba7fe1d456b092ab7634764a6	4715	prebuilts/api/32.0/public/device.te
100644	1d875ab173f70ee6abd9f284b761560d1451e86d	ad4cdd48a31cff9ffa0cf7e704eedcfbdd8bbbc33df5fb45c8c4e24d7a5cbba4	1128	prebuilts/api/32.0/public/dhcp.te
100644	c5839fa544b524ab61fdcddd991a93294955ae80	22e507ecdbd88b4ed06ddbfc5599543b21549a78fec4e5fd4dc58d9bb42331e2	61	prebuilts/api/32.0/public/display_service_server.te
100644	86f1eb1c9e6383cfa3f9aa0717493e183e74d2e2	50ca9115784e21ac8b0f8bc1f19918b7c042e359dbcc7e00b1760dba7bffcffe	1197	prebuilts/api/32.0/public/dnsmasq.te
100644	799a2f1c570b91f1bf724c86f017fcc2f24aaf39	433b5febe388998fea4712a7bdccd1ea06c610db31756cb18edcc950f9cd8a40	50270	prebuilts/api/32.0/public/domain.te
100644	eede0fce2f559b8738f1da1ef35b02f6400f8185	608290e7e32e45f91c4dc7249603b628f3e9394f1481c7699b6ba11e55f85563	2246	prebuilts/api/32.0/public/drmserver.te
100644	85a5796061bfb38bc4cc410f878e26ab2ee2825f	26687eb6f4543ef6bc7f896aed2f150a2a23ec68ccac5d01471cb46106fac805	11366	prebuilts/api/32.0/public/dumpstate.te
100644	dd5bd69deacca25ef57b0ca0f8dbe0010907d7ee	b7a60aacbdc250201cedfe3ddc667217971679c6ec1bbb2f8d9c1e2127383536	830	prebuilts/api/32.0/public/e2fs.te
100644	dc39a22b59ddfca70a42208b143c68caf4b133b3	3f283f565a09656a785b1ce968ea6e2bb9ce79e6e2f487ed1f904e7766745e00	459	prebuilts/api/32.0/public/ephemeral_app.te
100644	e167a5e874f345abea66d6bbcfabe6ea002203c7	c34b77893bbff7a7725c7be15eb9c63fe2c1d9ecc584fd9c275209259292c54f	4006	prebuilts/api/32.0/public/fastbootd.te
100644	dc788ac6a39631fe5096a3ab271df52f48aa5149	6e78350b65d351d137386b554a42eb263bc3f4312751075b0306ad6478a2be96	29309	prebuilts/api/32.0/public/file.te
100644	8cf24111b64281632996653d17bfb5081a3a42ff	3ebd6052591c08deb15b51f1c9ca765212fd30fafbdf943e576fb2bb7f6f3572	901	prebuilts/api/32.0/public/fingerprintd.te
100644	25a776813315030058b3079c5519f07d6440926d	337ef7670e382fc8895fb407ece6836c05d2348b9de9e82c8d36657eac2c94e4	682	prebuilts/api/32.0/public/flags_health_check.te
100644	7a9fbeef140e912ce67fc74a4d5b26bbc1d6bb8b	9a78eed1cd7bb2af214103f4794056cf3fa7a24c71099940e4726ef80c437bcc	2165	prebuilts/api/32.0/public/fsck.te
100644	8510c94247754a1aa9703cc8e7bdad30cef1419d	8a2e747c28c3b881c23c33ebbf17681aa9e1e900c6e10bfb6b8fe3588060dc0b	1727	prebuilts/api/32.0/public/fsck_untrusted.te
100644	03486bd1ee0439b7bcbddc00f9a8f57a3b878246	59f264b052f6ef9b996af98097d3d8cb7118dda0607969f636856d10ddb377dc	177	prebuilts/api/32.0/public/fwk_bufferhub.te
100644	d48c5f82d4ca943c86ab7d7f8ac21e7b8fb702da	a2d54ffee25d30c2534b8bed88b85d30f5c24eacf335de67b4f60af92151081f	1372	prebuilts/api/32.0/public/gatekeeperd.te
100644	2c87fde5ee87630ae561f12deb88dd3f61c8dbc0	f79a4ef588cdadf9e5ed5d3f5565b33da56a5d2fda01edaadcfab1bac0199117	3643	prebuilts/api/32.0/public/global_macros
100644	b574bf39c124521c6f693cff9d0d61d623f465ff	b353de758a73f8393b06326829401ad63897e03052542d397f8c3a6f4f40c892	96	prebuilts/api/32.0/public/gmscore_app.te
100644	c862d0b7fa0d36f26c6d058dbdcbb144b1a427e2	795cd00de96637fc67bc769f6c02aae489951cbdb43fdba91add569d3fe80283	92	prebuilts/api/32.0/public/gpuservice.te
100644	6417b62890215faff687cfebbe395b6d3aa028e4	1e71a67b185d442d3852e7838d851a5b503fefd71d24498db0f6ba146310be72	321	prebuilts/api/32.0/public/hal_allocator.te
100644	51d9237f9e7bf175133508b347189e9cdc31f01b	940b0d289272cf72d262ba9f4db584b471a61c924b4a6b580a445b9b4c58fb5e	146	prebuilts/api/32.0/public/hal_atrace.te
100644	d1970b9bd4e6696e0a3b12cb92260a9daca73c23	6d6e53c444cec80b1caab46a86f642f24a2f200c508bd8ec8907568c63655db1	1315	prebuilts/api/32.0/public/hal_audio.te
100644	6f45b0ebb38e0e6ca324ea373d6734d8d093f48a	07e36264f1eaf1efe0105ef35930f071b5a7e68ec63f2500e083f66b9bc802ab	367	prebuilts/api/32.0/public/hal_audiocontrol.te
100644	bbcdb9a33d6ee7cdc4d72bced57141d311f6638a	d959761d8434bcde7a66034a0afb037c09c8a00b1989db4da54225ea1afc106f	276	prebuilts/api/32.0/public/hal_authsecret.te
100644	97177bad7c1ff693faba40f53389af57d2cd674c	06bbe039612c6fdec3d286fce836d27e8bff269f903efa85983087cab9202a35	1179	prebuilts/api/32.0/public/hal_bluetooth.te
100644	a1f3d7fe427171c1aad7a7ed020bba5b18d98065	320d33f4e0accaeac2ed25bc500c084c8dc4fae146907a86f28df5e0d8686fa7	277	prebuilts/api/32.0/public/hal_bootctl.te
100644	84a25970f7acc139e481ab0a33cbab3724f2da8e	30f7d0947c5f10216dd0d245a5be6f86cf7ee820e4b724369b3eabe550f1e88e	207	prebuilts/api/32.0/public/hal_broadcastradio.te
100644	45fad56e7949d8b811ef1b6e0c6205979eb1385c	2bf000cd73ddd82ea8fad1cc4bfc88a1cff0d712905a83bd1e1e51c15719750e	1475	prebuilts/api/32.0/public/hal_camera.te
100644	959d1d94a246e33c8e3e01a3520002cb640127c9	2b03d78741f7851f17eddb7030f1bb7cb25976984497eec6c127a9fc81344ba5	398	prebuilts/api/32.0/public/hal_can.te
100644	e699a6bac737acca643a88b2bad72f78dcc505c4	446543d7596422d13334c257dbb9d1c0625a8bc8fd6737199935a4df1915b3de	1248	prebuilts/api/32.0/public/hal_cas.te
100644	a379bb3fc1e736ae6158d37838560db082e92de1	ac34c9ff16f80400601b9b85d654a8799a1ab229e58c52d592f13b37b8060217	938	prebuilts/api/32.0/public/hal_codec2.te
100644	069da4791b12423f9551cc271b851a7445f795de	b796854da74c3e645b2e34e9c6dd28a44dc51cb5695cbee1dcd3da3f17955c0f	2441	prebuilts/api/32.0/public/hal_configstore.te
100644	5d2e4b7a14dfe7b2003e3d9a626074a83a27e07d	0313e377d0178edd6cfcea6ad6cb684415ff6304fdcd4860ffd56a526a938267	178	prebuilts/api/32.0/public/hal_confirmationui.te
100644	34acb38d662fc4f9a21daaff4b72eacf2dedfba4	5b200adf46fc6d3dc6ee55772c422a3fdd7721177ef89f71f962bc6055a73c17	235	prebuilts/api/32.0/public/hal_contexthub.te
100644	bb1bd91e67c6aeebdc9c62d565f27f89c83a6273	00beb2a3635418217203125f439a0ef3c972d97eb0c204454eb765274926f638	1747	prebuilts/api/32.0/public/hal_drm.te
100644	9f854e366d56f8da99320feb4c4cf62af03aec04	6e882ce97b7c3ce6426f55bab1a8e5f219b798d5924d8e19a18c3339a3ed20e7	522	prebuilts/api/32.0/public/hal_dumpstate.te
100644	789333af7bd57ae252ee08e8f965235dc758fc94	10c4ee98f81f60f654a55f7cda29dbb9d1f0a8a86939511536ad7cf5cf8d2332	198	prebuilts/api/32.0/public/hal_evs.te
100644	0134576745054629af9e9157886d1a6309ae214b	0302b61bfd2504b5f2dcd76d2e9fabab10b8a4b993eea93c0e9b77fe7ab24340	594	prebuilts/api/32.0/public/hal_face.te
100644	444cfdad0f9a4db77c7a83249a4e40961731a36d	0c4338dbfb8cf0fa4388f2592ebea167ff8a45db5e764e76f898605906222276	701	prebuilts/api/32.0/public/hal_fingerprint.te
100644	b918f88a2114ba7d27cc51ade00a65dab8ecba2c	7b31b1794a27f3ce34d7d6def9fd3b9afba531e50a48c45d1a63ef7a2aa7227b	251	prebuilts/api/32.0/public/hal_gatekeeper.te
100644	832bc8d24efd143cd7759346f86297131dbaec15	2aa147080b24e77ca3c6762538b92778eadcf0eb85ae4cacd2ee079da5965a92	340	prebuilts/api/32.0/public/hal_gnss.te
100644	3ec6b96186557327bf8e8104fb6dbf4e92dc817c	80e56ca297fd792500ce9a1df3cac6e098aa9a4011bec68396e23d99d788c274	729	prebuilts/api/32.0/public/hal_graphics_allocator.te
100644	1c69c99932555305020e6f955ad71f1ed55f8034	a3c47d78dd65958b60376f073a7e61e21247385a618437356132be50ee0b9a50	1456	prebuilts/api/32.0/public/hal_graphics_composer.te
100644	dc7d0836eae511f7ba3903fdcd150220d57cf143	b55f45a3f0eaea775385a84ae4cc0ae494203ce2181f54fea37247bfb55d66fd	1028	prebuilts/api/32.0/public/hal_health.te
100644	4938a162fc70d4b1dd401f00bdd40fca13cf2d38	bb45de9ebb9d3a43202b5c2f0cad08ef7737c34220b692b4b3e18b06edd195ef	435	prebuilts/api/32.0/public/hal_health_storage.te
100644	8d558ade1753bfbe619d97c6f1ed302ee9883038	f10de9993da707b3fad29345c7e020246a61717c1811aba73debe810c89819b1	200	prebuilts/api/32.0/public/hal_identity.te
100644	70a4b7debb22772985fceadb2a8f294e79ca9683	60037898842b3ce1f014b11f0dab7efba7350d40dc36681e75debae6493e11b0	186	prebuilts/api/32.0/public/hal_input_classifier.te
100644	29555f74cc9621da9533980c2a4dab62fbb7d521	76a943931fcd3a6f5f7d9cd94d1a9b6bcf221cb989cbfeea32c15119fa51bae8	187	prebuilts/api/32.0/public/hal_ir.te
100644	3e164ade9401564b97eb45bd63caa193edb8f5b9	764055c8cef10011dea27d45e4230191667d0d4615eac9ecf28bdf063007e5f8	268	prebuilts/api/32.0/public/hal_keymaster.te
100644	9c65e22dfed64c2a2fc12fcf77aede11669084b8	ffaedc460be0d7860757e84abb06767c7cc5aa9e65c6a00e1135723915294b65	340	prebuilts/api/32.0/public/hal_keymint.te
100644	40829b6bb0071f975372ea9746e4c2a2ff9181fe	15afe7358dd1267250f5b1130b232e451328bfe0f4cc26a963b652817737ba80	518	prebuilts/api/32.0/public/hal_light.te
100644	6fb95e9430cd6daddea4ba77dc359f3da500d4a7	fc3c294d40f40450b723e201d907a8cf545792e39858ab07e69e29a469f7cef7	662	prebuilts/api/32.0/public/hal_lowpan.te
100644	30a4480bd9823c6cbe24657f8c1b91a4e499e8ee	4ae73368aa8355b358cdf766a71eae3438374965b63ea6cad446df0c13a8d65a	262	prebuilts/api/32.0/public/hal_memtrack.te
100644	7497deca716f4965f2dc9110d3eb35cf7cabb099	d6a3cc0c0cf8dd1141a4ce287cca95c57e0638c5558ee83d953cfab82b9b1044	2072	prebuilts/api/32.0/public/hal_neuralnetworks.te
100644	105689b8a18a3438f1924e30f268b6abd4dc9e95	a0e10cee6060f9d3fac5a990d3ed8142cb57702316a3b92eeb0c38af1f9d8aca	3295	prebuilts/api/32.0/public/hal_neverallows.te
100644	7cef4a17dc3c8ca9c23037df8a548664c11780ba	49514d8c7b043b10b530da8fb49aa1aec4d88941d029116e9a08fc7b53f3e469	338	prebuilts/api/32.0/public/hal_nfc.te
100644	9f38fa55af13f2970c8eb286380be0a1344c7614	3f564c15bc5c47dbe260b8539ee6536ecef91a5442082d0bec5305d260f82e8a	255	prebuilts/api/32.0/public/hal_oemlock.te
100644	8e74383d31b59239c297fb4bbf31c07a93cf4ea3	dd2fe375b1d8d332ffcf08a81fa3a82dd55023d09123060dff2aaf81302156e0	1932	prebuilts/api/32.0/public/hal_omx.te
100644	aae32a016150ddedfc145940e90d8dad2d238ddc	13b69f8774aecbd22f423085886b0a6463b30f2e9bf2e7f891004b45b0d999e4	350	prebuilts/api/32.0/public/hal_power.te
100644	4076effc9230bc8fa5f571efe9bd96b00281f0de	6b2522628b6a70ee8c073b5981ceea68495922bd05394796dc89f2be24f03374	410	prebuilts/api/32.0/public/hal_power_stats.te
100644	d16333baeb07bed620ddb7ef4ddfd46a0c71e23a	2ef81b20aabbd6b749d5d348525fec6a50194fc9356f1ead8746c870577f0540	203	prebuilts/api/32.0/public/hal_rebootescrow.te
100644	3724d35b0062562b32cffbfce03d38d9df59cbe8	0e9eaf455f8406db14b8af1399ea9fe15c85f78a4461683388a499e2cc326dba	259	prebuilts/api/32.0/public/hal_secure_element.te
100644	06e76f1e17e171b969f97e94461944d6c1d09892	3e4d48d668880be74c6c82d5e91781e5f98b4154d6e812c0a4cba189608a8eed	550	prebuilts/api/32.0/public/hal_sensors.te
100644	f0cf075c8631aba41125b06a964589c431fdb89b	22a0424e5775019a062e77ef931105adbfdc6cc1018b35e3813488ab9a602634	2129	prebuilts/api/32.0/public/hal_telephony.te
100644	cf517236643321633dc8b1b2daa45afc88490c18	b07071f3c4c07ffec359a747a8383295822e0fa8b3dd0cf928d6ba402773de9b	434	prebuilts/api/32.0/public/hal_tetheroffload.te
100644	2115da1b955927297b97f3297185efadf50ca63a	568eaf7bd858a86a9be7164c22acf73371b316edd93a9c71157e72bad3cbd388	217	prebuilts/api/32.0/public/hal_thermal.te
100644	658490474a7903b440bccfb8d88bb873adb08b7a	ef14f252726f0664207c6281d6f95263c4a0fcbd41ae7afb0e659edab672c180	214	prebuilts/api/32.0/public/hal_tv_cec.te
100644	5a5bdda167d0d58fc4b07a73aac5d3cfb04d98f0	b1fd8d00c89a2b70f872fd53693c85dbcf34638a57d3de8460b701f02020d20f	226	prebuilts/api/32.0/public/hal_tv_input.te
100644	0da4ec704bd9d340995f913073c5a0b7c5acb575	020a34929f95e8ece4d76ae401e57e4c1401bb05af2d6605b18a9cb4b903eb6e	171	prebuilts/api/32.0/public/hal_tv_tuner.te
100644	38bc49a21178d64b27eaf20c7d589485c8c94d70	84909eb6d0cd8ff0e819a0da859203333b8f3b8744b4595295aeea43eea97943	664	prebuilts/api/32.0/public/hal_usb.te
100644	a474652f7a6a5f824885d3f21c2b9904503e483b	2142c8a0da57a574e89564598152522544bcdc134b1e5dbd79396925c0184713	567	prebuilts/api/32.0/public/hal_usb_gadget.te
100644	6855d1469c3346168cdedc0aefde1f082dc53031	73699fe11d99f651e9c5ad7a8bc0f968d0fc9a294bd295de91ec3a6a6d413f99	218	prebuilts/api/32.0/public/hal_vehicle.te
100644	c90249571539d0d326df79e2e6431a51be70c6cd	dc27a1e4b198ea517666d2e7fe38eb2e4b1d772d88366ce901cc807f7058883a	491	prebuilts/api/32.0/public/hal_vibrator.te
100644	e52c77fbaa3cb6d0edf418e3500be88dc80e3f9a	f268bff139189f9b6792177549ec697cc2efc96cc59c5856023b21d2a5261271	187	prebuilts/api/32.0/public/hal_vr.te
100644	2b3498992a688f9b7b6d3a43a8f20ad984e35e7e	b43d2a0e253730a5be19c4827d9bcc3a27c394c57fdc0c5f733fe4b6a47171b6	248	prebuilts/api/32.0/public/hal_weaver.te
100644	2e4fa78590c1cac9caf3130c40de1d06fc5cae24	8991783ef018548ef1a47f92cff520c8fc04885897944c321799e2f13100d328	1470	prebuilts/api/32.0/public/hal_wifi.te
100644	12d72b649f75ac75480396b87f1a61f084d0a3d1	9f935b1dfaac233778e20a05ba5cad7c15361a6d12b7f0f85a2cd6255d919ae0	1124	prebuilts/api/32.0/public/hal_wifi_hostapd.te
100644	7361af15f15237a37f7e2039d3a2114d9e276cb7	652b55eea632856da3a6dfd3916ea73443260c5ed7f1fb9b47b9392f51461e64	1612	prebuilts/api/32.0/public/hal_wifi_supplicant.te
100644	05acb84a023cfb1f05172e2066341a6fc318725c	6e47ce91f582cd04ed58c8fc7f3a203a29c40ec73681cfe3433793d39083ace1	1590	prebuilts/api/32.0/public/healthd.te
100644	7ceb23feb457ab6d24d06b346de45010d30adcfb	481bb07c9c4455c3a4ff6a862e1a6440332c6dfc23836d0cb3937fb553de29ab	36	prebuilts/api/32.0/public/heapprofd.te
100644	11b77f08bf4d34814ffdb6386f13b0e4d09f0823	aa33c4a2478a77822f6109d60cff1dea19ddd252beb9e32f2b105cf13f5193ed	6937	prebuilts/api/32.0/public/hwservice.te
100644	7ec18723318d7306485195c1249181f1ea001337	57a38c94e1ce144b2ff1d274139b7b6ba3573bcdc08059a847ef2a7618e3dafd	801	prebuilts/api/32.0/public/hwservicemanager.te
100644	f41f573eaec62a90336bed1fbd53edf070a121d5	8ff268a1d6c37d283da40d740177faa80d4edd9a5f49b26d2b981150cd42989b	1148	prebuilts/api/32.0/public/idmap.te
100644	ce57bf650869616b9345bfea957353cd5c2fe5fc	e88e9bb70da0fa5330c2bce20565e1a173bd4205649522aceeb6c55a6647d4d1	274	prebuilts/api/32.0/public/incident.te
100644	bca10186949e1d61c220806473161c2466b39806	89468b356967447722156d1b15333e6ccb59d4d4bdfb58f596f111828e607b8e	143	prebuilts/api/32.0/public/incident_helper.te
100644	b03249c88b92bdc9184e966d2b16523e1d1ff3ff	ba4d9715b7a0356427de0a9297260d5a3e4a14ab07eeb60e2d838f0ab382b71e	37	prebuilts/api/32.0/public/incidentd.te
100644	ea5a9793d1042b5732672aa6f58ac3814d77f922	c78505ca05bb424e54b59dfe22fa941dd901106902a7194ce531c2dee7757a65	20316	prebuilts/api/32.0/public/init.te
100644	b62c06dbe7b544ab0e3ddb14159151c63ed53640	6d1f4fb3c393cf2de6de96755dd2cf12a81596c86fe8617f9407ef0290508bf8	407	prebuilts/api/32.0/public/inputflinger.te
100644	08060e30d309f2eb33e52fd52abbed6ab7a2932a	948752b7427a4b43a63127b80a5af9535723346cb9c5adecf7ddebd9432460cc	7924	prebuilts/api/32.0/public/installd.te
100644	5ac4d9458bbdc0675ef1d5e62df5cdf4d2f03f65	3a275276c74d2fb74cf5f057ba980ff60361291c3bdd4bce21c3001f188f3c6e	117308	prebuilts/api/32.0/public/ioctl_defines
100644	47a51571552f700a73be1cc9e43bc506cfec1e24	1d0b97f51b1346c57013793d6da8649991b7c6fc87be7c2a4453107d8d161a82	3460	prebuilts/api/32.0/public/ioctl_macros
100644	6f119eedf96582e4995463337543d076d9a85bf7	4cd11ac823ddc65cc89b27feb5d518c7e44e978eaa5e7381e213ba3f5d583e7e	4132	prebuilts/api/32.0/public/iorap_inode2filename.te
100644	4b218fbbbf544e92c4dea9da3973f8b6364544a4	8b270cccb30d3b913c9f629fdd3ed553b926f8357585087df3f230019d48b6c4	2580	prebuilts/api/32.0/public/iorap_prefetcherd.te
100644	b9706994e79d11b3338d39b2007af673c9a71fa5	a9e45e755a624c73324d9be992d48f07c765f47f30651e655f8b3e14dd395517	2975	prebuilts/api/32.0/public/iorapd.te
100644	a907dacc2a8619268c80987fb66820143f9a0679	0090effd3fd951538e46c93b10dc5bf5749ce3d8878c27a9ab86edf07a5b5bb9	259	prebuilts/api/32.0/public/isolated_app.te
100644	9aa40ccf174aad3763a773551b11f3ed242ae3e5	de7d1872e45b942abd26ad599f1d0b5668d164dcc13997f7773adfb40b745a00	5465	prebuilts/api/32.0/public/kernel.te
100644	b7d509059b83e4f384b3e8b9f03748b758bf60e9	147e2dc68c3b47dae5fe0fed9cfeee850c05a325282f0f9f74285ee895522f7b	1667	prebuilts/api/32.0/public/keystore.te
100644	3c35984874c76a580a6cccd65a7bf77ca691fa69	c6852e3fc62c7c75ee0e6653314107341bd0ec1730ac672c314c38289fb6e1cc	70	prebuilts/api/32.0/public/keystore_keys.te
100644	1faa429957ce195b210b6c5edbf83d42757cf958	db6b710f788a820208aa3de996801c18c357c675d01592484225809fed4c897e	118	prebuilts/api/32.0/public/llkd.te
100644	de6052da8dca115e6fa10ae264afd0c0d95f0b82	d4f983f64daf155c36fe8b483fc0575959d25cbe624c02975a5a34d54a69b122	2330	prebuilts/api/32.0/public/lmkd.te
100644	81871798a30e1eab24623d606eae1e7a704df635	3abcae25896bf568fed7214142330e107a23fd7fe628ac62b6122ca9f824b363	2469	prebuilts/api/32.0/public/logd.te
100644	c8e6af4e17dc68c69a45481f36306cf773b8eea7	e2b996502c74cfb6ebd671133074c7b4c44b17e109f23f5df7197d420b7a5e58	1033	prebuilts/api/32.0/public/logpersist.te
100644	ef7b065d875658cb229e0153d4cb5c266159d0e9	cb7f03933d1bfc8b6e80d428c00599e106b7cf36ca875314a4ff3890a20202a4	34	prebuilts/api/32.0/public/mdnsd.te
100644	a52295e2cb1c8cd211d53a1cad5cd811079c5f6d	87dc7d5d5b4a0db227584a62c640384ccb4bdbb2728e2d5b0445026c90421275	1162	prebuilts/api/32.0/public/mediadrmserver.te
100644	06f7928f1211888238791844409d6be2d3afde18	33254ea52dafe103a435e5f87df0ef04de88de867a8843e0b3b63c02fe6fbf8d	2819	prebuilts/api/32.0/public/mediaextractor.te
100644	468c0d02c15cc9cc18c5b9e45220d306251642ce	a37944a8d84f0540fa2d742a4360665b6d61851d1c2ba8b6d8e4eda45cda5df8	1647	prebuilts/api/32.0/public/mediametrics.te
100644	24170a5cf177593ec3a6f398ba19a340210c0390	71ed6785e5c08b14c128db7ab08eb13c94acf5d00a3e7f71ab07cc02ec580f4f	161	prebuilts/api/32.0/public/mediaprovider.te
100644	ad460e127961634d72f9c8549ddd872c56dc40bd	80e9d80422476f912ba6dced9f6ab460476228093da97469addf3549da0e364f	5309	prebuilts/api/32.0/public/mediaserver.te
100644	5726842a73932b0d451f354e0a0b395647b58021	16e9ea33eccbb115ccd4bb0e17d0c2f7115c28913cf5f9e50df6fea44259ee21	1082	prebuilts/api/32.0/public/mediaswcodec.te
100644	2c7d64b0bc406ba4d46f0184e93656fa81a9059b	76753078bdad134de7a0d32521ed0fdd68e648c7a36a4045eb745534745e6799	318	prebuilts/api/32.0/public/modprobe.te
100644	add63c0f56f2153d32e8baae8c4fb901428052ab	e9b6ed8fa8181b4b4eb7b986c2381be0b425ac203fec5d38708c40bb8c19ef11	325	prebuilts/api/32.0/public/mtp.te
100644	e90715e66a18914f99dcad6766dad50f7b0d9f03	12c7bc254d148bc1db914ee0d9597968f047a7e2d11afd4a28d5105e4a6f639f	1383	prebuilts/api/32.0/public/net.te
100644	ff0bff6c9a17f0dc8642c8fd70eda0526f6b2c30	b65fc302ea5618675859bf9c5a5ff1f0dbe80dcd933edb11e65fe81cfae2f9e8	6170	prebuilts/api/32.0/public/netd.te
100644	27aa7496cab2c9a942f482a1a3822f516f9762c8	1e12a74a5aaf73b0b5d1c1d5be66604ca9ffa33bac07cceaa72ca47c2bf248be	163	prebuilts/api/32.0/public/netutils_wrapper.te
100644	feff66460325473e21eb00d3f06ff07308979e4d	9ce89979e92b695e139601aa3ff49236a15c8fb41d921af58858e6466de27680	56	prebuilts/api/32.0/public/network_stack.te
100644	59fa441d2a72388ef8d55a6b8c49f23073752db2	9843897178e91a592f65c3e17fe9950f8896b53ae3463bcf361cd8fdd74c1e1f	736	prebuilts/api/32.0/public/neverallow_macros
100644	e3a03e7968a3c8346c821ba3dc9a26cd5e8b3736	bf7748322400aa0169814beb1391490a3a54f766c860496e4381796b8c666442	34	prebuilts/api/32.0/public/nfc.te
100644	db8dd1a1e3ed1c21811603dd0ed4ffc73ad3a48e	7b39c8ca9d0a559dc9c5b3b01904b9d92b3d7e366f29fe9a52d34efaf71d7468	150	prebuilts/api/32.0/public/otapreopt_chroot.te
100644	cec0e6f09278d2e85d05b5c76715cbdb414ae8d6	ff13892d3e9c36d2f893db220babb69786ac7a6126d547645d1cdeb0da4c262d	35	prebuilts/api/32.0/public/perfetto.te
100644	d694fda9d03c50eb02c42d6215e29ef2799c8c3e	358e1fdab4c08e7153531eae63ffd2318616bf205bbec7c2ae245b12794111a8	1230	prebuilts/api/32.0/public/performanced.te
100644	9b1faf0f6a9149a5f0944eec43f0194a4aef02fe	0199747ce0a4d4281c3f1c661c30b7081e4422e9d8517c6cba4d5e17ca05dbbe	75	prebuilts/api/32.0/public/platform_app.te
100644	bcea2dcbf63a4bae8ef5c3991c5f2cd1df686980	5c5564a7558bdc84776e3fbe685ff1b2404f20b0544e8711086cce1b1ab44ed4	1720	prebuilts/api/32.0/public/postinstall.te
100644	b736deff5f2bfca18190469f559cd037ac10e491	4a9469aeec58070db7c6b9c06756b8a3d1a189b68720f058f4ff170cfffe2800	743	prebuilts/api/32.0/public/ppp.te
100644	0761fc30f88ff713c127b5ce3d105ae9072e807f	a6c5d1d7009cefa667f7eac56f9f069b4adb6f33857931e2dd595745542161db	85	prebuilts/api/32.0/public/priv_app.te
100644	c014d79541998961e5a787ca1404d985b6df5e82	bbf240629cdd0d6187c8a41c563f510ba5af640e810c42d49011aa14b8f884b8	1229	prebuilts/api/32.0/public/profman.te
100644	2b2af6d19c7702148348fdb5c18ec425a98234f4	4581b8c239fa247841cfb29aea822d6efa8f2ee6904081cbeca9b0abe13c9571	13521	prebuilts/api/32.0/public/property.te
100644	e4b299e98833e6aa8720d2fc883648512d1d3379	a90ce4b03fd7de909d3892e15066b3497fed681f007a3104d63f100760530b1f	1145	prebuilts/api/32.0/public/racoon.te
100644	e03b706e98bc15725c48ae46a4c17a57d51e4c92	cace83bdd61897f1dad91c514103931d393e2367ea2103a769a7df65bae2e938	1283	prebuilts/api/32.0/public/radio.te
100644	36498888743f0457727fc3775b27d5f846286d48	560bbac6e45acf2d608648d67d306b618d7f09f6d6cd479c51ca9439e7f632c1	5680	prebuilts/api/32.0/public/recovery.te
100644	d4b4562019a1c8997ba4339b70295cdee15e0b24	ced3bced3290abf63a8bce038473ee3eaa111362cc465b1fafa6721b9426aab9	1065	prebuilts/api/32.0/public/recovery_persist.te
100644	d6870dcb2cca489eb36505d1fdb853e09d8488a7	e6c2a59c17f1d99cd547f417527786972979c72b2f9bb008b92b76b72a897b13	794	prebuilts/api/32.0/public/recovery_refresh.te
100644	ca9293439ae9ccc02da1b764fb6b9d3751308c10	362775cb1b2a62fe2fa304ed6922e4d2b1563ad9cc850fbe35af1b60d113ae2c	21	prebuilts/api/32.0/public/roles
100644	16b6e9630647bd3827bfa860c1531364ef299ec1	7291fff34ccd560e4283b51f6088004488f665899531d657559229d929f52b21	83	prebuilts/api/32.0/public/rs.te
100644	163e1acde8f3df2b7763eea58467e23b51fef347	7f7ce7e68d4298827077e4576d5ca4ff38f931ff58f376c09b445c13752febba	130	prebuilts/api/32.0/public/rss_hwm_reset.te
100644	356a0190caaa9acb813b57f882b23d7d4cf70ab8	9101c0f565fc0e8e925dfce4e49d0b807d46935227a3ad08e09bfb9cce252e1c	1574	prebuilts/api/32.0/public/runas.te
100644	cdaa799c9dca37761bd00d5617467bea399adcb6	e4fd02f5279d6d0af85f7999921de938d6a9c05dd8f54cc5e65f11dbf6fd7b89	24	prebuilts/api/32.0/public/runas_app.te
100644	b3cede1682dc53cdf84876b781a47e8e9b456859	b5dd52e134625aeb1ecf534dcbb2e1ff4ce1aaacc600d6f0c6fb72ffbe041047	65	prebuilts/api/32.0/public/scheduler_service_server.te
100644	bb1c919e8b5cf9495482998d39f26cf745b104e9	8a5b7faf3632e6ff3378bc95afc015229436dc170700391594fc16b7812e4739	1636	prebuilts/api/32.0/public/sdcardd.te
100644	4ce6714f6eb264fb927a76641369ce910677ac50	5220e810e098a0c6cb6e3253e50bf736e4fe51d8af36008e130a29ce69a2721c	56	prebuilts/api/32.0/public/secure_element.te
100644	7c526a5f3300cb514bfefcf5b92de77f1de2ec7a	06eddcd78b1f41a9699e5616acab197c39e965aa954662d76c9174c35a0b9fed	59	prebuilts/api/32.0/public/sensor_service_server.te
100644	ba7837d56208a755f3a37b2a6879ccedfaa0703c	a0faf722d7217a91f2db3ebab2312c26213b32df2c45b83fea85f6e6a43a1951	23954	prebuilts/api/32.0/public/service.te
100644	63fc2273ad093cf61670bb07771386f8f3bf894e	51c20e0a2b3ab94306c57121b40ae56864419afaab79dd1f02f1f7cecf5b9511	1137	prebuilts/api/32.0/public/servicemanager.te
100644	e5a9152e2ab0d5120d932366d905f3ce10c8005d	55ea8108eb9bba3ed469744dee92102a8f52dee039ba04b73b454c36ecb6237f	1500	prebuilts/api/32.0/public/sgdisk.te
100644	6dd5bd77f570316b61be85698b9ba8901dbe2249	c6ac857886f25c0f0b4f0b95da1756edf7f2a09a59210cd2ab4e576aea88e388	104	prebuilts/api/32.0/public/shared_relro.te
100644	70a7fb48452236e508ff0d9851f8f3b6c2c59409	05dac411e5892a8a7eb9e21d356fad7043c182135556cdcff3272b15cf5b0e4f	7340	prebuilts/api/32.0/public/shell.te
100644	218fee77a83682af488dd95cabc3076a5a585218	52cd523b2f19ac15ee205961ab27780de9809dfd0bd0b11a5402815e3e801bec	25	prebuilts/api/32.0/public/simpleperf.te
100644	2ed007e1032f75edaa331c30129c016bd05b6b7c	3a39b14a8d478d514bff9814e64c3c053df99ff2fc738510feca908834b5aaa8	1948	prebuilts/api/32.0/public/simpleperf_app_runner.te
100644	10fbbb8520ba234714c8277c0f2a659bbe37009b	3bc0f79b58d661b9653f63b815ebb0e5a7255e8087a79140bdfb4c2878283824	566	prebuilts/api/32.0/public/slideshow.te
100644	ab8e58a8e9a404b558b916fefea301fde7217b64	1d1ce4814346016d4b00d2b7da8313b00a3b065bb155abe1495dfddfaf1b6490	144	prebuilts/api/32.0/public/stats_service_server.te
100644	670f4c70266bac57e4f0b4a198b67c3a65c2c5fb	e8eaf5a1b9cd87fe33a0dd9f0559b3139d28b1e1017195d916aa68ad877a8e15	2804	prebuilts/api/32.0/public/statsd.te
100644	074ff2e5d9642e32426d28e9bde32dace8e54062	a560f3367914642472954b876f7025448da878f2d739046e46dcc9904af3b807	4306	prebuilts/api/32.0/public/su.te
100644	c1e4844a04339e022b75bf155a2510137550bf70	08c6fc8432eb453dc9bc9f2a395246e06a567c950cb2fe62fa06b39ca90af7c2	113	prebuilts/api/32.0/public/surfaceflinger.te
100644	023058ee0f0f2220e94101cdbe92fafeff4bfbfd	89d62acc300ea4f19dbc0034d701290b9588b9a55087295230d4bba16724a1c1	182	prebuilts/api/32.0/public/system_app.te
100644	edefadfb0f3c78ff382e0527ff9ed8f660c1b017	ecc15a0e7798c4f431300ad608829e820458fee068dc9f67f8d1edec7e0d6cde	426	prebuilts/api/32.0/public/system_server.te
100644	67bff770c51ffa8a719678eb4e9cf9fefa8e1e24	c2168c4cdb488b6b5c53ea35c56ed7cb2f3be57ab3ddd24fb2dcc7d81140a761	466	prebuilts/api/32.0/public/system_suspend_internal_server.te
100644	8e8310d5ed1d3b55b5987bb113e18b986577d233	9c1b878020c03a12ef939d258dc8f79f6fdedc854f5277cd796873c084337583	225	prebuilts/api/32.0/public/system_suspend_server.te
100644	7dc5062c55759c26c6be52188022c809b63b5410	6e89b8bc81f8108842cec88b8a7b0e26ed96a2544450cf896d0f2a8d5150ca01	35505	prebuilts/api/32.0/public/te_macros
100644	0f9b32dc9d4cb095f4ea361e39a52b09d0c01b29	6d0949f78056f251f8be5bb3d2d212cd25c8b28ba64dc926e29998dbe1d75c57	261	prebuilts/api/32.0/public/tee.te
100644	ea2abbb75230146c32dae2ccdc0318fab10884a1	66782d7496d1206a1a19ed56c11102d86d2c06c2b6af24f82432b359d42d977b	711	prebuilts/api/32.0/public/tombstoned.te
100644	4c2cc3eabd5c14dc060039c816d21009e1f9e335	02c0e9c888ba2afa6c7f1c467ab1b9d733699bee08ec6afcf5f2e915d4490ca1	1464	prebuilts/api/32.0/public/toolbox.te
100644	922d46e08daa98be51aff000f8fb91e1b5674b29	874b3e00dd1e1fca9086903b364c419aa3b35cd2df51d6df727c51e5c4fe4725	83	prebuilts/api/32.0/public/traced.te
100644	f9a0324b11b128cbff031563e09c3de8d46ecb07	ee32234a4a1c9a2bd314744db72bcd38470cf06e3977d29bb8c04166bd2d80cd	26	prebuilts/api/32.0/public/traced_perf.te
100644	3e587c8efb8210d50a822854d939ae5a5cf7112d	358cfe8b86556384b74ce5a75b667c08aa773ac9f9c635bbbb92dcbf11475a5d	59	prebuilts/api/32.0/public/traced_probes.te
100644	ce9b844d5fcd9009fdefff817502f60f8709e411	b06fc02065a2c2e217429cf1b6002c9f50d51e0bcccfb48df403e0cb8084de9d	710	prebuilts/api/32.0/public/traceur_app.te
100644	cf9b95de9e3b5a9652e702875f7dfbabedf90cf8	6e94cf1fd52b8ef6f0494ceb01475ba24fb903e83775860584cc10029268bde1	1055	prebuilts/api/32.0/public/tzdatacheck.te
100644	d5d43017d7fda1ecf915202749f346abad0760d5	75ea0d68110a1ec902f5e8dd01cf5b140f6dcd3a6100410c3caa9c64654edb68	3248	prebuilts/api/32.0/public/ueventd.te
100644	3b04671b2778adbfec333e986f9c83548e15aaab	4cfab7a02a5051c44ac90af4a0eb02cb05dc4975b100b06f2fd5fe816ab8cc33	1333	prebuilts/api/32.0/public/uncrypt.te
100644	43fe19a0345cd5b0a10ec55c8408ce0af398611e	a1d034eb0f418e60182b380f6f6746b53339ca308cc0a0b76fca462d46cceaec	1369	prebuilts/api/32.0/public/untrusted_app.te
100644	ab7090bbc6b793d664809eaa615b17f8a7f13f00	d1f3fd52ee1f4360a1d9cc7074b5ea8e0e2637fb11575b9c926c9c73fabaa155	3070	prebuilts/api/32.0/public/update_engine.te
100644	e8fd29e41a85d4c3b3ffdd068f7fbdb23c238dbe	ee86574b0893182b974a41c59db8eb62fa25474ccce5f4e47784b1779a91495f	4120	prebuilts/api/32.0/public/update_engine_common.te
100644	68b43f089b28eca696a94c0d84fb59d42a94df1e	50dd9778cd21e25316e992ecdd529e47f2c5e38286b1c135b2ecb4413fd9b6e9	1217	prebuilts/api/32.0/public/update_verifier.te
100644	6f349541b3212ca1bc5b817845a7aef7c6433c66	e8a017999bc87ae7ce8c77a7b90c41566151ee3ae64fde824cb1f70799d96750	75	prebuilts/api/32.0/public/usbd.te
100644	9974f36dcd58c10876272e0efa58dbeb304d10b9	488bd34a016274dd32e373d30c1b0b7dcd6efb281ed189302aef6a3f3a9184ad	50	prebuilts/api/32.0/public/userdata_sysdev.te
100644	e638e50a635778652f326d90bbc3b93fc72d480a	2b822171fae16317478c6c06fd134bcebb7665e31dceecdd831accfe315d81a4	573	prebuilts/api/32.0/public/vdc.te
100644	0999f4880fbb43b00235f0b4baaa04751c4d6e56	2f92b633f20611fde75996410be1232f5a0af8ccc931079f5c14628eea11f92f	9646	prebuilts/api/32.0/public/vendor_init.te
100644	3bc3a9f673f5a4023d21ed5092bba1a7498f7e11	231c2a406e6d113c7bf5dc9d88562e39d26c6c8ac616aae59e2e8cba7387dc8c	628	prebuilts/api/32.0/public/vendor_misc_writer.te
100644	529c4aa27b0fcd28ebc7aada80064e46be0923d8	52acb1cd64e6150b9f16ae5578a6f0565d390a9d0cd9fa1f2bb11ff273d5cc49	30	prebuilts/api/32.0/public/vendor_modprobe.te
100644	5d7cb3165156918285ec1ddc6983c63cbc6af945	981bc7166e9c40b2c82d83829ff417561798aafa5667c912412b79321cd0e622	872	prebuilts/api/32.0/public/vendor_shell.te
100644	63f938de12887e5e07e9bb0778c041635de396d2	43dabd0b98aa019721b4456405ff0000a84b39837f824894b9d2d25c6aa6efb4	599	prebuilts/api/32.0/public/vendor_toolbox.te
100644	49c87044c42f24f4f681df42256fb43a2e0ac367	78eabfbbb0f097249bd988c3b1fdc503b69f49cd954ac9f02c390e8c91dfa1bc	613	prebuilts/api/32.0/public/virtual_touchpad.te
100644	efd9adf92096f0e52b7323445a249c9eaadba9fa	d01ab2fc8822eb21bb8f9ce74e73ac5c2e66a69e7c3661e83744e26f73a9097e	116	prebuilts/api/32.0/public/vndservice.te
100644	6b9f73dc00b51adcf9a2f31713e285c009490a78	52a27877172447b87eb16cd611c960ade67420e2c4333d21ffe1c254d158e9ed	102	prebuilts/api/32.0/public/vndservicemanager.te
100644	7796ba85115fc009f780b35c457f5c2ab9faf4a1	e875a0589b1ce09dc4dbc86d3f6a4d99abd750126e9477106d7937aeead12cd9	11828	prebuilts/api/32.0/public/vold.te
100644	3087fa861bbe04b61d93424a82adeaa40b25ffa7	b8ef783cb45e03a332b890381f34eed651b226e942e8700cb48d653d55300a4b	228	prebuilts/api/32.0/public/vold_prepare_subdirs.te
100644	c14688703c4ec42723cc186f1b5465f4a0b2e0f7	ab570996f3bae8ac239eb293293360a92394f49faa4481ebc1a91e565332d8d8	958	prebuilts/api/32.0/public/vr_hwc.te
100644	72e3685646bfa523ac4b2c4ef801c6142180158b	e509a80eb8b62689a4a8c985638a3f57e684436ab759580adf38cf05ee29abc2	247	prebuilts/api/32.0/public/watchdogd.te
100644	ace3a013e11bcb767476c4b9dcecbbec6aa973cf	9143395295cd20ae1a38d4c42173d1eb2fb0894496f7c6d2e96b3e04d901012a	248	prebuilts/api/32.0/public/webview_zygote.te
100644	254fcbca01eaab0b623eeef38bc91d934603f981	517ad3c696885f0d43a6f8ef74cd58bca0f4d353a63b1e2bd28ce587afc9bbd4	1501	prebuilts/api/32.0/public/wificond.te
100644	8ddd6935d6300dbfa909b6b6a8b43d4c1a55a89d	e881b8c1524455d03ecb2b12a1190a10fb484beff7a111b069594b1d1d1e26de	1176	prebuilts/api/32.0/public/wpantund.te
100644	071354e828cf32b1556b229c732ef1eb74970a6e	d845eb52d49bb388b34b0f30625f1ec91566733857644f8c5da826c3d20228a5	118	prebuilts/api/32.0/public/zygote.te
100644	4a55957bd710e5537aee40035aabcff6cc2f2043	03c38dcd6f57228789501fc32b4c6b43c6e5102859d375c964333a62226e6dc0	3053	prebuilts/api/33.0/Android.bp
100644	6cd8c4ee5dcd382c211280bd9ff0b5b69fb6879c	7b8fd09bec3178579641ff97a95d1578b3454a82636c16a21a7b6de7f6de31d4	8861	prebuilts/api/33.0/private/access_vectors
100644	48fa849cd8c80d73a576eb0e276d1b3bedf4f08e	956e142d890ba82ad0cc7f76298c5071b204592870e75f9a90b07e95181e1f2e	7893	prebuilts/api/33.0/private/adbd.te
100644	33efde06bcaf0cafb387a051048e1bb6b56924b4	e4c895659c59c2fa8ceac7e43986903e7e57f114b023b2904954692cadc248ea	117	prebuilts/api/33.0/private/aidl_lazy_test_server.te
100644	f1bc2145eba91d9c0e9dc6e4a3e4a688050c2dd1	c8a97894383d5da71504f66f201ba9f0ef8239204bed9c6f842cb149e5dcdf7a	647	prebuilts/api/33.0/private/apex_test_prepostinstall.te
100644	040651d7e674a19c1959864a70713600779471aa	f00514992b22bd10367f6072c74147c98ee1ec7a9a806263570657868c5d14c0	8728	prebuilts/api/33.0/private/apexd.te
100644	d4c5496b70a4f965a821379ff5d6d8aa12719ff7	0fdf35254123a895f45f1977aea63cb7335437d53532f91c02be8b95f921b51b	415	prebuilts/api/33.0/private/apexd_derive_classpath.te
100644	9a2e02a941a57a126729d448779aac4d2460e918	d60c84ef1a06708d68fa26fac563fcbcc42760f40805a769e457a82a92eb2ab4	20737	prebuilts/api/33.0/private/app.te
100644	304f5a20909b20da76e68aadca849b59a2e86684	38ede4cf649152ee826a80d8f1d1119930713540511b9b450907b2f7fb8d1717	11125	prebuilts/api/33.0/private/app_neverallows.te
100644	8aa288e4ddc47280737f32de176407424dc81da0	2626fafe5bbb1a704f3a255ba95a684b0dd6b88eceeb884a3c9e934c1c740636	6198	prebuilts/api/33.0/private/app_zygote.te
100644	0aa12dcd029743810f6748679e12c7596b5754f5	ccfc779dba5003209ec2a0fd5dc1e4dbdf6df52c24a1d973bc6a014ce0bebd95	468	prebuilts/api/33.0/private/artd.te
100644	69bcd501099b0e394a36b255fca53fd4effed6d5	cf8af7108d5ea8f32a024ce47cfb20f33a724a7c4763421a55c818e8d4cc54a1	398	prebuilts/api/33.0/private/asan_extract.te
100644	ca0e52789b4dcb92c7c5ceaad067b19079634214	04f28f3cb3ffb4950a69c1e606d355cc71881b6fa34b6636db84ae99d0efb6c2	2664	prebuilts/api/33.0/private/atrace.te
100644	991bac1d610e3e2311c27eaf078be8c3a342049c	a30ae493249d74fe61cfbd65af5e1d92aba613a62502a1cc7a5641c572033301	504	prebuilts/api/33.0/private/attributes
100644	ca29373060be25d1eaf78646d8f387d6fc11f4bf	03fe2852847135b26fefac376ee150cbf819d717e1e5f5a3caf67719b9a55d32	4085	prebuilts/api/33.0/private/audioserver.te
100644	f634d3d1d57f5e717f14b15b8f849dec68d161d0	7abdedf0f6df9b9d818a21e610b2580e7ac8c9e613f79dc1c5f4966f20edbf67	589	prebuilts/api/33.0/private/auditctl.te
100644	db20696a60925599060afa9369eee098b2fa10ef	f369086885c1b8be9cb92f4b8b91473e9adb1d701e8de868933eaf61d67bdb2d	1721	prebuilts/api/33.0/private/automotive_display_service.te
100644	7275954b2940a2b53dae45466b974a286013ca4a	1a25583cbfd741349d18885efc14ca89dddc6b82a25b94330f9cc8872d274f93	1167	prebuilts/api/33.0/private/binderservicedomain.te
100644	20d50cc5715951dde1227c9ce9859496e0c6ff3a	8d034b027310b0c074e9e009242e93e8bb338bedbd6fd83abc7e6c5058d907cc	231	prebuilts/api/33.0/private/blank_screen.te
100644	4e972ab95d9168b08d01eaa49190758b7ae84b62	18c88b2e9292d78a6b24b559d3c63e7484ad4028c2aba98d5a17519b8b63bb5f	721	prebuilts/api/33.0/private/blkid.te
100644	125677157ebaadf6fce40e245c85904008103b13	537d7b18964f3c89f911d6d98ac239963941f02a8903933dfac4c46675f8c4d1	1100	prebuilts/api/33.0/private/blkid_untrusted.te
100644	0b001e281eed3093fd040962c9454fde0c147486	20bed3c8a6b74bef8de5569f535a4023963298f1b0b8f9e855e9fcd27ccddcb3	3765	prebuilts/api/33.0/private/bluetooth.te
100644	fe4f0e663e6ae203381c9e365896f87f919399b2	a9cc20171e4db59f3a38a0cdf21d6e9f38c7b227152eac557d9d6b7b0618992c	167	prebuilts/api/33.0/private/bluetoothdomain.te
100644	f4fb0bcd8a37c97378f9f47e01cd51629015e567	eddbd2810cc8248f434d5cecf929d55c70d02cd689144459f7d3dd12cd2ee8d7	524	prebuilts/api/33.0/private/bootanim.te
100644	016292ed31e23c24e69160732a3e3feca1805ec8	382cc7df8c24f1818c0aa272f92a070b177d5fef0ca56867062b77df529be5db	1006	prebuilts/api/33.0/private/bootstat.te
100644	50fc1fc1c18050810a79b52b0f128f7f850f812f	bf0aa8f1cb59b85418604f805456559aa15d23d2427160f72ff414dbbeb21f52	3639	prebuilts/api/33.0/private/boringssl_self_test.te
100644	2be7f8874d496ee604c139d9c815d15c91b4ad42	dfbd2c28947f477136468b00e13928dad6e9838b5211955a1daee795d0695928	345	prebuilts/api/33.0/private/bpfdomain.te
100644	54cc916662c533a4590748f2804dae2ed73d1082	f94cd99431a89c833e8f1cb359df4042421f79d22cced62af695c54d5bc1dccd	3664	prebuilts/api/33.0/private/bpfloader.te
100644	012eb20270cb536f73ae5c02e199a76706106312	4fb1124b4805ee7af1e2f9b6dbe81b03682fe9a1f5e38aa4c805f45ee11e8375	69	prebuilts/api/33.0/private/bufferhubd.te
100644	083c21364b72bb7615a2137a8443c718eba54e3b	8179c8ece3f3128340fb5b207c573e9781b8c78464412ce5e44ef1fe85667927	1510	prebuilts/api/33.0/private/bug_map
100644	96d7dbde43708b66e71933f9132a8ae96ae492b2	79b0af605f207673eabb8fc256291dd3ee95f1f6667fe0e88d4e2980b5592ce2	253	prebuilts/api/33.0/private/cameraserver.te
100644	9ba60ac136802a60fb43313eab460d221f73ef23	3f56d9adf32d5cd1ad249b9ac131396a237031cf75fc75880210d7d67e3ccdd4	327	prebuilts/api/33.0/private/canhalconfigurator.te
100644	c5f3a50a54699965d25889c99a9c8761fa56ada3	33006706f195d242321248b050443f87bd67f6d626b480d617cfdad035d89976	552	prebuilts/api/33.0/private/charger.te
100644	36474966da17e03390f36e1772a02dd047a05ab7	9dd694eaacb59fbc92349e6f50dfe497356e70d846d61593d5008e6dd90d125c	997	prebuilts/api/33.0/private/charger_type.te
100644	1f21d69edbdd1199bbc0effe4ce4a9f0994efe27	8414fa1e4f51b74e43b7c5c76244ce387b69e64c7475ae833b01586f34be3999	417	prebuilts/api/33.0/private/clatd.te
100644	0fb0a1c5ba68dfb32205bf0de4950ec2182feb98	b1b946fda0a07b60a35e7147ebc07112681611c539fb5762b5925ca53367ca8b	109549	prebuilts/api/33.0/private/compat/29.0/29.0.cil
100644	ccd9d1a058dc173af422d14f66e8388489dc3b1d	a719324d4059bcff49ea4df6ae74a8f69fb9f5907781a85ecaeb4b78c88626dc	846	prebuilts/api/33.0/private/compat/29.0/29.0.compat.cil
100644	10790468f16ced385ff7d8a87a6e765788b1a12d	88b09b023cb97878ac3c3008da86fb8eae34e28a2b182e184525c485caec522a	3472	prebuilts/api/33.0/private/compat/29.0/29.0.ignore.cil
100644	9f40876682452ce5620999c1adb965042f63774b	ffb035e7484a855a9baa84c461175c11f7cd77fbd577ab4ea942c2aa26ba13b7	124693	prebuilts/api/33.0/private/compat/30.0/30.0.cil
100644	97c5874898df57ae96202399c16820728fe226dd	760a5aa8f81926445d48f52fb52edc124f6f51c4c4085d9e6f2ccaecebd38cbb	902	prebuilts/api/33.0/private/compat/30.0/30.0.compat.cil
100644	ba0a4946a19a42ea4bb65bb54e135eaba3549066	7ec3ba30654d17b70304fb195ebed2c7366dc036088c958b2b4c4f8021475266	4026	prebuilts/api/33.0/private/compat/30.0/30.0.ignore.cil
100644	ba6944e98706982bb8bdcd17130588d2f5f2611b	8e45f41c2cbcf181f393b4f41f7d853743008c1316aa5abeaacecfccdbb86072	140956	prebuilts/api/33.0/private/compat/31.0/31.0.cil
100644	628abfcda6e6c21672602cb71cc4b71857d48ce5	8a4ae48ea2fec85e203bad7da59b2953e3b9a616c700eabbb0f5a2877ef9fa41	29	prebuilts/api/33.0/private/compat/31.0/31.0.compat.cil
100644	496832edf3c83de659a7e3e024ab872c292b9689	1dd52080d7dd13b41977d51fc0c593968f56b43017a3bbe63e33d90d1704d462	1414	prebuilts/api/33.0/private/compat/31.0/31.0.ignore.cil
100644	a99b62813a7b5dc019ae31344a879aba1d36defd	a1cf514e476340846ff308474b7c8c3c1137698ebfa121d6d585ade20e64a138	141044	prebuilts/api/33.0/private/compat/32.0/32.0.cil
100644	628abfcda6e6c21672602cb71cc4b71857d48ce5	8a4ae48ea2fec85e203bad7da59b2953e3b9a616c700eabbb0f5a2877ef9fa41	29	prebuilts/api/33.0/private/compat/32.0/32.0.compat.cil
100644	d2d247bd1c88a60085cbd649ebe7d5a515be5b16	ec06f276b3ceacfd8540e1d777d6e4fd43ad7fc42b76bf338d0f565a7f23ecda	2321	prebuilts/api/33.0/private/compat/32.0/32.0.ignore.cil
100644	01504eec8dd3686b14407a0369bdd2cdf9fa1380	583f9962741d277a1fa0bd702d204578a0ba9302f9544e379f28adc24cd9b437	1120	prebuilts/api/33.0/private/compos_fd_server.te
100644	0a281f83bb0309947f5bb34b8ac28a0dbd108033	679bdf612520a832a493a30d0bc758624a603616c261ae8dcdc6d671f1bd0c02	820	prebuilts/api/33.0/private/compos_verify.te
100644	d007d66a2e4c6b0ddbee72eda6d3a72745e48c27	7cfffe4d89f723e380deab4173aec3217be798d34f6b50737c53f1afe80e785c	1270	prebuilts/api/33.0/private/composd.te
100644	e4c9a5218c5be87d1abaa8846e2b00b8aa66b3d0	138ea46732ded73232c535a62e969db5c7c551a96166b776b6ca178117edf9f0	5782	prebuilts/api/33.0/private/coredomain.te
100644	1192ba676ee7fcb43ad1ef2900a82cd0a0c27c24	4a9598ed103d1defb7e9e8224ad0d9de79105cd6ec84f42f787947f6547f290d	1240	prebuilts/api/33.0/private/cppreopts.te
100644	82ca403a1e407a8a6c20a847db9a8e939be8cb8f	edd2d179e184c38cc3579fde52739524777c5b4c7861ca516509e437950192e2	1375	prebuilts/api/33.0/private/crash_dump.te
100644	c410d760087800b4e23eb10fd7c22a06fa53145e	eb5cb243305dc2f6defd5944e6037d233fc23cf4bcb61e1079b94d453da37b65	397	prebuilts/api/33.0/private/credstore.te
100644	167ad2f97353f20cfa124980a1c66d9e4aeefbce	c7505996fe81d82df433856f369c5847f246fd02cb75a29a8e6d7cd905e6fee5	3758	prebuilts/api/33.0/private/crosvm.te
100644	2299ba092332b40c3d11f7de9c172e40ac35fbff	c2dd215c76687eccb5f189617e45c523a9189da613da3da074e6ba9b15231a8c	1003	prebuilts/api/33.0/private/derive_classpath.te
100644	1f60e3446f9fdb5e1219e46b8419de155c48df77	ea76b65463ad1b4ca05d717b52075bb3cf5f3f056a16b03aa8211e54100e7232	424	prebuilts/api/33.0/private/derive_sdk.te
100644	e7cdd5f12851d6413c7aa3438b86d960cbb9fddb	b18c7a7adcc1801ca20f9ca0775445b46a30da292e74a29ba9c10dd16b9fde42	4161	prebuilts/api/33.0/private/dex2oat.te
100644	8eb1d2905b35e0e947c3e99ec667f1e554020c35	fc225659486d986d1af99bd810cbbc28bfa42d4044436b7553e700cdc3aeef95	2307	prebuilts/api/33.0/private/dexoptanalyzer.te
100644	8ec9111d63af55648cc52c7a02ee9d785e06f84a	6bbc07a1ab43a5843ce2e74ce328cdad071acdcd494660028d4fde58a3292d03	183	prebuilts/api/33.0/private/dhcp.te
100644	b37809c35976cb56ec9d3579bc4896d27510384b	7dbdc030825a5bf8ce4306052ed5c6dfd8465e064867d44b0fae76fe0129f88a	115	prebuilts/api/33.0/private/diced.te
100644	7a12882869104dd487555fbcb7970cf0a8657c19	caf173b2f7f7594d6d8b7ef4c769a8c38d10bedb9a735b4764994500180adb08	507	prebuilts/api/33.0/private/dmesgd.te
100644	96084b490a08b671853cafdbf5762b7ae1c5118c	434c86e9ace194b3fffc0984a197d370e004836c1dd97f43ca68b835327114bc	34	prebuilts/api/33.0/private/dnsmasq.te
100644	bcb9d52e34eb91ef8cfc71994c53b3487107790f	cd070f996d5e1424d89cb141f3a7b6f06b4582241813e87e2422c03364c66ea9	18130	prebuilts/api/33.0/private/domain.te
100644	8449c3ec3fc572d3a5ed452a854974933cf9834e	e4fb3f1ee2d57240e31d24f3a196a28cbada8ed9d5a42d70e5733d2c94006a06	233	prebuilts/api/33.0/private/drmserver.te
100644	149d389c04215854a2b9122ae5ee323d82dbe86e	bd8d40ea1f15569beb9030cf9f4ae9925d0b6430bd117329decd77c1e1e24625	3854	prebuilts/api/33.0/private/dumpstate.te
100644	3b916e236e5e983e651268b1fc86e3eb94fb71ea	f7c881656c4225106265c5e2f98dbbbdd0249b91d4964bfcaf6adbf853e5f5f0	3743	prebuilts/api/33.0/private/ephemeral_app.te
100644	37726287f8282a5187b43c8b3a32cd7cdf4a545b	23b0dd73fc0a42e2696f4dbba046fd161f1d5863784f15a54a14ce9ecb15fef0	1121	prebuilts/api/33.0/private/evsmanagerd.te
100644	af3088b92c3c3ff64405c682ebfb61397c31888c	e791aa267a66889effbe0da57794c445ccb29f09c66a4d770d6e927ab7d79fbf	83	prebuilts/api/33.0/private/extra_free_kbytes.te
100644	2c65281a7f0fc3d5295e1c6e8b61e429416bbaa9	515693c77153f7ccd8aa10dd40e22e3d07fd7cdee6c96731a30f4d8d4d5ea512	1540	prebuilts/api/33.0/private/fastbootd.te
100644	c5837f98313d4f570aba3733f63514cb8d64faff	b330e87a721fb6c8d7f717bf067b0c4ed8fe53571834c0019040e2bf7dbebb2e	5092	prebuilts/api/33.0/private/file.te
100644	65baa5ddda0d0c86d4565d915ade894bf4f9404f	e0ceb39015140ccdffb375d09209eee8acfb2546e1cd6810afad7873cee6d370	46403	prebuilts/api/33.0/private/file_contexts
100644	fd083c22183984cc5578666376e987222eb30a26	cccf6d8b75c1d75285302af8a6569afb39999aabcf898088da19e3cc41ae6be8	1096	prebuilts/api/33.0/private/file_contexts_asan
100644	e472fade565924ccdc1d43e23d8c3908c57f9a2e	9e45850bb0bc23086295a61242a86117ef6190cf45492c3e37f225cc788cf45d	510	prebuilts/api/33.0/private/file_contexts_overlayfs
100644	eb73ef8ccf9a3129f5a635c3f390d1177277e6f5	1499df576556d71a156bc07d86a7dc37508acc0f038a709379188ba4379a3ff4	73	prebuilts/api/33.0/private/fingerprintd.te
100644	58275ff9b5c65d6f85becb81c35d5bd16c28edbe	123ca52f0a75e23d0f70dbdc3e6e8e93250e3bff2ff06cb69cbb37a69454d711	2507	prebuilts/api/33.0/private/flags_health_check.te
100644	93d7f1b24461e533a62828687cc263752b0a00ec	577777c76e1b96947e37ef3d6b37d380f9dca0f4bfa56ff04c4c67374e9e1265	1055	prebuilts/api/33.0/private/fs_use
100644	f8e09b645d4165b61be2f3b7d841ce0a420d5dc6	484e616c55adb391efe905ecafa51a82085fe8d20e84e60641150453e69ff966	115	prebuilts/api/33.0/private/fsck.te
100644	9a57bf02771bb2a06bf59d5b0a922e96dcb81aa6	a487f15cfd8d2e8ee93353da0d766f5f86b62b115de5e2d90380a561d94a6828	41	prebuilts/api/33.0/private/fsck_untrusted.te
100644	e069233fbe4d7202bb08441cf4770fc2ea202076	2ec60f8125c942412fee13e58470c5982aeee5df5233ff77271d24ebe91e8635	1038	prebuilts/api/33.0/private/fsverity_init.te
100644	5286f3e5653d9d1c337d60d9828bd7e2fdfd0c06	4ca64958a5d0c0b169b5f806fabed5129078041e7131290b1f8e426dbd01653b	252	prebuilts/api/33.0/private/fwk_bufferhub.te
100644	2fb88a3bb28f55f12c2d318fa421f15094d5d6a5	a73899aabc4b507591c02e8a95e3404ebeef82ba7166fcc436c61865cb3c4e25	143	prebuilts/api/33.0/private/gatekeeperd.te
100644	65784709ce808f0d4e0af2a11895e1b77fab64db	2434e58ddac27816be7cae1efb712ce8497815729147a220d63118a61b22e00b	32017	prebuilts/api/33.0/private/genfs_contexts
100644	11553893089716670a34fb974ba9d0129b972c99	eb064fd9067cbaf2ef6cb5a14d9283d8ac799bd00d098c8b4442ff173c81d8d9	920	prebuilts/api/33.0/private/gki_apex_prepostinstall.te
100644	d615d9b3edbdcc0f6ce920c6ab87baa4b75c896e	05a6b8ebac0e6d0ef1da66360819c9613ca2c33344f1f6aab463a3637b3684fd	7516	prebuilts/api/33.0/private/gmscore_app.te
100644	76a2370549a5dbdc2dc36316d60508fa89eb73ed	ebc3a26d0b8420708d751a9a0ae627d8dc37c3449b4af707ae2902051285c16e	2383	prebuilts/api/33.0/private/gpuservice.te
100644	e795cea5775b1b09ad69b02be43a0ff046440245	6e6af082a0b673d4ce257b9ae8defe45229d6759a9adc21794e7175f553c5135	6349	prebuilts/api/33.0/private/gsid.te
100644	7aa28aa29e35452ecfe7500472c2cc269e558fbe	c758f61b1bf0bc59fa4a56149bd6badeec80e5bccdb4356af9e73a80b59811d5	220	prebuilts/api/33.0/private/hal_allocator_default.te
100644	93cf2350bcd52cd8f35aefaccc7c034d10857af8	4a0be12763ff0fa1075102739fa3f357a29a27113f126a58a58319ec078d4865	88	prebuilts/api/33.0/private/hal_lazy_test.te
100644	9dcd3ee3846a74094ad45970754e76405846f626	4f2d76873fcbb4d2632cdc8d65a87aaf2307e000994f42d9ac6fa616391cf970	392	prebuilts/api/33.0/private/halclientdomain.te
100644	f36e0e7d8f15cae1cc86b4259a1610540d9839ce	411698d698161bd46b5f2c70f0a06f0a70e18c924735ff871cb40dfa365ddf1b	319	prebuilts/api/33.0/private/halserverdomain.te
100644	cf422ed5779dd7b622e643663a8197dcb0c49503	5b87efe3b8b1b4bba80b129db4e8ce9872cfe64de49cead7212e6212f77300e5	34	prebuilts/api/33.0/private/healthd.te
100644	246f936d423556b6ec5795c260faeb33eb2c3f83	d1aac86d9e9b908927b05ef2d8ae4ff72433f6a3f12fc653d6a5a7cab8995271	2926	prebuilts/api/33.0/private/heapprofd.te
100644	04e8c9fbe1dbf5f5154668ea73f8af13a07e9b35	e5e7a9fc4879321b1fd588066b1f1240da1b077e62f6c1f312180d89c5aa7973	284	prebuilts/api/33.0/private/hidl_lazy_test_server.te
100644	b7ba4d7bfe3a4afb612c3f3e7e3f4b12e40cbc67	66cba9bf5a5bcb6bfff7d5a7430ce0e522cf798f80580889d092086d233071af	75	prebuilts/api/33.0/private/hwservice.te
100644	4a44dc58bfe6511c78a51bbcbaf16a7bcb3f36b3	5eae772c38b35c0538a55a38d337923db67c79960845775e940bd6484a688c50	8750	prebuilts/api/33.0/private/hwservice_contexts
100644	e1fde43f262c6058e1c5eec35c44db3780df5f3e	6a4de1059cf70d0ced5572da2ab7f90aa32604e5d7a0d01a109e968fc32fe60b	296	prebuilts/api/33.0/private/hwservicemanager.te
100644	c982783b97f2b151a37b3588e44bffc4d9c104e0	38f6ddb2675332f615707485c984b5ce9968b0af23217f7585e7b0758e6afcd8	59	prebuilts/api/33.0/private/idmap.te
100644	db9ae8638b9190a022412a81227c148db5e416a2	3ec2150a35d7a19510afa19c7df6e691ead35d0a54854affbf4727d2bfbbddf9	1411	prebuilts/api/33.0/private/incident.te
100644	b45385568345b9c85c622bff8b4ecb386140ac09	9c3ce7fec36997085960e3b0331fb2f6bc053e16c7e684516aa6d77b52c64ab2	719	prebuilts/api/33.0/private/incident_helper.te
100644	c1314a892d8eafefd2226e931eb9d84a7e0e949d	04a3c48d3faf4b5c1c6d92aa2d75acd01a904aea518eff58080f8f9c74ae9848	7049	prebuilts/api/33.0/private/incidentd.te
100644	17e25f895498a36458cb26cc9f29e3ed1fc19c7d	9fd004f90cdfb0003dd657ecdf776510ac36e8e81f55e66f0ce361e4a1551e70	4974	prebuilts/api/33.0/private/init.te
100644	98190510f2a65869b031c62304436979620cdf06	c6062ea3690f13c60c665063d58bcc246a736c103e770bc7008cfb25606e3f16	973	prebuilts/api/33.0/private/initial_sid_contexts
100644	91ac816ba7657261a9f2f486d551626d3cc0ce1e	b65322809825c3f8425f805fced74fb25981e71b7602450584e83ff800fafad7	416	prebuilts/api/33.0/private/initial_sids
100644	9696b491b75897d98346b9494cce5f92ad10733c	15009df396ac3bce3902b53db49ea9603326188b10ae4db718ca4398a715f72d	73	prebuilts/api/33.0/private/inputflinger.te
100644	538641d432d4e12a1f07629da1f295598465aa1b	6781f43253cb8deab3a14a2e6f379ae9d39f59d102f391de2d508ccb3b922641	1886	prebuilts/api/33.0/private/installd.te
100644	5acb26212fb5e9525b7f138a03039e974c6159d0	ade918cd7404d638cd77f8f4a5bf32946efed17698400edadac779ab75af3640	677	prebuilts/api/33.0/private/iorap_inode2filename.te
100644	9ddb512c9897733111867864756d882fdb0de89b	83ad2a921a2dad05b6e76f3fbfef607d2fa94627f6e2d157ef0a93e78b354122	115	prebuilts/api/33.0/private/iorap_prefecherd.te
100644	73acec9c908219b63028199378b7855c24ebede3	dc32c960b255d0280c05366201c814e9819dc7432985d3c19bef8b5a84f89917	359	prebuilts/api/33.0/private/iorapd.te
100644	828ffb1e8a5fa163ed8174846e09e267e35c9615	491a1df8e0b48526505ca0c7ca5cd3cfc37079047f5e2928e4d74cca85b8949a	6714	prebuilts/api/33.0/private/isolated_app.te
100644	adc8c9632f7c0959216685cb028d0d4f2c1fe7a3	906ba4c0b7eebd6de617d95a08acdacaeae2dfc89b205cbce5b0d0b30f1a5867	107	prebuilts/api/33.0/private/iw.te
100644	03ba79f56a0104e8e05a54a1eef142f2fc4d651f	e5ba86032d2fb4702b5804d0ce2b9d16b01181fa037ab1b46e53a92722fb7600	2531	prebuilts/api/33.0/private/kernel.te
100644	18c1a8c1417c0194b5964b5bab7eaa0ca27fadc7	1f5b0a857f38413bd825f585e465a7eb5cb94f303ed1913776f742a6e2a5372d	1087	prebuilts/api/33.0/private/keys.conf
100644	78c0198aa73981f3fe0ac19b4e341cd1e0d37487	938f3411c3954ee7e6b65ccaf1f8034bb5ef6adc48c3fd95cb9c52916fdf20c8	1251	prebuilts/api/33.0/private/keystore.te
100644	3833971fcd24e4074d412b84a07f279291d6a2c4	cf36b6761243f5f1f79ee5cec86f798c50e254ed2c4726bafd7308e1993daebc	1095	prebuilts/api/33.0/private/keystore2_key_contexts
100644	2f9760850c9b858ca010050b1823d1f61805b1b1	6d6bd4df7de48e3f4c8293ea1f3b1054565a220be691000be5eecb5d5e1715a6	765	prebuilts/api/33.0/private/keystore_keys.te
100644	268810233906212281cc7234fa8e2ae6ae965f58	8b02805aa918db69f6686719f55887d0f70150db554e760943bc6e16130d2a6f	1041	prebuilts/api/33.0/private/linkerconfig.te
100644	8512e8570abb22ec67e9cd04fb8642f3b346360d	e1b19ea8e91af06f9eab4e7d65e275f36f3c134039079aa9b3eaf41b7bbf99f9	1504	prebuilts/api/33.0/private/llkd.te
100644	51d62044236cfe833a61acdd6ddcc80918fa8cb6	015c7da95674326bd7393f24da02ae6c63a7d310426a4f1800a15b670e14d892	446	prebuilts/api/33.0/private/lmkd.te
100644	62d41969f52262fc50111d89633bd0d95d7ed227	4f97710bad930f43e54ce356288c24a1199529401bda19b310ef6c350b489cb1	1195	prebuilts/api/33.0/private/logd.te
100644	e1518103daa6c855e11c433b0bacf910c2545e25	51c51fbf3056bb9f34afd4c2a5fc795ffc85b711dcda84eba6e8165eb94c0611	1249	prebuilts/api/33.0/private/logpersist.te
100644	9f5f87ebd0a8e5fb5dd316aa9d6327d313dff153	1fc86e34effc94aebfc66ce2bd5110e77dbcb1abcb430c66de5f83b01d4717a0	909	prebuilts/api/33.0/private/lpdumpd.te
100644	c9a9acaf04e484fdf4fe99713fd692a26d07a2b3	62b1787b1581d9736111509c43b78984babb739f402a3a1939226f4d2fa9abaa	2306	prebuilts/api/33.0/private/mac_permissions.xml
100644	98e95dab3b8a1e867e0e04a6c16f81050cd33fdd	89fc355ab8793ac8b373c5d48a24e00c0549a8744fec78af5c6fb10d144f761c	245	prebuilts/api/33.0/private/mdnsd.te
100644	4e511a81908db79a52dea340725f7c771efa9c7e	bd7a10acc20328bd3d6296d00d3f00aa4a394fe097225d30531eef7b8cc1d7f2	241	prebuilts/api/33.0/private/mediadrmserver.te
100644	7bcf5c82fb33e5785d39c1c6798305d185c2b420	3f6fd9ed5315c5d04c7c16727e45b3e9411efbdf77c2f76f64510178a8c63e92	441	prebuilts/api/33.0/private/mediaextractor.te
100644	5a6f2e1df51c2eb090829bbe0bbd3bd116511445	55e902810f9c5bb42bf38ba30b5f798ef9e6ecb815361a131017e648e6e554a2	277	prebuilts/api/33.0/private/mediametrics.te
100644	545d9eae53b52669941319a76c99436427a368d3	84a7383aa8fb17f516e351085816d258a20947dec134e7c76ca41ca64a0f19ed	1963	prebuilts/api/33.0/private/mediaprovider.te
100644	a9a52bbe83f96ed69eb20eb196b8c3a47d9829f0	770b330114ad77af9e88fa9edb4a39e1afd2cb4864f2ad0eafee1b58c8088e60	2337	prebuilts/api/33.0/private/mediaprovider_app.te
100644	6fe460ca5021fbd975081938465cb0372b088ae3	d4c2bbfa0ccc2a376ff93a3ae9679bbcb8d13d2ce20158270f696f10efbd5eb9	671	prebuilts/api/33.0/private/mediaserver.te
100644	02079c1131dd6a6b2d479f8a2d92ce055dbcfbf0	257579654b57cd2ff9c12c45ad6de0218aa413011ba4124921d70b912d5c1dfe	188	prebuilts/api/33.0/private/mediaswcodec.te
100644	829d9483c6f2cf6ceb2a89676cf61e7c2908bdfa	ec04816b6b8b0433dd3e7d153f57b9b963058c6d8b3adcbf90e24555318d1fc1	3030	prebuilts/api/33.0/private/mediatranscoding.te
100644	413d2e545bd2790dcbd38d2b1f55f6b1878b135b	9c1d3eedbf604ea6074d5d3c05138d68f6abf3f8128b8c14e056e1762b029827	898	prebuilts/api/33.0/private/mediatuner.te
100644	b2a1fb10a7fdb4ea394c509082976422ff168e24	b159948255fbda94eb8b135360e44953046a3bc5c4c9b53fe055dbfd45507cd2	1246	prebuilts/api/33.0/private/migrate_legacy_obb_data.te
100644	955c27b00ff5c9ba6f25d6f8c2df3b5fd37d16a0	e356f81480145ac954b6a9fb12e7387a8b42619a4def563af10087c6cfd8fa08	5239	prebuilts/api/33.0/private/mls
100644	dd53bea7e83755ed099489e70215f810e610695e	f7549d8c5569deaa3cee8c9decad170e9a7aae349a68e5e0602db7825417ba14	276	prebuilts/api/33.0/private/mls_decl
100644	83e05425b27f234203ac747ca613d8a39fac3d28	c5822b44c9a53ab6dda8f4ce79bbf90a9d97fc9ab43849ef0f4207bc86e048d5	1252	prebuilts/api/33.0/private/mls_macros
100644	22482d9b79c09c90fd8c86d791a8dd11d11bf488	7ed928425a0daed1d7d2bf6fc4231c72373858fb1320f86e6852eb694e3ed54c	781	prebuilts/api/33.0/private/mlstrustedsubject.te
100644	4875d40328a6ce1d3e1648ceee2b8d734753a4bf	a4ffecfdfc4787fa62576ac193b97eb83d6aec740d8bc802efc126762e1c42ae	420	prebuilts/api/33.0/private/mm_events.te
100644	98586756f91da77583959db541ca421a565ebcf3	d3174958d3591c745e10b11acdf511e0ca001a469697cf97c4ecff4642098355	35	prebuilts/api/33.0/private/modprobe.te
100644	436dcae55f84a8de0d9ee777ae395215379aa1fb	2a6afc94f76ff291db40f5db4d545b8d5c5ec437573fbbd4ccc2f6cd922f1146	403	prebuilts/api/33.0/private/mtectrl.te
100644	732e111ed0b42407b3076a9ce971946b9a01e818	3e3d3470ad8f942d07e6ed822b6639cd275d8534cac4ce93cf4153a78dfaf82f	55	prebuilts/api/33.0/private/mtp.te
100644	9e15f41dd1fc7d2f7d8bbc0dad92d478835a87ec	3bcd3d833fcb8167bca057e50e73e26ec21b66ae555b153f97cb89d33ea07841	781	prebuilts/api/33.0/private/net.te
100644	4aa288b339d3b15718663addf97cce487042fc6f	de35cec6298ca87e43d441c7014cba9094795a00eae4fc4ce5f60246d20bfdd2	1842	prebuilts/api/33.0/private/netd.te
100644	900b35c632dfbf59a08840529bd8950ebe586d7b	5b427ccdfd0259dde030b187acaad72f38690099bccd7ee1878cacd7ae6954c2	1931	prebuilts/api/33.0/private/netutils_wrapper.te
100644	3cdf884aa744e9054676d50a6c42fdfad8787f17	a7b8d17d8f89a75c073fbf928b250d1b56c6265488ff6dd1ee04388c60d12010	6816	prebuilts/api/33.0/private/network_stack.te
100644	f1a08f7a4473964f288939059c461ff561583674	430df7a80691a051488b43ec938ddcbf6ab7d8c9ce858fee30dc1db6ca72867b	1182	prebuilts/api/33.0/private/nfc.te
100644	d7163099247749ecaa3d7ff85b8f5cbf02ca31ea	e3273b6a4cc1c9c67db702908432236ef953e35cf9a00ca1127141d5fe8d2686	2570	prebuilts/api/33.0/private/odrefresh.te
100644	f06795cc390ec09fc38f37d2d455a3cb3e5f7b0e	47190728ba1997e8b2509f68567f4fde224eca3e64d8d60a95454051b028260d	2068	prebuilts/api/33.0/private/odsign.te
100644	ea9d4ee9f4da76c8e3ce73f14a52e1277d78f4bf	576fd6b813e5e463cdbfaa53496c54e5519fe03a797684689fd7c6d75d51fce9	4488	prebuilts/api/33.0/private/otapreopt_chroot.te
100644	27a3b0e084a4380a81cb36b4f10c694b864c3223	66f765a62111e45e13d231a48c59f6ec4babae27599aa27835ab5b9675b92a0b	1376	prebuilts/api/33.0/private/otapreopt_slot.te
100644	5897aed4a0b77291385e32152430c5dcbe5a1f5b	34e3788b5d24789a5502203915e12cd5c68c5a1e6ba1000c83c19c2a0924a354	4932	prebuilts/api/33.0/private/perfetto.te
100644	792826e02297ffdeb248014a2af721339c6593ed	d697fed933905e86f4f027ce1f004740820f0ee6ddfbc08cebd8dc4c9f0e6c8b	73	prebuilts/api/33.0/private/performanced.te
100644	5f8187530e7219f8b6be84536a9d7b8bbd6b77c1	67abe228271f7f61edc593d24e9e15a3612758daa08f5d6f34b5cdc300c47057	824	prebuilts/api/33.0/private/permissioncontroller_app.te
100644	91149f48cdf21aefe37b724a63f991c1b5125f70	f162d09278fd16b6e5a8ae32500f24fff6b9c04fbc6989946c6ee3ea734f059b	4900	prebuilts/api/33.0/private/platform_app.te
100644	9290e3ab36427e73a0ce8593de26f87551410a45	8a063a3d29a09b7a939dd142b84889c33208bc22c352c78c5479b5fcea462b03	536	prebuilts/api/33.0/private/policy_capabilities
100644	b473c0c9b431fe79309f2df9aa7bfd3c8223b3c8	098d6ebdfb72ab9953ad990ea3d81a4238181105d2965532c3b6ac089dafee0a	77	prebuilts/api/33.0/private/port_contexts
100644	7060c59bdd8246336bb19d536994221dbe2a6f77	f1848667c2f6f0c6f1ab043c180b0c16a04f27185516b04f8a874e05ffd4186e	216	prebuilts/api/33.0/private/postinstall.te
100644	2fdc941230a0ffd947d077dd944a886ab8ef5f8c	2bd7cb8d7fa093eaf7ab859a94375ed9deb78bbf504de9123dfbdab799fb852f	4044	prebuilts/api/33.0/private/postinstall_dexopt.te
100644	968b221b688ffe92f04a98d4211648a26d1e7ffc	da8fb0c2edbaf047cf1e79fb74da22b7a68bd2efed742c420baf7ee142394c84	69	prebuilts/api/33.0/private/ppp.te
100644	ba54b70acad2b89a5cbe4e0610d585ce7154555f	07fcd710a27f268b2f71f51d6b5191bd09977d13b174a64ae1326569ab1c73a0	758	prebuilts/api/33.0/private/preloads_copy.te
100644	dcfba14d52fb2f913eb5603303b20bb0f03115ec	f6b1576aa9857d04a52f580e6be881f38183ff881c6afc068c22b8f699217d80	616	prebuilts/api/33.0/private/preopt2cachename.te
100644	9d7a0f6bfc0d3595b19b056026cd18cc01310192	4f3a1228b572512ca6720544a677611eca1e6fad4c9eac6cfb12569b10230fbe	12164	prebuilts/api/33.0/private/priv_app.te
100644	299e37b85c1c620431844d8b0dc14e78a6b953c3	0bf9e986152330cd47ba0f57211a2069476d443382fc4e049c64d91756f0342f	898	prebuilts/api/33.0/private/prng_seeder.te
100644	f83d4a8d57277065e677d0bc4ffe7c0d8184b1ea	3d9661d5e00f897b02f6b42dc2661960b661fbfb6776f155e703c575cbb629c4	2813	prebuilts/api/33.0/private/profcollectd.te
100644	f61d05efe7b8908ba5dbd7464cfb84b2c4118e94	777b58af2c6294c5dec27a8e908e4140a783c28a001d38b33c1fe4f60d86d3b0	34	prebuilts/api/33.0/private/profman.te
100644	41a4c2ff30255e8f8cf860885436bfad8e21cdb4	3976016bd7ac0bfe85863b5069b3afe5ae6741fe1a7fdafa411f0b8026bd2503	12724	prebuilts/api/33.0/private/property.te
100644	c653445ebbfcc9360228312a603f515d34b3774a	1dce7a05c94a7cad454234a1e4831f7bd6cc11939fddde5163005680be3a9c2c	86491	prebuilts/api/33.0/private/property_contexts
100644	42ea7c9e48416235ba3f28b878ff7fac20d87196	2758d2ef46fe643fbb35488f8e72371efdd42950f1d02473aefb226520bd0ea0	61	prebuilts/api/33.0/private/racoon.te
100644	08365f05de36cd9d3c776bd9a83494d7ebfb5817	41bcea464eca26301b2f8702dd494b58ba9023d0895ab38a482bae685d6bcecd	1057	prebuilts/api/33.0/private/radio.te
100644	2dba93bb2622e208dbcbd8de7ab18987be7a3eda	db64cef0adf70fdff99e458db0c06e74fe8fc698ab4d01fd6bf35e1753cb8148	1730	prebuilts/api/33.0/private/recovery.te
100644	7cb2e675a6e3eece2ecbd33fb8da780ca9208cc0	d98dab376b70b533039b967a189c989a4b9e3a776d781f77b2446102742fe4f1	329	prebuilts/api/33.0/private/recovery_persist.te
100644	3c095cc261e6c74982a8f33359adb79340d7a4e4	b86e1e5998e15ddf2f8ca239c3f9ac13ea9cb57988107ab1388010041770765a	277	prebuilts/api/33.0/private/recovery_refresh.te
100644	f49eb63a35c5d0a19774916b1ab76573f9e03dfa	551f24c813cc0447c98783d533a161d60c83258c26415e15797d5758f711aeab	446	prebuilts/api/33.0/private/remote_prov_app.te
100644	4dd94a5fd294151d86afc22a565aea4f3f298e42	cb778e0410efaaa69941fe2ef7c2dbb9fe190d0e6772d928f533cef6ff0926ea	475	prebuilts/api/33.0/private/remount.te
100644	c84fcba0ffabdd4ae4460e34b79333466f62f4a9	4241eb694ec396a73e9a0d6bfc9973400dcef8ac820a7e0cfe0f9cbf3673e6dd	8	prebuilts/api/33.0/private/roles_decl
100644	268f0406b205a9be61be6972fb7c617247afabf7	b6e1e8308f37b04aeb0cb009b46b82ed19e5cbd5a49781d753ed79d273b7a3b7	1628	prebuilts/api/33.0/private/rs.te
100644	30818c2faca7d15c04676e89d573f75db426fa05	187b4692055d37e9ec1249c5498d0ae4d47c1e20572d5a221ce332bafdf4dbab	464	prebuilts/api/33.0/private/rss_hwm_reset.te
100644	ef31aac3471736662b840960b05e242ccb80856d	5f56cd90faef00b87a1b5f11c3c300bc73f90c3f8f56f5bc1037b696dd742614	113	prebuilts/api/33.0/private/runas.te
100644	c1b354a9a3876ad23239c50151c9ff50683aa53e	0301d67180994e80bb3334e9dd9cafd18662764e4849274398e906c3bc1be366	1375	prebuilts/api/33.0/private/runas_app.te
100644	126d643490d7081ad0db7db021320aa74af171b8	fef00b81a1140a3c0a2f87570acf2a511fc4bca4facc3f4a672848f37351a2c5	109	prebuilts/api/33.0/private/sdcardd.te
100644	7ca323f8bd6b7eb22662ce74694526fa74000a69	dba6f1b011f0bdcb9d41ce6aba0b9b546e6e634e4280bacaad95a27064b25936	4556	prebuilts/api/33.0/private/sdk_sandbox.te
100644	b26d97789f56654fdc1b9a91363d78a52a83fff0	0bbfe4c995e23f0eb49a8ee3b50e52ef157a7af6cf27f6e442f1783858a7df4c	9571	prebuilts/api/33.0/private/seapp_contexts
100644	fd3b688e458cee8e0a5842a2b8dcaad8903424eb	7917f1289c4b4deb85ed2f895fce2d3a2a32bf67476341f25a46dca526a072df	582	prebuilts/api/33.0/private/secure_element.te
100644	0d3cc80ab069a187788a245e700d2e6c369b8226	f7654fb3943db7ebf3b2088b58bedf1a8e03152feaa1fe466234877a0e575214	3194	prebuilts/api/33.0/private/security_classes
100644	1f407a66c966cfdbbac9688024d272df63c2672f	9c0eee8bda6e3a3ee98a8086cb6aa887fe5fcbd49924cbbb63e0e7569f2c211f	1616	prebuilts/api/33.0/private/service.te
100644	72fa16629e94f934104013cf33ebd4cf5905daf4	fa7bddca90fb5b66c98649533f677b5b572854a911aaa6cb4827dd225ffb42d9	31197	prebuilts/api/33.0/private/service_contexts
100644	6294452042acafda0db100304bc362314d27705e	0568682f243e8da4741e3cbb9e979cab918a737483df8289a609bca0883b7c0f	168	prebuilts/api/33.0/private/servicemanager.te
100644	a17342e01023583ada9fc6526fea79fb2c685145	8644295a913e80dcb39c62524dd0752addead9f1d018dd95b91b78c630e19b33	33	prebuilts/api/33.0/private/sgdisk.te
100644	31fdb8c911f99939abd56daf97c17aa4513264f2	b0273def01ef45452abf89b948b5b3fb5a896cd84c31b1d529bb4be8de8ac0e0	639	prebuilts/api/33.0/private/shared_relro.te
100644	c20e612b55a664bad4c6e4f18e94af6a787cb763	c7408e41e34605c3c7935840ca40322f7e34911fe7825e66575715314e936d77	8360	prebuilts/api/33.0/private/shell.te
100644	9c700600e62c4194fd3fce3165103da1858e326e	7b86d3b560fad808a0b20beb55156c054013c86ec9c2aaddef0da2afac171811	2279	prebuilts/api/33.0/private/simpleperf.te
100644	184a80a05ccb8084b1e736d05d81098145181033	daca026265a3018440fe1fcc291ac99600c04fc7b44d8634bf7f92f643b313af	1998	prebuilts/api/33.0/private/simpleperf_app_runner.te
100644	e71c4929297d661209a5f9eec7562e3fc82377da	a379bfd5e6634ce8ca14d6eec930260c47861c65958815c10591532c8c30a648	2693	prebuilts/api/33.0/private/simpleperf_boot.te
100644	7dfa994ea7add2eddb4c6e3f2598a79c6d9b5de0	275253fe4d8b41ba25fa8ec8de067d470dd42cbc95f35ca3a19987a0bc973f87	36	prebuilts/api/33.0/private/slideshow.te
100644	fb2bbcae762aef461561929651e3bfda5e3bf177	505714db5fb708f05caac8bceee5e5f8477c92538d003f1350cb5a1ef1643b2f	1575	prebuilts/api/33.0/private/snapshotctl.te
100644	2e2c473ef25886465c65f518274c4043f724d5ec	aea94938e39f641b1726725d9741d58a5ecf42de3e3ad86be48b199f4e5426fb	1977	prebuilts/api/33.0/private/snapuserd.te
100644	db29072df3d6e2880464fa296f43a1009a7ef96f	4fd3c6fd0d4929e865290931341e01ebef1ddebc2d04cacf0be1efdf350d4649	1327	prebuilts/api/33.0/private/stats.te
100644	59948fffb453dd5f9d6d837597b2e965d39bded9	33168b800eb45a96d1f5fecf055bbc9b98942a39e70cab10f56e855504566ce1	1019	prebuilts/api/33.0/private/statsd.te
100644	bb39e5b73fb8e0179e00d7bbe4a376df6caac810	6edcf9ea765ec2ffddbec3ab2567b9922ca5e5711dc53fdad3843d30794d9b01	2058	prebuilts/api/33.0/private/storaged.te
100644	587f449fbe08f74e35a74914a37d740d2eabcc9a	0884685a1d60558366d3471b63ebadf3d0135a1770c98d51433d221db3fb0122	981	prebuilts/api/33.0/private/su.te
100644	bb16f200e74702b518a57afb31b06f6f1a04ce5b	696a3cde42129c5d0159f4fcd0901f4f723b77e5bba729219e731a3f39f9ad91	5409	prebuilts/api/33.0/private/surfaceflinger.te
100644	d82cff79334e007ea31111ecc00f3344305e86e7	c3b7934f61a99a4888eb07a97c8a529182cd4126f3f1bd1ebd7c688280b57fe6	5676	prebuilts/api/33.0/private/system_app.te
100644	5e826bf9f4c9315452c4e93362ab0bf22ed3e03e	524a4801f7d8604fcf0ba3df26392e60090c469aab2094c3d232aa148a795c84	58913	prebuilts/api/33.0/private/system_server.te
100644	064e0383c41002f3c8cbca91e5255bd0ff568427	6e1b55c04c9e4c254d2387b2597d54f08b9b42827baaaf8867de3162da3dcb6d	978	prebuilts/api/33.0/private/system_server_startup.te
100644	d924187c7cdc0ae2a27ec2e386456ccca8c6430d	0b8e0d62b35149edc6247d37df76cf7caa468ea46b9061f158927eec14298557	1475	prebuilts/api/33.0/private/system_suspend.te
100644	fcd4fe7933e4bccca52fd73b8ed056e7b9c18bb8	14e390a5d705ec8d7d082d8360a8caaed6dcc8f9f3ed6400fac79f944a4a4f9a	3985	prebuilts/api/33.0/private/technical_debt.cil
100644	b6dfd1e4d6a4474909010fa7922da2baaf01b6f3	9e16c3096094f484c5902dda78963d278537866150b48f9e4fa280dc703546b0	244	prebuilts/api/33.0/private/tombstoned.te
100644	a2b958dba339a87ece3bc9fa66112cc49abc23ae	476afd9a53e0970ff832216b467dff0b787be32ec3da816a432b6bc3956db442	63	prebuilts/api/33.0/private/toolbox.te
100644	0a4afed6adb35f0378853456b8da15ce14bb316b	02f17b155a3f845ae6ab238d4999f2c6ecfd10a2d638464b52a413fb45d8b726	5040	prebuilts/api/33.0/private/traced.te
100644	96a7263f74cefdbc8ea9a5d23f61f52a41353737	b9982296cd6fea46fc90afd4dbe4b6bfbf3b4ca10a0af1b7850027bdfc1c1447	2807	prebuilts/api/33.0/private/traced_perf.te
100644	66d5ac44e611666704fe918ece76b29a0a44a63b	c60252436155fa3cf6c186ed34cfc857f5c0bd6992b3470238c2fe0b4fbe24b8	5990	prebuilts/api/33.0/private/traced_probes.te
100644	2937e269b503d5ef372f2c2ac48f64ea243dcabb	14aa78be2e7f3e044a91bc7ad3b01d1b207237372ed28b8b37a35986e14e28f4	782	prebuilts/api/33.0/private/traceur_app.te
100644	502735cad0c34d31e410302fbb3dc6b3de090109	1ddfcfc3a634cfcfe0fc7a7ddcb13afe1640743144e5a2832136e8a2aaec398b	71	prebuilts/api/33.0/private/tzdatacheck.te
100644	8bcdbf95a34be844c0f3a0563e399e3e53f2bf81	b85a99b6eed576c38bb39fc1c00b1955e04ac34cf4afdd946f743e6b6ebb309f	216	prebuilts/api/33.0/private/ueventd.te
100644	1a94cd1e5b9b3ebe37ba3e79f98750af10ac0ef3	7c398ed46164dafc6186cdeea2624dcb57b7e49ac7b63355e00a74fac4b74851	136	prebuilts/api/33.0/private/uncrypt.te
100644	62d458dddbcae21e9cdf774909102eea031f99ae	5eaed9afdf99233ad71d8c8aa47b6c1e094000ff48a1a2259e70fb3dea522e02	399	prebuilts/api/33.0/private/untrusted_app.te
100644	4235d7ebacaf4d574948aa6988c7dd310267d896	98b08ae96f1979317d4ddc05c7b193d3fdd244642345f5167c37967ebed8ac07	2294	prebuilts/api/33.0/private/untrusted_app_25.te
100644	c747af1bb1fdbf77f9b4510fc129a06bcdb9473d	ccb0e74f49b7b6df5e747639451f9eabd9ae7a3155f2c04d6f6b632e914f220f	1713	prebuilts/api/33.0/private/untrusted_app_27.te
100644	6bb2606f653b4da437b1bd0c2b0439ad1ddbdf5e	9065c713ebc3f97881bd71c7a136fb7a06d6d20a172d7526f83d6ed1f41434f7	591	prebuilts/api/33.0/private/untrusted_app_29.te
100644	e0a71ef7f7b0cd360b03e3a41ed0635775f74b0e	09e0be630847e91773be4851d173d6faed014f894a978540956e55d5b433cae1	680	prebuilts/api/33.0/private/untrusted_app_30.te
100644	ceee544f46cceaf439d8aebd616fbc0fc9eba2ec	25d893c9be7424b661ea919823f9ef671a6a7a4f80b7b5a6775201c26c96f3fb	8534	prebuilts/api/33.0/private/untrusted_app_all.te
100644	c3f575f655a466aba0d8019844f123e76b79dd2b	8521e63590f86c905980abca07280ff4e7ede22e5a547857f59e5bdee98a68b6	1073	prebuilts/api/33.0/private/update_engine.te
100644	8571ff650ab646967301d31eabe2bad42cbbc500	b139a68cad42d8fb38a34fa341ffb38c4c5e57b9795a6adf1d2c85e6ee33ce47	685	prebuilts/api/33.0/private/update_engine_common.te
100644	5e1b27bf8ee3bbf6ba60ffef4136b1a054e88902	3b1c68094ddb963967e939697eb59d7ac104db1b333d6020d2e6a7d69cc6458d	267	prebuilts/api/33.0/private/update_verifier.te
100644	42f23244e0783408ce79a31d24211a76bdb80578	80476430ef267a1756bc4bb8fc2cbc939dbb3aed3009be2ff3f0c907027bacb3	328	prebuilts/api/33.0/private/usbd.te
100644	51b7b57e6798ca0f476cf87d5de69ae956df26c7	50043f480e4192a70733f660638446ce981fde673dd4b6e88841772d907e5447	55	prebuilts/api/33.0/private/users
100644	63c9c2a0e1a1f86d8bf8d73efd8b1374a0cb3f4a	8c02eefd92a5a5c5c414ec6609889f225a5c4a89bfdcb14d0c262e567cae451a	142	prebuilts/api/33.0/private/vdc.te
100644	f52794496948e2ed9f0569a34077689ea8abfde6	66660f0f9aa00685d875d0dc8292625cf824097f3f3baa3bb331e05aacc35a14	771	prebuilts/api/33.0/private/vehicle_binding_util.te
100644	70b3ef9436103eceb992ccd897e9e7e46764c605	c8f9dbf7ec8799c31b544928a10da841ba0df097b91d253a62f00fc13dee9e03	759	prebuilts/api/33.0/private/vendor_init.te
100644	d1f09644126d4ba1eca1684209da2557ff51848b	db41a42f2deb666fdc32db24efd711503860cf647a9328ae4e6987cf97b44ca8	1070	prebuilts/api/33.0/private/viewcompiler.te
100644	e735172fed4128d3f841f0c4cef2c8e10a5c3bab	e099c211ad5a82d899c07cd87d3df498d244f6c58194fe9907390bebbb903052	81	prebuilts/api/33.0/private/virtual_touchpad.te
100644	c369a9067771037ed83aac97e22fb8a229920a87	9ceaa4154d6ef3edde7a623f1f7195562346d94e87bac2c31ddb631e39208482	3732	prebuilts/api/33.0/private/virtualizationservice.te
100644	cb7b1bcd14023a526239a22926f67f02fff90661	162973eb2a034524cb38ea2df6c4178c59c35c82ea7fcfa479bad97d481764f5	2029	prebuilts/api/33.0/private/vold.te
100644	ddb282869c5bffbde3e9b5be67f53ea1c85fde62	078adfc151bbcf3f678d5063cdb7693bfd10f282ab81feeda618768d2a5b31a4	2389	prebuilts/api/33.0/private/vold_prepare_subdirs.te
100644	8deb22bc8bf33509742a29cb34a88726c9d96579	06fd82ae80f181bb123d55a7eb1a97a1dc7e2b5c37c5057fa925509afb382898	130	prebuilts/api/33.0/private/vzwomatrigger_app.te
100644	974a297fc3944cca15a8a9e7dc40d6deb6365e6c	1b3b816f34c1944a455fd541893a98f24923e713bfd61c635f2a184877eb75ce	208	prebuilts/api/33.0/private/wait_for_keymaster.te
100644	91ece70522d11f67b94bab2e45a79122bb44a6cc	f728cf9119bf04a21e0de54255b2a7ead740ee2ca2f0eaef5e429c57b522c5b2	67	prebuilts/api/33.0/private/watchdogd.te
100644	3473ecaee77923e5080c2b4e8b176b97fcf4ce31	89180de3f70f91b5ae886ac9c0cfb2d2a75038e2ed5ed282ee169ba734473b79	6144	prebuilts/api/33.0/private/webview_zygote.te
100644	3fdaca27394e2eb4564d91011b8e9e25d8da4d02	a604bdc2019d0400be0f07a76763a26e4b016cc8fb83e53c26941a3d27dbdc2d	271	prebuilts/api/33.0/private/wificond.te
100644	e91662cb7f8712267d1843f0c8711925f698ca04	be161ca0600c03dfda778fad959fd99620b90f4482996edcd675c07ac8706397	65	prebuilts/api/33.0/private/wpantund.te
100644	41245c278c131d8c06b6b046c90291335a5db64a	90dd7c85ebafb0d6abae0cdf2d9e68499b742ddeffad50f47b2dd3bbe0fafa5f	10107	prebuilts/api/33.0/private/zygote.te
100644	5056b352801daa903f836ff7d9499a8e6463a3cb	4e25ad0580ba210be2d406ccb385450af2540d6644793a55fb34facb050239d4	528	prebuilts/api/33.0/public/adbd.te
100644	626d0088b1cc03ab8c90abcde1b6e23ae2201a94	b2c94354f32c76cafbc9e92fad154e73095e3bf22ffb2b287c925d26837bba8a	288	prebuilts/api/33.0/public/aidl_lazy_test_server.te
100644	53bc5692bf88cf500da6607918bbeac96e398340	7632fe2d6b2a455edcce3cc374fc1f89e0d0b224997e90b5e3a853675dbe95d0	444	prebuilts/api/33.0/public/apexd.te
100644	de3d0cabe1cc1cfa3da84f7aef4bf2cf73972ef0	9c7cae12453e57c26d9207dbfdab1dacbb2a38a3d3d2a984a81592aaf112049f	9221	prebuilts/api/33.0/public/app.te
100644	4c1ec96522de44f0bcc04ff10045559ad18110ea	1c5aed7e9b9b9443ef2f6d5039c2b755f6c5246a0ef846998a3299cbd0cd5e54	253	prebuilts/api/33.0/public/app_zygote.te
100644	d8a1b7366a7963759fcb65849bee1da5d712ebd6	147dafa0e0e3a7513be95dd4ec193dd7ed1fad218fa44886d62a61a04f7d30e5	1296	prebuilts/api/33.0/public/asan_extract.te
100644	7327f84ec1589384d9bbc76a76dd37daf4a4acb9	00e33e07a1209ebc5e57c46613bbd2bf46535fbab8a5efc0939ab09e458703c2	33	prebuilts/api/33.0/public/atrace.te
100644	742264a55220efe557dd4719860b5fd4f5ed9d3c	479ceb94523967bb55d9150f47cee489b20cffd553e498e56630865bda8cd1a7	14434	prebuilts/api/33.0/public/attributes
100644	d593567aaefb10df6aa93330c80d07b8781bf9b1	ad0d3c143daf916eb911c0b8393b290ef4a025856eec8811a8fccebca5e4c485	399	prebuilts/api/33.0/public/audioserver.te
100644	dabe01452062f9d2d4c8fdb9938633daff89e548	988af8057d7a6852b37a3b1c48949d1f9e8345deea88d01ed9dd0285a5bedd48	45	prebuilts/api/33.0/public/blkid.te
100644	4be4c0cb2371e5b89d6b8b05f534944e2aa9f72b	e9054e76eb657f82247c8285ca6e87a20ff1e3d21c699984ffbaaa8544719f71	66	prebuilts/api/33.0/public/blkid_untrusted.te
100644	9b3442aa5b65cc56e831169890469f23d517772d	4e935acdf2d2a4909ecb8170d985eff37f15e7db9ff0eae1d3bfa6cffdbdcf39	46	prebuilts/api/33.0/public/bluetooth.te
100644	9c7a0eea6d5401bb4af979af358385e349f5a451	a0ccce6a88a4596bae4df58fea9163384a8c3385b95e2d0db34048d789c4a600	1347	prebuilts/api/33.0/public/bootanim.te
100644	5079c28f15788ad63250d0a7f76177fbb0cd7c27	40527028e0501bafe9712fa0b31aab6e5386dfdb77326402a8c5698c3560e192	949	prebuilts/api/33.0/public/bootstat.te
100644	81c32ee628f3740fdae5f1e062aee09c2eda8c24	ebcff40efae904594991eca219c4a4339e3ba75893ecae5a13b4c4d53f533bd8	36	prebuilts/api/33.0/public/bpfloader.te
100644	37edb5dcec8bd14c291822c154dfdd2080ec5cd0	52e7faec7fbaa27cb7a4fee692f56f1f7ea19d51d7caf5987ffd2aaf3ccd1517	868	prebuilts/api/33.0/public/bufferhubd.te
100644	352e1b7aafd8ec10a77610559d919a54d268aa79	e97b1c1e77d9981dc5b4365b4d205ffbf1b088bbdba7a92d9738180b13c8149f	59	prebuilts/api/33.0/public/camera_service_server.te
100644	d41339a4a3cd86b5fbcc0fc9aaba94bde4dd76a4	58b5332f4017eab81b10f110e0fabcda228b89b82cb69210f480eb718034f64c	3354	prebuilts/api/33.0/public/cameraserver.te
100644	418dff999fe98c8117efc74e3a95418f2cc51fdc	15964f8412a7c5e7704282cc94dc51184e353e834c3fcadab4bb7ec5b75f6fb6	188	prebuilts/api/33.0/public/charger.te
100644	4241360a068fd87ad8f8de64eff0cb3b42edcbe1	baeb28b6f114b4c08c740c962fbbe95356f7500b118c3b7e47d3b09495cace92	1197	prebuilts/api/33.0/public/charger_type.te
100644	d8f3bb2f9e4764df5e5d58430f23c7af849875f8	54adb484c8294b70863cc8c987ceec48081c77ab2807fed89619f84a78a47829	175	prebuilts/api/33.0/public/charger_vendor.te
100644	45269c33294ac7ddd0099a98de49e6eb15d764db	c9e7e084586de690bed9f8567183bb4a04d47ac127b1f04a946795fded29795d	2593	prebuilts/api/33.0/public/crash_dump.te
100644	97d942d914fc0c30fdd0f7077529c40f95b86419	11580e4d8d0d562bef9092a04a1286c2ca4a9edd68afceee9966c9b1ff5239a6	656	prebuilts/api/33.0/public/credstore.te
100644	1bb386f384d29efeaef8a86c73c4de557fec3d51	5dd58b65d7c955c74539696f9849451fbe5aa8bbc77df7fce6821d288fa18435	4471	prebuilts/api/33.0/public/device.te
100644	1d875ab173f70ee6abd9f284b761560d1451e86d	ad4cdd48a31cff9ffa0cf7e704eedcfbdd8bbbc33df5fb45c8c4e24d7a5cbba4	1128	prebuilts/api/33.0/public/dhcp.te
100644	09089368f3a5d4a33d2d41bc1c90457ebfe293c6	83c0595571bfcb4fd148553b296e3b53964f05a10fb60e685490b3d352e20b1c	260	prebuilts/api/33.0/public/diced.te
100644	c5839fa544b524ab61fdcddd991a93294955ae80	22e507ecdbd88b4ed06ddbfc5599543b21549a78fec4e5fd4dc58d9bb42331e2	61	prebuilts/api/33.0/public/display_service_server.te
100644	86f1eb1c9e6383cfa3f9aa0717493e183e74d2e2	50ca9115784e21ac8b0f8bc1f19918b7c042e359dbcc7e00b1760dba7bffcffe	1197	prebuilts/api/33.0/public/dnsmasq.te
100644	de529f5d882a8186746024300294347fcf78569c	e3ee9aaaf89b9c74d502a2b1fdcd6ed19b1d9285369bb3a886db23cebd63e733	49125	prebuilts/api/33.0/public/domain.te
100644	d51507967148a2fcc51b171b36003634c0d5bcf2	6b27357767df29538b7b03030c095c3ba8f96ca617beb60574c90f8dc9724d03	2264	prebuilts/api/33.0/public/drmserver.te
100644	f1c6d727db56bcd8b8251fa8c516d7de1f6f370b	67335fa9e826101eda646d3991e80bad79b6c744a957d3e0a1c7564e5a30e867	11604	prebuilts/api/33.0/public/dumpstate.te
100644	dd5bd69deacca25ef57b0ca0f8dbe0010907d7ee	b7a60aacbdc250201cedfe3ddc667217971679c6ec1bbb2f8d9c1e2127383536	830	prebuilts/api/33.0/public/e2fs.te
100644	dc39a22b59ddfca70a42208b143c68caf4b133b3	3f283f565a09656a785b1ce968ea6e2bb9ce79e6e2f487ed1f904e7766745e00	459	prebuilts/api/33.0/public/ephemeral_app.te
100644	cde0380ccadcc396fcf383f9e93aba74b721b37e	371820cf05e03e147bfd4894dd0a864b2aa5a2cbcf7d11ac5a90a30cf0041eb5	46	prebuilts/api/33.0/public/evsmanagerd.te
100644	ed0c9356fa5fb21073ee64102c2e30f6e1485b06	93ff4d17a027482ac0edbbf80c1ed9062522bfcc83bfdc7a5c3afeaf16f00a9e	591	prebuilts/api/33.0/public/extra_free_kbytes.te
100644	0c43a89175f061f2fd407e2affd63c17a38f5eb0	1926b7320cebc74c2ea451c6cea7b7f337647a45710936e683348f34f01cc3f6	4121	prebuilts/api/33.0/public/fastbootd.te
100644	2bfa282facf1b9112e85b7a0d0205889a2f11cf5	e93c1991f9779de7ae397ce513cafc47ea443f8c2b59e81deb42d3ea9693126f	29931	prebuilts/api/33.0/public/file.te
100644	8cf24111b64281632996653d17bfb5081a3a42ff	3ebd6052591c08deb15b51f1c9ca765212fd30fafbdf943e576fb2bb7f6f3572	901	prebuilts/api/33.0/public/fingerprintd.te
100644	25a776813315030058b3079c5519f07d6440926d	337ef7670e382fc8895fb407ece6836c05d2348b9de9e82c8d36657eac2c94e4	682	prebuilts/api/33.0/public/flags_health_check.te
100644	1fb5d0d21957383e2c972e1d315c5d00ac80fadb	96853d151aa51b2cd794c1e0fc4efceb9cc2946fed2114d1353f03cac3081319	2365	prebuilts/api/33.0/public/fsck.te
100644	8510c94247754a1aa9703cc8e7bdad30cef1419d	8a2e747c28c3b881c23c33ebbf17681aa9e1e900c6e10bfb6b8fe3588060dc0b	1727	prebuilts/api/33.0/public/fsck_untrusted.te
100644	d48c5f82d4ca943c86ab7d7f8ac21e7b8fb702da	a2d54ffee25d30c2534b8bed88b85d30f5c24eacf335de67b4f60af92151081f	1372	prebuilts/api/33.0/public/gatekeeperd.te
100644	2c87fde5ee87630ae561f12deb88dd3f61c8dbc0	f79a4ef588cdadf9e5ed5d3f5565b33da56a5d2fda01edaadcfab1bac0199117	3643	prebuilts/api/33.0/public/global_macros
100644	b574bf39c124521c6f693cff9d0d61d623f465ff	b353de758a73f8393b06326829401ad63897e03052542d397f8c3a6f4f40c892	96	prebuilts/api/33.0/public/gmscore_app.te
100644	c862d0b7fa0d36f26c6d058dbdcbb144b1a427e2	795cd00de96637fc67bc769f6c02aae489951cbdb43fdba91add569d3fe80283	92	prebuilts/api/33.0/public/gpuservice.te
100644	6417b62890215faff687cfebbe395b6d3aa028e4	1e71a67b185d442d3852e7838d851a5b503fefd71d24498db0f6ba146310be72	321	prebuilts/api/33.0/public/hal_allocator.te
100644	51d9237f9e7bf175133508b347189e9cdc31f01b	940b0d289272cf72d262ba9f4db584b471a61c924b4a6b580a445b9b4c58fb5e	146	prebuilts/api/33.0/public/hal_atrace.te
100644	aabc884f86fdfdfcb6e8d8e2993f3f0931797547	9dd82a13f29c228f2a71537c25c748060b879281945ae26d8be822b5f8e33b81	1485	prebuilts/api/33.0/public/hal_audio.te
100644	6f45b0ebb38e0e6ca324ea373d6734d8d093f48a	07e36264f1eaf1efe0105ef35930f071b5a7e68ec63f2500e083f66b9bc802ab	367	prebuilts/api/33.0/public/hal_audiocontrol.te
100644	bbcdb9a33d6ee7cdc4d72bced57141d311f6638a	d959761d8434bcde7a66034a0afb037c09c8a00b1989db4da54225ea1afc106f	276	prebuilts/api/33.0/public/hal_authsecret.te
100644	97177bad7c1ff693faba40f53389af57d2cd674c	06bbe039612c6fdec3d286fce836d27e8bff269f903efa85983087cab9202a35	1179	prebuilts/api/33.0/public/hal_bluetooth.te
100644	a1f3d7fe427171c1aad7a7ed020bba5b18d98065	320d33f4e0accaeac2ed25bc500c084c8dc4fae146907a86f28df5e0d8686fa7	277	prebuilts/api/33.0/public/hal_bootctl.te
100644	84a25970f7acc139e481ab0a33cbab3724f2da8e	30f7d0947c5f10216dd0d245a5be6f86cf7ee820e4b724369b3eabe550f1e88e	207	prebuilts/api/33.0/public/hal_broadcastradio.te
100644	df70ab67439fb21cf672041631a83f7525388b35	74ac19cb19c358364a62b084d2365b63b5bf17d4768ee00c7d7fa8bc2e7db695	1645	prebuilts/api/33.0/public/hal_camera.te
100644	959d1d94a246e33c8e3e01a3520002cb640127c9	2b03d78741f7851f17eddb7030f1bb7cb25976984497eec6c127a9fc81344ba5	398	prebuilts/api/33.0/public/hal_can.te
100644	e699a6bac737acca643a88b2bad72f78dcc505c4	446543d7596422d13334c257dbb9d1c0625a8bc8fd6737199935a4df1915b3de	1248	prebuilts/api/33.0/public/hal_cas.te
100644	a379bb3fc1e736ae6158d37838560db082e92de1	ac34c9ff16f80400601b9b85d654a8799a1ab229e58c52d592f13b37b8060217	938	prebuilts/api/33.0/public/hal_codec2.te
100644	23b04c963d96986b3697bea8c807448ed20a81fa	54a5e5f48013389c4211e60b723a47f47f7b1794aa446f98f80e338143cf5929	2456	prebuilts/api/33.0/public/hal_configstore.te
100644	5d2e4b7a14dfe7b2003e3d9a626074a83a27e07d	0313e377d0178edd6cfcea6ad6cb684415ff6304fdcd4860ffd56a526a938267	178	prebuilts/api/33.0/public/hal_confirmationui.te
100644	14c2dbcfa23d7430c22d1e166c4e24985c4340fb	f67a622f1db9457d1339674e8781e61283d31bd1a795de1d9e3aa522d9707146	420	prebuilts/api/33.0/public/hal_contexthub.te
100644	92222c5ce3b2293b96c7b84ed365c823be2b6d0c	0fd2ce289019648f1524ba89a136eb0d46d8c8be2eab3e438918eceaf59c29fd	142	prebuilts/api/33.0/public/hal_dice.te
100644	72fa308c13970232024847d867d6a75f7d69bca3	719926b014a9ddc739c24167064794aec7f767af69bc3f52605aa3d9ee1e7e1e	1822	prebuilts/api/33.0/public/hal_drm.te
100644	aee283a5465eabb7db89975dbf3b41681dbafd3b	2a0d48b60fe60fe3ac2f1d929d3dacd9a1b9ff56e3f2ea2913176e1c4b73ee81	633	prebuilts/api/33.0/public/hal_dumpstate.te
100644	09a40d80e934bba87922943fbe00d16daf554350	38dc885bea924e2ad13ad43fc3c3aba49c3bdb72f9fdae2ca052ee6c663d3aa1	654	prebuilts/api/33.0/public/hal_evs.te
100644	0134576745054629af9e9157886d1a6309ae214b	0302b61bfd2504b5f2dcd76d2e9fabab10b8a4b993eea93c0e9b77fe7ab24340	594	prebuilts/api/33.0/public/hal_face.te
100644	444cfdad0f9a4db77c7a83249a4e40961731a36d	0c4338dbfb8cf0fa4388f2592ebea167ff8a45db5e764e76f898605906222276	701	prebuilts/api/33.0/public/hal_fingerprint.te
100644	b918f88a2114ba7d27cc51ade00a65dab8ecba2c	7b31b1794a27f3ce34d7d6def9fd3b9afba531e50a48c45d1a63ef7a2aa7227b	251	prebuilts/api/33.0/public/hal_gatekeeper.te
100644	832bc8d24efd143cd7759346f86297131dbaec15	2aa147080b24e77ca3c6762538b92778eadcf0eb85ae4cacd2ee079da5965a92	340	prebuilts/api/33.0/public/hal_gnss.te
100644	7ef27113aeaf7b1ec942c4c53669c99a96655372	dd3d96a1fb461b0c086b88b1254996188383f0c1b4be20cde903505187337202	1008	prebuilts/api/33.0/public/hal_graphics_allocator.te
100644	e99d45f74417f96e0219922e42b1e5e851eb2142	81e97408977756df7f736ec863bfb15885d164087c2ca270eeab0261c6a43740	1845	prebuilts/api/33.0/public/hal_graphics_composer.te
100644	5d7aff5ba263b826d5cdcb815ee81c5ddb9bea90	dc25f9ad74e643d69d5647f8f0b64f8e809e661d579fc2a5878c839ba98a6fb6	1249	prebuilts/api/33.0/public/hal_health.te
100644	4938a162fc70d4b1dd401f00bdd40fca13cf2d38	bb45de9ebb9d3a43202b5c2f0cad08ef7737c34220b692b4b3e18b06edd195ef	435	prebuilts/api/33.0/public/hal_health_storage.te
100644	8d558ade1753bfbe619d97c6f1ed302ee9883038	f10de9993da707b3fad29345c7e020246a61717c1811aba73debe810c89819b1	200	prebuilts/api/33.0/public/hal_identity.te
100644	70a4b7debb22772985fceadb2a8f294e79ca9683	60037898842b3ce1f014b11f0dab7efba7350d40dc36681e75debae6493e11b0	186	prebuilts/api/33.0/public/hal_input_classifier.te
100644	77d1d707aa054c35661cd3babeec5e8d6b5b3b51	0b3043f5d925f12b762a3b841fff15cacf2d81518f99567369cc12f2a3243cac	234	prebuilts/api/33.0/public/hal_input_processor.te
100644	452127a343df31f82f01343ab063bc175c1b7916	70778643ba639f318ce5e8d9033b9c640d8dcd0835cc2a2bd15353f48bd07e9e	277	prebuilts/api/33.0/public/hal_ir.te
100644	3e164ade9401564b97eb45bd63caa193edb8f5b9	764055c8cef10011dea27d45e4230191667d0d4615eac9ecf28bdf063007e5f8	268	prebuilts/api/33.0/public/hal_keymaster.te
100644	9c65e22dfed64c2a2fc12fcf77aede11669084b8	ffaedc460be0d7860757e84abb06767c7cc5aa9e65c6a00e1135723915294b65	340	prebuilts/api/33.0/public/hal_keymint.te
100644	40829b6bb0071f975372ea9746e4c2a2ff9181fe	15afe7358dd1267250f5b1130b232e451328bfe0f4cc26a963b652817737ba80	518	prebuilts/api/33.0/public/hal_light.te
100644	6fb95e9430cd6daddea4ba77dc359f3da500d4a7	fc3c294d40f40450b723e201d907a8cf545792e39858ab07e69e29a469f7cef7	662	prebuilts/api/33.0/public/hal_lowpan.te
100644	30a4480bd9823c6cbe24657f8c1b91a4e499e8ee	4ae73368aa8355b358cdf766a71eae3438374965b63ea6cad446df0c13a8d65a	262	prebuilts/api/33.0/public/hal_memtrack.te
100644	04d0b59a5a690cf3c504eb8b141832c413d61804	1108d199f334ef4d67f79061e3bc6f2fee9b7325c75c6b641f76872951d0e636	2206	prebuilts/api/33.0/public/hal_neuralnetworks.te
100644	e77ea9df07fef3d775db33c82b5164187d192e3e	15269ce3b92428262dc5a9fd65274bb29f9a49cb13eb21348be063c9df802404	3804	prebuilts/api/33.0/public/hal_neverallows.te
100644	3d0202b77a11be35f71c7d52bc8d41d7bf2ce0e4	ec4f38403a579711fe4be10597111769a901e2ecb758e1a1538c73a9af4a5ed4	430	prebuilts/api/33.0/public/hal_nfc.te
100644	1a738a55ba88e0aef50d0c769ec89a523c913c50	1a103dfeec0e56ea736a51174b80550bd0d92d1be56cb99468b20a94f2689d77	442	prebuilts/api/33.0/public/hal_nlinterceptor.te
100644	9f38fa55af13f2970c8eb286380be0a1344c7614	3f564c15bc5c47dbe260b8539ee6536ecef91a5442082d0bec5305d260f82e8a	255	prebuilts/api/33.0/public/hal_oemlock.te
100644	2611dcd303e869d19000a325db3c56cc604e57d7	d406c6bfb3ccc3e61c36116a8196bbc544267b4ada7118a36e4419ec0199b736	1996	prebuilts/api/33.0/public/hal_omx.te
100644	aae32a016150ddedfc145940e90d8dad2d238ddc	13b69f8774aecbd22f423085886b0a6463b30f2e9bf2e7f891004b45b0d999e4	350	prebuilts/api/33.0/public/hal_power.te
100644	4076effc9230bc8fa5f571efe9bd96b00281f0de	6b2522628b6a70ee8c073b5981ceea68495922bd05394796dc89f2be24f03374	410	prebuilts/api/33.0/public/hal_power_stats.te
100644	d16333baeb07bed620ddb7ef4ddfd46a0c71e23a	2ef81b20aabbd6b749d5d348525fec6a50194fc9356f1ead8746c870577f0540	203	prebuilts/api/33.0/public/hal_rebootescrow.te
100644	3724d35b0062562b32cffbfce03d38d9df59cbe8	0e9eaf455f8406db14b8af1399ea9fe15c85f78a4461683388a499e2cc326dba	259	prebuilts/api/33.0/public/hal_secure_element.te
100644	f25a2ea56775149e00fccbea64b34862f6cb0539	1cf7091c6325440cb3c1b59f3740afc1c972854c2010b1a3d4cd5e496b643721	720	prebuilts/api/33.0/public/hal_sensors.te
100644	e21796a200935850b973aa5663f91dca58a5b5a7	34929ceb8775627bc1a22d1415f07436efe22900f1989d603155dfe27e64ea73	2296	prebuilts/api/33.0/public/hal_telephony.te
100644	cf517236643321633dc8b1b2daa45afc88490c18	b07071f3c4c07ffec359a747a8383295822e0fa8b3dd0cf928d6ba402773de9b	434	prebuilts/api/33.0/public/hal_tetheroffload.te
100644	2115da1b955927297b97f3297185efadf50ca63a	568eaf7bd858a86a9be7164c22acf73371b316edd93a9c71157e72bad3cbd388	217	prebuilts/api/33.0/public/hal_thermal.te
100644	658490474a7903b440bccfb8d88bb873adb08b7a	ef14f252726f0664207c6281d6f95263c4a0fcbd41ae7afb0e659edab672c180	214	prebuilts/api/33.0/public/hal_tv_cec.te
100644	5a5bdda167d0d58fc4b07a73aac5d3cfb04d98f0	b1fd8d00c89a2b70f872fd53693c85dbcf34638a57d3de8460b701f02020d20f	226	prebuilts/api/33.0/public/hal_tv_input.te
100644	4b7c030db9f4ac244da34295707be5956910e92f	1b6b1d05c896c86f7701375f6d6370f04aa03edcae224014f47d6faa5008080b	328	prebuilts/api/33.0/public/hal_tv_tuner.te
100644	45cafaa6979537daee696df4a9a1de86e5e28cca	49b93c973f48915c4bb15925fd19e9f87e12b7e37440c5857549a72d68844a4c	757	prebuilts/api/33.0/public/hal_usb.te
100644	a474652f7a6a5f824885d3f21c2b9904503e483b	2142c8a0da57a574e89564598152522544bcdc134b1e5dbd79396925c0184713	567	prebuilts/api/33.0/public/hal_usb_gadget.te
100644	dc334fce3e2fc22086899c9fca4c7452842a3ebe	14cb7f4d83152dff963f02fa0cfb2d2cdf0727b4ef2ff757c6f1a1b5c21a3010	278	prebuilts/api/33.0/public/hal_uwb.te
100644	c9eff5596c452f9acb2fc090d7c9730a71ba911a	5ebbf55bf11aea24d70eae4b4cb2a567d6931479f27026cf0a3871eb998f2217	274	prebuilts/api/33.0/public/hal_vehicle.te
100644	c90249571539d0d326df79e2e6431a51be70c6cd	dc27a1e4b198ea517666d2e7fe38eb2e4b1d772d88366ce901cc807f7058883a	491	prebuilts/api/33.0/public/hal_vibrator.te
100644	e52c77fbaa3cb6d0edf418e3500be88dc80e3f9a	f268bff139189f9b6792177549ec697cc2efc96cc59c5856023b21d2a5261271	187	prebuilts/api/33.0/public/hal_vr.te
100644	2b3498992a688f9b7b6d3a43a8f20ad984e35e7e	b43d2a0e253730a5be19c4827d9bcc3a27c394c57fdc0c5f733fe4b6a47171b6	248	prebuilts/api/33.0/public/hal_weaver.te
100644	2e4fa78590c1cac9caf3130c40de1d06fc5cae24	8991783ef018548ef1a47f92cff520c8fc04885897944c321799e2f13100d328	1470	prebuilts/api/33.0/public/hal_wifi.te
100644	eeb72babb10aad3bc5c8baf29c957ef9d2f5a0cb	3650521204619edc0bdd6c045ca8af3f7696f463022f6c993a70b34ed792347d	1303	prebuilts/api/33.0/public/hal_wifi_hostapd.te
100644	b531a225b787af045bf9781e45c767cbbac647fd	67b9ca4f3704d122e3572eca4be93de2df2105afa9a58f4dea5142b0fe8dc97d	1702	prebuilts/api/33.0/public/hal_wifi_supplicant.te
100644	c5dcfb707a041578cad0db9a2a2767a5be740baa	dc76542d896798ef22ede80f75f6e75219be9eda159f37ff091d19e8d7d6e8ff	145	prebuilts/api/33.0/public/healthd.te
100644	7ceb23feb457ab6d24d06b346de45010d30adcfb	481bb07c9c4455c3a4ff6a862e1a6440332c6dfc23836d0cb3937fb553de29ab	36	prebuilts/api/33.0/public/heapprofd.te
100644	11b77f08bf4d34814ffdb6386f13b0e4d09f0823	aa33c4a2478a77822f6109d60cff1dea19ddd252beb9e32f2b105cf13f5193ed	6937	prebuilts/api/33.0/public/hwservice.te
100644	7ec18723318d7306485195c1249181f1ea001337	57a38c94e1ce144b2ff1d274139b7b6ba3573bcdc08059a847ef2a7618e3dafd	801	prebuilts/api/33.0/public/hwservicemanager.te
100644	f41f573eaec62a90336bed1fbd53edf070a121d5	8ff268a1d6c37d283da40d740177faa80d4edd9a5f49b26d2b981150cd42989b	1148	prebuilts/api/33.0/public/idmap.te
100644	ce57bf650869616b9345bfea957353cd5c2fe5fc	e88e9bb70da0fa5330c2bce20565e1a173bd4205649522aceeb6c55a6647d4d1	274	prebuilts/api/33.0/public/incident.te
100644	bca10186949e1d61c220806473161c2466b39806	89468b356967447722156d1b15333e6ccb59d4d4bdfb58f596f111828e607b8e	143	prebuilts/api/33.0/public/incident_helper.te
100644	b03249c88b92bdc9184e966d2b16523e1d1ff3ff	ba4d9715b7a0356427de0a9297260d5a3e4a14ab07eeb60e2d838f0ab382b71e	37	prebuilts/api/33.0/public/incidentd.te
100644	8dcdd33463199ca07ec68c9b855da66a69ddeff4	6efb0062566b2ae11c9fccc7570ecf7d2126c6d6676857bda10d84c2a6114abb	20618	prebuilts/api/33.0/public/init.te
100644	b62c06dbe7b544ab0e3ddb14159151c63ed53640	6d1f4fb3c393cf2de6de96755dd2cf12a81596c86fe8617f9407ef0290508bf8	407	prebuilts/api/33.0/public/inputflinger.te
100644	46796afa0ee40ff43112a603b703345423bd8796	7bf2b3d2cc32b776ca49a20c195e4f6ed21eea89f5d41a5156c71f245d880bad	8016	prebuilts/api/33.0/public/installd.te
100644	a3afba77186385103aadd476623083fcdd0fe20f	68aeacbafd4c58872dbb5666fc7e3f43ed5e806ff7792603f01d2b079e672942	117453	prebuilts/api/33.0/public/ioctl_defines
100644	47a51571552f700a73be1cc9e43bc506cfec1e24	1d0b97f51b1346c57013793d6da8649991b7c6fc87be7c2a4453107d8d161a82	3460	prebuilts/api/33.0/public/ioctl_macros
100644	6f119eedf96582e4995463337543d076d9a85bf7	4cd11ac823ddc65cc89b27feb5d518c7e44e978eaa5e7381e213ba3f5d583e7e	4132	prebuilts/api/33.0/public/iorap_inode2filename.te
100644	4b218fbbbf544e92c4dea9da3973f8b6364544a4	8b270cccb30d3b913c9f629fdd3ed553b926f8357585087df3f230019d48b6c4	2580	prebuilts/api/33.0/public/iorap_prefetcherd.te
100644	8fded0cbc44dbc0829acdafc4674fc0dfed63a00	44baeab307c3e576288e5cd667b1c802f69838eefc3b7c7029f31d3e860af701	2965	prebuilts/api/33.0/public/iorapd.te
100644	a907dacc2a8619268c80987fb66820143f9a0679	0090effd3fd951538e46c93b10dc5bf5749ce3d8878c27a9ab86edf07a5b5bb9	259	prebuilts/api/33.0/public/isolated_app.te
100644	09d2480eaa88cd49423dd88f0238fde98337825f	7cad182402508e1ad94de3aa7c5da37b91c839abcb9c652404cf6b31a9664ec9	5628	prebuilts/api/33.0/public/kernel.te
100644	e1c58a4f0864ddf232899bd1171b1b0b5edfb03f	a188a215fc1f04cf973ffccad32abf017d2d5c5d536bf8e8cd964bdbdb604295	1885	prebuilts/api/33.0/public/keystore.te
100644	3c35984874c76a580a6cccd65a7bf77ca691fa69	c6852e3fc62c7c75ee0e6653314107341bd0ec1730ac672c314c38289fb6e1cc	70	prebuilts/api/33.0/public/keystore_keys.te
100644	1faa429957ce195b210b6c5edbf83d42757cf958	db6b710f788a820208aa3de996801c18c357c675d01592484225809fed4c897e	118	prebuilts/api/33.0/public/llkd.te
100644	de6052da8dca115e6fa10ae264afd0c0d95f0b82	d4f983f64daf155c36fe8b483fc0575959d25cbe624c02975a5a34d54a69b122	2330	prebuilts/api/33.0/public/lmkd.te
100644	81871798a30e1eab24623d606eae1e7a704df635	3abcae25896bf568fed7214142330e107a23fd7fe628ac62b6122ca9f824b363	2469	prebuilts/api/33.0/public/logd.te
100644	c8e6af4e17dc68c69a45481f36306cf773b8eea7	e2b996502c74cfb6ebd671133074c7b4c44b17e109f23f5df7197d420b7a5e58	1033	prebuilts/api/33.0/public/logpersist.te
100644	ef7b065d875658cb229e0153d4cb5c266159d0e9	cb7f03933d1bfc8b6e80d428c00599e106b7cf36ca875314a4ff3890a20202a4	34	prebuilts/api/33.0/public/mdnsd.te
100644	a52295e2cb1c8cd211d53a1cad5cd811079c5f6d	87dc7d5d5b4a0db227584a62c640384ccb4bdbb2728e2d5b0445026c90421275	1162	prebuilts/api/33.0/public/mediadrmserver.te
100644	1315b8fc47f79e4092c2c72abb327faa9a39d818	26234a339620978dd234914641a50131dd34cbc3b1251274a6ca85d8d779c6e1	2892	prebuilts/api/33.0/public/mediaextractor.te
100644	76f819efb7e7a0f6b221bd78c658f0d115664f15	5b72d10be333bb663efd2800ad18c1ef1a3083feb2f06cc7135215f792c15561	1709	prebuilts/api/33.0/public/mediametrics.te
100644	24170a5cf177593ec3a6f398ba19a340210c0390	71ed6785e5c08b14c128db7ab08eb13c94acf5d00a3e7f71ab07cc02ec580f4f	161	prebuilts/api/33.0/public/mediaprovider.te
100644	621b6d7866f50f011583e9b335451013a1c36de0	9c51f229229700caaed237a52401e22b56f3e1b2a1cb28d5623b5e5ae92687e0	5394	prebuilts/api/33.0/public/mediaserver.te
100644	edbab03eebfc5920221007f273048ea92ff79d9a	c650e5ee55267a0e0f63df27467c4e18b4ebc1d35225b1cc200f9b8f81b42e38	1183	prebuilts/api/33.0/public/mediaswcodec.te
100644	420d038650f060acbb7234a46ff20ab9e321b38f	4a055a66d03aff618c6d633b7284d11c58d40c625b530a31ccc3e84a27c1ade5	31	prebuilts/api/33.0/public/mediatranscoding.te
100644	2c7d64b0bc406ba4d46f0184e93656fa81a9059b	76753078bdad134de7a0d32521ed0fdd68e648c7a36a4045eb745534745e6799	318	prebuilts/api/33.0/public/modprobe.te
100644	add63c0f56f2153d32e8baae8c4fb901428052ab	e9b6ed8fa8181b4b4eb7b986c2381be0b425ac203fec5d38708c40bb8c19ef11	325	prebuilts/api/33.0/public/mtp.te
100644	31c9c45bdcee473e401631d1178b12eba7467b65	bc35e006de0f239b5080c23b76ef0c1ce6a47a7404180e8922b2376a3eb9f7e1	787	prebuilts/api/33.0/public/net.te
100644	7c7655eb9fdfe1da169e58d2d333fec35de2d6da	89ec1e7fe8a11c9314b54d58824064621ab8c049590427b86f78bd1f4fabe11b	6355	prebuilts/api/33.0/public/netd.te
100644	27aa7496cab2c9a942f482a1a3822f516f9762c8	1e12a74a5aaf73b0b5d1c1d5be66604ca9ffa33bac07cceaa72ca47c2bf248be	163	prebuilts/api/33.0/public/netutils_wrapper.te
100644	feff66460325473e21eb00d3f06ff07308979e4d	9ce89979e92b695e139601aa3ff49236a15c8fb41d921af58858e6466de27680	56	prebuilts/api/33.0/public/network_stack.te
100644	59fa441d2a72388ef8d55a6b8c49f23073752db2	9843897178e91a592f65c3e17fe9950f8896b53ae3463bcf361cd8fdd74c1e1f	736	prebuilts/api/33.0/public/neverallow_macros
100644	e3a03e7968a3c8346c821ba3dc9a26cd5e8b3736	bf7748322400aa0169814beb1391490a3a54f766c860496e4381796b8c666442	34	prebuilts/api/33.0/public/nfc.te
100644	db8dd1a1e3ed1c21811603dd0ed4ffc73ad3a48e	7b39c8ca9d0a559dc9c5b3b01904b9d92b3d7e366f29fe9a52d34efaf71d7468	150	prebuilts/api/33.0/public/otapreopt_chroot.te
100644	cec0e6f09278d2e85d05b5c76715cbdb414ae8d6	ff13892d3e9c36d2f893db220babb69786ac7a6126d547645d1cdeb0da4c262d	35	prebuilts/api/33.0/public/perfetto.te
100644	d694fda9d03c50eb02c42d6215e29ef2799c8c3e	358e1fdab4c08e7153531eae63ffd2318616bf205bbec7c2ae245b12794111a8	1230	prebuilts/api/33.0/public/performanced.te
100644	9b1faf0f6a9149a5f0944eec43f0194a4aef02fe	0199747ce0a4d4281c3f1c661c30b7081e4422e9d8517c6cba4d5e17ca05dbbe	75	prebuilts/api/33.0/public/platform_app.te
100644	bcea2dcbf63a4bae8ef5c3991c5f2cd1df686980	5c5564a7558bdc84776e3fbe685ff1b2404f20b0544e8711086cce1b1ab44ed4	1720	prebuilts/api/33.0/public/postinstall.te
100644	b736deff5f2bfca18190469f559cd037ac10e491	4a9469aeec58070db7c6b9c06756b8a3d1a189b68720f058f4ff170cfffe2800	743	prebuilts/api/33.0/public/ppp.te
100644	0761fc30f88ff713c127b5ce3d105ae9072e807f	a6c5d1d7009cefa667f7eac56f9f069b4adb6f33857931e2dd595745542161db	85	prebuilts/api/33.0/public/priv_app.te
100644	743845282520d9e623d713bfc0c31cb683d5ac1a	e7ce82caf9531ee480f98d53c5f110edd8fea5c8827e64fd64c7ffb66c0c9c44	47	prebuilts/api/33.0/public/prng_seeder.te
100644	c014d79541998961e5a787ca1404d985b6df5e82	bbf240629cdd0d6187c8a41c563f510ba5af640e810c42d49011aa14b8f884b8	1229	prebuilts/api/33.0/public/profman.te
100644	b8e111bf51a9826f62ff256c52a34f263e42dddd	a22bb59c3af7e52ead4460bafe286da8e6923cb44b56af52b18e84d3f13d804b	14138	prebuilts/api/33.0/public/property.te
100644	e4b299e98833e6aa8720d2fc883648512d1d3379	a90ce4b03fd7de909d3892e15066b3497fed681f007a3104d63f100760530b1f	1145	prebuilts/api/33.0/public/racoon.te
100644	e03b706e98bc15725c48ae46a4c17a57d51e4c92	cace83bdd61897f1dad91c514103931d393e2367ea2103a769a7df65bae2e938	1283	prebuilts/api/33.0/public/radio.te
100755	324320bc19ac110ec6480ab9e21ac900fbcdeeda	991ae52100b7ffdbbb58cac23b4f53b19446f742992b03a9e78fca03682ccfb7	5990	prebuilts/api/33.0/public/recovery.te
100644	d4b4562019a1c8997ba4339b70295cdee15e0b24	ced3bced3290abf63a8bce038473ee3eaa111362cc465b1fafa6721b9426aab9	1065	prebuilts/api/33.0/public/recovery_persist.te
100644	d6870dcb2cca489eb36505d1fdb853e09d8488a7	e6c2a59c17f1d99cd547f417527786972979c72b2f9bb008b92b76b72a897b13	794	prebuilts/api/33.0/public/recovery_refresh.te
100644	ca9293439ae9ccc02da1b764fb6b9d3751308c10	362775cb1b2a62fe2fa304ed6922e4d2b1563ad9cc850fbe35af1b60d113ae2c	21	prebuilts/api/33.0/public/roles
100644	f92fd79ce5c8606bc5ddab3f33c6ec1599388196	99827ba12b73d8ba65bc66d90e86430128c963259faf170bc4c51eccf0ae3df1	50	prebuilts/api/33.0/public/rootdisk_sysdev.te
100644	16b6e9630647bd3827bfa860c1531364ef299ec1	7291fff34ccd560e4283b51f6088004488f665899531d657559229d929f52b21	83	prebuilts/api/33.0/public/rs.te
100644	163e1acde8f3df2b7763eea58467e23b51fef347	7f7ce7e68d4298827077e4576d5ca4ff38f931ff58f376c09b445c13752febba	130	prebuilts/api/33.0/public/rss_hwm_reset.te
100644	356a0190caaa9acb813b57f882b23d7d4cf70ab8	9101c0f565fc0e8e925dfce4e49d0b807d46935227a3ad08e09bfb9cce252e1c	1574	prebuilts/api/33.0/public/runas.te
100644	cdaa799c9dca37761bd00d5617467bea399adcb6	e4fd02f5279d6d0af85f7999921de938d6a9c05dd8f54cc5e65f11dbf6fd7b89	24	prebuilts/api/33.0/public/runas_app.te
100644	b3cede1682dc53cdf84876b781a47e8e9b456859	b5dd52e134625aeb1ecf534dcbb2e1ff4ce1aaacc600d6f0c6fb72ffbe041047	65	prebuilts/api/33.0/public/scheduler_service_server.te
100644	220e7d0be3f884b845946736a7fbca794c2a783b	12d5b185ac36cf742ddec1a399833a4a377c19b600df33e1860abec4df1e6a41	1663	prebuilts/api/33.0/public/sdcardd.te
100644	4ce6714f6eb264fb927a76641369ce910677ac50	5220e810e098a0c6cb6e3253e50bf736e4fe51d8af36008e130a29ce69a2721c	56	prebuilts/api/33.0/public/secure_element.te
100644	7c526a5f3300cb514bfefcf5b92de77f1de2ec7a	06eddcd78b1f41a9699e5616acab197c39e965aa954662d76c9174c35a0b9fed	59	prebuilts/api/33.0/public/sensor_service_server.te
100644	e862b405fe49e9a6519a13a5e14b3359f3805438	75c502df8713d79ca339958f56c4d90c41d346b4ed17a4fd6fbf96dc37903c3b	28235	prebuilts/api/33.0/public/service.te
100644	a8123388aa7b496a8285841ba0e88275f38d3a79	7f3bf5b21a2a1af2d22b681931bfdb5f53d827911397ba46a536ea51ab0d5205	1305	prebuilts/api/33.0/public/servicemanager.te
100644	e5a9152e2ab0d5120d932366d905f3ce10c8005d	55ea8108eb9bba3ed469744dee92102a8f52dee039ba04b73b454c36ecb6237f	1500	prebuilts/api/33.0/public/sgdisk.te
100644	6dd5bd77f570316b61be85698b9ba8901dbe2249	c6ac857886f25c0f0b4f0b95da1756edf7f2a09a59210cd2ab4e576aea88e388	104	prebuilts/api/33.0/public/shared_relro.te
100644	4175c86bbc4fc8df29586a7eff49d1d6ab38c4c4	16bd704d1cb894de924393db0d6c764442689de514d3a05bd104255651b319a3	7255	prebuilts/api/33.0/public/shell.te
100644	218fee77a83682af488dd95cabc3076a5a585218	52cd523b2f19ac15ee205961ab27780de9809dfd0bd0b11a5402815e3e801bec	25	prebuilts/api/33.0/public/simpleperf.te
100644	3719d9f4d87746e517e13e6d1802e8951939a24f	4cd4864b2db362173b65ceb9d65a9e0ec87aea25eed968d029bbc4b4cff1ec32	128	prebuilts/api/33.0/public/simpleperf_app_runner.te
100644	10fbbb8520ba234714c8277c0f2a659bbe37009b	3bc0f79b58d661b9653f63b815ebb0e5a7255e8087a79140bdfb4c2878283824	566	prebuilts/api/33.0/public/slideshow.te
100644	ab8e58a8e9a404b558b916fefea301fde7217b64	1d1ce4814346016d4b00d2b7da8313b00a3b065bb155abe1495dfddfaf1b6490	144	prebuilts/api/33.0/public/stats_service_server.te
100644	1a09586740df134d3e0ffb3910aaaaadbab5c6b4	991a29e44e24162fa6d9d6977e9b162f8b03619eb1838f13c187a2494476689d	2775	prebuilts/api/33.0/public/statsd.te
100644	832814048241c5a6f8e72c14c0285ea45edecbc6	24c0b4bb0f25e46d83413374fd773a4f09bf96e22380b2d8641d99f96f902bab	4244	prebuilts/api/33.0/public/su.te
100644	c1e4844a04339e022b75bf155a2510137550bf70	08c6fc8432eb453dc9bc9f2a395246e06a567c950cb2fe62fa06b39ca90af7c2	113	prebuilts/api/33.0/public/surfaceflinger.te
100644	023058ee0f0f2220e94101cdbe92fafeff4bfbfd	89d62acc300ea4f19dbc0034d701290b9588b9a55087295230d4bba16724a1c1	182	prebuilts/api/33.0/public/system_app.te
100644	cb7f2885797d0c9c51fcfb4af2e184be0e377013	8e803df7ec0b1a3a644915d0df8ed5b0f2caf503d2f3219175eaf9b9dfa6405b	435	prebuilts/api/33.0/public/system_server.te
100644	67bff770c51ffa8a719678eb4e9cf9fefa8e1e24	c2168c4cdb488b6b5c53ea35c56ed7cb2f3be57ab3ddd24fb2dcc7d81140a761	466	prebuilts/api/33.0/public/system_suspend_internal_server.te
100644	8e8310d5ed1d3b55b5987bb113e18b986577d233	9c1b878020c03a12ef939d258dc8f79f6fdedc854f5277cd796873c084337583	225	prebuilts/api/33.0/public/system_suspend_server.te
100644	58d04b45dd7c1a821c8f7cb0e36285ce391e03c8	ce32413e5cd4f22e53a2b511221bc0d9df347c54c5d5993ea244a90815cd0b89	37355	prebuilts/api/33.0/public/te_macros
100644	0f9b32dc9d4cb095f4ea361e39a52b09d0c01b29	6d0949f78056f251f8be5bb3d2d212cd25c8b28ba64dc926e29998dbe1d75c57	261	prebuilts/api/33.0/public/tee.te
100644	ea2abbb75230146c32dae2ccdc0318fab10884a1	66782d7496d1206a1a19ed56c11102d86d2c06c2b6af24f82432b359d42d977b	711	prebuilts/api/33.0/public/tombstoned.te
100644	4c2cc3eabd5c14dc060039c816d21009e1f9e335	02c0e9c888ba2afa6c7f1c467ab1b9d733699bee08ec6afcf5f2e915d4490ca1	1464	prebuilts/api/33.0/public/toolbox.te
100644	922d46e08daa98be51aff000f8fb91e1b5674b29	874b3e00dd1e1fca9086903b364c419aa3b35cd2df51d6df727c51e5c4fe4725	83	prebuilts/api/33.0/public/traced.te
100644	f9a0324b11b128cbff031563e09c3de8d46ecb07	ee32234a4a1c9a2bd314744db72bcd38470cf06e3977d29bb8c04166bd2d80cd	26	prebuilts/api/33.0/public/traced_perf.te
100644	3e587c8efb8210d50a822854d939ae5a5cf7112d	358cfe8b86556384b74ce5a75b667c08aa773ac9f9c635bbbb92dcbf11475a5d	59	prebuilts/api/33.0/public/traced_probes.te
100644	1ab150db870a7feaac61048267bbd7b11ee928f0	505ea6014392f1088e1b43aaa241c5f9ec1656baef5f8bbc614fe13cf6bfdb42	708	prebuilts/api/33.0/public/traceur_app.te
100644	cf9b95de9e3b5a9652e702875f7dfbabedf90cf8	6e94cf1fd52b8ef6f0494ceb01475ba24fb903e83775860584cc10029268bde1	1055	prebuilts/api/33.0/public/tzdatacheck.te
100644	4e3c7c2053e7e9e1f3ddd9a0f1b55ae6b65e6ce8	f72875d98201deafa2304a37a18ae53d34883c5d4afd92055952a708622aabac	3139	prebuilts/api/33.0/public/ueventd.te
100644	3b04671b2778adbfec333e986f9c83548e15aaab	4cfab7a02a5051c44ac90af4a0eb02cb05dc4975b100b06f2fd5fe816ab8cc33	1333	prebuilts/api/33.0/public/uncrypt.te
100644	0a67614301fa10a6d87f460e13e9ef265837ab99	1f6a342dbd0dce7ee21d4af22e5d83f371868b48123a2fc88102be8931e12057	1493	prebuilts/api/33.0/public/untrusted_app.te
100644	ab7090bbc6b793d664809eaa615b17f8a7f13f00	d1f3fd52ee1f4360a1d9cc7074b5ea8e0e2637fb11575b9c926c9c73fabaa155	3070	prebuilts/api/33.0/public/update_engine.te
100644	e8fd29e41a85d4c3b3ffdd068f7fbdb23c238dbe	ee86574b0893182b974a41c59db8eb62fa25474ccce5f4e47784b1779a91495f	4120	prebuilts/api/33.0/public/update_engine_common.te
100644	68b43f089b28eca696a94c0d84fb59d42a94df1e	50dd9778cd21e25316e992ecdd529e47f2c5e38286b1c135b2ecb4413fd9b6e9	1217	prebuilts/api/33.0/public/update_verifier.te
100644	6f349541b3212ca1bc5b817845a7aef7c6433c66	e8a017999bc87ae7ce8c77a7b90c41566151ee3ae64fde824cb1f70799d96750	75	prebuilts/api/33.0/public/usbd.te
100644	9974f36dcd58c10876272e0efa58dbeb304d10b9	488bd34a016274dd32e373d30c1b0b7dcd6efb281ed189302aef6a3f3a9184ad	50	prebuilts/api/33.0/public/userdata_sysdev.te
100644	dfe688837aa326688facdaceb4769cd2481a85bd	8ea9f492db8c42afd1a08f465ae433c7ab8da702323cd8b21cd532b0e3192021	707	prebuilts/api/33.0/public/vdc.te
100644	1e221aee376ed8aabd144b319dead734a23ed413	843212baf5ed6e3cc3b09157e831250a20c5ffec99ad20d8e5e0ecf04c66be70	9952	prebuilts/api/33.0/public/vendor_init.te
100644	3bc3a9f673f5a4023d21ed5092bba1a7498f7e11	231c2a406e6d113c7bf5dc9d88562e39d26c6c8ac616aae59e2e8cba7387dc8c	628	prebuilts/api/33.0/public/vendor_misc_writer.te
100644	529c4aa27b0fcd28ebc7aada80064e46be0923d8	52acb1cd64e6150b9f16ae5578a6f0565d390a9d0cd9fa1f2bb11ff273d5cc49	30	prebuilts/api/33.0/public/vendor_modprobe.te
100644	5d7cb3165156918285ec1ddc6983c63cbc6af945	981bc7166e9c40b2c82d83829ff417561798aafa5667c912412b79321cd0e622	872	prebuilts/api/33.0/public/vendor_shell.te
100644	63f938de12887e5e07e9bb0778c041635de396d2	43dabd0b98aa019721b4456405ff0000a84b39837f824894b9d2d25c6aa6efb4	599	prebuilts/api/33.0/public/vendor_toolbox.te
100644	49c87044c42f24f4f681df42256fb43a2e0ac367	78eabfbbb0f097249bd988c3b1fdc503b69f49cd954ac9f02c390e8c91dfa1bc	613	prebuilts/api/33.0/public/virtual_touchpad.te
100644	efd9adf92096f0e52b7323445a249c9eaadba9fa	d01ab2fc8822eb21bb8f9ce74e73ac5c2e66a69e7c3661e83744e26f73a9097e	116	prebuilts/api/33.0/public/vndservice.te
100644	6b9f73dc00b51adcf9a2f31713e285c009490a78	52a27877172447b87eb16cd611c960ade67420e2c4333d21ffe1c254d158e9ed	102	prebuilts/api/33.0/public/vndservicemanager.te
100644	b49f25f98cedefdc262b8da133a88061c940f6c6	f6d1a3c8e300d262f9f9a4d35f90be457e676b1c92f84557916344ab87f89fdb	11548	prebuilts/api/33.0/public/vold.te
100644	3087fa861bbe04b61d93424a82adeaa40b25ffa7	b8ef783cb45e03a332b890381f34eed651b226e942e8700cb48d653d55300a4b	228	prebuilts/api/33.0/public/vold_prepare_subdirs.te
100644	72e3685646bfa523ac4b2c4ef801c6142180158b	e509a80eb8b62689a4a8c985638a3f57e684436ab759580adf38cf05ee29abc2	247	prebuilts/api/33.0/public/watchdogd.te
100644	ace3a013e11bcb767476c4b9dcecbbec6aa973cf	9143395295cd20ae1a38d4c42173d1eb2fb0894496f7c6d2e96b3e04d901012a	248	prebuilts/api/33.0/public/webview_zygote.te
100644	98db0d72826e253c570d97beb1b407d9791d0331	2ee447391637958f19f49948c220787cc15c92c539e75e61eaadae3835d2a96e	1548	prebuilts/api/33.0/public/wificond.te
100644	8ddd6935d6300dbfa909b6b6a8b43d4c1a55a89d	e881b8c1524455d03ecb2b12a1190a10fb484beff7a111b069594b1d1d1e26de	1176	prebuilts/api/33.0/public/wpantund.te
100644	071354e828cf32b1556b229c732ef1eb74970a6e	d845eb52d49bb388b34b0f30625f1ec91566733857644f8c5da826c3d20228a5	118	prebuilts/api/33.0/public/zygote.te
100644	0e74ecd6423402e000227ea8b7e25e132c9e5f49	cb7660390c45ae8a1691aa9700421584571b58b1a76e4d16c8baa9953623c990	3053	prebuilts/api/34.0/Android.bp
100644	adb3a614a6678b739128db74a130ccb872529b8e	8ac253a1da233f0f5a99c6e1144f607dfe3c56526856e2c3a27524dfbd66f5ba	8910	prebuilts/api/34.0/private/access_vectors
100644	d72d5b118f9c721d03b3ec7942f5817d15afe348	055d6f70322656a6cac3dc512d7e53f2a6fd05c9764346de1aa33111669d7f1f	7970	prebuilts/api/34.0/private/adbd.te
100644	33efde06bcaf0cafb387a051048e1bb6b56924b4	e4c895659c59c2fa8ceac7e43986903e7e57f114b023b2904954692cadc248ea	117	prebuilts/api/34.0/private/aidl_lazy_test_server.te
100644	f1bc2145eba91d9c0e9dc6e4a3e4a688050c2dd1	c8a97894383d5da71504f66f201ba9f0ef8239204bed9c6f842cb149e5dcdf7a	647	prebuilts/api/34.0/private/apex_test_prepostinstall.te
100644	b74d4ee63dc3ad9e5d341cfd2c8db22f43bfd9f0	0137401ac89544a36f50f22f70a5648f345cdd00057e16609d21291b448aeeaa	8903	prebuilts/api/34.0/private/apexd.te
100644	d4c5496b70a4f965a821379ff5d6d8aa12719ff7	0fdf35254123a895f45f1977aea63cb7335437d53532f91c02be8b95f921b51b	415	prebuilts/api/34.0/private/apexd_derive_classpath.te
100644	6914fd3ea2c0bfef6562404d49753ae2ed4eeef8	80f9c40c7df926770ef171a488b331551c33e42ab5ef2a4bec52786bf0022b1d	22670	prebuilts/api/34.0/private/app.te
100644	ea10df5e0c54b9df9694164e2c57872097aec677	b55ba7427fad082c38e377c403d6ccb9f961471cdd554de2c4f1cb8d59c63072	12622	prebuilts/api/34.0/private/app_neverallows.te
100644	6552d630996db74d9cedee96b022a50769ae1cde	d2effaa263b8fffa182931b92389552a23109848d21487686f4c182f8abd74e5	6038	prebuilts/api/34.0/private/app_zygote.te
100644	1b088d61f0c1766d38e8703f9d0b02e9d23a358d	52baa763e92c0563d09b83f73b4e71b1ee08138baf5168d69e3c5d4b4fe893e9	341	prebuilts/api/34.0/private/art_boot.te
100644	ef54d8c4db4d10a1c4a3d1458c82f3559692043a	ee854a906c12b57564f3613e3a2c5a3d76da43184525aa295c663c93cf3b8ddd	5815	prebuilts/api/34.0/private/artd.te
100644	69bcd501099b0e394a36b255fca53fd4effed6d5	cf8af7108d5ea8f32a024ce47cfb20f33a724a7c4763421a55c818e8d4cc54a1	398	prebuilts/api/34.0/private/asan_extract.te
100644	50ab392bf639f2106ebdbce915d1a73d79d10fb2	39ec1eaa44a40e85b172e3c60564d0c8efa6ab2c29d94b7fa104f1fa967539ee	2646	prebuilts/api/34.0/private/atrace.te
100644	fe50b0dfb436c4b7b14fb5666a411be7ae4fc375	63c152847bd906c20c27b57862ab868389c8d96414e2f1be9cf4a5e21fac8356	642	prebuilts/api/34.0/private/attributes
100644	7a5e8bcf0d5efacfbbcf44e3a993b5ed4ea1c772	7bb0c703c39abc97e26432ac90634525ab91cda32379f3b8fda6a5a2d02e7f15	4139	prebuilts/api/34.0/private/audioserver.te
100644	f634d3d1d57f5e717f14b15b8f849dec68d161d0	7abdedf0f6df9b9d818a21e610b2580e7ac8c9e613f79dc1c5f4966f20edbf67	589	prebuilts/api/34.0/private/auditctl.te
100644	db20696a60925599060afa9369eee098b2fa10ef	f369086885c1b8be9cb92f4b8b91473e9adb1d701e8de868933eaf61d67bdb2d	1721	prebuilts/api/34.0/private/automotive_display_service.te
100644	fa9dd7d1ca8829e9d9ac9c792a09325ca4c1900b	9f114ea7ed1d6f87cc675632228929db42589e8fa4caa37f1880c387b40ac42a	1256	prebuilts/api/34.0/private/binderservicedomain.te
100644	20d50cc5715951dde1227c9ce9859496e0c6ff3a	8d034b027310b0c074e9e009242e93e8bb338bedbd6fd83abc7e6c5058d907cc	231	prebuilts/api/34.0/private/blank_screen.te
100644	4e972ab95d9168b08d01eaa49190758b7ae84b62	18c88b2e9292d78a6b24b559d3c63e7484ad4028c2aba98d5a17519b8b63bb5f	721	prebuilts/api/34.0/private/blkid.te
100644	125677157ebaadf6fce40e245c85904008103b13	537d7b18964f3c89f911d6d98ac239963941f02a8903933dfac4c46675f8c4d1	1100	prebuilts/api/34.0/private/blkid_untrusted.te
100644	0b001e281eed3093fd040962c9454fde0c147486	20bed3c8a6b74bef8de5569f535a4023963298f1b0b8f9e855e9fcd27ccddcb3	3765	prebuilts/api/34.0/private/bluetooth.te
100644	fe4f0e663e6ae203381c9e365896f87f919399b2	a9cc20171e4db59f3a38a0cdf21d6e9f38c7b227152eac557d9d6b7b0618992c	167	prebuilts/api/34.0/private/bluetoothdomain.te
100644	f4fb0bcd8a37c97378f9f47e01cd51629015e567	eddbd2810cc8248f434d5cecf929d55c70d02cd689144459f7d3dd12cd2ee8d7	524	prebuilts/api/34.0/private/bootanim.te
100644	016292ed31e23c24e69160732a3e3feca1805ec8	382cc7df8c24f1818c0aa272f92a070b177d5fef0ca56867062b77df529be5db	1006	prebuilts/api/34.0/private/bootstat.te
100644	50fc1fc1c18050810a79b52b0f128f7f850f812f	bf0aa8f1cb59b85418604f805456559aa15d23d2427160f72ff414dbbeb21f52	3639	prebuilts/api/34.0/private/boringssl_self_test.te
100644	7c8f5c0751f31f8592c50fd6b77ddd0b01c117b8	c7f88bc5eb4274bdef4f42acf01c2a1c250ef349f5909049ea96dedbe858e7d9	806	prebuilts/api/34.0/private/bpfdomain.te
100644	eecda30d62523e640951decdf3250237b63c6b3d	0b6a6824f5f6c9734658d075dbf8248587ce9edd64088cb61d430073d59e63a9	3827	prebuilts/api/34.0/private/bpfloader.te
100644	012eb20270cb536f73ae5c02e199a76706106312	4fb1124b4805ee7af1e2f9b6dbe81b03682fe9a1f5e38aa4c805f45ee11e8375	69	prebuilts/api/34.0/private/bufferhubd.te
100644	0a1d741ad41a01cae8b6a1b74f29b02c534704b6	94103e437957ad8f5779baf629bd6c7bd94ff092965f39bf18152ba7ecf249ee	1322	prebuilts/api/34.0/private/bug_map
100644	96d7dbde43708b66e71933f9132a8ae96ae492b2	79b0af605f207673eabb8fc256291dd3ee95f1f6667fe0e88d4e2980b5592ce2	253	prebuilts/api/34.0/private/cameraserver.te
100644	5673ccd3d223ddb77abdcb7641950fc0564b6f77	4c3a133bc4a1a3ccf69e7ded825473dd664c3a47a7d2031b625b132f5343f236	411	prebuilts/api/34.0/private/canhalconfigurator.te
100644	c5f3a50a54699965d25889c99a9c8761fa56ada3	33006706f195d242321248b050443f87bd67f6d626b480d617cfdad035d89976	552	prebuilts/api/34.0/private/charger.te
100644	36474966da17e03390f36e1772a02dd047a05ab7	9dd694eaacb59fbc92349e6f50dfe497356e70d846d61593d5008e6dd90d125c	997	prebuilts/api/34.0/private/charger_type.te
100644	cd024a78a295b6e04deab3cbf76548d8f712293f	4c2d6e9fc8f112ad6110d0841e09d4cf7cb5c83af6c4efbedff57105b49b56fa	366	prebuilts/api/34.0/private/clatd.te
100644	731568723c7c7d018cd3755b74662437e46cad86	e2ed581ff4f98379af6d719624ca333ba721048638dee56782524b5dfaca5afd	109652	prebuilts/api/34.0/private/compat/29.0/29.0.cil
100644	0bb2ae8380faaf11e0453795c08d7ab56b12067a	f4946f88fd8b113526daa3f40b04c5836ce52d61dec716863b131b141472a2af	1003	prebuilts/api/34.0/private/compat/29.0/29.0.compat.cil
100644	e40888dcc5ac274ccc041a6a52606efab17fbe2b	18fab6a87d34e179a46af70936ca0877469c906c90ff75b1a3f262b6afdc1002	3487	prebuilts/api/34.0/private/compat/29.0/29.0.ignore.cil
100644	83d83ff70a76b80641e5272ac7ccf64ba00842b3	cf3f9060beb33a61808a04d06d7793df4864bbf2d533780c9315023a2be9fb3b	124796	prebuilts/api/34.0/private/compat/30.0/30.0.cil
100644	b8bd755ca72489509b33959a551532304d5998aa	1175e95bee74172cee330fffd8b341a641cfb3dd7229bc618649e87d220b58d9	1059	prebuilts/api/34.0/private/compat/30.0/30.0.compat.cil
100644	0a3d2e9a3ae64fa0dc5120d1774da00a52717a6e	a909f9ea59028c617ee3567db3d77a28325a0af9266136ec42636b2337be2284	4041	prebuilts/api/34.0/private/compat/30.0/30.0.ignore.cil
100644	b0df31447d2bf119f11119abea6d001b0c3513a9	f591f19de00982ca33f01660a98bc707096375c7d0b225cd92c2e07e70403df6	141059	prebuilts/api/34.0/private/compat/31.0/31.0.cil
100644	787c92a8c1b0d3bd5b0b9372bc0ece8a71f10335	adddc30714cef2ec2beb4eecdc24df86acb145e390a708bd2ae5ac41b6fd7630	156	prebuilts/api/34.0/private/compat/31.0/31.0.compat.cil
100644	0e39f3ec35cef11048a761b184b7929018273270	336b95a5af90221128157f6d73c24b4aa0338c6cef50fc655e153c7b3e6435ef	1397	prebuilts/api/34.0/private/compat/31.0/31.0.ignore.cil
100644	171f0ad2c7d3d3689e86d3984e3b4e8f3c524ff5	868925c095ac11aa1542b7633630de31f00deda5dc4dd16c004d7bd93e5df20c	141236	prebuilts/api/34.0/private/compat/32.0/32.0.cil
100644	00ac11fd9c8ca5686b7f99ee88236c63700e7742	59648b120ec76f9e4540b9d656e58a353ead9ebac3c69be778532354f84d0c9d	156	prebuilts/api/34.0/private/compat/32.0/32.0.compat.cil
100644	43ce0a1b623aeb7cdbdebd0607a1210fffe82152	7b919e07f9a8fac5de80f0c16b220de7d6e76210f64d486253ac56d07ccea4ac	2284	prebuilts/api/34.0/private/compat/32.0/32.0.ignore.cil
100644	8fa3985a26a39f50b65b5857020c93822bea4b67	6824728fcfac629e31f6754a08cc69b81d51c04166e452ebde63b74e0a906306	149888	prebuilts/api/34.0/private/compat/33.0/33.0.cil
100644	53ee8ff9cb5265b3b70317d737205c901923c736	526d48f31c919a7b392fdd86ac596eae2b26bdbd4a35e818dd3c920335ea29b8	156	prebuilts/api/34.0/private/compat/33.0/33.0.compat.cil
100644	201c565693a1b74697d0ec161610b293081b64a1	26d7852b57e1a22637955de46dff8f54384ab8eaf730a7cd934eaecbc1a6e3df	2388	prebuilts/api/34.0/private/compat/33.0/33.0.ignore.cil
100644	01504eec8dd3686b14407a0369bdd2cdf9fa1380	583f9962741d277a1fa0bd702d204578a0ba9302f9544e379f28adc24cd9b437	1120	prebuilts/api/34.0/private/compos_fd_server.te
100644	5b3615eeac7359d4ead6ea958263076078207702	283a5e68e038e09f63d7dca84303e910e171c31197f7330a719ec5b8c6145299	912	prebuilts/api/34.0/private/compos_verify.te
100644	409b2cb4c57fe048b4a3aac953676f90571b5128	c00628ce268c002f97b6f4aff3d68c5f97f85ea72e2ef43f669583e988e8cf8c	1659	prebuilts/api/34.0/private/composd.te
100644	83930a50a804a56a3c7dc10fcae4d85f41ffdc25	14edf0e075f0eb9d7f11f7d2d1865adc1a95b0342e88cb7f939e0240116dee5a	5918	prebuilts/api/34.0/private/coredomain.te
100644	1192ba676ee7fcb43ad1ef2900a82cd0a0c27c24	4a9598ed103d1defb7e9e8224ad0d9de79105cd6ec84f42f787947f6547f290d	1240	prebuilts/api/34.0/private/cppreopts.te
100644	60962cbde82b1d3d10d778a57ec1dd7aaa0b2eda	f0be5ef39023e81616680f44e72e77172f512210456e440b03872aba4ee1c370	1221	prebuilts/api/34.0/private/crash_dump.te
100644	02e87f7146225ec29a7d40e3f1fd80a99fa25043	459db33c96f79d42275f10f28382ed8f8e08c31977b65085eb56421dcb9cbec4	407	prebuilts/api/34.0/private/credstore.te
100644	f1012b79b7190e5f7cd3afd340d34af7c691c7e7	3cc526a760f55b9b50a760eefbaf2e0ad4e10778293854067c92e15903ccb877	5604	prebuilts/api/34.0/private/crosvm.te
100644	2299ba092332b40c3d11f7de9c172e40ac35fbff	c2dd215c76687eccb5f189617e45c523a9189da613da3da074e6ba9b15231a8c	1003	prebuilts/api/34.0/private/derive_classpath.te
100644	f46c614fadd5491096ab2d0dfe5b3a550e04f4d1	31546bccbff03dfb9430aa8f51b4c8b5fe8a2676cb27083c3aab8da84f249fc1	865	prebuilts/api/34.0/private/derive_sdk.te
100644	98c91c2f9a9544e0a458fdf5bda7b4233b3b7c1b	764b83a91dd15c7499e1ad40e721996144f4c52c4a4a339c28da42c17f2ebe8b	831	prebuilts/api/34.0/private/device_as_webcam.te
100644	6ada2e23b1ed73b465b5fe12abe8afe199e9e8b0	94718c25f45a79683981c147d0eda4606cfa73c1b73ae51e7b15c8a5eeecb5e4	4315	prebuilts/api/34.0/private/dex2oat.te
100644	ca715c1924e26cfdbf8a52989b045d4a0ead30fa	ee2a2545607315edf84ba4e9a0b4b46128f33578e2c5545fcf8c9faba7223416	2539	prebuilts/api/34.0/private/dexoptanalyzer.te
100644	8ec9111d63af55648cc52c7a02ee9d785e06f84a	6bbc07a1ab43a5843ce2e74ce328cdad071acdcd494660028d4fde58a3292d03	183	prebuilts/api/34.0/private/dhcp.te
100644	7a12882869104dd487555fbcb7970cf0a8657c19	caf173b2f7f7594d6d8b7ef4c769a8c38d10bedb9a735b4764994500180adb08	507	prebuilts/api/34.0/private/dmesgd.te
100644	96084b490a08b671853cafdbf5762b7ae1c5118c	434c86e9ace194b3fffc0984a197d370e004836c1dd97f43ca68b835327114bc	34	prebuilts/api/34.0/private/dnsmasq.te
100644	f98a285cbd41675c672c34d2bcc1ddee37f5c125	99a0c4134542492b83ad75d4e6a075a53a6c07f040194367d35bf9dfe7d4bc4d	22323	prebuilts/api/34.0/private/domain.te
100644	8449c3ec3fc572d3a5ed452a854974933cf9834e	e4fb3f1ee2d57240e31d24f3a196a28cbada8ed9d5a42d70e5733d2c94006a06	233	prebuilts/api/34.0/private/drmserver.te
100644	b3697975c9e15350fdd0b8ac9fd056d4fd181f17	0e843f9b7544a2318d6b539ce0cca7f346ee5122863577b561dfff8fd9832f18	4347	prebuilts/api/34.0/private/dumpstate.te
100644	9f2b1d524a6ad9918abc408579b90380072b99e2	611cf7ec18f514d5404ad4eacaec718d2e9f3e19efb8ea57bae83039c3c7bf63	3415	prebuilts/api/34.0/private/ephemeral_app.te
100644	37726287f8282a5187b43c8b3a32cd7cdf4a545b	23b0dd73fc0a42e2696f4dbba046fd161f1d5863784f15a54a14ce9ecb15fef0	1121	prebuilts/api/34.0/private/evsmanagerd.te
100644	d210884d8706e81eced33841d169cf2ad6fe283a	a77815eb11a18776d13843f85a4243e7cb0260a1b8739a1cde4a60ed23352f7b	200	prebuilts/api/34.0/private/extra_free_kbytes.te
100644	a189d2353d48cb3fd34093a5e45f1f007ff0bcb4	d7d97b2ea1b196d83c67a024ce8bb2d3b1015929aac52186c09a4f38328f0322	1927	prebuilts/api/34.0/private/fastbootd.te
100644	f6781b0aeac84129659ca0139effc44ad368f5db	0a56f93ec98a7d50aee53928949134f97f51a94e62a45bd399a301a1659fa0eb	5802	prebuilts/api/34.0/private/file.te
100644	0caddf25b90319663cc9c5684a2590658a8c4a3a	f3816d93e0ca0a68f0b78e52f94e67b6fb0b21cb533d8e3e0ec7618e1bfd9c41	48252	prebuilts/api/34.0/private/file_contexts
100644	fd083c22183984cc5578666376e987222eb30a26	cccf6d8b75c1d75285302af8a6569afb39999aabcf898088da19e3cc41ae6be8	1096	prebuilts/api/34.0/private/file_contexts_asan
100644	e472fade565924ccdc1d43e23d8c3908c57f9a2e	9e45850bb0bc23086295a61242a86117ef6190cf45492c3e37f225cc788cf45d	510	prebuilts/api/34.0/private/file_contexts_overlayfs
100644	eb73ef8ccf9a3129f5a635c3f390d1177277e6f5	1499df576556d71a156bc07d86a7dc37508acc0f038a709379188ba4379a3ff4	73	prebuilts/api/34.0/private/fingerprintd.te
100644	390e3cf5c1a8a3f94ff810c93b7678fd5f053ea9	4f43c048c6a718e460211ef7782b3e7e2a91fe5187ac6ca5ea43ab5d91298a81	2936	prebuilts/api/34.0/private/flags_health_check.te
100644	93d7f1b24461e533a62828687cc263752b0a00ec	577777c76e1b96947e37ef3d6b37d380f9dca0f4bfa56ff04c4c67374e9e1265	1055	prebuilts/api/34.0/private/fs_use
100644	f8e09b645d4165b61be2f3b7d841ce0a420d5dc6	484e616c55adb391efe905ecafa51a82085fe8d20e84e60641150453e69ff966	115	prebuilts/api/34.0/private/fsck.te
100644	9a57bf02771bb2a06bf59d5b0a922e96dcb81aa6	a487f15cfd8d2e8ee93353da0d766f5f86b62b115de5e2d90380a561d94a6828	41	prebuilts/api/34.0/private/fsck_untrusted.te
100644	2e5089c797ad25f66fd97af99ceb8b75cecbdd89	0bb2ad0382dd47d1369d40d89b589d8b33bbc643749a38110e867ab129c2e392	919	prebuilts/api/34.0/private/fsverity_init.te
100644	4423913d0663ab3a5102d3a9f0be72db8a6c5455	0192fc6d4a5b0d71a40de03182369ea2daa238ff45720bb535b89e0e6f2be970	1188	prebuilts/api/34.0/private/fuseblkd.te
100644	b99a49ca8ad052b8a41864903160613219f5ab66	6f9257be7355451846eb89deee678c005afcb580954ea2485c6b3e9b607f81c6	3200	prebuilts/api/34.0/private/fuseblkd_untrusted.te
100644	5286f3e5653d9d1c337d60d9828bd7e2fdfd0c06	4ca64958a5d0c0b169b5f806fabed5129078041e7131290b1f8e426dbd01653b	252	prebuilts/api/34.0/private/fwk_bufferhub.te
100644	2fb88a3bb28f55f12c2d318fa421f15094d5d6a5	a73899aabc4b507591c02e8a95e3404ebeef82ba7166fcc436c61865cb3c4e25	143	prebuilts/api/34.0/private/gatekeeperd.te
100644	759ac383fa2759feb411f3c43581192751519e85	f029c1bc4405c66f45b3b427abf61515cdab9a62072abdd85f13b65a6e3d3715	32565	prebuilts/api/34.0/private/genfs_contexts
100644	11553893089716670a34fb974ba9d0129b972c99	eb064fd9067cbaf2ef6cb5a14d9283d8ac799bd00d098c8b4442ff173c81d8d9	920	prebuilts/api/34.0/private/gki_apex_prepostinstall.te
100644	b662f4fe5efea949342444f0b167b9bd9069a1e3	44921a95945f9904f576710003b687a4178c69c1e23167df292836a9e2033674	7863	prebuilts/api/34.0/private/gmscore_app.te
100644	297a876a89c3113949f0660ee37459428a2c1f5d	0e5cc5875b5363e92a99db88c9c70915c977d37f9afddda01117c8c7aa316148	2642	prebuilts/api/34.0/private/gpuservice.te
100644	9391016c45a77ba85a2daa171f8a4c36f07df066	fceb426ecb4f93b0b44750cc5e46a3f5896ae65b117d2118816105b0b9d4bbce	6353	prebuilts/api/34.0/private/gsid.te
100644	7aa28aa29e35452ecfe7500472c2cc269e558fbe	c758f61b1bf0bc59fa4a56149bd6badeec80e5bccdb4356af9e73a80b59811d5	220	prebuilts/api/34.0/private/hal_allocator_default.te
100644	93cf2350bcd52cd8f35aefaccc7c034d10857af8	4a0be12763ff0fa1075102739fa3f357a29a27113f126a58a58319ec078d4865	88	prebuilts/api/34.0/private/hal_lazy_test.te
100644	9dcd3ee3846a74094ad45970754e76405846f626	4f2d76873fcbb4d2632cdc8d65a87aaf2307e000994f42d9ac6fa616391cf970	392	prebuilts/api/34.0/private/halclientdomain.te
100644	f36e0e7d8f15cae1cc86b4259a1610540d9839ce	411698d698161bd46b5f2c70f0a06f0a70e18c924735ff871cb40dfa365ddf1b	319	prebuilts/api/34.0/private/halserverdomain.te
100644	cf422ed5779dd7b622e643663a8197dcb0c49503	5b87efe3b8b1b4bba80b129db4e8ce9872cfe64de49cead7212e6212f77300e5	34	prebuilts/api/34.0/private/healthd.te
100644	91418b5f11a1a1f8c4965b0b4cd01d7572440426	03884f2006bc9f962c0f20777e935761620bd85e771783d8de3d13a6b56ce306	2365	prebuilts/api/34.0/private/heapprofd.te
100644	04e8c9fbe1dbf5f5154668ea73f8af13a07e9b35	e5e7a9fc4879321b1fd588066b1f1240da1b077e62f6c1f312180d89c5aa7973	284	prebuilts/api/34.0/private/hidl_lazy_test_server.te
100644	b7ba4d7bfe3a4afb612c3f3e7e3f4b12e40cbc67	66cba9bf5a5bcb6bfff7d5a7430ce0e522cf798f80580889d092086d233071af	75	prebuilts/api/34.0/private/hwservice.te
100644	4a44dc58bfe6511c78a51bbcbaf16a7bcb3f36b3	5eae772c38b35c0538a55a38d337923db67c79960845775e940bd6484a688c50	8750	prebuilts/api/34.0/private/hwservice_contexts
100644	ecc8a40c68fa6f80f5d9bbcfc8bd6fd5456d799c	0116cffd1ac7aa76dcb77294441be558f5163eea44175f58c9a453e0aa050f96	463	prebuilts/api/34.0/private/hwservicemanager.te
100644	c982783b97f2b151a37b3588e44bffc4d9c104e0	38f6ddb2675332f615707485c984b5ce9968b0af23217f7585e7b0758e6afcd8	59	prebuilts/api/34.0/private/idmap.te
100644	db9ae8638b9190a022412a81227c148db5e416a2	3ec2150a35d7a19510afa19c7df6e691ead35d0a54854affbf4727d2bfbbddf9	1411	prebuilts/api/34.0/private/incident.te
100644	b45385568345b9c85c622bff8b4ecb386140ac09	9c3ce7fec36997085960e3b0331fb2f6bc053e16c7e684516aa6d77b52c64ab2	719	prebuilts/api/34.0/private/incident_helper.te
100644	e86b3bfd52fb68f728efd821cff477713cfc8a57	86b4192216aaae0915374ec12cc6dd7eb520a4bef68a947508b38068172fd896	7165	prebuilts/api/34.0/private/incidentd.te
100644	9d3a2c380f2e6526b17f0b03566a3c5a0bb535b1	04a72b227e71389063964fb10495873c89132e8518678c5249c80a093f7a7811	4966	prebuilts/api/34.0/private/init.te
100644	98190510f2a65869b031c62304436979620cdf06	c6062ea3690f13c60c665063d58bcc246a736c103e770bc7008cfb25606e3f16	973	prebuilts/api/34.0/private/initial_sid_contexts
100644	91ac816ba7657261a9f2f486d551626d3cc0ce1e	b65322809825c3f8425f805fced74fb25981e71b7602450584e83ff800fafad7	416	prebuilts/api/34.0/private/initial_sids
100644	9696b491b75897d98346b9494cce5f92ad10733c	15009df396ac3bce3902b53db49ea9603326188b10ae4db718ca4398a715f72d	73	prebuilts/api/34.0/private/inputflinger.te
100644	7615c928626069a16db5dcdecd52ce368c97a7a0	8304e5144eaf6c85f977a1da2fceb67cce0faa93ca12b5c729d8fca5839f6616	1998	prebuilts/api/34.0/private/installd.te
100644	9d0fd73a1c8e16450a1fd263cda608f831e89adc	cde4bf0d9db990ab76479ab95ed7b2502ede8c9cbaa1c8f785df61b5c16f4ae0	1613	prebuilts/api/34.0/private/isolated_app.te
100644	0617a5753785338a8f76fc4b760d01d1124539b5	8584aadb0563e43c762f27731adcddb51d77a6520ea0dac5598c6ebc35fcb83e	5474	prebuilts/api/34.0/private/isolated_app_all.te
100644	d5e8a7409773dbaa0307d04204995a5e77456c37	7eb6261ab413c297a4a560c7a48fe8ffa4a0aed831dc19524d97d1147f1e01bb	1804	prebuilts/api/34.0/private/isolated_compute_app.te
100644	adc8c9632f7c0959216685cb028d0d4f2c1fe7a3	906ba4c0b7eebd6de617d95a08acdacaeae2dfc89b205cbce5b0d0b30f1a5867	107	prebuilts/api/34.0/private/iw.te
100644	03ba79f56a0104e8e05a54a1eef142f2fc4d651f	e5ba86032d2fb4702b5804d0ce2b9d16b01181fa037ab1b46e53a92722fb7600	2531	prebuilts/api/34.0/private/kernel.te
100644	18c1a8c1417c0194b5964b5bab7eaa0ca27fadc7	1f5b0a857f38413bd825f585e465a7eb5cb94f303ed1913776f742a6e2a5372d	1087	prebuilts/api/34.0/private/keys.conf
100644	cd2ef76d5c9e01bc6abdf4887fb7761859594332	d805af4a42271dfd37801f403d0a032d45dbc165a63cc2f916cc65c228ff87f1	1486	prebuilts/api/34.0/private/keystore.te
100644	3833971fcd24e4074d412b84a07f279291d6a2c4	cf36b6761243f5f1f79ee5cec86f798c50e254ed2c4726bafd7308e1993daebc	1095	prebuilts/api/34.0/private/keystore2_key_contexts
100644	2f9760850c9b858ca010050b1823d1f61805b1b1	6d6bd4df7de48e3f4c8293ea1f3b1054565a220be691000be5eecb5d5e1715a6	765	prebuilts/api/34.0/private/keystore_keys.te
100644	7e78c194d426c885cf744fa6dd0d4d9be5633cca	b38c16ccec8030e0b1b4bacfcd41608e25fc11b5fdc0b52bad584036eb884435	1055	prebuilts/api/34.0/private/linkerconfig.te
100644	9c96dfbf1ccc11a02799a7199b3904bf57c3dfc7	a247542f3f49e0723e14082961b5097391e75bdf20533380d12f9eac99a015d5	1493	prebuilts/api/34.0/private/llkd.te
100644	51d62044236cfe833a61acdd6ddcc80918fa8cb6	015c7da95674326bd7393f24da02ae6c63a7d310426a4f1800a15b670e14d892	446	prebuilts/api/34.0/private/lmkd.te
100644	62d41969f52262fc50111d89633bd0d95d7ed227	4f97710bad930f43e54ce356288c24a1199529401bda19b310ef6c350b489cb1	1195	prebuilts/api/34.0/private/logd.te
100644	e1518103daa6c855e11c433b0bacf910c2545e25	51c51fbf3056bb9f34afd4c2a5fc795ffc85b711dcda84eba6e8165eb94c0611	1249	prebuilts/api/34.0/private/logpersist.te
100644	9f5f87ebd0a8e5fb5dd316aa9d6327d313dff153	1fc86e34effc94aebfc66ce2bd5110e77dbcb1abcb430c66de5f83b01d4717a0	909	prebuilts/api/34.0/private/lpdumpd.te
100644	c9a9acaf04e484fdf4fe99713fd692a26d07a2b3	62b1787b1581d9736111509c43b78984babb739f402a3a1939226f4d2fa9abaa	2306	prebuilts/api/34.0/private/mac_permissions.xml
100644	98e95dab3b8a1e867e0e04a6c16f81050cd33fdd	89fc355ab8793ac8b373c5d48a24e00c0549a8744fec78af5c6fb10d144f761c	245	prebuilts/api/34.0/private/mdnsd.te
100644	4e511a81908db79a52dea340725f7c771efa9c7e	bd7a10acc20328bd3d6296d00d3f00aa4a394fe097225d30531eef7b8cc1d7f2	241	prebuilts/api/34.0/private/mediadrmserver.te
100644	7bcf5c82fb33e5785d39c1c6798305d185c2b420	3f6fd9ed5315c5d04c7c16727e45b3e9411efbdf77c2f76f64510178a8c63e92	441	prebuilts/api/34.0/private/mediaextractor.te
100644	5a6f2e1df51c2eb090829bbe0bbd3bd116511445	55e902810f9c5bb42bf38ba30b5f798ef9e6ecb815361a131017e648e6e554a2	277	prebuilts/api/34.0/private/mediametrics.te
100644	545d9eae53b52669941319a76c99436427a368d3	84a7383aa8fb17f516e351085816d258a20947dec134e7c76ca41ca64a0f19ed	1963	prebuilts/api/34.0/private/mediaprovider.te
100644	7ad8febf3a6837b251f0b04bfda473b719d6b5e2	c9cf6404ea9596cc1e6ef8dfbbeca20d3f098834a76b96d17fa925a5db59574f	2578	prebuilts/api/34.0/private/mediaprovider_app.te
100644	f44cbde80ba9206b2a5c12cbbaf064760c99f55f	d84ece69071de5d7206ecf8901a9a77a3b1077139d95f49d2c8fe578f08df3eb	987	prebuilts/api/34.0/private/mediaserver.te
100644	02079c1131dd6a6b2d479f8a2d92ce055dbcfbf0	257579654b57cd2ff9c12c45ad6de0218aa413011ba4124921d70b912d5c1dfe	188	prebuilts/api/34.0/private/mediaswcodec.te
100644	829d9483c6f2cf6ceb2a89676cf61e7c2908bdfa	ec04816b6b8b0433dd3e7d153f57b9b963058c6d8b3adcbf90e24555318d1fc1	3030	prebuilts/api/34.0/private/mediatranscoding.te
100644	bfb264eb5f15976c7f39c7a762472b9cd1fd84df	74f9b8a1859e2e01fd7df4e19d155d8c219d60ec13c6b3b092d01de11ff6ee62	963	prebuilts/api/34.0/private/mediatuner.te
100644	b2a1fb10a7fdb4ea394c509082976422ff168e24	b159948255fbda94eb8b135360e44953046a3bc5c4c9b53fe055dbfd45507cd2	1246	prebuilts/api/34.0/private/migrate_legacy_obb_data.te
100644	955c27b00ff5c9ba6f25d6f8c2df3b5fd37d16a0	e356f81480145ac954b6a9fb12e7387a8b42619a4def563af10087c6cfd8fa08	5239	prebuilts/api/34.0/private/mls
100644	dd53bea7e83755ed099489e70215f810e610695e	f7549d8c5569deaa3cee8c9decad170e9a7aae349a68e5e0602db7825417ba14	276	prebuilts/api/34.0/private/mls_decl
100644	83e05425b27f234203ac747ca613d8a39fac3d28	c5822b44c9a53ab6dda8f4ce79bbf90a9d97fc9ab43849ef0f4207bc86e048d5	1252	prebuilts/api/34.0/private/mls_macros
100644	67bd1137ce1c38bf6d400a3917417dbe9b51bb83	12a8f2d9681ae42296a6259af221b281768989e43966a085f068b032c7e56555	760	prebuilts/api/34.0/private/mlstrustedsubject.te
100644	4875d40328a6ce1d3e1648ceee2b8d734753a4bf	a4ffecfdfc4787fa62576ac193b97eb83d6aec740d8bc802efc126762e1c42ae	420	prebuilts/api/34.0/private/mm_events.te
100644	98586756f91da77583959db541ca421a565ebcf3	d3174958d3591c745e10b11acdf511e0ca001a469697cf97c4ecff4642098355	35	prebuilts/api/34.0/private/modprobe.te
100644	e0418bcf0eb8195d89ebec53372486923d5cf5fa	d4ee9d47a0294ccff6e9f7f0cb04ce3e9101c64ced8797d870c278f2689dfc2f	912	prebuilts/api/34.0/private/mtectrl.te
100644	732e111ed0b42407b3076a9ce971946b9a01e818	3e3d3470ad8f942d07e6ed822b6639cd275d8534cac4ce93cf4153a78dfaf82f	55	prebuilts/api/34.0/private/mtp.te
100644	4adf84c6feda03b4663d30078344375967297009	83722da37bedb821a99e279c748287f501991a27fd383555417d1c549915d1c2	809	prebuilts/api/34.0/private/net.te
100644	8be8212a8088a35fcca5769d68a93faeeeb7beb3	0eaac2e926f48a7a713eb1fe9ffcb523187cc0fa81335266318c5da9ae25f120	1816	prebuilts/api/34.0/private/netd.te
100644	01f1915618344cc521669c932d4b74522f64be5e	6b7aa59922e4cbd574717ee2468a88828941816235523fbac1485ff91d04cab0	1943	prebuilts/api/34.0/private/netutils_wrapper.te
100644	84c8d4db604a2c3635c0190f3ce232e6430b93e8	74214d275944a933c46be11edadfcc09eff221c06c7be32980acc4317cfac139	5539	prebuilts/api/34.0/private/network_stack.te
100644	f1a08f7a4473964f288939059c461ff561583674	430df7a80691a051488b43ec938ddcbf6ab7d8c9ce858fee30dc1db6ca72867b	1182	prebuilts/api/34.0/private/nfc.te
100644	d7163099247749ecaa3d7ff85b8f5cbf02ca31ea	e3273b6a4cc1c9c67db702908432236ef953e35cf9a00ca1127141d5fe8d2686	2570	prebuilts/api/34.0/private/odrefresh.te
100644	f06795cc390ec09fc38f37d2d455a3cb3e5f7b0e	47190728ba1997e8b2509f68567f4fde224eca3e64d8d60a95454051b028260d	2068	prebuilts/api/34.0/private/odsign.te
100644	73e170b30f60be38a32ef351a4bf0d2ff4b574f8	7d66bbf4fa4b3e0d87edae6adb1ca175cc8dbe4dcc528ead56a20f5dc119f1f7	4622	prebuilts/api/34.0/private/otapreopt_chroot.te
100644	27a3b0e084a4380a81cb36b4f10c694b864c3223	66f765a62111e45e13d231a48c59f6ec4babae27599aa27835ab5b9675b92a0b	1376	prebuilts/api/34.0/private/otapreopt_slot.te
100644	a87f2ad35ed6412045f997361513445d91719177	632742cc0166fc77ade92680f0ca328383580f4fe1911f856a1ea2ff9821eaa9	5101	prebuilts/api/34.0/private/perfetto.te
100644	792826e02297ffdeb248014a2af721339c6593ed	d697fed933905e86f4f027ce1f004740820f0ee6ddfbc08cebd8dc4c9f0e6c8b	73	prebuilts/api/34.0/private/performanced.te
100644	5f8187530e7219f8b6be84536a9d7b8bbd6b77c1	67abe228271f7f61edc593d24e9e15a3612758daa08f5d6f34b5cdc300c47057	824	prebuilts/api/34.0/private/permissioncontroller_app.te
100644	6d495020f12d9d5f23cdf830c05058211211dc2d	526b813fbc6b15e3a7a198424716231b59f9f8da481c0f088ee46a6585d2c93b	4853	prebuilts/api/34.0/private/platform_app.te
100644	9290e3ab36427e73a0ce8593de26f87551410a45	8a063a3d29a09b7a939dd142b84889c33208bc22c352c78c5479b5fcea462b03	536	prebuilts/api/34.0/private/policy_capabilities
100644	b473c0c9b431fe79309f2df9aa7bfd3c8223b3c8	098d6ebdfb72ab9953ad990ea3d81a4238181105d2965532c3b6ac089dafee0a	77	prebuilts/api/34.0/private/port_contexts
100644	7060c59bdd8246336bb19d536994221dbe2a6f77	f1848667c2f6f0c6f1ab043c180b0c16a04f27185516b04f8a874e05ffd4186e	216	prebuilts/api/34.0/private/postinstall.te
100644	2fdc941230a0ffd947d077dd944a886ab8ef5f8c	2bd7cb8d7fa093eaf7ab859a94375ed9deb78bbf504de9123dfbdab799fb852f	4044	prebuilts/api/34.0/private/postinstall_dexopt.te
100644	968b221b688ffe92f04a98d4211648a26d1e7ffc	da8fb0c2edbaf047cf1e79fb74da22b7a68bd2efed742c420baf7ee142394c84	69	prebuilts/api/34.0/private/ppp.te
100644	ba54b70acad2b89a5cbe4e0610d585ce7154555f	07fcd710a27f268b2f71f51d6b5191bd09977d13b174a64ae1326569ab1c73a0	758	prebuilts/api/34.0/private/preloads_copy.te
100644	dcfba14d52fb2f913eb5603303b20bb0f03115ec	f6b1576aa9857d04a52f580e6be881f38183ff881c6afc068c22b8f699217d80	616	prebuilts/api/34.0/private/preopt2cachename.te
100644	cfd8721533903d1bd7ff65887dfad60be7417d1d	ab59a27757558f3a29dcbf70afa03ee88a5c0b46e6284ff04b01ee4e1dc895df	12319	prebuilts/api/34.0/private/priv_app.te
100644	299e37b85c1c620431844d8b0dc14e78a6b953c3	0bf9e986152330cd47ba0f57211a2069476d443382fc4e049c64d91756f0342f	898	prebuilts/api/34.0/private/prng_seeder.te
100644	f83d4a8d57277065e677d0bc4ffe7c0d8184b1ea	3d9661d5e00f897b02f6b42dc2661960b661fbfb6776f155e703c575cbb629c4	2813	prebuilts/api/34.0/private/profcollectd.te
100644	390f83e62a2641381eaeba0886ed4768e5ca56ff	1cb5a940402f6c57cd1bbab3a168c288eb97e22181c7a5ac4bee678e8bddc2ec	405	prebuilts/api/34.0/private/profman.te
100644	5889e5741a534e71154d9c3b5796c786ff0ba659	90b22065354bb0b8029288725a9102c02ed3fc72ffe2260204aa178d1249b498	13811	prebuilts/api/34.0/private/property.te
100644	da0ea5bc707dcf93655edb2942a1e9a42ffbc633	6718df7437e07de8ce17dc2668734238b60d7286bf121fd7e4015a61200c0a5d	102530	prebuilts/api/34.0/private/property_contexts
100644	42ea7c9e48416235ba3f28b878ff7fac20d87196	2758d2ef46fe643fbb35488f8e72371efdd42950f1d02473aefb226520bd0ea0	61	prebuilts/api/34.0/private/racoon.te
100644	08365f05de36cd9d3c776bd9a83494d7ebfb5817	41bcea464eca26301b2f8702dd494b58ba9023d0895ab38a482bae685d6bcecd	1057	prebuilts/api/34.0/private/radio.te
100644	2dba93bb2622e208dbcbd8de7ab18987be7a3eda	db64cef0adf70fdff99e458db0c06e74fe8fc698ab4d01fd6bf35e1753cb8148	1730	prebuilts/api/34.0/private/recovery.te
100644	7cb2e675a6e3eece2ecbd33fb8da780ca9208cc0	d98dab376b70b533039b967a189c989a4b9e3a776d781f77b2446102742fe4f1	329	prebuilts/api/34.0/private/recovery_persist.te
100644	3c095cc261e6c74982a8f33359adb79340d7a4e4	b86e1e5998e15ddf2f8ca239c3f9ac13ea9cb57988107ab1388010041770765a	277	prebuilts/api/34.0/private/recovery_refresh.te
100644	4dd94a5fd294151d86afc22a565aea4f3f298e42	cb778e0410efaaa69941fe2ef7c2dbb9fe190d0e6772d928f533cef6ff0926ea	475	prebuilts/api/34.0/private/remount.te
100644	45e3e8dc107995e9182b78d84e9c2a2178e18f3a	0643e1777e7fa3223e3e551139d9de77ae796ac8b1d593edffdd5751c9ac4843	375	prebuilts/api/34.0/private/rkpd.te
100644	509a96e2858632bf30ef892803d9bb35b5fa2c08	e896ae6343784d65c55fc47005a0c47b6c047801ee800d053ac54e1d46dc210e	882	prebuilts/api/34.0/private/rkpd_app.te
100644	c84fcba0ffabdd4ae4460e34b79333466f62f4a9	4241eb694ec396a73e9a0d6bfc9973400dcef8ac820a7e0cfe0f9cbf3673e6dd	8	prebuilts/api/34.0/private/roles_decl
100644	268f0406b205a9be61be6972fb7c617247afabf7	b6e1e8308f37b04aeb0cb009b46b82ed19e5cbd5a49781d753ed79d273b7a3b7	1628	prebuilts/api/34.0/private/rs.te
100644	30818c2faca7d15c04676e89d573f75db426fa05	187b4692055d37e9ec1249c5498d0ae4d47c1e20572d5a221ce332bafdf4dbab	464	prebuilts/api/34.0/private/rss_hwm_reset.te
100644	ef31aac3471736662b840960b05e242ccb80856d	5f56cd90faef00b87a1b5f11c3c300bc73f90c3f8f56f5bc1037b696dd742614	113	prebuilts/api/34.0/private/runas.te
100644	a5f47f41e9037451f17a65497bb4669846712523	04ea3838ce70fd33786878cbcd99897d193302894d32638bfbe9b72492ab0e28	1383	prebuilts/api/34.0/private/runas_app.te
100644	126d643490d7081ad0db7db021320aa74af171b8	fef00b81a1140a3c0a2f87570acf2a511fc4bca4facc3f4a672848f37351a2c5	109	prebuilts/api/34.0/private/sdcardd.te
100644	bb150576b0f44363bdf7bba6e753cee77db4fe75	2c800b2c7124c34d82c015bf4c5feb0e86454408314f91e9841aed5e91db762a	268	prebuilts/api/34.0/private/sdk_sandbox_34.te
100644	6e7ba502526dedfc04a8c123040b05115ae047d6	6f4ae9d0955aa249b42f329b53df770238bb41a5e1e9201fb080c1628666a951	4714	prebuilts/api/34.0/private/sdk_sandbox_all.te
100644	bb531ca44ad5a737979ed7d807316960dae7fcf7	414ad26832b9a325497b187a5889babe2e730bc6084783f8e4440c785bf21c74	968	prebuilts/api/34.0/private/sdk_sandbox_audit.te
100644	55e5bc135449cebd1139ffc14d9ee3567eaed3c1	28eb17863366cc93c5107218b6977f1c30eb3bdc9b84054b1ead787223627223	2153	prebuilts/api/34.0/private/sdk_sandbox_current.te
100644	87884a9fbf4c94e5d32be513e457716f25a6895c	007c4e3ff42d8e0529d3e7fb3a90b30905a7f5ca758fa381a81b411f0c6559a6	2167	prebuilts/api/34.0/private/sdk_sandbox_next.te
100644	8f3cae9f8aa87e9ad1bf61951502d2770f9842e2	a5c9f241f2361068406d2d9649b330de6aa836bc8ba99c1f8115225b8f9a27a8	11944	prebuilts/api/34.0/private/seapp_contexts
100644	fd3b688e458cee8e0a5842a2b8dcaad8903424eb	7917f1289c4b4deb85ed2f895fce2d3a2a32bf67476341f25a46dca526a072df	582	prebuilts/api/34.0/private/secure_element.te
100644	99f947f2956aae9574e223730d593c2d7e043f0a	b9afa6d21b841f19843873055689f1620d8c578e03cd53201ce777594ac9b11e	3210	prebuilts/api/34.0/private/security_classes
100644	98be17d833beaa0c01587d74e1815720435b9b83	5fe397ea7f65830359c476ee9700076d2ad8ed242d8b024bb028aeba042cf727	2020	prebuilts/api/34.0/private/service.te
100644	553a71df82ec273a580985f6e33547dbc17ca392	42b2f6fbffb2410553d925aef947d7e62d745c57315a9253d2251292285b8c95	36826	prebuilts/api/34.0/private/service_contexts
100644	5a69a43a3354d2276ef811f76d086ceef5fa8bac	39c925ee5cf39d7db74a09a64a4ae77e325000442ed03e3a514df046cd8cc7cd	373	prebuilts/api/34.0/private/servicemanager.te
100644	a17342e01023583ada9fc6526fea79fb2c685145	8644295a913e80dcb39c62524dd0752addead9f1d018dd95b91b78c630e19b33	33	prebuilts/api/34.0/private/sgdisk.te
100644	31fdb8c911f99939abd56daf97c17aa4513264f2	b0273def01ef45452abf89b948b5b3fb5a896cd84c31b1d529bb4be8de8ac0e0	639	prebuilts/api/34.0/private/shared_relro.te
100644	85d09f9e7d08043813c193bf7d9080f604632f47	2804ee09f9c63aef2a94093525f7240b129127fc7c15226911427a5f4fdde0a6	8789	prebuilts/api/34.0/private/shell.te
100644	9c700600e62c4194fd3fce3165103da1858e326e	7b86d3b560fad808a0b20beb55156c054013c86ec9c2aaddef0da2afac171811	2279	prebuilts/api/34.0/private/simpleperf.te
100644	184a80a05ccb8084b1e736d05d81098145181033	daca026265a3018440fe1fcc291ac99600c04fc7b44d8634bf7f92f643b313af	1998	prebuilts/api/34.0/private/simpleperf_app_runner.te
100644	e71c4929297d661209a5f9eec7562e3fc82377da	a379bfd5e6634ce8ca14d6eec930260c47861c65958815c10591532c8c30a648	2693	prebuilts/api/34.0/private/simpleperf_boot.te
100644	7dfa994ea7add2eddb4c6e3f2598a79c6d9b5de0	275253fe4d8b41ba25fa8ec8de067d470dd42cbc95f35ca3a19987a0bc973f87	36	prebuilts/api/34.0/private/slideshow.te
100644	fb2bbcae762aef461561929651e3bfda5e3bf177	505714db5fb708f05caac8bceee5e5f8477c92538d003f1350cb5a1ef1643b2f	1575	prebuilts/api/34.0/private/snapshotctl.te
100644	797a6c2f95ab9cb312b8a281f530a9d7f65e602e	322628658cff7b8cc9c58c164b1745feaf34cfc6c7d83213f51b63a4cd9d9d9e	2367	prebuilts/api/34.0/private/snapuserd.te
100644	5790faa706351842fdbb149e4cc153f7ddbb9b9b	2fe0f8a88344696206b8e87a9ab6dfbeffc58dced5b74d3dfc39f19d94e29012	1370	prebuilts/api/34.0/private/stats.te
100644	59948fffb453dd5f9d6d837597b2e965d39bded9	33168b800eb45a96d1f5fecf055bbc9b98942a39e70cab10f56e855504566ce1	1019	prebuilts/api/34.0/private/statsd.te
100644	bb39e5b73fb8e0179e00d7bbe4a376df6caac810	6edcf9ea765ec2ffddbec3ab2567b9922ca5e5711dc53fdad3843d30794d9b01	2058	prebuilts/api/34.0/private/storaged.te
100644	cc00e103bc3a2677520208b596057b18fc5dac13	406b898f219d04e62a10a3418c75a520fdf3b81a319c21ae4a6cea20553729e2	1182	prebuilts/api/34.0/private/su.te
100644	91e9aba0504b0bb36ff3e37ab36ab209cbc5a522	93a2d523d1dfe838f817ad97833601715a4bd4269430991b4822f9a746255fa8	5688	prebuilts/api/34.0/private/surfaceflinger.te
100644	e2bec305e62910c6591cd2bbca66ffcaffcf5587	0270eba6ebf4852970cc8bfa4c774d552f91f7e158e97ef47cd7b0552d673c04	5703	prebuilts/api/34.0/private/system_app.te
100644	aff4a0a2c3f7165bd1ca85e3901b424bb6bf1dd0	a5adab3486d2217a90bbc58b7f9767fe250054e2d4b2fb6fe557061265a5e39e	61374	prebuilts/api/34.0/private/system_server.te
100644	064e0383c41002f3c8cbca91e5255bd0ff568427	6e1b55c04c9e4c254d2387b2597d54f08b9b42827baaaf8867de3162da3dcb6d	978	prebuilts/api/34.0/private/system_server_startup.te
100644	bef7c6d2521130e959b030f1eed6246d8833614f	73b942b6cac35a853dee141343978c264666ccfa9372df36333e0d55ed5ba95c	1837	prebuilts/api/34.0/private/system_suspend.te
100644	4286053cafeaa1fbbd156a911594b879a84eea67	ff9e6b820a0856cdefdda09149187a992588b8a0e9e495ff138321629febbfcc	4021	prebuilts/api/34.0/private/technical_debt.cil
100644	b6dfd1e4d6a4474909010fa7922da2baaf01b6f3	9e16c3096094f484c5902dda78963d278537866150b48f9e4fa280dc703546b0	244	prebuilts/api/34.0/private/tombstoned.te
100644	58789974e09a366418ab068aced23b3ad36e1d0f	c828f295ca0caecf831ed97082f69c373dc177c340ea1e76f6631e11d98bea3f	515	prebuilts/api/34.0/private/toolbox.te
100644	fc7523919e74cf518d3da0aac6e114c24ad75d5e	4667992643652bf76c0c292665914dafe7464edd63b2d7bbfc8c4d07af430e95	4353	prebuilts/api/34.0/private/traced.te
100644	640b0540a399e5e1aa659e7d367b51b0d2bf7f7e	bf7fd378fd0fb10fd472fc6d7b74a80300c4bc68f85623e8a5db9638c2d66e19	3089	prebuilts/api/34.0/private/traced_perf.te
100644	0d68fa3d094953941eb268eec95d434c83732d28	f33a141fe60c545744083d160d928bd1958ab882b0e7b19b9f9edee0bf282e10	6117	prebuilts/api/34.0/private/traced_probes.te
100644	2937e269b503d5ef372f2c2ac48f64ea243dcabb	14aa78be2e7f3e044a91bc7ad3b01d1b207237372ed28b8b37a35986e14e28f4	782	prebuilts/api/34.0/private/traceur_app.te
100644	8bcdbf95a34be844c0f3a0563e399e3e53f2bf81	b85a99b6eed576c38bb39fc1c00b1955e04ac34cf4afdd946f743e6b6ebb309f	216	prebuilts/api/34.0/private/ueventd.te
100644	1a94cd1e5b9b3ebe37ba3e79f98750af10ac0ef3	7c398ed46164dafc6186cdeea2624dcb57b7e49ac7b63355e00a74fac4b74851	136	prebuilts/api/34.0/private/uncrypt.te
100644	d0f9b2417d540ef4ed20dcb4c09cbd691db2874e	2d270849ba4cbf16675b706b26abdf313e3b36f91a98140a9e037979da21ee08	701	prebuilts/api/34.0/private/untrusted_app.te
100644	d59245c3d062795f10ddd862d5fe40645c58376f	3c09b3fd5c7086ba85bf45d3ca6aeedf6110b0971272eca95288800907683ee2	2959	prebuilts/api/34.0/private/untrusted_app_25.te
100644	8c970d86071b0548d5cdf4aec55fa7e0f0d6a75a	49faf56404b4a68c43f66fefe6eccbf2c308657bbb69516a6e7fd52886ad8a1e	2378	prebuilts/api/34.0/private/untrusted_app_27.te
100644	ed0bbfc7e6182aa311ac4645ed68e783959d672c	6ca436ab11436c83f6cbc2e5afcba3a62cd57e871156307f25580b5f8b54567f	1256	prebuilts/api/34.0/private/untrusted_app_29.te
100644	c87548ef2c43d531cb092f436fdda585d1a36b9c	8ffa554adb6681a23f9b93436f1b43f755a63c898c0d81ac2ebf8587679d5d33	1345	prebuilts/api/34.0/private/untrusted_app_30.te
100644	6e95fd117917a5a39f92e495d934bd561af15115	58e7c70d89511c25b1987831bed899c820a396cfd5912900f0fccef17d6e5dd7	1395	prebuilts/api/34.0/private/untrusted_app_32.te
100644	f666cc8c10947d79e67356efa29911c8e155e7aa	52b24931154e37af7cbe3d535507b4524c763b7b1b130510b52a9f8fe4752e53	8156	prebuilts/api/34.0/private/untrusted_app_all.te
100644	8d6341c27108455d080702ccb9b0ffd578a11f8f	0dbaded27174a87eedf620b50fd2a8e376244e991e8417c870f33123eb26b741	1184	prebuilts/api/34.0/private/update_engine.te
100644	8571ff650ab646967301d31eabe2bad42cbbc500	b139a68cad42d8fb38a34fa341ffb38c4c5e57b9795a6adf1d2c85e6ee33ce47	685	prebuilts/api/34.0/private/update_engine_common.te
100644	a8cef379aaddc703fc66fa9436df71fdbdda3223	5b30489eea306e64ac9f7d4c533fa0f6b2ec92b7d719d1b34c20b34a07c3c2b8	510	prebuilts/api/34.0/private/update_verifier.te
100644	42f23244e0783408ce79a31d24211a76bdb80578	80476430ef267a1756bc4bb8fc2cbc939dbb3aed3009be2ff3f0c907027bacb3	328	prebuilts/api/34.0/private/usbd.te
100644	51b7b57e6798ca0f476cf87d5de69ae956df26c7	50043f480e4192a70733f660638446ce981fde673dd4b6e88841772d907e5447	55	prebuilts/api/34.0/private/users
100644	63c9c2a0e1a1f86d8bf8d73efd8b1374a0cb3f4a	8c02eefd92a5a5c5c414ec6609889f225a5c4a89bfdcb14d0c262e567cae451a	142	prebuilts/api/34.0/private/vdc.te
100644	f52794496948e2ed9f0569a34077689ea8abfde6	66660f0f9aa00685d875d0dc8292625cf824097f3f3baa3bb331e05aacc35a14	771	prebuilts/api/34.0/private/vehicle_binding_util.te
100644	1680f96f07114deef4e5ff257b29cb1150fed290	f4ff09186c07edc6163ba3e2a936964397fdcfca0c9eb0e0382bf7b875a764a9	886	prebuilts/api/34.0/private/vendor_init.te
100644	d1f09644126d4ba1eca1684209da2557ff51848b	db41a42f2deb666fdc32db24efd711503860cf647a9328ae4e6987cf97b44ca8	1070	prebuilts/api/34.0/private/viewcompiler.te
100644	e735172fed4128d3f841f0c4cef2c8e10a5c3bab	e099c211ad5a82d899c07cd87d3df498d244f6c58194fe9907390bebbb903052	81	prebuilts/api/34.0/private/virtual_touchpad.te
100644	bfad8e71fdcd685f8727022aeb037081e30a9db0	cb17fea758b8aa4a4a63c6472ef8999ea293af261a46ecaff42c669a63fd74f1	4143	prebuilts/api/34.0/private/virtualizationmanager.te
100644	561e7788d86deb233bf6147a410953d7fb9982ec	70ff9d11987ba015a1f7bf9e515677f86119a349fa04a466b2a10b56fae92fbb	3042	prebuilts/api/34.0/private/virtualizationservice.te
100644	957e5d0ba51999e80a500f215a85d76e78590917	ab9f71c839236dd0b31546f644617c62aaca8ebcb6377d050cd20b4990b2083c	2778	prebuilts/api/34.0/private/vold.te
100644	ddb282869c5bffbde3e9b5be67f53ea1c85fde62	078adfc151bbcf3f678d5063cdb7693bfd10f282ab81feeda618768d2a5b31a4	2389	prebuilts/api/34.0/private/vold_prepare_subdirs.te
100644	8deb22bc8bf33509742a29cb34a88726c9d96579	06fd82ae80f181bb123d55a7eb1a97a1dc7e2b5c37c5057fa925509afb382898	130	prebuilts/api/34.0/private/vzwomatrigger_app.te
100644	974a297fc3944cca15a8a9e7dc40d6deb6365e6c	1b3b816f34c1944a455fd541893a98f24923e713bfd61c635f2a184877eb75ce	208	prebuilts/api/34.0/private/wait_for_keymaster.te
100644	91ece70522d11f67b94bab2e45a79122bb44a6cc	f728cf9119bf04a21e0de54255b2a7ead740ee2ca2f0eaef5e429c57b522c5b2	67	prebuilts/api/34.0/private/watchdogd.te
100644	3473ecaee77923e5080c2b4e8b176b97fcf4ce31	89180de3f70f91b5ae886ac9c0cfb2d2a75038e2ed5ed282ee169ba734473b79	6144	prebuilts/api/34.0/private/webview_zygote.te
100644	3fdaca27394e2eb4564d91011b8e9e25d8da4d02	a604bdc2019d0400be0f07a76763a26e4b016cc8fb83e53c26941a3d27dbdc2d	271	prebuilts/api/34.0/private/wificond.te
100644	d61a4317d9fd3001b19ca5935f814bf3b54b0f15	14d491b690d47d8d52bb8df989a73c9879d94958bdfc8f4f2c34657493c3d0ef	11357	prebuilts/api/34.0/private/zygote.te
100644	5056b352801daa903f836ff7d9499a8e6463a3cb	4e25ad0580ba210be2d406ccb385450af2540d6644793a55fb34facb050239d4	528	prebuilts/api/34.0/public/adbd.te
100644	626d0088b1cc03ab8c90abcde1b6e23ae2201a94	b2c94354f32c76cafbc9e92fad154e73095e3bf22ffb2b287c925d26837bba8a	288	prebuilts/api/34.0/public/aidl_lazy_test_server.te
100644	53bc5692bf88cf500da6607918bbeac96e398340	7632fe2d6b2a455edcce3cc374fc1f89e0d0b224997e90b5e3a853675dbe95d0	444	prebuilts/api/34.0/public/apexd.te
100644	da59f3214f37de0a678357c2b3c37e6cf11d164c	e477c857dc21df738bef18fc0518864e95e965f44dce270cbf9c3635ccc01895	8833	prebuilts/api/34.0/public/app.te
100644	4c1ec96522de44f0bcc04ff10045559ad18110ea	1c5aed7e9b9b9443ef2f6d5039c2b755f6c5246a0ef846998a3299cbd0cd5e54	253	prebuilts/api/34.0/public/app_zygote.te
100644	0731adc605a08766dd43bd04f45bba04efaad967	4acf5edce6ea0c03b3772b7bf532029a598e9345051c9a320903af8ce6eaf613	41	prebuilts/api/34.0/public/artd.te
100644	d8a1b7366a7963759fcb65849bee1da5d712ebd6	147dafa0e0e3a7513be95dd4ec193dd7ed1fad218fa44886d62a61a04f7d30e5	1296	prebuilts/api/34.0/public/asan_extract.te
100644	7327f84ec1589384d9bbc76a76dd37daf4a4acb9	00e33e07a1209ebc5e57c46613bbd2bf46535fbab8a5efc0939ab09e458703c2	33	prebuilts/api/34.0/public/atrace.te
100644	16a8e66af13324a356526d782e5a0f03b4e6d2bb	eeb9bfec5adb2040208e0caf26b4d0090401185c5b9bb7e92e5c158d5edf5938	14617	prebuilts/api/34.0/public/attributes
100644	d593567aaefb10df6aa93330c80d07b8781bf9b1	ad0d3c143daf916eb911c0b8393b290ef4a025856eec8811a8fccebca5e4c485	399	prebuilts/api/34.0/public/audioserver.te
100644	dabe01452062f9d2d4c8fdb9938633daff89e548	988af8057d7a6852b37a3b1c48949d1f9e8345deea88d01ed9dd0285a5bedd48	45	prebuilts/api/34.0/public/blkid.te
100644	4be4c0cb2371e5b89d6b8b05f534944e2aa9f72b	e9054e76eb657f82247c8285ca6e87a20ff1e3d21c699984ffbaaa8544719f71	66	prebuilts/api/34.0/public/blkid_untrusted.te
100644	9b3442aa5b65cc56e831169890469f23d517772d	4e935acdf2d2a4909ecb8170d985eff37f15e7db9ff0eae1d3bfa6cffdbdcf39	46	prebuilts/api/34.0/public/bluetooth.te
100644	9c7a0eea6d5401bb4af979af358385e349f5a451	a0ccce6a88a4596bae4df58fea9163384a8c3385b95e2d0db34048d789c4a600	1347	prebuilts/api/34.0/public/bootanim.te
100644	5079c28f15788ad63250d0a7f76177fbb0cd7c27	40527028e0501bafe9712fa0b31aab6e5386dfdb77326402a8c5698c3560e192	949	prebuilts/api/34.0/public/bootstat.te
100644	81c32ee628f3740fdae5f1e062aee09c2eda8c24	ebcff40efae904594991eca219c4a4339e3ba75893ecae5a13b4c4d53f533bd8	36	prebuilts/api/34.0/public/bpfloader.te
100644	37edb5dcec8bd14c291822c154dfdd2080ec5cd0	52e7faec7fbaa27cb7a4fee692f56f1f7ea19d51d7caf5987ffd2aaf3ccd1517	868	prebuilts/api/34.0/public/bufferhubd.te
100644	352e1b7aafd8ec10a77610559d919a54d268aa79	e97b1c1e77d9981dc5b4365b4d205ffbf1b088bbdba7a92d9738180b13c8149f	59	prebuilts/api/34.0/public/camera_service_server.te
100644	c88e3f0fb6c6d8361417dec745e12482c0fb0a4f	31859d6549a0eb6935cc44509f6f86db7ddca264497b2663e17f3d3f6f602893	3400	prebuilts/api/34.0/public/cameraserver.te
100644	418dff999fe98c8117efc74e3a95418f2cc51fdc	15964f8412a7c5e7704282cc94dc51184e353e834c3fcadab4bb7ec5b75f6fb6	188	prebuilts/api/34.0/public/charger.te
100644	4241360a068fd87ad8f8de64eff0cb3b42edcbe1	baeb28b6f114b4c08c740c962fbbe95356f7500b118c3b7e47d3b09495cace92	1197	prebuilts/api/34.0/public/charger_type.te
100644	d8f3bb2f9e4764df5e5d58430f23c7af849875f8	54adb484c8294b70863cc8c987ceec48081c77ab2807fed89619f84a78a47829	175	prebuilts/api/34.0/public/charger_vendor.te
100644	45269c33294ac7ddd0099a98de49e6eb15d764db	c9e7e084586de690bed9f8567183bb4a04d47ac127b1f04a946795fded29795d	2593	prebuilts/api/34.0/public/crash_dump.te
100644	97d942d914fc0c30fdd0f7077529c40f95b86419	11580e4d8d0d562bef9092a04a1286c2ca4a9edd68afceee9966c9b1ff5239a6	656	prebuilts/api/34.0/public/credstore.te
100644	fa292565e0e06deaad10c77a0453f634b0f5633d	2aa6d62689b1ebf238e301002dbf01cd73f72351a07508324e91b5222b513d4a	4724	prebuilts/api/34.0/public/device.te
100644	1d875ab173f70ee6abd9f284b761560d1451e86d	ad4cdd48a31cff9ffa0cf7e704eedcfbdd8bbbc33df5fb45c8c4e24d7a5cbba4	1128	prebuilts/api/34.0/public/dhcp.te
100644	c5839fa544b524ab61fdcddd991a93294955ae80	22e507ecdbd88b4ed06ddbfc5599543b21549a78fec4e5fd4dc58d9bb42331e2	61	prebuilts/api/34.0/public/display_service_server.te
100644	86f1eb1c9e6383cfa3f9aa0717493e183e74d2e2	50ca9115784e21ac8b0f8bc1f19918b7c042e359dbcc7e00b1760dba7bffcffe	1197	prebuilts/api/34.0/public/dnsmasq.te
100644	d4be2056fed9c235fcf08af18db05fdf0081ab04	788e684d8e4be404309fcfe9b73c75995d9b2ec3b7f0d254f944304452e5ad39	48377	prebuilts/api/34.0/public/domain.te
100644	d51507967148a2fcc51b171b36003634c0d5bcf2	6b27357767df29538b7b03030c095c3ba8f96ca617beb60574c90f8dc9724d03	2264	prebuilts/api/34.0/public/drmserver.te
100644	58d6efa3250c91da933225c677360c0de47dccaa	ab06221dc9192d4dc45a149eae66bce89e3fb6e383f2e4314fd7b51b81719458	11411	prebuilts/api/34.0/public/dumpstate.te
100644	6bce10f3a6c5cceb276fe4ebfd836b9607cbdf6b	13199e247200fe5f591b1174a29227b41fb34d7ca35b2d800b7a52bbf4da7a47	930	prebuilts/api/34.0/public/e2fs.te
100644	dc39a22b59ddfca70a42208b143c68caf4b133b3	3f283f565a09656a785b1ce968ea6e2bb9ce79e6e2f487ed1f904e7766745e00	459	prebuilts/api/34.0/public/ephemeral_app.te
100644	cde0380ccadcc396fcf383f9e93aba74b721b37e	371820cf05e03e147bfd4894dd0a864b2aa5a2cbcf7d11ac5a90a30cf0041eb5	46	prebuilts/api/34.0/public/evsmanagerd.te
100644	ed0c9356fa5fb21073ee64102c2e30f6e1485b06	93ff4d17a027482ac0edbbf80c1ed9062522bfcc83bfdc7a5c3afeaf16f00a9e	591	prebuilts/api/34.0/public/extra_free_kbytes.te
100644	8452b973bbbf213d667c0d4b533ce94efb6306f8	d4a4481af9a700b8c8ac36fe5962d170413496c3e9b79d2ee252acee0e10c58d	4496	prebuilts/api/34.0/public/fastbootd.te
100644	7cfd8adfbb2c256f30922e5a6e3ef229fa852d27	48dfc84983a4d1895c980a3bb0cac532533e7d2e731deeb7121c046c82651823	30765	prebuilts/api/34.0/public/file.te
100644	8cf24111b64281632996653d17bfb5081a3a42ff	3ebd6052591c08deb15b51f1c9ca765212fd30fafbdf943e576fb2bb7f6f3572	901	prebuilts/api/34.0/public/fingerprintd.te
100644	25a776813315030058b3079c5519f07d6440926d	337ef7670e382fc8895fb407ece6836c05d2348b9de9e82c8d36657eac2c94e4	682	prebuilts/api/34.0/public/flags_health_check.te
100644	1a74ba8309cb98765d8e737c70558bbf67589cbe	16eb3a426d0ef0832166c45c2f9e230799d6d690207270685ddaf31365231f14	2483	prebuilts/api/34.0/public/fsck.te
100644	7e981bf27d9b8b5b7473d943f47591a11c1c2f76	08557f6ff213f57c33b953c8ade5303f2ed7b9e8dcbb4918b28fde77e23f8f0d	2484	prebuilts/api/34.0/public/fsck_untrusted.te
100644	d48c5f82d4ca943c86ab7d7f8ac21e7b8fb702da	a2d54ffee25d30c2534b8bed88b85d30f5c24eacf335de67b4f60af92151081f	1372	prebuilts/api/34.0/public/gatekeeperd.te
100644	2c87fde5ee87630ae561f12deb88dd3f61c8dbc0	f79a4ef588cdadf9e5ed5d3f5565b33da56a5d2fda01edaadcfab1bac0199117	3643	prebuilts/api/34.0/public/global_macros
100644	b574bf39c124521c6f693cff9d0d61d623f465ff	b353de758a73f8393b06326829401ad63897e03052542d397f8c3a6f4f40c892	96	prebuilts/api/34.0/public/gmscore_app.te
100644	c862d0b7fa0d36f26c6d058dbdcbb144b1a427e2	795cd00de96637fc67bc769f6c02aae489951cbdb43fdba91add569d3fe80283	92	prebuilts/api/34.0/public/gpuservice.te
100644	6417b62890215faff687cfebbe395b6d3aa028e4	1e71a67b185d442d3852e7838d851a5b503fefd71d24498db0f6ba146310be72	321	prebuilts/api/34.0/public/hal_allocator.te
100644	51d9237f9e7bf175133508b347189e9cdc31f01b	940b0d289272cf72d262ba9f4db584b471a61c924b4a6b580a445b9b4c58fb5e	146	prebuilts/api/34.0/public/hal_atrace.te
100644	237ffcd7c6aaedfe8c8e817298568b8471842a22	08ffff7985edf28bdb322cfa618b009de259ac6cf97fc3d4cbca23e0192d1963	1625	prebuilts/api/34.0/public/hal_audio.te
100644	6f45b0ebb38e0e6ca324ea373d6734d8d093f48a	07e36264f1eaf1efe0105ef35930f071b5a7e68ec63f2500e083f66b9bc802ab	367	prebuilts/api/34.0/public/hal_audiocontrol.te
100644	bbcdb9a33d6ee7cdc4d72bced57141d311f6638a	d959761d8434bcde7a66034a0afb037c09c8a00b1989db4da54225ea1afc106f	276	prebuilts/api/34.0/public/hal_authsecret.te
100644	53bbef2468480ce4455d896186e31c3fd4fa3ac2	d1765632198448b81c143418c5d7896be6b324f72e0bfe31bc17f6782170dd15	1289	prebuilts/api/34.0/public/hal_bluetooth.te
100644	f9b50b032ab544f725badb6efecae834dbfb483c	76c3ecbe3f60fcb658126a722bbe6f1891d9a9cca682160c9d5e0c4e04dce28f	405	prebuilts/api/34.0/public/hal_bootctl.te
100644	bb882c91330443ecf35f5571b55d41d339d4fb22	f1294f94a7dfe9420dec9211531a2ff35bc64c040be3f1072abe1127be0a5b96	333	prebuilts/api/34.0/public/hal_broadcastradio.te
100644	df70ab67439fb21cf672041631a83f7525388b35	74ac19cb19c358364a62b084d2365b63b5bf17d4768ee00c7d7fa8bc2e7db695	1645	prebuilts/api/34.0/public/hal_camera.te
100644	d48c43f8496fd8488a73286bcfdb0de39041a006	3a0aa17e7b0223d5c3c3f019276724c89fea6f691f2facd39ee5a85445f74a09	542	prebuilts/api/34.0/public/hal_can.te
100644	056b4c998c920777b5d24288a96cd249a3b32f88	d577ebc8fa8da7b0860e0025e4c19e35afa8f74afc1f5cf324a8c4a1ec815da8	1386	prebuilts/api/34.0/public/hal_cas.te
100644	a379bb3fc1e736ae6158d37838560db082e92de1	ac34c9ff16f80400601b9b85d654a8799a1ab229e58c52d592f13b37b8060217	938	prebuilts/api/34.0/public/hal_codec2.te
100644	d26e1db7ab5fa380ef1139036523a8541fccf2ae	84589fe364c0bb7cfbc7e9450d684e15d82b8d0bb777b8673ac013cd6baf53fd	2356	prebuilts/api/34.0/public/hal_configstore.te
100644	9896e359045acca250dacbab2bf742bd4097cc6f	fd5ca70c9023ee386c1692c671bfc548f7dca78238f358a4e99623f8d31dd01c	303	prebuilts/api/34.0/public/hal_confirmationui.te
100644	14c2dbcfa23d7430c22d1e166c4e24985c4340fb	f67a622f1db9457d1339674e8781e61283d31bd1a795de1d9e3aa522d9707146	420	prebuilts/api/34.0/public/hal_contexthub.te
100644	43d0a7cbaddc766107e8548a7c54a6b75efc895d	85b23aa2a4d43d2c3a4bcb404b45f2d862a257487b3194abe6062e6ebe397aed	1966	prebuilts/api/34.0/public/hal_drm.te
100644	193b05a029331f74ccbec09e94df7f78effa9682	cf4de6f937d1d45015aaeb456a7d97c0ac08c2682147a2c8c65e7c44f3c8dc3c	689	prebuilts/api/34.0/public/hal_dumpstate.te
100644	09a40d80e934bba87922943fbe00d16daf554350	38dc885bea924e2ad13ad43fc3c3aba49c3bdb72f9fdae2ca052ee6c663d3aa1	654	prebuilts/api/34.0/public/hal_evs.te
100644	0134576745054629af9e9157886d1a6309ae214b	0302b61bfd2504b5f2dcd76d2e9fabab10b8a4b993eea93c0e9b77fe7ab24340	594	prebuilts/api/34.0/public/hal_face.te
100644	7aecac13eecdc2851168285b0cdd24a73c00efe1	9ea0af116f8122be6d7b6e5885f60e4f09ef762913a9f6e65b9a046208e1ad61	343	prebuilts/api/34.0/public/hal_fastboot.te
100644	29abe4f50c2c09d62f2e63509fea18f9ec4006a9	51d6e8b86371ba09da653e38f9a2dc73aa44b6fbc36682d8a006074d80f0d5b3	684	prebuilts/api/34.0/public/hal_fingerprint.te
100644	fc23e649293e91ae8ab45989070a2a2efa1f31be	1b2cc2852553ba56b1e44a591e931c9288efd056e475d03666f4a7e211f7c4d6	364	prebuilts/api/34.0/public/hal_gatekeeper.te
100644	832bc8d24efd143cd7759346f86297131dbaec15	2aa147080b24e77ca3c6762538b92778eadcf0eb85ae4cacd2ee079da5965a92	340	prebuilts/api/34.0/public/hal_gnss.te
100644	35a19debee307a26f278f548deba5d96b31485e9	1d02df9e71f6826b6b44d506cffed1a21320e52994c07a212ad7b2ad216b7f2b	1119	prebuilts/api/34.0/public/hal_graphics_allocator.te
100644	e99d45f74417f96e0219922e42b1e5e851eb2142	81e97408977756df7f736ec863bfb15885d164087c2ca270eeab0261c6a43740	1845	prebuilts/api/34.0/public/hal_graphics_composer.te
100644	5d7aff5ba263b826d5cdcb815ee81c5ddb9bea90	dc25f9ad74e643d69d5647f8f0b64f8e809e661d579fc2a5878c839ba98a6fb6	1249	prebuilts/api/34.0/public/hal_health.te
100644	4938a162fc70d4b1dd401f00bdd40fca13cf2d38	bb45de9ebb9d3a43202b5c2f0cad08ef7737c34220b692b4b3e18b06edd195ef	435	prebuilts/api/34.0/public/hal_health_storage.te
100644	8d558ade1753bfbe619d97c6f1ed302ee9883038	f10de9993da707b3fad29345c7e020246a61717c1811aba73debe810c89819b1	200	prebuilts/api/34.0/public/hal_identity.te
100644	70a4b7debb22772985fceadb2a8f294e79ca9683	60037898842b3ce1f014b11f0dab7efba7350d40dc36681e75debae6493e11b0	186	prebuilts/api/34.0/public/hal_input_classifier.te
100644	b59b15f5a68070bfd19a8b6f86da221876d305c7	92a04e018d22be59fa2241758c378062345afb878ddfcb42afe3c5942250a634	322	prebuilts/api/34.0/public/hal_input_processor.te
100644	452127a343df31f82f01343ab063bc175c1b7916	70778643ba639f318ce5e8d9033b9c640d8dcd0835cc2a2bd15353f48bd07e9e	277	prebuilts/api/34.0/public/hal_ir.te
100644	b10e9f2f23db3f146876afd034dda5ec7ffa8b3b	874735430e4ae5e45838be583dd022612150a5df5c8eb8251c81c2b9e0fde2fc	144	prebuilts/api/34.0/public/hal_ivn.te
100644	3e164ade9401564b97eb45bd63caa193edb8f5b9	764055c8cef10011dea27d45e4230191667d0d4615eac9ecf28bdf063007e5f8	268	prebuilts/api/34.0/public/hal_keymaster.te
100644	ba299562801cffecba0338a0570b283c1f5f5684	e8dab5088cf1474b5abc07c363f35fa5a18a69c1a7b0ee61860a56de84f82480	354	prebuilts/api/34.0/public/hal_keymint.te
100644	40829b6bb0071f975372ea9746e4c2a2ff9181fe	15afe7358dd1267250f5b1130b232e451328bfe0f4cc26a963b652817737ba80	518	prebuilts/api/34.0/public/hal_light.te
100644	6fb95e9430cd6daddea4ba77dc359f3da500d4a7	fc3c294d40f40450b723e201d907a8cf545792e39858ab07e69e29a469f7cef7	662	prebuilts/api/34.0/public/hal_lowpan.te
100644	30a4480bd9823c6cbe24657f8c1b91a4e499e8ee	4ae73368aa8355b358cdf766a71eae3438374965b63ea6cad446df0c13a8d65a	262	prebuilts/api/34.0/public/hal_memtrack.te
100644	c7049fd00df89548c3c4a2ba12ecb0de41c3591c	64a6a6801ff617244985a04a35a9047b72ede5167b1faf1d057c677dddab7114	2319	prebuilts/api/34.0/public/hal_neuralnetworks.te
100644	1aae9ee6d57cd7402f1037b3b88690211b993583	eed75ad56aac0b85fae0d25ab1700d0dec4f2bc7d7dccdfdcb82d53c2a6a718d	3887	prebuilts/api/34.0/public/hal_neverallows.te
100644	3d0202b77a11be35f71c7d52bc8d41d7bf2ce0e4	ec4f38403a579711fe4be10597111769a901e2ecb758e1a1538c73a9af4a5ed4	430	prebuilts/api/34.0/public/hal_nfc.te
100644	1a738a55ba88e0aef50d0c769ec89a523c913c50	1a103dfeec0e56ea736a51174b80550bd0d92d1be56cb99468b20a94f2689d77	442	prebuilts/api/34.0/public/hal_nlinterceptor.te
100644	9f38fa55af13f2970c8eb286380be0a1344c7614	3f564c15bc5c47dbe260b8539ee6536ecef91a5442082d0bec5305d260f82e8a	255	prebuilts/api/34.0/public/hal_oemlock.te
100644	2611dcd303e869d19000a325db3c56cc604e57d7	d406c6bfb3ccc3e61c36116a8196bbc544267b4ada7118a36e4419ec0199b736	1996	prebuilts/api/34.0/public/hal_omx.te
100644	aae32a016150ddedfc145940e90d8dad2d238ddc	13b69f8774aecbd22f423085886b0a6463b30f2e9bf2e7f891004b45b0d999e4	350	prebuilts/api/34.0/public/hal_power.te
100644	4076effc9230bc8fa5f571efe9bd96b00281f0de	6b2522628b6a70ee8c073b5981ceea68495922bd05394796dc89f2be24f03374	410	prebuilts/api/34.0/public/hal_power_stats.te
100644	d16333baeb07bed620ddb7ef4ddfd46a0c71e23a	2ef81b20aabbd6b749d5d348525fec6a50194fc9356f1ead8746c870577f0540	203	prebuilts/api/34.0/public/hal_rebootescrow.te
100644	8a55529c885ee86b6108eb1cf9c9a6a9fd008474	f06b602930e9391b0cdfb306ac3f9f4f61c0f28bd969c33dfd263723bc39eff1	244	prebuilts/api/34.0/public/hal_remoteaccess.te
100644	8d3e15c86c08b554e4fda11d6c772d3326fa55e8	6c1552445ad1badcae8f1fffa9b85c465e091cd6796780a7b82b4e12680722b7	450	prebuilts/api/34.0/public/hal_secure_element.te
100644	f25a2ea56775149e00fccbea64b34862f6cb0539	1cf7091c6325440cb3c1b59f3740afc1c972854c2010b1a3d4cd5e496b643721	720	prebuilts/api/34.0/public/hal_sensors.te
100644	e21796a200935850b973aa5663f91dca58a5b5a7	34929ceb8775627bc1a22d1415f07436efe22900f1989d603155dfe27e64ea73	2296	prebuilts/api/34.0/public/hal_telephony.te
100644	c9553dc23dcd8a23839a2a373ebee77c03c7293d	40c2c73472b03a593b27b49a568d34dfa9f9baf9c7c35b1737102de060399e6d	540	prebuilts/api/34.0/public/hal_tetheroffload.te
100644	13fed00d146a62792c60258f16149a9940cb309e	eed4a39e686168308b3abb0ab8a77b547a41e3d474fda164d9a3a5b5c7acf38e	423	prebuilts/api/34.0/public/hal_thermal.te
100644	658490474a7903b440bccfb8d88bb873adb08b7a	ef14f252726f0664207c6281d6f95263c4a0fcbd41ae7afb0e659edab672c180	214	prebuilts/api/34.0/public/hal_tv_cec.te
100644	eb01b67c3b09f3836c65295ccb7ef2778bbcc1f1	d2da1728db955d6769d573dbce61cdb05c83af88dff77c396983379f3cdd0200	308	prebuilts/api/34.0/public/hal_tv_hdmi_cec.te
100644	f6de27d2740e3558ab10c939abaa0ba1b3bf716d	c921f788fc58b8e13b1b924090b150343126b42030c3b00a4548dd1983717aca	364	prebuilts/api/34.0/public/hal_tv_hdmi_connection.te
100644	2d76fc66595fc750dfac4761c650ae714993d7eb	b33ef596978d15d9139eeb8b21b2b5d6cfa70e2f174db9103a20d9c9bebd7bbf	316	prebuilts/api/34.0/public/hal_tv_hdmi_earc.te
100644	b345189a9072a54cba24689d516b80366f71d624	57b30498668311a6378bd73e46ae3aad8fd4348ff955c87c9e7be4c7eef6ff89	383	prebuilts/api/34.0/public/hal_tv_input.te
100644	4b7c030db9f4ac244da34295707be5956910e92f	1b6b1d05c896c86f7701375f6d6370f04aa03edcae224014f47d6faa5008080b	328	prebuilts/api/34.0/public/hal_tv_tuner.te
100644	45cafaa6979537daee696df4a9a1de86e5e28cca	49b93c973f48915c4bb15925fd19e9f87e12b7e37440c5857549a72d68844a4c	757	prebuilts/api/34.0/public/hal_usb.te
100644	c0df9a9bd7343cf5f59aa7fc27e6cfb9c46cce67	872d6eca74869f2cc2f6a090b6b73a1e951e7223f9e702cfe1907b193fdcc1d4	834	prebuilts/api/34.0/public/hal_usb_gadget.te
100644	dc334fce3e2fc22086899c9fca4c7452842a3ebe	14cb7f4d83152dff963f02fa0cfb2d2cdf0727b4ef2ff757c6f1a1b5c21a3010	278	prebuilts/api/34.0/public/hal_uwb.te
100644	c9eff5596c452f9acb2fc090d7c9730a71ba911a	5ebbf55bf11aea24d70eae4b4cb2a567d6931479f27026cf0a3871eb998f2217	274	prebuilts/api/34.0/public/hal_vehicle.te
100644	c90249571539d0d326df79e2e6431a51be70c6cd	dc27a1e4b198ea517666d2e7fe38eb2e4b1d772d88366ce901cc807f7058883a	491	prebuilts/api/34.0/public/hal_vibrator.te
100644	e52c77fbaa3cb6d0edf418e3500be88dc80e3f9a	f268bff139189f9b6792177549ec697cc2efc96cc59c5856023b21d2a5261271	187	prebuilts/api/34.0/public/hal_vr.te
100644	2b3498992a688f9b7b6d3a43a8f20ad984e35e7e	b43d2a0e253730a5be19c4827d9bcc3a27c394c57fdc0c5f733fe4b6a47171b6	248	prebuilts/api/34.0/public/hal_weaver.te
100644	a0826bb0cf01e72d7bd4dd759c064632fcd39cfc	451667bc4892e522cbbce1e466cf6bcdddf7300674a2668fe5e865156e6395a4	1549	prebuilts/api/34.0/public/hal_wifi.te
100644	eeb72babb10aad3bc5c8baf29c957ef9d2f5a0cb	3650521204619edc0bdd6c045ca8af3f7696f463022f6c993a70b34ed792347d	1303	prebuilts/api/34.0/public/hal_wifi_hostapd.te
100644	b531a225b787af045bf9781e45c767cbbac647fd	67b9ca4f3704d122e3572eca4be93de2df2105afa9a58f4dea5142b0fe8dc97d	1702	prebuilts/api/34.0/public/hal_wifi_supplicant.te
100644	c5dcfb707a041578cad0db9a2a2767a5be740baa	dc76542d896798ef22ede80f75f6e75219be9eda159f37ff091d19e8d7d6e8ff	145	prebuilts/api/34.0/public/healthd.te
100644	7ceb23feb457ab6d24d06b346de45010d30adcfb	481bb07c9c4455c3a4ff6a862e1a6440332c6dfc23836d0cb3937fb553de29ab	36	prebuilts/api/34.0/public/heapprofd.te
100644	11b77f08bf4d34814ffdb6386f13b0e4d09f0823	aa33c4a2478a77822f6109d60cff1dea19ddd252beb9e32f2b105cf13f5193ed	6937	prebuilts/api/34.0/public/hwservice.te
100644	7ec18723318d7306485195c1249181f1ea001337	57a38c94e1ce144b2ff1d274139b7b6ba3573bcdc08059a847ef2a7618e3dafd	801	prebuilts/api/34.0/public/hwservicemanager.te
100644	76ef6221ab1b3713bec19bfe8c598ff0f3ed7ac6	a8e301041e200aa701ed0a13f339ae19aee3e5c1bec87aa9eca8a2c16b9f61d2	930	prebuilts/api/34.0/public/idmap.te
100644	ce57bf650869616b9345bfea957353cd5c2fe5fc	e88e9bb70da0fa5330c2bce20565e1a173bd4205649522aceeb6c55a6647d4d1	274	prebuilts/api/34.0/public/incident.te
100644	bca10186949e1d61c220806473161c2466b39806	89468b356967447722156d1b15333e6ccb59d4d4bdfb58f596f111828e607b8e	143	prebuilts/api/34.0/public/incident_helper.te
100644	b03249c88b92bdc9184e966d2b16523e1d1ff3ff	ba4d9715b7a0356427de0a9297260d5a3e4a14ab07eeb60e2d838f0ab382b71e	37	prebuilts/api/34.0/public/incidentd.te
100644	a399b3aeb5822714c8df378f8cf681ce3f7150bd	67a2197ba42f280094c4847e19472f4c4cd5662006ac5231200f40de1ef5cf6c	21024	prebuilts/api/34.0/public/init.te
100644	b62c06dbe7b544ab0e3ddb14159151c63ed53640	6d1f4fb3c393cf2de6de96755dd2cf12a81596c86fe8617f9407ef0290508bf8	407	prebuilts/api/34.0/public/inputflinger.te
100644	216704d3c3924dbf6ddbb6ec640038080c28c7f0	9dd2be4afafdeb75fb4551a8f0bcc41cfaffc10a6bdf5bab6fd1aa68aa77ff58	8090	prebuilts/api/34.0/public/installd.te
100644	1dd2e3db743d68e66bbe1d8add2fe658b22555dd	0c173b559018cfe9a073d62852de23c82047caa7d795e2f9e231e1bddcc5840f	117650	prebuilts/api/34.0/public/ioctl_defines
100644	64ee1b0d7b208415262001b3a3263f5e7cdd6dd5	20f01cd08c93321121b7c3c82f9d9ce2a98e52f60927d5c857ffd676e524c5f6	3486	prebuilts/api/34.0/public/ioctl_macros
100644	a907dacc2a8619268c80987fb66820143f9a0679	0090effd3fd951538e46c93b10dc5bf5749ce3d8878c27a9ab86edf07a5b5bb9	259	prebuilts/api/34.0/public/isolated_app.te
100644	f2ae9a1e5e9c38389dd3ceec5317b566d3d2079e	e32c3598bc610b0380b1cb3b707f28263dfdc84e6efd2cccdb42d324af1679a7	35	prebuilts/api/34.0/public/isolated_compute_app.te
100644	b01c07adf15bfac13793db0081a8064cd0de02db	9de79030a01d78e57f8bcbc854621b13f16368bb3074705dc3b1d8c675114042	5667	prebuilts/api/34.0/public/kernel.te
100644	7e964c224accf6d6fb927173ce66b618c640f769	3e7e0285340f90caba7e9abbc2bca4137bb10478fd1c606a5f33d5ee3d112ea9	1992	prebuilts/api/34.0/public/keystore.te
100644	3c35984874c76a580a6cccd65a7bf77ca691fa69	c6852e3fc62c7c75ee0e6653314107341bd0ec1730ac672c314c38289fb6e1cc	70	prebuilts/api/34.0/public/keystore_keys.te
100644	1faa429957ce195b210b6c5edbf83d42757cf958	db6b710f788a820208aa3de996801c18c357c675d01592484225809fed4c897e	118	prebuilts/api/34.0/public/llkd.te
100644	de6052da8dca115e6fa10ae264afd0c0d95f0b82	d4f983f64daf155c36fe8b483fc0575959d25cbe624c02975a5a34d54a69b122	2330	prebuilts/api/34.0/public/lmkd.te
100644	81871798a30e1eab24623d606eae1e7a704df635	3abcae25896bf568fed7214142330e107a23fd7fe628ac62b6122ca9f824b363	2469	prebuilts/api/34.0/public/logd.te
100644	c8e6af4e17dc68c69a45481f36306cf773b8eea7	e2b996502c74cfb6ebd671133074c7b4c44b17e109f23f5df7197d420b7a5e58	1033	prebuilts/api/34.0/public/logpersist.te
100644	ef7b065d875658cb229e0153d4cb5c266159d0e9	cb7f03933d1bfc8b6e80d428c00599e106b7cf36ca875314a4ff3890a20202a4	34	prebuilts/api/34.0/public/mdnsd.te
100644	a52295e2cb1c8cd211d53a1cad5cd811079c5f6d	87dc7d5d5b4a0db227584a62c640384ccb4bdbb2728e2d5b0445026c90421275	1162	prebuilts/api/34.0/public/mediadrmserver.te
100644	44786fcced3fb45982b14bd0ee6fbd60a35e32d1	55e784759ea712b3170a2ca1b539511777e373cb12fcf595b4c0ff65ac319b36	2828	prebuilts/api/34.0/public/mediaextractor.te
100644	76f819efb7e7a0f6b221bd78c658f0d115664f15	5b72d10be333bb663efd2800ad18c1ef1a3083feb2f06cc7135215f792c15561	1709	prebuilts/api/34.0/public/mediametrics.te
100644	24170a5cf177593ec3a6f398ba19a340210c0390	71ed6785e5c08b14c128db7ab08eb13c94acf5d00a3e7f71ab07cc02ec580f4f	161	prebuilts/api/34.0/public/mediaprovider.te
100644	367012c112bed08fb56fb56a4ade5b8efe21f31f	8c6d00635b24cd170a6b90af390c677c7c8bce4f5955732b339e01c419ca0406	5568	prebuilts/api/34.0/public/mediaserver.te
100644	edbab03eebfc5920221007f273048ea92ff79d9a	c650e5ee55267a0e0f63df27467c4e18b4ebc1d35225b1cc200f9b8f81b42e38	1183	prebuilts/api/34.0/public/mediaswcodec.te
100644	420d038650f060acbb7234a46ff20ab9e321b38f	4a055a66d03aff618c6d633b7284d11c58d40c625b530a31ccc3e84a27c1ade5	31	prebuilts/api/34.0/public/mediatranscoding.te
100644	910aebd011d66b1b361a4cc18efa722e5f45fa30	86bc2209e5e3674616c5b383e908d7a60b5176e9b8b90894db2bbab22ae3ba48	465	prebuilts/api/34.0/public/modprobe.te
100644	add63c0f56f2153d32e8baae8c4fb901428052ab	e9b6ed8fa8181b4b4eb7b986c2381be0b425ac203fec5d38708c40bb8c19ef11	325	prebuilts/api/34.0/public/mtp.te
100644	aa30b62d801d31dfdc374fb7c08314209a6fce73	40a1681d06b1b00dcfd6da9829f01a68a60bb1be769f2fc81164b45f786c8a2c	704	prebuilts/api/34.0/public/net.te
100644	e3ea1cb08c53104fec8d3b83e02403b4d14c758a	58c4defc3ac2e4abfc6b8c3e84882a8dbacfc02295449ca74ce4f766fdb103ae	6547	prebuilts/api/34.0/public/netd.te
100644	27aa7496cab2c9a942f482a1a3822f516f9762c8	1e12a74a5aaf73b0b5d1c1d5be66604ca9ffa33bac07cceaa72ca47c2bf248be	163	prebuilts/api/34.0/public/netutils_wrapper.te
100644	feff66460325473e21eb00d3f06ff07308979e4d	9ce89979e92b695e139601aa3ff49236a15c8fb41d921af58858e6466de27680	56	prebuilts/api/34.0/public/network_stack.te
100644	59fa441d2a72388ef8d55a6b8c49f23073752db2	9843897178e91a592f65c3e17fe9950f8896b53ae3463bcf361cd8fdd74c1e1f	736	prebuilts/api/34.0/public/neverallow_macros
100644	e3a03e7968a3c8346c821ba3dc9a26cd5e8b3736	bf7748322400aa0169814beb1391490a3a54f766c860496e4381796b8c666442	34	prebuilts/api/34.0/public/nfc.te
100644	db8dd1a1e3ed1c21811603dd0ed4ffc73ad3a48e	7b39c8ca9d0a559dc9c5b3b01904b9d92b3d7e366f29fe9a52d34efaf71d7468	150	prebuilts/api/34.0/public/otapreopt_chroot.te
100644	cec0e6f09278d2e85d05b5c76715cbdb414ae8d6	ff13892d3e9c36d2f893db220babb69786ac7a6126d547645d1cdeb0da4c262d	35	prebuilts/api/34.0/public/perfetto.te
100644	d694fda9d03c50eb02c42d6215e29ef2799c8c3e	358e1fdab4c08e7153531eae63ffd2318616bf205bbec7c2ae245b12794111a8	1230	prebuilts/api/34.0/public/performanced.te
100644	9b1faf0f6a9149a5f0944eec43f0194a4aef02fe	0199747ce0a4d4281c3f1c661c30b7081e4422e9d8517c6cba4d5e17ca05dbbe	75	prebuilts/api/34.0/public/platform_app.te
100644	bcea2dcbf63a4bae8ef5c3991c5f2cd1df686980	5c5564a7558bdc84776e3fbe685ff1b2404f20b0544e8711086cce1b1ab44ed4	1720	prebuilts/api/34.0/public/postinstall.te
100644	b736deff5f2bfca18190469f559cd037ac10e491	4a9469aeec58070db7c6b9c06756b8a3d1a189b68720f058f4ff170cfffe2800	743	prebuilts/api/34.0/public/ppp.te
100644	0761fc30f88ff713c127b5ce3d105ae9072e807f	a6c5d1d7009cefa667f7eac56f9f069b4adb6f33857931e2dd595745542161db	85	prebuilts/api/34.0/public/priv_app.te
100644	743845282520d9e623d713bfc0c31cb683d5ac1a	e7ce82caf9531ee480f98d53c5f110edd8fea5c8827e64fd64c7ffb66c0c9c44	47	prebuilts/api/34.0/public/prng_seeder.te
100644	727daeecdace4a3241e8cb57094c734a740ebd74	0518a69650dc2a66ea51e0b4c21b85c3eb956a54499bca551af6dc01a227e123	1197	prebuilts/api/34.0/public/profman.te
100644	323108ed274bd5c78aefee63668436226255f6fb	dc9f4dac547b76a8f48a5d1cad9993781c838e93c12f957a771660201cfa6b8d	15584	prebuilts/api/34.0/public/property.te
100644	e4b299e98833e6aa8720d2fc883648512d1d3379	a90ce4b03fd7de909d3892e15066b3497fed681f007a3104d63f100760530b1f	1145	prebuilts/api/34.0/public/racoon.te
100644	e03b706e98bc15725c48ae46a4c17a57d51e4c92	cace83bdd61897f1dad91c514103931d393e2367ea2103a769a7df65bae2e938	1283	prebuilts/api/34.0/public/radio.te
100755	324320bc19ac110ec6480ab9e21ac900fbcdeeda	991ae52100b7ffdbbb58cac23b4f53b19446f742992b03a9e78fca03682ccfb7	5990	prebuilts/api/34.0/public/recovery.te
100644	d4b4562019a1c8997ba4339b70295cdee15e0b24	ced3bced3290abf63a8bce038473ee3eaa111362cc465b1fafa6721b9426aab9	1065	prebuilts/api/34.0/public/recovery_persist.te
100644	d6870dcb2cca489eb36505d1fdb853e09d8488a7	e6c2a59c17f1d99cd547f417527786972979c72b2f9bb008b92b76b72a897b13	794	prebuilts/api/34.0/public/recovery_refresh.te
100644	710b43d423a48f1642f5f415fd59131e1b8626ef	9de76088f93f9f4a3ef29620503e3429eba6bdc0303f0006124f5b50d2f00de3	264	prebuilts/api/34.0/public/remote_provisioning_service_server.te
100644	2aaf3b8a1bcef63bb1e52d6d85252e026e391963	911ca6fb72e62bf6259a37938d7bae7b245ff67e076cbef595b515a054e21253	132	prebuilts/api/34.0/public/rkpd_app.te
100644	ca9293439ae9ccc02da1b764fb6b9d3751308c10	362775cb1b2a62fe2fa304ed6922e4d2b1563ad9cc850fbe35af1b60d113ae2c	21	prebuilts/api/34.0/public/roles
100644	f92fd79ce5c8606bc5ddab3f33c6ec1599388196	99827ba12b73d8ba65bc66d90e86430128c963259faf170bc4c51eccf0ae3df1	50	prebuilts/api/34.0/public/rootdisk_sysdev.te
100644	16b6e9630647bd3827bfa860c1531364ef299ec1	7291fff34ccd560e4283b51f6088004488f665899531d657559229d929f52b21	83	prebuilts/api/34.0/public/rs.te
100644	163e1acde8f3df2b7763eea58467e23b51fef347	7f7ce7e68d4298827077e4576d5ca4ff38f931ff58f376c09b445c13752febba	130	prebuilts/api/34.0/public/rss_hwm_reset.te
100644	356a0190caaa9acb813b57f882b23d7d4cf70ab8	9101c0f565fc0e8e925dfce4e49d0b807d46935227a3ad08e09bfb9cce252e1c	1574	prebuilts/api/34.0/public/runas.te
100644	cdaa799c9dca37761bd00d5617467bea399adcb6	e4fd02f5279d6d0af85f7999921de938d6a9c05dd8f54cc5e65f11dbf6fd7b89	24	prebuilts/api/34.0/public/runas_app.te
100644	b3cede1682dc53cdf84876b781a47e8e9b456859	b5dd52e134625aeb1ecf534dcbb2e1ff4ce1aaacc600d6f0c6fb72ffbe041047	65	prebuilts/api/34.0/public/scheduler_service_server.te
100644	220e7d0be3f884b845946736a7fbca794c2a783b	12d5b185ac36cf742ddec1a399833a4a377c19b600df33e1860abec4df1e6a41	1663	prebuilts/api/34.0/public/sdcardd.te
100644	4ce6714f6eb264fb927a76641369ce910677ac50	5220e810e098a0c6cb6e3253e50bf736e4fe51d8af36008e130a29ce69a2721c	56	prebuilts/api/34.0/public/secure_element.te
100644	7c526a5f3300cb514bfefcf5b92de77f1de2ec7a	06eddcd78b1f41a9699e5616acab197c39e965aa954662d76c9174c35a0b9fed	59	prebuilts/api/34.0/public/sensor_service_server.te
100644	b32314d25426c1069fdd6def0f48307013ae6167	53d6d6f9875023e7c652772fc8d379c534493f23882b0c92a59c5e2207231cb3	29964	prebuilts/api/34.0/public/service.te
100644	58153f7863dfb985f3e5868b34f52b7af6aa321a	a1a4c13a4d036639615a07b0d0845fa6d39bc4ca36b33c01156fe240631649b5	1273	prebuilts/api/34.0/public/servicemanager.te
100644	e5a9152e2ab0d5120d932366d905f3ce10c8005d	55ea8108eb9bba3ed469744dee92102a8f52dee039ba04b73b454c36ecb6237f	1500	prebuilts/api/34.0/public/sgdisk.te
100644	6dd5bd77f570316b61be85698b9ba8901dbe2249	c6ac857886f25c0f0b4f0b95da1756edf7f2a09a59210cd2ab4e576aea88e388	104	prebuilts/api/34.0/public/shared_relro.te
100644	d4d13e347f5ebb4cb7b864a706311cf1053d9c93	aa6a6cc2dac4644a4b732cb2d147014b161664f704ae6185f4a2962ecd650154	7468	prebuilts/api/34.0/public/shell.te
100644	218fee77a83682af488dd95cabc3076a5a585218	52cd523b2f19ac15ee205961ab27780de9809dfd0bd0b11a5402815e3e801bec	25	prebuilts/api/34.0/public/simpleperf.te
100644	3719d9f4d87746e517e13e6d1802e8951939a24f	4cd4864b2db362173b65ceb9d65a9e0ec87aea25eed968d029bbc4b4cff1ec32	128	prebuilts/api/34.0/public/simpleperf_app_runner.te
100644	10fbbb8520ba234714c8277c0f2a659bbe37009b	3bc0f79b58d661b9653f63b815ebb0e5a7255e8087a79140bdfb4c2878283824	566	prebuilts/api/34.0/public/slideshow.te
100644	ab8e58a8e9a404b558b916fefea301fde7217b64	1d1ce4814346016d4b00d2b7da8313b00a3b065bb155abe1495dfddfaf1b6490	144	prebuilts/api/34.0/public/stats_service_server.te
100644	71597cc2d71ed68d40661ba5a03918192cb15596	dca2744384b643a0478538bb625804b47271c5a302baefe725559e02ce3d15f9	3306	prebuilts/api/34.0/public/statsd.te
100644	bcdc322858f57ccaa7bcda82dbab7e89bf1f6d2d	16efa3c7e210ffe2ff1f09f0961901d935930b79a165b1be334b21071e4244b6	4395	prebuilts/api/34.0/public/su.te
100644	c1e4844a04339e022b75bf155a2510137550bf70	08c6fc8432eb453dc9bc9f2a395246e06a567c950cb2fe62fa06b39ca90af7c2	113	prebuilts/api/34.0/public/surfaceflinger.te
100644	023058ee0f0f2220e94101cdbe92fafeff4bfbfd	89d62acc300ea4f19dbc0034d701290b9588b9a55087295230d4bba16724a1c1	182	prebuilts/api/34.0/public/system_app.te
100644	cb7f2885797d0c9c51fcfb4af2e184be0e377013	8e803df7ec0b1a3a644915d0df8ed5b0f2caf503d2f3219175eaf9b9dfa6405b	435	prebuilts/api/34.0/public/system_server.te
100644	67bff770c51ffa8a719678eb4e9cf9fefa8e1e24	c2168c4cdb488b6b5c53ea35c56ed7cb2f3be57ab3ddd24fb2dcc7d81140a761	466	prebuilts/api/34.0/public/system_suspend_internal_server.te
100644	8e8310d5ed1d3b55b5987bb113e18b986577d233	9c1b878020c03a12ef939d258dc8f79f6fdedc854f5277cd796873c084337583	225	prebuilts/api/34.0/public/system_suspend_server.te
100644	63805de698490f075be9dab1e22e30bede86b5ed	0cfa9b27020a544e6353d104f5f6a95d77ca6f3c6d5009f065a0b5f40fb73e9e	38811	prebuilts/api/34.0/public/te_macros
100644	0f9b32dc9d4cb095f4ea361e39a52b09d0c01b29	6d0949f78056f251f8be5bb3d2d212cd25c8b28ba64dc926e29998dbe1d75c57	261	prebuilts/api/34.0/public/tee.te
100644	ea2abbb75230146c32dae2ccdc0318fab10884a1	66782d7496d1206a1a19ed56c11102d86d2c06c2b6af24f82432b359d42d977b	711	prebuilts/api/34.0/public/tombstoned.te
100644	3705a92df522e31b40be9dc43f5944c898d23ec2	458b0544bb519e03980f561a81b925e6ae31ad89e0f2d5656f95f2ce922aa151	1331	prebuilts/api/34.0/public/toolbox.te
100644	48da0d83805c7b009bfa794b4492abcac46b910c	e879fd02cf98727e3e503eeb080084c3e781b749bc94f686872de8e2f13fa054	84	prebuilts/api/34.0/public/traced.te
100644	f9a0324b11b128cbff031563e09c3de8d46ecb07	ee32234a4a1c9a2bd314744db72bcd38470cf06e3977d29bb8c04166bd2d80cd	26	prebuilts/api/34.0/public/traced_perf.te
100644	3e587c8efb8210d50a822854d939ae5a5cf7112d	358cfe8b86556384b74ce5a75b667c08aa773ac9f9c635bbbb92dcbf11475a5d	59	prebuilts/api/34.0/public/traced_probes.te
100644	22f6c3b45e30a07413d07c1eda83d0f47325071f	e6bae204f1b67addab4c3dc268c65bb46a694c98f29db8241e424a167ee80aa5	690	prebuilts/api/34.0/public/traceur_app.te
100644	094594b2c9afb8e5648007b5221050b7c22a13bf	42522bb7211e4cfb605d8af9c46daba95ca8bf4daf5c5cd1f0783fdf5b3e5684	3296	prebuilts/api/34.0/public/ueventd.te
100644	3b04671b2778adbfec333e986f9c83548e15aaab	4cfab7a02a5051c44ac90af4a0eb02cb05dc4975b100b06f2fd5fe816ab8cc33	1333	prebuilts/api/34.0/public/uncrypt.te
100644	a4ee6f5fc0ebe3f2d934bc01ab469c62153a9407	bd147861cb88a448377209104e8818591d4a2a3411cc7c2bdea65c006ec3dee9	1617	prebuilts/api/34.0/public/untrusted_app.te
100644	ab7090bbc6b793d664809eaa615b17f8a7f13f00	d1f3fd52ee1f4360a1d9cc7074b5ea8e0e2637fb11575b9c926c9c73fabaa155	3070	prebuilts/api/34.0/public/update_engine.te
100644	12961e7cfe1d452e8632f68e2d5a5f9fe588cc0d	6af9e562e50af7dafeb44cdaca6727279978e2e1e2657bae1b66d3dd04842afb	4178	prebuilts/api/34.0/public/update_engine_common.te
100644	68b43f089b28eca696a94c0d84fb59d42a94df1e	50dd9778cd21e25316e992ecdd529e47f2c5e38286b1c135b2ecb4413fd9b6e9	1217	prebuilts/api/34.0/public/update_verifier.te
100644	ee36784daf47b612727c0927a84f51557c942d99	9c785ef26c3da5f9aebf901d22950de2c23593d11e83819f0439dde9d3723cef	110	prebuilts/api/34.0/public/usbd.te
100644	9974f36dcd58c10876272e0efa58dbeb304d10b9	488bd34a016274dd32e373d30c1b0b7dcd6efb281ed189302aef6a3f3a9184ad	50	prebuilts/api/34.0/public/userdata_sysdev.te
100644	dfe688837aa326688facdaceb4769cd2481a85bd	8ea9f492db8c42afd1a08f465ae433c7ab8da702323cd8b21cd532b0e3192021	707	prebuilts/api/34.0/public/vdc.te
100644	9dd9898ff6a54c34cb9a4d8314d3f7a79010dac8	8cecedb4402e036d6d3f2a10497f0e37896f04d3f0053a5a29146af7f713d4de	10238	prebuilts/api/34.0/public/vendor_init.te
100644	3bc3a9f673f5a4023d21ed5092bba1a7498f7e11	231c2a406e6d113c7bf5dc9d88562e39d26c6c8ac616aae59e2e8cba7387dc8c	628	prebuilts/api/34.0/public/vendor_misc_writer.te
100644	529c4aa27b0fcd28ebc7aada80064e46be0923d8	52acb1cd64e6150b9f16ae5578a6f0565d390a9d0cd9fa1f2bb11ff273d5cc49	30	prebuilts/api/34.0/public/vendor_modprobe.te
100644	5d7cb3165156918285ec1ddc6983c63cbc6af945	981bc7166e9c40b2c82d83829ff417561798aafa5667c912412b79321cd0e622	872	prebuilts/api/34.0/public/vendor_shell.te
100644	63f938de12887e5e07e9bb0778c041635de396d2	43dabd0b98aa019721b4456405ff0000a84b39837f824894b9d2d25c6aa6efb4	599	prebuilts/api/34.0/public/vendor_toolbox.te
100644	49c87044c42f24f4f681df42256fb43a2e0ac367	78eabfbbb0f097249bd988c3b1fdc503b69f49cd954ac9f02c390e8c91dfa1bc	613	prebuilts/api/34.0/public/virtual_touchpad.te
100644	efd9adf92096f0e52b7323445a249c9eaadba9fa	d01ab2fc8822eb21bb8f9ce74e73ac5c2e66a69e7c3661e83744e26f73a9097e	116	prebuilts/api/34.0/public/vndservice.te
100644	6b9f73dc00b51adcf9a2f31713e285c009490a78	52a27877172447b87eb16cd611c960ade67420e2c4333d21ffe1c254d158e9ed	102	prebuilts/api/34.0/public/vndservicemanager.te
100644	3d204e1b07134b1d85351504e36bc6970de1cc74	b6c6b5df3a163b428abce303c5e664c38ce62273e53832dc7ae93a450593bb61	11899	prebuilts/api/34.0/public/vold.te
100644	3087fa861bbe04b61d93424a82adeaa40b25ffa7	b8ef783cb45e03a332b890381f34eed651b226e942e8700cb48d653d55300a4b	228	prebuilts/api/34.0/public/vold_prepare_subdirs.te
100644	72e3685646bfa523ac4b2c4ef801c6142180158b	e509a80eb8b62689a4a8c985638a3f57e684436ab759580adf38cf05ee29abc2	247	prebuilts/api/34.0/public/watchdogd.te
100644	ace3a013e11bcb767476c4b9dcecbbec6aa973cf	9143395295cd20ae1a38d4c42173d1eb2fb0894496f7c6d2e96b3e04d901012a	248	prebuilts/api/34.0/public/webview_zygote.te
100644	98db0d72826e253c570d97beb1b407d9791d0331	2ee447391637958f19f49948c220787cc15c92c539e75e61eaadae3835d2a96e	1548	prebuilts/api/34.0/public/wificond.te
100644	071354e828cf32b1556b229c732ef1eb74970a6e	d845eb52d49bb388b34b0f30625f1ec91566733857644f8c5da826c3d20228a5	118	prebuilts/api/34.0/public/zygote.te
100644	a49299e4170d636d8cd0e50ebe02ab8e9e147af4	a64f24adda6f7de629584a0020758a69c5cd4854285a38ffe8f2758c680f2a15	9222	private/access_vectors
100644	bcce1f1f1dc3063b34267281c243a16d8ea2cd89	b91377d8d46d6b85b540cd2991a108d9a72c65758f5c09fd352b72753f0220d6	2461	private/aconfigd.te
100644	cd98d4beef93210f8ea640238378b03d04c7fca6	2a7b230049fca4acfdf7a32889329eca6e0166375df90fc91419870e930ce1e6	1399	private/aconfigd_mainline.te
100644	6bef6f8bf6b0637f0c4abc0c99e1438efe6b4542	802eb4e57006218ca613a3cdbb27a3dcd274bd3235aeef16d2beac6f9764da98	8255	private/adbd.te
100644	019e95e623cf6bf5ee1d12b24d2d5af36b752d30	515ec152f74e539f1de24d37882855507cc4ef5ecf1b3dd0ec6d9aa633803554	869	private/adbd_common.te
100644	b2ac1ee8c5a53ba13d8bcc98bda61d838acf6ce5	81e309023e1ece533298c5c199314964c6eebacbd8f9c00d48b660c90cd72256	1228	private/adbd_tradeinmode.te
100644	77f2a8e801b29d3fa6dd321023fa2529467a8e3b	6169bb7a60777b6a2854b497108f307f913598f9a2d56f45ce22b3ef3cd0d669	568	private/adservices.te
100644	98ab218cddb98235d57f3070ed1d238759a152f3	fe5b5415588fc2edfbbb8823864bab9d2dbfc96617becbf5a8c01177fb15eb6c	274	private/aidl_lazy_test_server.te
100644	f1bc2145eba91d9c0e9dc6e4a3e4a688050c2dd1	c8a97894383d5da71504f66f201ba9f0ef8239204bed9c6f842cb149e5dcdf7a	647	private/apex_test_prepostinstall.te
100644	7c800f631d54712c2af0b95076550bbdf4199e06	a48e6b326f0a5c876d48f2f0b80a1a5eb4e69db722f0c76271d4d3d386b6e105	10068	private/apexd.te
100644	d4c5496b70a4f965a821379ff5d6d8aa12719ff7	0fdf35254123a895f45f1977aea63cb7335437d53532f91c02be8b95f921b51b	415	private/apexd_derive_classpath.te
100644	b971625c247fdc0d8d7442e727daa7cb0b049474	d600f5614e92dc2994f70651c6ecf03a50b3593ab020f31e25eb87e3518d5bfc	34243	private/app.te
100644	941472d374b73007e406641f038793ad69146661	54be7f561996dcf048cfa9efcb336485e3a0b037a5c770a41cbea4c65a4b31ee	14391	private/app_neverallows.te
100644	b51f633d939379827eb3ae2cc9b3115f17819dc2	fdc24f9c714cdb1a8fc62d86027e5fe6839bf5f483658ca55caecb7fe6ec0275	6432	private/app_zygote.te
100644	0922931c28ccbb36ff69fa157b9ec338c8a35883	b0230cc4b056ea37a5f230d5ce3320a55db89bab5f0e8fe61ee77df1aeaaece6	526	private/art_boot.te
100644	7f944f6cbed7ab48588ce8b79047db24183f31bb	a80f98594b3d86ffcddfd8c701b22789f8903aea1a66b2dccdce43c51359aa98	985	private/art_exec.te
100644	20e0343b03d056a9e7badcf5670792bb05b5fd34	0ca02eb89bf8c95d0271436f5ee836c7297404d422fff59bdedcf9b0b93b812f	8971	private/artd.te
100644	8c8980ce2005c0cfb3ba3955cf11b638935ce0fa	8d4d96e252bf405b4c4b0600269c2e85a4dc2c27e7dbe7e4e89434e0cd738ea1	1442	private/asan_extract.te
100644	1712648b183e2ea3c8cacdb0cc8c4f736beac66b	b6e1606dfebfa9d29d8637bbb8ef28154b34f2e56b5aad9938e79eaf2e3db1e0	2705	private/atrace.te
100644	d740c9f5b16f878ea283a8cb326f7ea093197b97	de6be4298856fbfbf8256d9745fa88de959aa48302fe14023aab738adb12942f	1287	private/attributes
100644	90f4c94911b7bf0f713729378ef9c67551bb3eb9	fca8fe3ac71461c3943a93e8c5b2a3a860ac207cd983def946220fedb4513543	4630	private/audioserver.te
100644	b6d191ab2beddee66e7c7bca1ccda1d9d7f5501a	de4664d74bb261d9d5bf0cb592286d8a18f18bc583bcb2fbb4781353318b9d4f	780	private/auditctl.te
100644	db20696a60925599060afa9369eee098b2fa10ef	f369086885c1b8be9cb92f4b8b91473e9adb1d701e8de868933eaf61d67bdb2d	1721	private/automotive_display_service.te
100644	b11bd76f6c354a0c1406d78ceec586c9f94e15a6	b03bb0bdad420c69ea9fd9499c9629b776d5f50259466623528426da266fcd17	383	private/bert_collector.te
100644	b8ae9f4ac16b52be2185a0a60c8057c5b75949bc	f4125fe293dd881e3167f4d1973ed663857d0b238ca9ce1a3415f8c456e43b23	1183	private/binderservicedomain.te
100644	20d50cc5715951dde1227c9ce9859496e0c6ff3a	8d034b027310b0c074e9e009242e93e8bb338bedbd6fd83abc7e6c5058d907cc	231	private/blank_screen.te
100644	4e972ab95d9168b08d01eaa49190758b7ae84b62	18c88b2e9292d78a6b24b559d3c63e7484ad4028c2aba98d5a17519b8b63bb5f	721	private/blkid.te
100644	125677157ebaadf6fce40e245c85904008103b13	537d7b18964f3c89f911d6d98ac239963941f02a8903933dfac4c46675f8c4d1	1100	private/blkid_untrusted.te
100644	e3bb004d82762724bc3070f50cd7d6941f029f2b	9f9e9fc49c56d55cf59bcb68e07e3553744752d3c13b77e3c79abd7e9a25f2a9	3941	private/bluetooth.te
100644	fe4f0e663e6ae203381c9e365896f87f919399b2	a9cc20171e4db59f3a38a0cdf21d6e9f38c7b227152eac557d9d6b7b0618992c	167	private/bluetoothdomain.te
100644	fd3a09b5c79dee431874168ccc387c05f4e62a9f	85c9afe0f2bb35e17c9379cb083dbabc4f7c8b74edb7b255c3733a28af3ceccc	2035	private/bootanim.te
100644	9835940188db3c93ac8d9ce15c229a90322dd7bc	0a49a853ebc1de387249f2ed40706361c074cc4105bc61fb72d261fc7d3a2370	1899	private/bootstat.te
100644	50fc1fc1c18050810a79b52b0f128f7f850f812f	bf0aa8f1cb59b85418604f805456559aa15d23d2427160f72ff414dbbeb21f52	3639	private/boringssl_self_test.te
100644	7c8f5c0751f31f8592c50fd6b77ddd0b01c117b8	c7f88bc5eb4274bdef4f42acf01c2a1c250ef349f5909049ea96dedbe858e7d9	806	private/bpfdomain.te
100644	968fb03cf8586c29c8ed3d5fb0a79a0f6a966e14	a42cd7df5fa2c378a1de1486cbc523dc861ca63e3798a097b24b843cccee7fd9	5263	private/bpfloader.te
100644	143c6b557814920d3cd08c564b4c0f926afeaa8e	0f73097824c54251e4b1a6a0923d5be224c35a66236000941ac1b46e8e79fc0c	817	private/bufferhubd.te
100644	a4873a7cc2dd9c07913a2ebfb3ac80f42bbc5052	30cf3d6b915d8d1382246aac8e5554f2bd413e51f3f3e82745efe9508d095b19	1481	private/bug_map
100644	352e1b7aafd8ec10a77610559d919a54d268aa79	e97b1c1e77d9981dc5b4365b4d205ffbf1b088bbdba7a92d9738180b13c8149f	59	private/camera_service_server.te
100644	16c1f3d3875cb66375a5d35fbc8ad825b04943c4	fbfac985ff20eb304865878ab67decd9f9c83d5634d5d317eac3d7521ad70740	3751	private/cameraserver.te
100644	5673ccd3d223ddb77abdcb7641950fc0564b6f77	4c3a133bc4a1a3ccf69e7ded825473dd664c3a47a7d2031b625b132f5343f236	411	private/canhalconfigurator.te
100644	2d48a60652789e571049313988efa7d95f5a905d	339a5c185d20174d62d90433aa4a2cdb0dbc4c3772e60bb703d187105ee01de2	645	private/charger.te
100644	d920a3d64e7f0618ee7bab2a954b64207b704c94	74a98c2497cf02a9c2a4f9ac800be78b50824a7c07e356def7fa975b9a623f95	2195	private/charger_type.te
100644	47bd1983bac63a0e86b046056721cf89eeb36d01	2c6a85d2530f0b18e12c0611233fa75c4ac0dfb5dd3990bdecbafa89406090f4	87	private/charger_vendor.te
100644	cd024a78a295b6e04deab3cbf76548d8f712293f	4c2d6e9fc8f112ad6110d0841e09d4cf7cb5c83af6c4efbedff57105b49b56fa	366	private/clatd.te
100644	e9c97e50544fc3325f3b10c9e567600d7a8e95c6	43db2e1852dc8b2e15e8f1efabcfd73c963626814c8dd7bf111b41ecfb97a6a7	167299	private/compat/202404/202404.cil
100644	9166cc3224a9c32beadaf61c4c8e58175ff73775	894306fc43e65914167097a9edc97bd3a14ea95f6c65ef8bb385ba1aa93f9b45	381	private/compat/202404/202404.compat.cil
100644	69e7d5e8b92e3cd070dece9982cb5ad5655f770a	c86db1028e83f752f7adc912fc97d5ab3a2279682eac60c0461d4de645fb2854	1227	private/compat/202404/202404.ignore.cil
100644	0a1d3401d86fc5a0efa4d24be8f8c3f80570de56	0c8af843d8d966a97ce66a1b2d0282d0e810c237eb3f2a439f5e0777c54ca23e	170033	private/compat/202504/202504.cil
100644	0875cd9f6004837e90187c97d9b9b2d495bf9730	f61cf03a17bb5714c1eb18396c005b6fd3c3b4a9e3bf446b61f7451ecd59da52	381	private/compat/202504/202504.compat.cil
100644	8cd51e4119c3e9132cb7c2c1f7d3e2ce9cd154c7	b7e5f33b996346f39705db85687fb5a28b1e433d29df70bc34c3453c213a0071	900	private/compat/202504/202504.ignore.cil
100644	408cf335dab252434c2071d1df86a29601b7e392	8e130e15cdb5ecd042a293be9854c09996d13f0ad7ec49b762587e0eb000be1c	109683	private/compat/29.0/29.0.cil
100644	2d37de63be0811104e610b5c5b850d22cf926f76	db46612f24c75bcd5ddf6d574fa62a7163bc4951620217973d1000a91371d38e	2470	private/compat/29.0/29.0.compat.cil
100644	e40888dcc5ac274ccc041a6a52606efab17fbe2b	18fab6a87d34e179a46af70936ca0877469c906c90ff75b1a3f262b6afdc1002	3487	private/compat/29.0/29.0.ignore.cil
100644	f95488ccaf4ecd86e83f5b76525c98ae9cbdc418	37483953b960c5b4cfe7e432a50c18c5afdce6ab6c5d1490c76ed251930e43db	125292	private/compat/30.0/30.0.cil
100644	c9c5f477dd63420b4c6548c8dfd5773e56c0b294	2b40198379e1bb65ca2af156b25562381273144d94c5ae223b5ed9905d7437cc	2526	private/compat/30.0/30.0.compat.cil
100644	1d3b3892f61f3f3ec59c445f3d775ac80c6733f7	29ebff2887697e9663c64aaa48df0b3450b0d0c67c260c8d0baaf67e2f076615	4090	private/compat/30.0/30.0.ignore.cil
100644	b0df31447d2bf119f11119abea6d001b0c3513a9	f591f19de00982ca33f01660a98bc707096375c7d0b225cd92c2e07e70403df6	141059	private/compat/31.0/31.0.cil
100644	787c92a8c1b0d3bd5b0b9372bc0ece8a71f10335	adddc30714cef2ec2beb4eecdc24df86acb145e390a708bd2ae5ac41b6fd7630	156	private/compat/31.0/31.0.compat.cil
100644	0e39f3ec35cef11048a761b184b7929018273270	336b95a5af90221128157f6d73c24b4aa0338c6cef50fc655e153c7b3e6435ef	1397	private/compat/31.0/31.0.ignore.cil
100644	171f0ad2c7d3d3689e86d3984e3b4e8f3c524ff5	868925c095ac11aa1542b7633630de31f00deda5dc4dd16c004d7bd93e5df20c	141236	private/compat/32.0/32.0.cil
100644	00ac11fd9c8ca5686b7f99ee88236c63700e7742	59648b120ec76f9e4540b9d656e58a353ead9ebac3c69be778532354f84d0c9d	156	private/compat/32.0/32.0.compat.cil
100644	dd74cd82fc09568ed68cce8d3339cde109f36834	39e3e354517e7fa5d355deb4f76ac7b44be319bcae964356cf06e80569159b9e	2319	private/compat/32.0/32.0.ignore.cil
100644	16babe753f3fadc41b24bec9a670a4b9beafb60e	839b68a4c64d1fd472ac4c0539910323d1b39877b9ef96f7ecb76fd2863b75b9	149954	private/compat/33.0/33.0.cil
100644	e0ce25b2724dafb81bef6b16871f98276e52083e	3b546217889ed461903551b008c23d77cba3b34d97eec1cb979ca6e74d744385	899	private/compat/33.0/33.0.compat.cil
100644	f041d97b64b422b7e57c9c5054d81019d1b74296	64d4c7e6ef450b99c33cf033c9ac9483461b75cb6c936247eb890661eae55784	2662	private/compat/33.0/33.0.ignore.cil
100644	622bec16f9e1e81ed3682c25df1f4524511f5783	cfdaed8337a94aaa0249c35ac792323bfde4a1a2873fa1c55361646241cd3221	156361	private/compat/34.0/34.0.cil
100644	7252122d3442d06d71914e76ac29c78d326fcac0	96535de6961473ec5191e879e8547820dff5011fb5e0409c3df75b6dc0395834	1126	private/compat/34.0/34.0.compat.cil
100644	46210f691befa9ff0d578041f9cad55e47055291	e63cc213ea69f3ecc7b2b8895ab0a1b4726483170299b0a654c8ce9b0b366bbf	1620	private/compat/34.0/34.0.ignore.cil
100644	01504eec8dd3686b14407a0369bdd2cdf9fa1380	583f9962741d277a1fa0bd702d204578a0ba9302f9544e379f28adc24cd9b437	1120	private/compos_fd_server.te
100644	fcf6a004c2623e6d0c733be2acb197f32f61a106	ba281cfd775583b6418b83f1e52a09bc22d1426ddbb6f1ef77a792f1ae6af147	1288	private/compos_verify.te
100644	409b2cb4c57fe048b4a3aac953676f90571b5128	c00628ce268c002f97b6f4aff3d68c5f97f85ea72e2ef43f669583e988e8cf8c	1659	private/composd.te
100644	2163c514123ffdebf7a7c6df58e4d8383b33b605	4990feebb0be65e606f6c3fb3188e397019c4ff910c807d2188dc23cc32d6438	6222	private/coredomain.te
100644	1192ba676ee7fcb43ad1ef2900a82cd0a0c27c24	4a9598ed103d1defb7e9e8224ad0d9de79105cd6ec84f42f787947f6547f290d	1240	private/cppreopts.te
100644	4bd1d38218947d93bca0a90d6166fb2b27ea5216	d6a16aaf263444917276067a605960da99bd5b7bc034d2749959875dd26f7fe9	4251	private/crash_dump.te
100644	bef5c554a35453f096ce01ea7523a864e40688cc	5baa40222f1590ae2ebab9f2e800637210213a3e15c464885c938d08e897b870	959	private/credstore.te
100644	cfa32295ee86c5450e9f4b63dca743c1a111acd1	4105cfdf575f5c760746bc4c7bcf9054cc6daa2d49c89d6540a0049080a02f60	9869	private/crosvm.te
100644	c0a0144b384ac191c45028e86edca484f5605083	9cb8fe6c70ceedbc628a97715870b4d4ccc610ef37e712d71754d3f84ec9208c	827	private/derive_classpath.te
100644	c47f0a5bd9a53612324a81810ab49ceef1e894e4	3f62ac80cc8c5dad1a294b88d85200daf4181655a9ee7a7e75227e888f518dae	925	private/derive_sdk.te
100644	50778ca26d220578027d5480707bf2640ed30beb	3e47607db97e558ff42b98243ef35f3bc46cdd1eecfba21ee3efd0fdc1db512a	64	private/device.te
100644	98c91c2f9a9544e0a458fdf5bda7b4233b3b7c1b	764b83a91dd15c7499e1ad40e721996144f4c52c4a4a339c28da42c17f2ebe8b	831	private/device_as_webcam.te
100644	60d2189e44f6166bcba3ba66cbc278c21205dbef	04497de3b326c7107484ead0ce549b44e16413f914bf22edeb46e427f67f6e85	3259	private/dex2oat.te
100644	b4b35ddcea3174f8ced877a3bca3aa7a1415b08a	ba8c01468142cb5c7e416ddd7465fb10b7c846cf023ad4b0a918513fe0acd4ba	5582	private/dexopt_chroot_setup.te
100644	4c87f99ab5ba94307d6447c6b166129c178e7069	e48660370dcfc6c741a2dc807d66d956d511124a0710facaca52d1d9d1ef39d8	238	private/dexoptanalyzer.te
100644	437fa0c69a9f26fe7cf2c6f60a28140f68b0a6d7	b454c83df73adb68bdd39f1c084cf55ea7c7dfe529ded192c60d46258ccb7980	1310	private/dhcp.te
100644	c5839fa544b524ab61fdcddd991a93294955ae80	22e507ecdbd88b4ed06ddbfc5599543b21549a78fec4e5fd4dc58d9bb42331e2	61	private/display_service_server.te
100644	7a12882869104dd487555fbcb7970cf0a8657c19	caf173b2f7f7594d6d8b7ef4c769a8c38d10bedb9a735b4764994500180adb08	507	private/dmesgd.te
100644	de6c8d6787f2b5ade47272cd6e158e54a175214e	55e32509754c201656bc795883633e8a0fd64c4f71d458050759f8baa01d52a8	996	private/dnsmasq.te
100644	bd89e3019104a4b09b523e5aa3f85de0ea16d3c7	698041ba5162c4c92e62069cc6c471a10e64cff727f5f45e3ac8cc13792a53b6	81350	private/domain.te
100644	dfbf3b82b816d3f0630da0913ed471cebcda8af6	6c808dfcc5ec6418fd430680d4e17204021ce4c8d27f0a9e9ef617b41f688d95	2351	private/drmserver.te
100644	7bba4c1d8a4b7314056bf1cf990e588c9a9e347b	323714d0bd45eb0fea66ba80badef15f91ac081a3d6952a48265a9f1e8f1949a	18420	private/dumpstate.te
100644	69d2e43ef07a3aa14c91a46f3a47cb525c3b17b3	62bf72d084e811f8ae14961f5ce2cff09059e841f4bce1dee44665a117124bd3	1076	private/e2fs.te
100644	493ac0dc5eac7cde6d9c4f7ee04fefbbd911dee8	df547193cf6f67d8bcb81594a62651ea77b3f09f61b4fd80057d8149caec97c7	3601	private/early_virtmgr.te
100644	4e1417b63ecbd6cee35859002c2eaa175deb6af2	1604b7041a62bfe55efaaf6c645b50cdfaaa35a3559179ab0549b2a67ab3301d	3403	private/ephemeral_app.te
100644	37726287f8282a5187b43c8b3a32cd7cdf4a545b	23b0dd73fc0a42e2696f4dbba046fd161f1d5863784f15a54a14ce9ecb15fef0	1121	private/evsmanagerd.te
100644	f24340de8bc82ce10f8b5f19753213c94a78f039	7514900544d5fbb53da4a887ca5c8d5a184e4905360b27239d4625133a51f04c	643	private/extra_free_kbytes.te
100644	a62cc47afec654788a168aab73ae094f0c5c3a0c	f0ec6affcc388de7f407c0967e1ad98de5fc06a2fa0bf3d2da480c66b1ffadd3	6194	private/fastbootd.te
100644	b832da44cf3fcf24018f85e53352b64182306718	2975a31a0bde07e0a3490996d38e39abe517655f00c6dc2bc84f51d9b5667b66	11735	private/file.te
100644	bc79eebf79c83eb8bb7dd4f28243d5e4ece8f92b	e12200ba518ddf62ed4b4d9ce2c9b48cbc40723c3df2a87e672e12cc18f52e04	53964	private/file_contexts
100644	9554a76188aa2eaa2cfd2a8c3c737884287d6c95	484c605a690b7904a2c695331b3d131209d5f5becfd05e094213de5950706fa2	1122	private/file_contexts_asan
100644	e472fade565924ccdc1d43e23d8c3908c57f9a2e	9e45850bb0bc23086295a61242a86117ef6190cf45492c3e37f225cc788cf45d	510	private/file_contexts_overlayfs
100644	949f9ea0e6ca1f8f0914b69c1eb8819594150f94	0dc60cd6b0e719315937bc0e6719a7d717743135d9628baebbc5a8650d271a4a	828	private/fingerprintd.te
100644	db7f08f58416408e3caea73534efc4e08a429a11	e29304b4c9fd0c78c790374c8cbcfae9a7e6ca98cac7ef88a4d8f22683e4cd46	3735	private/flags_health_check.te
100644	93d7f1b24461e533a62828687cc263752b0a00ec	577777c76e1b96947e37ef3d6b37d380f9dca0f4bfa56ff04c4c67374e9e1265	1055	private/fs_use
100644	c059dab872a277bfea00c0ecb67665c748ee9a15	bdf31418f54380b46f0b451e0456d355f0e0c54ab7ed6b854d4760f796e9324c	2571	private/fsck.te
100644	4b55a57e5dfd055c646a05603828607aaa1fff9c	17cac375297fb0d5ee620aababa712557ffd737f9da8001ddda016d25dfad11b	2472	private/fsck_untrusted.te
100644	4423913d0663ab3a5102d3a9f0be72db8a6c5455	0192fc6d4a5b0d71a40de03182369ea2daa238ff45720bb535b89e0e6f2be970	1188	private/fuseblkd.te
100644	b99a49ca8ad052b8a41864903160613219f5ab66	6f9257be7355451846eb89deee678c005afcb580954ea2485c6b3e9b607f81c6	3200	private/fuseblkd_untrusted.te
100644	5286f3e5653d9d1c337d60d9828bd7e2fdfd0c06	4ca64958a5d0c0b169b5f806fabed5129078041e7131290b1f8e426dbd01653b	252	private/fwk_bufferhub.te
100644	045294f92f7eb01484653277440e10e991cb844b	584e9b483ba25902194502400041126e74af192249f7023aff088864ecdd0308	1372	private/gatekeeperd.te
100644	e25bb9b312b8a5dede580f6fbc19b9bba77bdfaf	73716345db09f74620ec75d5e4a4279f5826b583e856735521936f5c8916afaf	25877	private/genfs_contexts
100644	11553893089716670a34fb974ba9d0129b972c99	eb064fd9067cbaf2ef6cb5a14d9283d8ac799bd00d098c8b4442ff173c81d8d9	920	private/gki_apex_prepostinstall.te
100644	6da9b728b5fdaa1d2b81f1b78cf0dc040b16f218	c77c0631c66a7fa863d8d95b992628ce75967e0bb0addfa91fa7d960076f977b	8399	private/gmscore_app.te
100644	563854368107938b62b9180a5e69c4db245167d8	1ed1de82a442520db1cb83e7f84b7e3adc57ae3beab2e4f91bf9d86ea6b17ec9	2626	private/gpuservice.te
100644	fc44141b59ef26679cf614bc294a09ede58666b6	a2cc300e3386065377ed328609c01fb5dae0388a9f5493f52ce707326c74e3b0	6362	private/gsid.te
100644	6417b62890215faff687cfebbe395b6d3aa028e4	1e71a67b185d442d3852e7838d851a5b503fefd71d24498db0f6ba146310be72	321	private/hal_allocator.te
100644	6ab7eb83bde419bac70a86925e12aaa297d28a44	4549dc6c31c7121ec0419d733188897f5e56ff04a8ff54a673aa11237d00a853	323	private/hal_allocator_default.te
100644	51d9237f9e7bf175133508b347189e9cdc31f01b	940b0d289272cf72d262ba9f4db584b471a61c924b4a6b580a445b9b4c58fb5e	146	private/hal_atrace.te
100644	237ffcd7c6aaedfe8c8e817298568b8471842a22	08ffff7985edf28bdb322cfa618b009de259ac6cf97fc3d4cbca23e0192d1963	1625	private/hal_audio.te
100644	6f45b0ebb38e0e6ca324ea373d6734d8d093f48a	07e36264f1eaf1efe0105ef35930f071b5a7e68ec63f2500e083f66b9bc802ab	367	private/hal_audiocontrol.te
100644	f053cb08ed2c36f6b09d8a6998d15126ba3107c5	28211b91849b98681ff56fc0080ec1483732f2913d19139e93eb7d5b40fbccca	291	private/hal_authgraph.te
100644	bbcdb9a33d6ee7cdc4d72bced57141d311f6638a	d959761d8434bcde7a66034a0afb037c09c8a00b1989db4da54225ea1afc106f	276	private/hal_authsecret.te
100644	18d9b54f047263267ae81f57c335e4eae0797417	415ea50e1eaf2f85900c4b8ccec710284f90357ebb0862cbda562e9f9714c67d	1343	private/hal_bluetooth.te
100644	d6196edb29ca0ac732d36ce54fe1a8c5ebafa72b	93dde85f1e15cbbe1e356adea729fb54001f15508fddbc6a168b3998126f5a6b	287	private/hal_bluetooth_lpp.te
100644	f9b50b032ab544f725badb6efecae834dbfb483c	76c3ecbe3f60fcb658126a722bbe6f1891d9a9cca682160c9d5e0c4e04dce28f	405	private/hal_bootctl.te
100644	bb882c91330443ecf35f5571b55d41d339d4fb22	f1294f94a7dfe9420dec9211531a2ff35bc64c040be3f1072abe1127be0a5b96	333	private/hal_broadcastradio.te
100644	df70ab67439fb21cf672041631a83f7525388b35	74ac19cb19c358364a62b084d2365b63b5bf17d4768ee00c7d7fa8bc2e7db695	1645	private/hal_camera.te
100644	d48c43f8496fd8488a73286bcfdb0de39041a006	3a0aa17e7b0223d5c3c3f019276724c89fea6f691f2facd39ee5a85445f74a09	542	private/hal_can.te
100644	056b4c998c920777b5d24288a96cd249a3b32f88	d577ebc8fa8da7b0860e0025e4c19e35afa8f74afc1f5cf324a8c4a1ec815da8	1386	private/hal_cas.te
100644	df36ff8f2ab16c15ce99b2a5094cc0244c652e4d	dcd07683a8bbe5492248c4848ffea524943acc1c06447c796dfcf45d0dc7ee36	1313	private/hal_codec2.te
100644	4cfd1b81adf89afc5084d6b9a93fd1064b5f3ebd	b40455c7c73b25dc37e1b5c33fd09e81add0627c4e8e7d58c84fdd9969925853	2396	private/hal_configstore.te
100644	9896e359045acca250dacbab2bf742bd4097cc6f	fd5ca70c9023ee386c1692c671bfc548f7dca78238f358a4e99623f8d31dd01c	303	private/hal_confirmationui.te
100644	14c2dbcfa23d7430c22d1e166c4e24985c4340fb	f67a622f1db9457d1339674e8781e61283d31bd1a795de1d9e3aa522d9707146	420	private/hal_contexthub.te
100644	904469147f558feae15c93eb45d56c72c926a130	96b2bed0a5c2722678a68986aacadc8c1759df3dc34e33c9546e2d5ce7c2f16b	2284	private/hal_drm.te
100644	eaa223bb02b0e28c99bbc0a92a3f26bf05c3690a	5de3e18c4485f322da91dd0f1ae83f09ccff816c80c0a15e81995d83b2ea192d	723	private/hal_dumpstate.te
100644	09a40d80e934bba87922943fbe00d16daf554350	38dc885bea924e2ad13ad43fc3c3aba49c3bdb72f9fdae2ca052ee6c663d3aa1	654	private/hal_evs.te
100644	5e4395354c5eaa3a3b17edaaf4efa61c09ad062c	f20963ff4386532e0ede987c635046820e1db259d72195fe5e30dc0579133417	605	private/hal_face.te
100644	7aecac13eecdc2851168285b0cdd24a73c00efe1	9ea0af116f8122be6d7b6e5885f60e4f09ef762913a9f6e65b9a046208e1ad61	343	private/hal_fastboot.te
100644	3295cc7fb03381ce2180a9c8b1a817133a1291cb	5998d0b5c83590dd9a007d4828bd95191925fb2bd8d45570676cc388bc53c55c	730	private/hal_fingerprint.te
100644	d9d1b5832f13100c8d68be3afb34e180cd6758b6	b5e24513b799f5e6cdc2ffa519a8e55db62cfb1d51bb8f27941c45a3c01e3b31	580	private/hal_gatekeeper.te
100644	59a6df8e30815f91e147b00ae95efb9c55226406	d2bfba68be300e51df7e188d039b2d2209c4566642ed90714f8f80956e8541d2	306	private/hal_gnss.te
100644	39ba46ef289d7a04d31eadb5f2790be3dc30e542	fb9e8fbd5ac92d3b7cbdc14a8bd8da150f8ecb313c5a1c056c45cd8334773005	1205	private/hal_graphics_allocator.te
100644	32505642b528bda8060d134683eb1f54374b73cd	950280590d7f2e02c7d936382074edea4eda6f690d2e88bcaac8ed6a0a92431d	1689	private/hal_graphics_composer.te
100644	5d7aff5ba263b826d5cdcb815ee81c5ddb9bea90	dc25f9ad74e643d69d5647f8f0b64f8e809e661d579fc2a5878c839ba98a6fb6	1249	private/hal_health.te
100644	4938a162fc70d4b1dd401f00bdd40fca13cf2d38	bb45de9ebb9d3a43202b5c2f0cad08ef7737c34220b692b4b3e18b06edd195ef	435	private/hal_health_storage.te
100644	8d558ade1753bfbe619d97c6f1ed302ee9883038	f10de9993da707b3fad29345c7e020246a61717c1811aba73debe810c89819b1	200	private/hal_identity.te
100644	70a4b7debb22772985fceadb2a8f294e79ca9683	60037898842b3ce1f014b11f0dab7efba7350d40dc36681e75debae6493e11b0	186	private/hal_input_classifier.te
100644	b59b15f5a68070bfd19a8b6f86da221876d305c7	92a04e018d22be59fa2241758c378062345afb878ddfcb42afe3c5942250a634	322	private/hal_input_processor.te
100644	452127a343df31f82f01343ab063bc175c1b7916	70778643ba639f318ce5e8d9033b9c640d8dcd0835cc2a2bd15353f48bd07e9e	277	private/hal_ir.te
100644	617effe2241dde4be20ff03bf9ec0a1b3952e17c	865f1182efa53efce06d24c9e3727f3b22e42e68a7efefc6dfcfdbdfc5748282	145	private/hal_ivn.te
100644	3e164ade9401564b97eb45bd63caa193edb8f5b9	764055c8cef10011dea27d45e4230191667d0d4615eac9ecf28bdf063007e5f8	268	private/hal_keymaster.te
100644	6c7b577272035415f20d54dede5689013f09200a	2c089530f6355c284a70090392f4e36185fd61ee593fd51902fba53926feec07	386	private/hal_keymint.te
100644	d70ba53ec38a8d40a0f366a3604cf59861804334	16a17503261579144ee041b546e1377e56be4acfa1a1de34faefecb03d1038ec	659	private/hal_keymint_system.te
100644	93cf2350bcd52cd8f35aefaccc7c034d10857af8	4a0be12763ff0fa1075102739fa3f357a29a27113f126a58a58319ec078d4865	88	private/hal_lazy_test.te
100644	40829b6bb0071f975372ea9746e4c2a2ff9181fe	15afe7358dd1267250f5b1130b232e451328bfe0f4cc26a963b652817737ba80	518	private/hal_light.te
100644	6fb95e9430cd6daddea4ba77dc359f3da500d4a7	fc3c294d40f40450b723e201d907a8cf545792e39858ab07e69e29a469f7cef7	662	private/hal_lowpan.te
100644	27225db2195d72e5c67843e33b330451ddb873fc	70870f07f40fa2253dfd8caf8ff6194ffb39f9154a308bf4982c5e10c0b6a7c8	236	private/hal_macsec.te
100644	6575146817da2e301eacb0e6fe1308cfa9ccd960	94da19215396a0a1880f8c083e06eaa147ceebfcf9afce4105ea95d920ae8ce2	298	private/hal_mediaquality.te
100644	30a4480bd9823c6cbe24657f8c1b91a4e499e8ee	4ae73368aa8355b358cdf766a71eae3438374965b63ea6cad446df0c13a8d65a	262	private/hal_memtrack.te
100644	c7049fd00df89548c3c4a2ba12ecb0de41c3591c	64a6a6801ff617244985a04a35a9047b72ede5167b1faf1d057c677dddab7114	2319	private/hal_neuralnetworks.te
100644	c052d51d3825ca967434257f8ad09ce9cdae81fd	1b101968bf726743c3affe93fbb2f0e57cc77e7e5e05ab18be2a3d9bc72dfce6	4088	private/hal_neverallows.te
100644	340780ee6fe24104b2cf9f2f8799e886d6c0f862	cc467a99c8f0482b5081ba09ab99bf9a92a92ea59eb71481074770f876a8097a	458	private/hal_nfc.te
100644	90046136f90ac1ab22015c88538a1651fc9059c4	a95f7b34307e921714af73331ec8128182e4d9c0acf0e1e53e057fc823295539	591	private/hal_nlinterceptor.te
100644	9f38fa55af13f2970c8eb286380be0a1344c7614	3f564c15bc5c47dbe260b8539ee6536ecef91a5442082d0bec5305d260f82e8a	255	private/hal_oemlock.te
100644	2611dcd303e869d19000a325db3c56cc604e57d7	d406c6bfb3ccc3e61c36116a8196bbc544267b4ada7118a36e4419ec0199b736	1996	private/hal_omx.te
100644	1eb10a15aadd60e02de697a7a05c5babbeb2a470	69871422ddbb15de2ac6bcabf710ae912c05deb9da778c76719c298ca93990ea	461	private/hal_power.te
100644	4076effc9230bc8fa5f571efe9bd96b00281f0de	6b2522628b6a70ee8c073b5981ceea68495922bd05394796dc89f2be24f03374	410	private/hal_power_stats.te
100644	d16333baeb07bed620ddb7ef4ddfd46a0c71e23a	2ef81b20aabbd6b749d5d348525fec6a50194fc9356f1ead8746c870577f0540	203	private/hal_rebootescrow.te
100644	8a55529c885ee86b6108eb1cf9c9a6a9fd008474	f06b602930e9391b0cdfb306ac3f9f4f61c0f28bd969c33dfd263723bc39eff1	244	private/hal_remoteaccess.te
100644	8cc7ce5ae18dc154b52557fcaa6e5f84f65e786b	c1a986342cc9257e017a8060eb498ab2176ff841bc7548aaca3321ebf3f3b912	447	private/hal_remotelyprovisionedcomponent_avf.te
100644	359159f1b37e8616546cbf04d90616464e753ecb	1a6b59020177a396b86bc76636e915a16ce063daeab5c653cc8cb0eaec30405c	562	private/hal_secretkeeper.te
100644	8d3e15c86c08b554e4fda11d6c772d3326fa55e8	6c1552445ad1badcae8f1fffa9b85c465e091cd6796780a7b82b4e12680722b7	450	private/hal_secure_element.te
100644	162a896d7730c8846fecef69ec6db48adde8df2c	e4c7aa7ef872582d0708e59b02ef412688561668e021ea8e070916cfbdceeffd	768	private/hal_sensors.te
100644	c44f748cdc51280bac666e82b5b8372339771718	4291bf886229ea08f19c8153a5df3bb4e3ff26c618d9f32816272062eb9aaed8	2329	private/hal_telephony.te
100644	c9553dc23dcd8a23839a2a373ebee77c03c7293d	40c2c73472b03a593b27b49a568d34dfa9f9baf9c7c35b1737102de060399e6d	540	private/hal_tetheroffload.te
100644	13fed00d146a62792c60258f16149a9940cb309e	eed4a39e686168308b3abb0ab8a77b547a41e3d474fda164d9a3a5b5c7acf38e	423	private/hal_thermal.te
100644	1f0745bc099f59ad6aff05298c52bfdf6d0f3c04	0dace071869f5773ad34926ad64205c82b4b0303c843d6a001fc8ea771a88f62	306	private/hal_threadnetwork.te
100644	658490474a7903b440bccfb8d88bb873adb08b7a	ef14f252726f0664207c6281d6f95263c4a0fcbd41ae7afb0e659edab672c180	214	private/hal_tv_cec.te
100644	eb01b67c3b09f3836c65295ccb7ef2778bbcc1f1	d2da1728db955d6769d573dbce61cdb05c83af88dff77c396983379f3cdd0200	308	private/hal_tv_hdmi_cec.te
100644	f6de27d2740e3558ab10c939abaa0ba1b3bf716d	c921f788fc58b8e13b1b924090b150343126b42030c3b00a4548dd1983717aca	364	private/hal_tv_hdmi_connection.te
100644	2d76fc66595fc750dfac4761c650ae714993d7eb	b33ef596978d15d9139eeb8b21b2b5d6cfa70e2f174db9103a20d9c9bebd7bbf	316	private/hal_tv_hdmi_earc.te
100644	b345189a9072a54cba24689d516b80366f71d624	57b30498668311a6378bd73e46ae3aad8fd4348ff955c87c9e7be4c7eef6ff89	383	private/hal_tv_input.te
100644	4b7c030db9f4ac244da34295707be5956910e92f	1b6b1d05c896c86f7701375f6d6370f04aa03edcae224014f47d6faa5008080b	328	private/hal_tv_tuner.te
100644	d7abd2c714f72c40ce16f50ec7a512e78bc15579	274abacf87082bf0411089f450f6f12028e1fd7d294671c0c5ceed93c31da948	1087	private/hal_usb.te
100644	c0df9a9bd7343cf5f59aa7fc27e6cfb9c46cce67	872d6eca74869f2cc2f6a090b6b73a1e951e7223f9e702cfe1907b193fdcc1d4	834	private/hal_usb_gadget.te
100644	f58b1675942770ec382da5efc9f9f3d9afc38357	afe0c59bb60b1f5b3dafda095cecd4188d67e8a9858eb85607fac918714e4db4	306	private/hal_uwb.te
100644	c9eff5596c452f9acb2fc090d7c9730a71ba911a	5ebbf55bf11aea24d70eae4b4cb2a567d6931479f27026cf0a3871eb998f2217	274	private/hal_vehicle.te
100644	6909ff2e6704d5c2757fdd7726ef37f218cf1d00	02d6a316ba93775c0de4afa6f4a5b053e4efa196f2812fcc4945ede327197ee5	643	private/hal_vibrator.te
100644	3197784bf66c98b435807d3ce309b7454f886868	bc4a19ee62af31f4e9220f33ecdb53cb9d3573f039e3267b3dffd1d2f9ae52cb	323	private/hal_vm_capabilities.te
100644	e52c77fbaa3cb6d0edf418e3500be88dc80e3f9a	f268bff139189f9b6792177549ec697cc2efc96cc59c5856023b21d2a5261271	187	private/hal_vr.te
100644	2b3498992a688f9b7b6d3a43a8f20ad984e35e7e	b43d2a0e253730a5be19c4827d9bcc3a27c394c57fdc0c5f733fe4b6a47171b6	248	private/hal_weaver.te
100644	0176ab42a68f870a335536e07acfd08655a64f41	04a6d6a8de723a731878016d2352cd6858c89dcef19e89a34c2734464b1248b0	966	private/hal_widevine_system.te
100644	a0826bb0cf01e72d7bd4dd759c064632fcd39cfc	451667bc4892e522cbbce1e466cf6bcdddf7300674a2668fe5e865156e6395a4	1549	private/hal_wifi.te
100644	f5dbfb9659d9d368e2358e2d55c592da54951596	fe9ef8fa8c9c1316e234281046462bfa4f6528758e12cfbdff69673ffd20ad37	1396	private/hal_wifi_hostapd.te
100644	3f17689e96dfb6d6d494cae0ca1623261c7f30a1	479ca4743132eb6e794fdf3b140cf4f0ed144492b96c6e0e18ab357dbb26ab4a	1762	private/hal_wifi_supplicant.te
100644	9dcd3ee3846a74094ad45970754e76405846f626	4f2d76873fcbb4d2632cdc8d65a87aaf2307e000994f42d9ac6fa616391cf970	392	private/halclientdomain.te
100644	f36e0e7d8f15cae1cc86b4259a1610540d9839ce	411698d698161bd46b5f2c70f0a06f0a70e18c924735ff871cb40dfa365ddf1b	319	private/halserverdomain.te
100644	cf422ed5779dd7b622e643663a8197dcb0c49503	5b87efe3b8b1b4bba80b129db4e8ce9872cfe64de49cead7212e6212f77300e5	34	private/healthd.te
100644	39d0bbbe051916a31916765a9d57d1040bdb0ec4	6903516bc1932f441a8e621585c51a5bc4cf93de9b81f87e9bac449d0391e960	2430	private/heapprofd.te
100644	04e8c9fbe1dbf5f5154668ea73f8af13a07e9b35	e5e7a9fc4879321b1fd588066b1f1240da1b077e62f6c1f312180d89c5aa7973	284	private/hidl_lazy_test_server.te
100644	1a56eb7a2e4a2b4b405577dcac2874cda5c420a4	9602c4343dc15c9addc1e563643a5dc332f670d67a970ed9756afe4c712ab45d	374	private/hwservice.te
100644	c56454ff5c4be389025a3b7b6a633281a926496a	e9f9f83ce1dfec4b036e09baa3b5cedeb27e8855b59164d42979ef5903f10668	8865	private/hwservice_contexts
100644	5605c4d7c70e7acc56ff832353bd9dabe95181d3	0f9811ab45e91d9640a2e7a0125d3966b7b6a4eafd5479632d301afc6a6cbc18	1081	private/hwservicemanager.te
100644	2c32b913e55c21408cdbd8ba3d28e78415d49b2f	a47e6ba91e361fec7033555cb551c196999a884c171aeb255e1949d378909d8d	877	private/idmap.te
100644	19db7d752b311ae5a06a02f1dce5693f3c269d28	1e8c696ed2316a3e7b909367dd0bae3792bbf6a30c493b0af334497a3f29177c	1483	private/incident.te
100644	cdaf144648d2457d041b834347d0a43b2697c4b7	e343cab616e22544a9f503da03751f60821e09ecf6c1ec904dcffb608f3de095	786	private/incident_helper.te
100644	11da9ea36245db5333e61eb117bf54496ab031d7	0eb987e2c8d574c1c4d8bba794fa6b14dce04c26d6f11f1c8820cb417d3ae088	7226	private/incidentd.te
100644	31c4103bf3a39ce7706f2b035f81f4c99a0313f5	18e041fb86787d9a22e9b4e28061aca23257bdfbecd63fa98bffe2332de85fc9	28545	private/init.te
100644	fdddc1928841d6217fac11fe6f057785c341f3cb	48ccb169eb04e90e87ce9ee68ed037ee9aecadf82fb8600f64cec110d68e114f	299	private/init_dev_config.te
100644	98190510f2a65869b031c62304436979620cdf06	c6062ea3690f13c60c665063d58bcc246a736c103e770bc7008cfb25606e3f16	973	private/initial_sid_contexts
100644	91ac816ba7657261a9f2f486d551626d3cc0ce1e	b65322809825c3f8425f805fced74fb25981e71b7602450584e83ff800fafad7	416	private/initial_sids
100644	9e8e35bab525bf7c4cd277773ae634cec40deeec	6477f18fcfb48b062781606c8599cdedafbbe5d355de5d435a4fab45a7951b4b	374	private/inputflinger.te
100644	0149ebc0435b6617442695a82edd03f0ba0ef23a	fbfc8262de3016e7085658c7dd40a26dad5c7f84e9253b5bdd5af5443c0f6ca9	10474	private/installd.te
100644	9d0fd73a1c8e16450a1fd263cda608f831e89adc	cde4bf0d9db990ab76479ab95ed7b2502ede8c9cbaa1c8f785df61b5c16f4ae0	1613	private/isolated_app.te
100644	fe7b34a04188dac399ba96620114595632ab3517	6416271ac7fae709fde86ea4688db02c58970510ee30932c5dce724d578d3e42	5760	private/isolated_app_all.te
100644	f34850e454e37656aa8672fc56955638fcc57087	e05fdd812276bf96421c08f47b1b3e781ab8e50863308afad276620355cecd14	2111	private/isolated_compute_app.te
100644	adc8c9632f7c0959216685cb028d0d4f2c1fe7a3	906ba4c0b7eebd6de617d95a08acdacaeae2dfc89b205cbce5b0d0b30f1a5867	107	private/iw.te
100644	d569dc0b28f50df606247ddd8761711ab33b33f3	06a0f0555b46d0d028a8dbdeb6fe01f53008bbe6a55598f533eec4f9f72a1942	1002	private/kcmdlinectrl.te
100644	a674b16b6ce132dde128d000a9b32bd78024771e	d60692713609b74e1c844a4a1840138955b5fa7f525c7ced302adeacdc340e25	8880	private/kernel.te
100644	b70a2a100704c6538ad8ab2ab394d9647d03a32d	5c7481440728aa252d1606efd1e70e611c4226de087453e75551055c381d4b4e	1160	private/keys.conf
100644	ebf807535db178f9f19f03dfede15fe43299b08c	d96b74c942e198a75fc2932ccaf564c57b7e275103356e56d6a8e7fbe37ba2dc	3741	private/keystore.te
100644	868bf15e40d335ec4494516014cd938b06abb7ff	09f59acdbf5d88683041f1095ed94e7393de14e1e6eca662cbf4d97999037baf	1097	private/keystore2_key_contexts
100644	2f9760850c9b858ca010050b1823d1f61805b1b1	6d6bd4df7de48e3f4c8293ea1f3b1054565a220be691000be5eecb5d5e1715a6	765	private/keystore_keys.te
100644	91f01d6d1a5a101fe4bd6f83f8cf72e2d8f08d31	61938a6fb0e80ab4af1f1f03fb87acff10eed6069b1fcc3a97bd86e984a6f735	1087	private/linkerconfig.te
100644	ba483e8c919f4de3f73082dfe8a69c9ad1d8872f	3577c2429c785c5cf218ee3db1f7121699446bfd8fc6168d15926199b32aa94a	226	private/linux_vm_setup.te
100644	9c96dfbf1ccc11a02799a7199b3904bf57c3dfc7	a247542f3f49e0723e14082961b5097391e75bdf20533380d12f9eac99a015d5	1493	private/llkd.te
100644	97dc398b88aea5464b1317031846f0c04ce4f78e	74b8889f65cf1ab54cada04503ba7d4ec70fd21bef0c1a13f635944b93565510	3077	private/lmkd.te
100644	41d968cc747914b41c71120490e56594b24bd5a2	216e1246aadfd7b4af148ca9f64a8bc9a88925380e62ff11b198a34b7206ca30	3850	private/logd.te
100644	05699d6ccd8115a38c921b7c0341570c4784545c	e043870028a9714ca24b31ce364b3974eeeb7637722565f614c113e5dac93cb5	2330	private/logpersist.te
100644	09ba0796fd76cda9f6b83a44bad612236e616e16	076f195959ee1cdff71117b4210b9ed545f62f536ce800ab1a698ba57e439e07	1304	private/lpdumpd.te
100644	fa8ffcfbef2cec54c695c41ce2a7e6a91ff1a245	b098d3d780cccce917fc7193a3d24e9927e200bd789949b0a6269f72ce8cb37e	2410	private/mac_permissions.xml
100644	98e95dab3b8a1e867e0e04a6c16f81050cd33fdd	89fc355ab8793ac8b373c5d48a24e00c0549a8744fec78af5c6fb10d144f761c	245	private/mdnsd.te
100644	fdc768104e5a47676acb4a1fa8a37d44cd156260	81e72ecce1c5787dbf32614b7c3be72f6edd3bd46b1f77cd23e8788cea3c150b	1272	private/mediadrmserver.te
100644	c800d89cc6eabe6d87d642e196f7a7f4e9f402e2	2bd7c7ca797f2fa88c775ed400791d5b5b450dc00038b7b730a5184bb4b184de	3099	private/mediaextractor.te
100644	bb12900e62cf2cc5a27faa07a8deb0fa0fec769f	1eaff5574e7da7e314ed84edec7e620572c62643b5eabd3db93ce852e5b433cc	1836	private/mediametrics.te
100644	545d9eae53b52669941319a76c99436427a368d3	84a7383aa8fb17f516e351085816d258a20947dec134e7c76ca41ca64a0f19ed	1963	private/mediaprovider.te
100644	b142c056b29ce8d1032a26f15c552b3d40532881	7d2fe2cf919bb69724b1bc34f548bed2a5a41b1c2ab80a8c10a4f89f6f36e26a	2815	private/mediaprovider_app.te
100644	0b20b292409b539f1ca0e09bef349b01410dafdc	4aaab87242778cfc8466124706d936a7641e0dcc82d9b5df518ed0c5fa6c9355	6788	private/mediaserver.te
100644	c96c9dd709d83ee8cf11e7e49e8383414cf592e2	739b14e869c5b6229a935d32f98b8826914f2d32e6bfceaac5eb2ab0d9f8ead1	1437	private/mediaswcodec.te
100644	829d9483c6f2cf6ceb2a89676cf61e7c2908bdfa	ec04816b6b8b0433dd3e7d153f57b9b963058c6d8b3adcbf90e24555318d1fc1	3030	private/mediatranscoding.te
100644	5871bea7cca79ef411af561be37fd4b05bdb9c23	4b367465473e66d5f922600e8b02be351f2863e43814d8f7b6e35a72aa2d50ca	1035	private/mediatuner.te
100644	80378d3ef58e85fee9e9a99a10b1533c0e0594cc	0defbf7fb0093fba63bb609f7ee818bc493692c53925c6ad4c4fb13f62076583	1070	private/memcgv2_activation_depth.te
100644	f02acaf30ee69c83527d1df77409dd57aec59348	2359b5af6cf538267ced111db0c58d32bba0a67bdc11a2e48bc304702ff099d2	568	private/microfuchsiad.te
100644	b2a1fb10a7fdb4ea394c509082976422ff168e24	b159948255fbda94eb8b135360e44953046a3bc5c4c9b53fe055dbfd45507cd2	1246	private/migrate_legacy_obb_data.te
100644	2352067a076a4044b561d384bd7caeb87fe9643f	326b878e774573f10249668c62b99222147c4f6d83c0bef757d2886bf34ddad1	633	private/misctrl.te
100644	9870e0150806a13670bd6e744735ca84db88dbd3	2b7a234dbc1a736b6b414d0475fde4aaaeacc93fb6925574865954aeb279fcf8	5776	private/mls
100644	dd53bea7e83755ed099489e70215f810e610695e	f7549d8c5569deaa3cee8c9decad170e9a7aae349a68e5e0602db7825417ba14	276	private/mls_decl
100644	647ee3166bcaa82ea9b43fc1af65210f34f19888	767b8fbd2b636d1679c1126db462b2541176da178311d92d4b8db8429c111355	1273	private/mls_macros
100644	8fcc1d4038aa59827257b9d161f10c09c5890bd2	84637bd25a8b717a84aac0a92104354ce79c5b7da0f0264733e455270c349144	1713	private/mlstrustedsubject.te
100644	4875d40328a6ce1d3e1648ceee2b8d734753a4bf	a4ffecfdfc4787fa62576ac193b97eb83d6aec740d8bc802efc126762e1c42ae	420	private/mm_events.te
100644	7770865343a02d72f57a68868e85fa923de79a28	c1f7f0358efa19163ee42b9ba3084af5946b26b5b60c14a1afef582708c3f5ec	1195	private/mmd.te
100644	f2bb40e632f103fcd60f522a768f4be6266b0922	d3bbd13708d99aef87311cf477f8f819c25cd42c357b744b0619db106a7a3b37	489	private/modprobe.te
100644	e0418bcf0eb8195d89ebec53372486923d5cf5fa	d4ee9d47a0294ccff6e9f7f0cb04ce3e9101c64ced8797d870c278f2689dfc2f	912	private/mtectrl.te
100644	3e44b2d84642ba2209152b814d7fc4cb7ed4e31f	f641623e9cf5be8971fe7912575773713754ae29aeae94bb2c26f4ecd0332070	1771	private/net.te
100644	38e3730680f63435c107fb59eae34c2d41ed9a86	728d402280235d9fb82228d270cc55e589441de13a463d84ef971c2f4ee76fd6	8374	private/netd.te
100644	28766dd917034a22ba6e013e9b408ea236e66a4f	7e6ec7baf99800847cc6d6c2c54aa2eb46cd0d931f72dc99e289589409340e45	2122	private/netutils_wrapper.te
100644	41465198236f19b57630b2373bcd20a6fe50d128	7697e2a1834d3fdf0b03e06830ed05bda812d287b4096e417eb61f1b62702302	6601	private/network_stack.te
100644	c0a6eeaf01e7970aff971b5c6a4511c461bfd64d	6311cd979a019a3a22b140fe6b86bf4d0b404dabdd4d44f637f5030f73bc4245	1316	private/nfc.te
100644	97205c25f3da14e03d1603265e8325861355f8e1	6dcf44f239837b02380aeb670ddc64528ec4d3ebac9a62d0aa9584432c185f96	3065	private/odrefresh.te
100644	4af070862fe7ffc2d94b87820400d875aa8e0fdb	8ab0baeb82c82a406f09a0b3d6eb2055d32f66a5ee09dee98bea3b2f97debd1e	1925	private/odsign.te
100644	a9214507a68c3c592b951e5f01807d0410ef0ef2	f08b5deba8c139f0273fc49f5482013f1b63ff5eb6693e2b075bb5a8c58d47a4	567	private/omapi.te
100644	7325ce530180aa5d9ead4199407227c26c9af430	fb4c949e7419d4b36ef6b9e99215852ae3272684f82a5a8e1798ab0ffbc045a9	335	private/ot_ctl.te
100644	04cb70ffafee1e4165c4d16d50eaac6ce8c0e9ec	6df7a0cba8aea06d250875b4e630cc75a65e07c8dbb9f8b1210692b7018104db	1691	private/ot_daemon.te
100644	12f7b0dcfdfd38ab6114526dd660fdd4bf579af0	dbbbfce21d93f4575d9216eb3103da59337dc5a28e57b506a6a2161b7761c679	1642	private/overlay_remounter.te
100644	07d43996c843c474851729c88387cc564d14b76e	78849e69889434446f62f9a5dbf80cd5b4b8775c10662d584ec1a1f8f444fa5a	5828	private/perfetto.te
100644	98107ca363b438143fd9cf0cc370d4aac84730ef	cfd4c02eebf908e414479ccc06bf6c44a11c4e85bb64015e04271433199992d9	1178	private/performanced.te
100644	5f8187530e7219f8b6be84536a9d7b8bbd6b77c1	67abe228271f7f61edc593d24e9e15a3612758daa08f5d6f34b5cdc300c47057	824	private/permissioncontroller_app.te
100644	a8374cba24da578d85cf38637e23cc93c99bf9bf	eca1cd0985a69dbf4bd14a10daea182fa21fee2379e1bd7af625b0f094f8275d	5869	private/platform_app.te
100644	97f94d2568709153ceada7b295ff068315b9837f	41345689fa1a9cdc90cb05555088f9559e60ba795587f371bf9814cc0b2a041c	607	private/policy_capabilities
100644	b473c0c9b431fe79309f2df9aa7bfd3c8223b3c8	098d6ebdfb72ab9953ad990ea3d81a4238181105d2965532c3b6ac089dafee0a	77	private/port_contexts
100644	8e798ad400eeeb713aabc234bb02eeab36d07323	985b2afd44147d3422128828a93772f44279d07aff5687bbe21ed7fdd7f96ab7	1459	private/postinstall.te
100644	cb5c2e528e2aa3e39fbbc33f8985dd96d34f28ee	bd59cd2995c7c7321765140bd58247cb18fd110be639321ffad2e718c30cf5b3	1025	private/prefetch.te
100644	ba54b70acad2b89a5cbe4e0610d585ce7154555f	07fcd710a27f268b2f71f51d6b5191bd09977d13b174a64ae1326569ab1c73a0	758	private/preloads_copy.te
100644	dcfba14d52fb2f913eb5603303b20bb0f03115ec	f6b1576aa9857d04a52f580e6be881f38183ff881c6afc068c22b8f699217d80	616	private/preopt2cachename.te
100644	102fa519befe35640e6236c50b9fe02f96f2601d	e87578f5f4f5d1d3f9cd37eeda30c8f0dcde2cfd1e2e65ae043bc6bb9a2c811f	12540	private/priv_app.te
100644	299e37b85c1c620431844d8b0dc14e78a6b953c3	0bf9e986152330cd47ba0f57211a2069476d443382fc4e049c64d91756f0342f	898	private/prng_seeder.te
100644	33feae9ec401410bad2a4d1c3dfa27a4b92270d2	b4b53e37a3fead1571773ce299a27911d40a43844d068bb313c3352c949a5580	2979	private/profcollectd.te
100644	d1ce92652d008bac7d08d54e452b8e0e31bbe34e	30030834c85d21a0589bf03b785d4f4669ab3335944ffff989e3b3ad126a93ce	1826	private/profman.te
100644	4c9480258a9736b59632f1b8ee56c1eb07fc72f6	e18a586a1bf406ebae5afe50791adfcffab594b6a984d8da659c4565e0a5fb1e	20218	private/property.te
100644	fc5e9681f034402aff2517c4a7e9eb0d99e5f37d	faeb688d5c99db1ad84b36433951be8dc92479eb1939db693fb3dc86706fca63	123042	private/property_contexts
100644	ef384ba6abf28b7ad00ac71231e95ffc0804164e	a9cd995c42bc75f41848ff4979faada93e71da58c530b9fcd7c6ebb870aaa03c	2313	private/radio.te
100644	e0cc5ca433c1207c9e364991271e623a2de6bfaa	fc371eb2ee340e113a7f274e05be37c7b53d97ac84a4dce5cf8d11ba473e75a8	7730	private/recovery.te
100644	a939b031da38c110c40ebaa8f21213acf0735abc	7a975c6413626b1b7edee2bce3b5cc3829ef395c0e6d3c25a98b9a7301b989cd	1267	private/recovery_persist.te
100644	1ffab34c080a83e4b2321bf25232eb993f28965a	b6ad08960d2ecfd5c1390ca186b1f0c06744d42bdb63b7613bfad4bd3b369e82	948	private/recovery_refresh.te
100644	710b43d423a48f1642f5f415fd59131e1b8626ef	9de76088f93f9f4a3ef29620503e3429eba6bdc0303f0006124f5b50d2f00de3	264	private/remote_provisioning_service_server.te
100644	5ef7facb5580162f7dc95993b6231b33595748d2	5cfae9e945fb3dd2f76e87b80c2e31531c016bc8d152170d35cbf7c372361674	989	private/remount.te
100644	e5c9d0748b7f77add19c3a07b65bde31f6c7c72d	5fdee64211b40b2981ea0445d53b127d1823aaa4f0de60b32b32ea151061705a	462	private/rkp_cert_processor.te
100644	45e3e8dc107995e9182b78d84e9c2a2178e18f3a	0643e1777e7fa3223e3e551139d9de77ae796ac8b1d593edffdd5751c9ac4843	375	private/rkpd.te
100644	e7809e9f1e4ed1d8d4a1ebf8c0672b5b3b0126a1	64a436908b92448d12acbf5d9b4d137b5404d6eafd0c7212339675ad09d5a1ef	947	private/rkpd_app.te
100644	c84fcba0ffabdd4ae4460e34b79333466f62f4a9	4241eb694ec396a73e9a0d6bfc9973400dcef8ac820a7e0cfe0f9cbf3673e6dd	8	private/roles_decl
100644	f92fd79ce5c8606bc5ddab3f33c6ec1599388196	99827ba12b73d8ba65bc66d90e86430128c963259faf170bc4c51eccf0ae3df1	50	private/rootdisk_sysdev.te
100644	2674c0ef693be1a865ae3061804fb5606618d115	aa47a2211978c54c9a491ab870abd39f94ae086c02a3c1c44cace829343ab6df	1941	private/rs.te
100644	30818c2faca7d15c04676e89d573f75db426fa05	187b4692055d37e9ec1249c5498d0ae4d47c1e20572d5a221ce332bafdf4dbab	464	private/rss_hwm_reset.te
100644	1d9aed01a4f2a375af1682327d764182d125d8e5	fb6d6679c4d8215a7465780189a66a193052a1a171b2b1ec66bfc55e40462d42	1591	private/runas.te
100644	88b4abbcdfd738cbb9d815f14135f86a63198377	a3f05f27caa2e82e0fcaf7e4039fe0dcb5a3e153919eae001c557828987ea678	1362	private/runas_app.te
100644	b3cede1682dc53cdf84876b781a47e8e9b456859	b5dd52e134625aeb1ecf534dcbb2e1ff4ce1aaacc600d6f0c6fb72ffbe041047	65	private/scheduler_service_server.te
100644	7cea8900019c147c40f235d2fb4a735ba6390cea	522f14be06729bc726e0188d3ae5e0d701666b21f1b2d75ec2412b8c08d0c83b	1691	private/sdcardd.te
100644	bb150576b0f44363bdf7bba6e753cee77db4fe75	2c800b2c7124c34d82c015bf4c5feb0e86454408314f91e9841aed5e91db762a	268	private/sdk_sandbox_34.te
100644	41b2799fb1464805e3b6f121e7ddbcee91d59846	4b96a30dafd190b697e1052d5c6c19af217b7be9ede032c9a19ba4e13cd2081c	5348	private/sdk_sandbox_all.te
100644	bb531ca44ad5a737979ed7d807316960dae7fcf7	414ad26832b9a325497b187a5889babe2e730bc6084783f8e4440c785bf21c74	968	private/sdk_sandbox_audit.te
100644	55e5bc135449cebd1139ffc14d9ee3567eaed3c1	28eb17863366cc93c5107218b6977f1c30eb3bdc9b84054b1ead787223627223	2153	private/sdk_sandbox_current.te
100644	6fd16ca4c2eb44b48073fb1eb679804b1097cea6	35dfa9f87e7ce81cdc2b16bc99ee878e54d50dadffd83f871fbd242bc96b3b27	2290	private/sdk_sandbox_next.te
100644	a6e829dd2028f9c8a7514ff2c90456e10b7e7dac	e0c8f6d9f32040bfd4bb358c16cda902ed9f1ebe9b27721b6d7278b56c687821	12441	private/seapp_contexts
100644	fd3b688e458cee8e0a5842a2b8dcaad8903424eb	7917f1289c4b4deb85ed2f895fce2d3a2a32bf67476341f25a46dca526a072df	582	private/secure_element.te
100644	0537214498ab73be146b79b81cf810c88a1dfce3	b52321e0e436242c591f48ec8a341bab39d91da5def01d8e6b95b504c10aea64	3338	private/security_classes
100644	7c526a5f3300cb514bfefcf5b92de77f1de2ec7a	06eddcd78b1f41a9699e5616acab197c39e965aa954662d76c9174c35a0b9fed	59	private/sensor_service_server.te
100644	02c5f95eedf10aab50af35314be2c07dbb5f0235	61c72b16d90f1b2bce136e0613c40154afe81ed1c852295c60a0f54d566fa1f3	675	private/serialservice.te
100644	101a9695a56981fe0b25a6428117788a8234d6c7	fbf7f91a0905ccbe310474500f38a832ee469e887dc5655f5d563c6360e6b780	5119	private/service.te
100644	84304c065c6c66f68ed0ec96c829b199fc84492c	4ee2faefe6fc3101c386d884706bcd7e955c425577fe79b62aed43b558e40dfc	44413	private/service_contexts
100644	6764b451f509f6b5ef97248c1dba0374d95b1b7f	57bb759a024d38c9800da9dd12946dbab658740f3db0b085b35e335ac71db60c	1521	private/servicemanager.te
100644	42b8c6bf3de390688a77db791a9019eacf76cdc7	a8651510230911d3f63a8cce8397772f5107787093e9a908eb62ce203165fe79	1458	private/sgdisk.te
100644	31fdb8c911f99939abd56daf97c17aa4513264f2	b0273def01ef45452abf89b948b5b3fb5a896cd84c31b1d529bb4be8de8ac0e0	639	private/shared_relro.te
100644	1a7e30aec36d9f98942b43e2b5d06d090fa3efb8	83a0c346be136a97d66084706577e9b0a5ddf7a2e982a3bdabe655729c1a9eb4	22242	private/shell.te
100644	51d3dd9c0909d5018dd5d5adaccb082bd0a149a2	7c3b0216d3531753875cb4a2be22933de6897e43a4cc2213242f44d21cb9cd5e	3146	private/simpleperf.te
100644	e4871acf8c9ae734b6118f5af2ebaaec94da1e3e	0eec66a299660dc7edaacad0d2df93c56c0333c5118079119f154ac379ab2cb0	2074	private/simpleperf_app_runner.te
100644	e71c4929297d661209a5f9eec7562e3fc82377da	a379bfd5e6634ce8ca14d6eec930260c47861c65958815c10591532c8c30a648	2693	private/simpleperf_boot.te
100644	d7c98680c872dd5fad7bd9031d23d90f8dc5a782	f12d3e9d863fdd2f7d5701020f9bcad1f1982853bbeecdf1e45db7b826b3ed8c	472	private/slideshow.te
100644	c92217de97e1b36f0031d670d8905be02af7f1fb	689d4d753771782ea2cbbb7bc8f34e02c2888b50319390c57f0258e2b87b048e	2152	private/snapshotctl.te
100644	4cb10194b06122c04d35d987a4d5a3981ae54076	2f37378e7166186b7f11009767d2d7da0e681be601b191fccbffc03ad45ae438	3890	private/snapuserd.te
100644	626130333c6a7e5d6a8a7d428e9a3a3a997c535d	7944cb3230ae3820324602573219694fe995d22fbe4cb95dfc3e3321a1f03699	1034	private/stats.te
100644	ab8e58a8e9a404b558b916fefea301fde7217b64	1d1ce4814346016d4b00d2b7da8313b00a3b065bb155abe1495dfddfaf1b6490	144	private/stats_service_server.te
100644	a3597109e69ba9507e00e639d7e17af00883867d	defb8b512f91d681ca9733fe113f892450a5dcae7c02d4773e3ad84b950324b7	5797	private/statsd.te
100644	bb39e5b73fb8e0179e00d7bbe4a376df6caac810	6edcf9ea765ec2ffddbec3ab2567b9922ca5e5711dc53fdad3843d30794d9b01	2058	private/storaged.te
100644	fae9b987e8142f003b8d336868af01873ece45ed	e83414ad8dd9d3c9f1c2c0ba62ce35c78511108d21c33f2afa08fe90bf50d216	5261	private/su.te
100644	f4f64ce4acbf9756e253e602eb1fb6aa22d83cf9	3e35ebd177cf7f4a2128cc45c2ae17b4b40318667dce140f75df11344a914f4c	6566	private/surfaceflinger.te
100644	020395aa8ab1466a95231143440dfd879f5331a1	829a30be3d8dcd2e009ffda6d12a374ddbbd9509a7a87fa824778d4b16cc3985	6907	private/system_app.te
100644	d85caed61c9b3900ccf48fbdc8770d193d859c10	6a138a78ea2982c6a49aa9d771084b7613eff5de4bf844f893b557329da9c2b0	73039	private/system_server.te
100644	b52500bfddf93d14cc59cae5ae4f64b3340d9f80	073560e8c8c1151243ba48054eacb31f4cc03e8d327417c449c7e2e55a4aa1d8	1013	private/system_server_startup.te
100644	a525866606558c8d4153ef96e6f9b5fecdec2d91	dfd8f47b80baadf3c5cc048ec083cb656f99273621113ad3cc6573a64e1931c6	2059	private/system_suspend.te
100644	8ff9da9cabf072cc71a039b4047b3338a8035ffa	497776004437446e361f365a83979f44b0fdf18f1f300d02d7ef92d6652bebd8	495	private/system_suspend_internal_server.te
100644	8e8310d5ed1d3b55b5987bb113e18b986577d233	9c1b878020c03a12ef939d258dc8f79f6fdedc854f5277cd796873c084337583	225	private/system_suspend_server.te
100644	4286053cafeaa1fbbd156a911594b879a84eea67	ff9e6b820a0856cdefdda09149187a992588b8a0e9e495ff138321629febbfcc	4021	private/technical_debt.cil
100644	2f86c4d5e0412d7f502217aaec7916c2666e782b	ee9746754bfd41c1afff967af3e8794a36e89720ce42eeec73a2513f6984f1b1	120	private/tee.te
100644	b05b959530fac78de23d649e253b04a2046183b3	b948935a80628a2ff2014c8c44a974f77feb6af49ed32191000b9cfebe380355	504	private/tee_service_contexts
100644	0c3f3879d1b298d0ff060060d340c297be5ab030	66cfc474c256c425b083c0aa4145bffe16b0868ed6a92f9b2bd837c80bca0d39	423	private/tee_services.te
100644	1384835490955068d8f7dd42e0a4e80684ddc44c	92ad987062d7df05b82c579c97c770167855ec33a09f92898465d6e3261ec2bf	858	private/tombstoned.te
100644	265db0a5ae75db29c8501a7ac8a47b587f396ac3	bdb0f777316cb82c845efd7d07424f27f2a188d5199f72fa2c43f85f2afb9b1a	1693	private/toolbox.te
100644	fbca3fd2621aacd329d6c9c570e34690ff8c944d	af2bda35d426d11fa317c5d1d82556e2fd24db59296484df5bab748edd1df244	657	private/trace_redactor.te
100644	9e41ab82996ca5f24f346919a5aebffac38489b2	342b78cd57eab23e2227ec1cab42ca03a4124a0e7f545b6953ac97d7af3eb76b	5488	private/traced.te
100644	8bd7ad35d750717df5118bfc4b14d71726657d7c	2cf9e73e4b62d80e50149e2efec268a3978921f475eb889046d3f3101170283d	3246	private/traced_perf.te
100644	52e11fadec2d11a76681700986e104a70e2e3cb1	4f631fd79f9969439e2895c01c527c7d91bf89a028d6d7bf6c0c4db29b44c379	7791	private/traced_probes.te
100644	029405b19f384aa81a894b2f388a32fa849159d6	38b9243de67384310a3b7635856b5b0f62b80b1265d841c8a653647faf860e89	1580	private/traceur_app.te
100644	18cf452e2ec831aaffd934b692c7efa779ed2857	7b1a14da8b7022d62442b9b48dc67a10fa993d8a5d6735808610cece076784f8	1148	private/tradeinmode.te
100644	d7eebf63a678d14fa93aeb86db6fa9aa4c4de63d	4be769fd02eac41972955c8b9383381e9d52329ef0c6de1447ba58944da04770	3624	private/ueventd.te
100644	156f6849bb3ee7e31d8ac47519b80ddefacb0376	4ba72d9152389c5fc52abdf0ea1c24f1d28448e5ea3169596dae5dae7ac32305	1359	private/uncrypt.te
100644	d0f9b2417d540ef4ed20dcb4c09cbd691db2874e	2d270849ba4cbf16675b706b26abdf313e3b36f91a98140a9e037979da21ee08	701	private/untrusted_app.te
100644	f4d17ef7ac9a235fefc49ec0962f5115eb699015	d041bbd66866f1c542066c3bebebbcf2eee20da6a7aea5c7a4b50d525eda9771	3152	private/untrusted_app_25.te
100644	cb3a8608e454705a60e6044c973a232ab3cd6dc3	68233ac3aa464d0268367a5be87f524efa61ea5fe654a602d6f7d67c39d5a01b	2571	private/untrusted_app_27.te
100644	ddd34123e8a5440c4c7b5c00a5c69ecc7ce43f1e	418b0bf55a499bcb40d33fb968ae8a7b476bdbf16d48349d9b3d6a80d7c8d8b2	1449	private/untrusted_app_29.te
100644	b645b05488503d298f7b90c58da8eeeb8382ff7a	287037adba910057ab22fc04fd14e3e726d2d63599e0a11bca2305dce171f270	1538	private/untrusted_app_30.te
100644	6e95fd117917a5a39f92e495d934bd561af15115	58e7c70d89511c25b1987831bed899c820a396cfd5912900f0fccef17d6e5dd7	1395	private/untrusted_app_32.te
100644	99a7adf8fc6d1123533c38d564764be7a0fe933b	565f19cf87297ec0b2bd500653ae86b3927ecbbe69a11445334a8587c3f2d000	7634	private/untrusted_app_all.te
100644	1a6d9c777d28d21c21ca8cf7f981536e05349921	abdb3225dd2c1fd4c7f7f67bb764af281735b490e49bba86e4af9c6722a9c083	4481	private/update_engine.te
100644	6de02929c10217c758002f427b284bdf9126f4fb	46c04b6fd40460cb877606af8550c4abfc3f25d10245c1e44b10de328700f304	4794	private/update_engine_common.te
100644	2c68f4cec3239086f8a2684596c68defb3665b6b	3e0c83576672e0ad7f4c4dc241e3663307dc39e2a53d38659d40fe398e53ff56	1612	private/update_verifier.te
100644	2f9cf5b489e327f9ebdbfb5a5c9931823684c654	591ed091f9e4cd86a1264e04093bef19bc8af555e1ddde246849d32536911671	1706	private/uprobestats.te
100644	a444f9cd4f1026dd3cc835be0f9735236173d865	4652bfce1a95ba9eedc429ba8a66c04c08e375eed216c0812e436c38ef638300	363	private/usbd.te
100644	93d972b8a967a0c960ff8eba5f42e85cde387371	79302e03bbdf5d593d9cff84e64563570c78827491cc22d45896d5b25492daad	1605	private/userdata_alias_remove.te
100644	9974f36dcd58c10876272e0efa58dbeb304d10b9	488bd34a016274dd32e373d30c1b0b7dcd6efb281ed189302aef6a3f3a9184ad	50	private/userdata_sysdev.te
100644	51b7b57e6798ca0f476cf87d5de69ae956df26c7	50043f480e4192a70733f660638446ce981fde673dd4b6e88841772d907e5447	55	private/users
100644	e59afce5c20ff6d4474d614a5bd13e3ff5bc60fc	3d3c965e9eccff2f257b6aaab7d3d9bb2e902bcc88d28522c1bb818a1bb3e535	474	private/vdc.te
100644	f52794496948e2ed9f0569a34077689ea8abfde6	66660f0f9aa00685d875d0dc8292625cf824097f3f3baa3bb331e05aacc35a14	771	private/vehicle_binding_util.te
100644	295803b456718e8ed3cad7435ed1b4cbbf190fb2	3b6796b57ea0b939c8670489f6db3d52c2c5dafceb9dc28e2ba5e31cf44de46e	11977	private/vendor_init.te
100644	1f27bf900f57d2cf1257cce09ba898e41f81a460	ce8e200469546b708e2d7e6d6e1ef3ac328a62253e3beadb462f8b570eb9974d	503	private/vendor_misc_writer.te
100644	5a5925dfc3be06e229549480401cf4a2604c75d4	f879b5087b3200825dcd974e120236dd8f1a3ef9094302cce5996c325b18a25b	780	private/vendor_shell.te
100644	5421dd59c260f5e77f6815809da7299d9455b304	dd34bdb0181dd9bc2a9dc861fbea916a694b3ab073ffd2839a530918a5c94a63	420	private/vendor_toolbox.te
100644	fd6499d6e58a4b3ce7d6ecc7ea3fa80d946a54d9	c1219d9c452ef5047bdbd97b1f496c2acd0414fbf2d24b2ae2b4dc5aa9447846	1647	private/vfio_handler.te
100644	7eb36959a6e133b84adbf5437c89d084f5edb690	123195df83274431134260429a1aa8a8436f3cddeb5d3a9ecf65a466186b1c02	2299	private/virtual_camera.te
100644	9a805e817ca2a9a5457e59cce0aa5c0348a27323	01064e92e17281ca4b05ad34e3f6b01079d16721e8a95fd8382e8887ef50409b	279	private/virtual_face.te
100644	be20e241a258dc7bf0e29a565d2461c359619ab8	67565199b56c054c6aa9def81a86395b831bfd8ee802f97b4a3debc0e5ad6cef	342	private/virtual_fingerprint.te
100644	035b121c32ee40efa2b3292704094b07ed77656e	1101fd5696dd67e1adf031dc60a9e8aab31772f1fdfe179e1ac3d4cbeb27ae37	595	private/virtual_touchpad.te
100644	bda8138e06afbfbe3d2bb0f68cec021ab5d87235	0413b679fa4640793f156a54f61dd7b1a88605b60e4be3b573a3aea34144cc64	8390	private/virtualizationmanager.te
100644	37609b3226ef70e29148f4f5878454204cdef7b7	4be7195c54304eb0d970a087c19871bf6343ae2891563afc803151d50e69986a	7032	private/virtualizationservice.te
100644	bdfa5ccc6f22cd070b349c9e0d4e6a07f99655d9	dca5ed8cf42c0eaacff84abf799d73f3f92b242019a2b443308ea1248f978f2a	1549	private/vmlauncher_app.te
100644	4a706dff5baaef325b11bc7e717bedbcbeea69a7	9f59b75f8bdd7d1b3d279eba437fcb64f9111f8323e55ce54d3beb50bcffeb27	1245	private/vmnic.te
100644	b36629bb71c647141d32ffcad3d926bb8ec2f516	58323a0e48218576813408b658f11eee1630757b55c8122c2ac419f600d8a6b8	15892	private/vold.te
100644	6a9c3b6a51d4d99b7850c57978d8ee306bf3d0c5	f2b2076b9a2d914e7acbcf03a6e2632747fb0a1bf7368204c53eced50c327d9e	3480	private/vold_prepare_subdirs.te
100644	8deb22bc8bf33509742a29cb34a88726c9d96579	06fd82ae80f181bb123d55a7eb1a97a1dc7e2b5c37c5057fa925509afb382898	130	private/vzwomatrigger_app.te
100644	974a297fc3944cca15a8a9e7dc40d6deb6365e6c	1b3b816f34c1944a455fd541893a98f24923e713bfd61c635f2a184877eb75ce	208	private/wait_for_keymaster.te
100644	509e9502428d93fdbc5fef6606a7485db1c313b7	b2c202d68f6b93428c3979c1d2a0f2689005287a1402d69d4628d96e978729e6	176	private/watchdogd.te
100644	1e32c1f37567b5d7426c87de8d4627cf9318f21e	b0503fd869faf942394c97ba99a26139e683d8756fb97de7de8f4f31fd89b76f	6399	private/webview_zygote.te
100644	15b030cf811b8bbb39625341b0420830d896c3c3	e4b31f8ff1ded51fa0fdd21d0a278fd2fba43688cf08f1b251ed4cef014888ad	1945	private/wifi_mainline_supplicant.te
100644	046157367bafb17ffa386e69b34e2f3f22d9afe3	7e131ac9ed5648d735903f4bf844e3604fa2c9764489fc2f31ed9a017232dac3	1620	private/wificond.te
100644	3bf3477508b46279f90b62ce613e856dcdbbc402	8e66506ebab412768fed50e2eb616ae5c4c6b0a8e60de66ef4f1a9589e2fc872	11982	private/zygote.te
100644	b24c68ea7c771d68afd4c561cc5d2b1911ed7644	1232b9ae1fe9b1eed81512aa8d36d2a1ef29a485d0b33225fd10e3dde618de50	938	private/zygote_next.te
100644	36e4bd3f76a026609b12c353290da83ad2a179c2	564ea4ed9c90d020828292c1cd0e2b85b37c45bc5b3c4f07a6733cf4cfd95a1d	382	public/adbd.te
100644	2d3b7e738ef4fa7a113fd9909b35b22ac9268cef	a955f93b765d6f085c5caad37934d071ce66ecdae0d3bbbbcd1a9c4ef01aca72	316	public/aidl_lazy_test_server.te
100644	1964bbe049cb4d54c6644b86205e4a04f331ad76	c0e1c500d3b4aa3ca1646582b2efda8a87e6cb28c22bd657810f173c855f203b	321	public/apexd.te
100644	864557d66929d89262e6d094382d3ed067b31d04	0a68032adf7973769e1e430a5b169c39807691776698d504fd2dce75641fb3c9	539	public/app.te
100644	43d462d775377ee9cdf57b612760eabacbefc35a	631606b90c00a5040c28750dd493ebdcf9096b8a71a24e6c50d87e7b090a53e1	477	public/app_zygote.te
100644	3cf8aa078e68d6f4693de0e911ee98f23efa752a	30170f81b418caa2abefa3871bb097c425af351d99d61796d3ff1436b2a16e38	248	public/artd.te
100644	cf160d0ebf939edee7901b6765e53ccc1af4b9f7	ec1c345caa4a45299bde96c06df63acfe5307b7dc2beb11d261ab60af67ea5a0	459	public/asan_extract.te
100644	26387c68e8faeae8498849ea07a5dd19cf8d0273	597bb9653e5917bf706beab0e3fbaac873ff86dc0eee40b22045d130c12905f0	240	public/atrace.te
100644	274160f91ed76ad5002d4ab5d8482b184915d2b9	0fc07e9b72900316ccd27c26c146cebb310fd7a286aa5e53cc966021c2bd30f3	16103	public/attributes
100644	64a283d72d009085651b2511c471cc734451d9fe	cdc30723ce17801c10a14cf1fdbd700338b19fad171fb668bf54b90ea1c5da39	306	public/audioserver.te
100644	4e92e720e4cc6120aa0cd2bf8a4ed1c4df560700	f18e3b418cd0bbc2ada5b74cbdefd338fbcfefe60615de934bf7b6659b3a857f	252	public/blkid.te
100644	4be4c0cb2371e5b89d6b8b05f534944e2aa9f72b	e9054e76eb657f82247c8285ca6e87a20ff1e3d21c699984ffbaaa8544719f71	66	public/blkid_untrusted.te
100644	ff868a8b9023d6d2bb3df5bab8dc198dfec28b76	b95b80e151a93d63bb2e4a64ecf4f29cf58e82b4b8f863f85de42a11cd864642	253	public/bluetooth.te
100644	47f1160f6c8bf7a0e67090c2d4dfb3113c99c03b	35439fca9bac1b6b7e09528c049dc74001f18b67f18158a07eab190f8f97afde	322	public/bootanim.te
100644	437f6bc625158b5426432511e710be1797e63a6c	23e45e3534eba1785d7600b5ca5c786ecae0dc98a27e067a00d2ae0a0e1d60fb	309	public/bootstat.te
100644	4aae1cfdcd00dcbf38d68c04e0944f25d3be504b	ffa61d2c776d9a0b4cc3079dbf95dc78bbffaecb959f4b940e4040c1542bdd2a	243	public/bpfloader.te
100644	e688d5ca695a4ecff3b0c31469c57fd04aa91a43	b7f2c5fb54817cc195e7eef01c45e9ef592a3af180ba858691cbb29abe2e31b2	326	public/bufferhubd.te
100644	619b38674aa4899c6d153329f95ebfd00070ea7f	10de9f9913dea31a102abb75032850ba4cac7394438a83d7c4c47f4b31733ef7	365	public/cameraserver.te
100644	4514fde1880694a50402d29aac0831e6962754e0	2826f5c4f23b82df1647173bbf9cb75bd2b5a6f162857cce09cccbac5e3dd445	302	public/charger.te
100644	dd8d020862c894d07c120b1f358abff66ac65e6f	18798f8d612831ca2b4daa0edddbc71d5bb88bb60cb1f30f4c65ec4a48841b1f	294	public/charger_vendor.te
100644	3146ac4931c722e0409c2d92bf8bf4623a086060	cdc1aa5778bf4ab15182fddb8d2895ebe7852a22f8291a92e8c2dd75389bd4c4	294	public/crash_dump.te
100644	faa23e90118a2fd17d2a877995408182961cfa8d	5de1649a5e058977ecd6f3cb16b14b489e0bb71a5a94dbb97ceb74f95615dd5c	311	public/credstore.te
100644	121c8ca70b5e3191447188bea7fce673cda41b14	18c92f1c356113d1a1dc06ec9a8f01dcb0bd38015478205c484dd6206d8f1b44	240	public/crosvm.te
100644	dd877bd25a356aeabc27752e3ad33ab545cd5203	c82cbb29d4165c57fea54cf18fdcb3e8829ea94988c75c450e36215858dd522a	5258	public/device.te
100644	0c1fa30972741fe6101ef11ce3a7bb2bd276b702	73dd893ca6f3c44077021fddddda9281f0288af522870de5de4fac8c2f494a5d	282	public/dhcp.te
100644	08ce653cd04fad14810aa14b68ba25afc9fa13aa	bc97c592fa244c12690588cb72cd987c1d463e6b1e1e58a6dc085e1ea7dbeb94	309	public/dnsmasq.te
100644	4b59ee085348d7506de44f4a35ca9b006efb45d0	15d62a083b5a8215604ac90a8f77454317d4b66fae1c839c409b60194a364f77	352	public/drmserver.te
100644	dd61ad148e5a6d3516053da77f9cebe54e72398d	41f83db165e27631cadf8eafedbd1409cf3e5a5ed54e42fa1fd93fee58e454fc	323	public/dumpstate.te
100644	74bab31d9684707fb8f1bdbb27d90b690871ee48	3226c573297a4dd1e40d725f7505626316963cd6d3cf91db256b8767c4672fbe	294	public/e2fs.te
100644	cd1f30223455a58ad11113c168563841334c024e	de3f7c690604ddd44302ec9e4a372519a005e35dbe25d88d007a24e8c1b01652	487	public/early_virtmgr.te
100644	072f8f6d213822cc22c4bca721415112e847ef6d	79f7bfbf003acffd0735503ce3c1009f8690c89c318d83711f4f9d28d018bbd6	666	public/ephemeral_app.te
100644	b436f926bcc170d43b5cb0fa3aaf39587d623aef	b1285420bf8765006067c9c184a55b36f9b44ab8f2e3fb21bce0b027aa6f613a	253	public/evsmanagerd.te
100644	82ba963076ff65ffd42a882f520f9f35da12ee0d	71ba966d20605fcb2d22d26d1de0f48a4dea182677ee105e4640a4f970ec2a26	355	public/extra_free_kbytes.te
100644	360a109c0eacf38d9edb1971f4066e4b8057404e	4bb8d5c83ce146cca824f1ab97678c1b3ce55bea60ca7c700b36b518f31a3d2c	381	public/fastbootd.te
100644	ed4d822481664612ea616280a9319afbef5fea3c	aafe18eb8c993611c9187c901a6cc1f013c435b99582e431b8327bcf4edfa359	31842	public/file.te
100644	b40ff3be6df7b3bc98f9ffbf8a23c53d02734022	a98df6acf228e46b60392e33b5a77b8d82512c2082b5d5ec63112de9293b51f7	298	public/fingerprintd.te
100644	fbd386cb4fef2687ce84b46f39221607e48a6d17	edc9332ff820b70a0ddfe873104860807baff5c7f995c02a469fc29952dcf1c5	368	public/flags_health_check.te
100644	cdf7c79798183e6404bc2c80b16b0c1defcb4701	c74e3340e9e327f63b01a663a80ee88bd4463a470330a19979961c7bbbf983cd	313	public/fsck.te
100644	bb58f4dd9cfe91e79a9da6d4bc1d1f9c159a994d	af767e457039dbf0c8a343d3f78e192c1e5b63d63a19474efbae30a7b3e4c668	286	public/fsck_untrusted.te
100644	6120d6034b4f7b5b901bc2e75d4585cf3da7ff9d	3a89afae4172cc2e446ed9252446a642d887f0ba7b5f0cc9d57777df3a08b787	296	public/gatekeeperd.te
100644	6cc0c6ee62a25f52ca06852ff51ea0562bd08bcd	7cfdf2ed290c1a867e6ccac6dfcecb840c475e73de4ee49c9c6da71218666c46	3664	public/global_macros
100644	ded8655154a882fa66574cdbf5f8378e679ef4be	f3439a4c2a15ff3de4d11130c51c9da702360c7107fec6ce678143b2f9c3dfe4	303	public/gmscore_app.te
100644	75f1c342ff55a0cd2595a9bf98970a2528d280a2	f0fe88ec01491a153d1382c9ac349175cbcfa1695b69efaf3ff12b9b9a69e3cb	299	public/gpuservice.te
100644	f7ccd6552926865cbc9a01c3366d831b59be5cb8	4de93e6b13ebd41e8c6adf3c1bb13c26320442a6d62a624cddbb6ffda71a0de7	362	public/hal_graphics_composer.te
100644	69c03c6351df2b735573d17bfde63f30016165f4	35b08c09878bc61797a447553a82ad1689cd7e3d2d3d6e2ace7d40c728b4bafa	351	public/healthd.te
100644	95fadaaffbe57b8ed17e3c3ea8b787eb3fed2cb7	e2e46865311748ce8b25d00b2282ab9995b066e8e6297a2fbfa15fdf9b993d72	243	public/heapprofd.te
100644	d6f2de45dc9033c9130bb080ca292ce5a2cf3179	ae13fb5e146309a5aadb4d2fcb91a0955da5c9e7ae77d4bb785f18d52c0cf934	6845	public/hwservice.te
100644	7ed9583f9c89eb2f0c36b2cc5d03e0c9dda5e5dd	8a21147efe7cfbc9c3ae6f471531f75ae05ef9952b46991d9646256f8e9dfd55	390	public/hwservicemanager.te
100644	02ff98874dcf49b55266efff7338e3d93af0ebda	e426397d8d6f94c8088cccc0292cfa48c9dd615d373fe4a0a02cedfac4e51669	319	public/idmap.te
100644	f3f8140361ba3d6b9015a696bbcb36e6201decb9	4bc1795027fc4b3d808d4cf5570b068498bd5d519628ffec460ae480061865ae	480	public/incident.te
100644	e8aca0406346ba1ca30c34b7721c45c7fe9eb459	c2370716a0a08065bf2cfdf114245842bd68197b9e16130453688531a5126f92	350	public/incident_helper.te
100644	4a7501de464737e96d104f42fd006434daf025e8	9bebef015f68dc2948a8a28326c86216cf2a812a7c79d3dd55cdc48ec514ff86	243	public/incidentd.te
100644	a74983ce40740622ee5ed42517f8cb199fdfb068	00a70c2b3d0b48740294e3c49c431f5d7bb5eb5638a82a086076ea40e5df1aee	355	public/init.te
100644	acbbf016ca4c1785b06acdcda60d01c3eae97b26	e251a293ab9ab8a960a738e6a5b0d2427502df989bdc6693d8b4d9d0e3d82dee	348	public/init_dev_config.te
100644	2f44e561fc625679313921373838fd614e19d275	71f0dbaf92b6cd2c0d3b2d5b6762d83b802602ad493314ca8c044f2fc94c488e	313	public/inputflinger.te
100644	53e7239ef98181f2d82704eb298b9ce6405712fc	1daa1365e3a298167524ca3c6cdd80dd07f17a4eee28a9006370681ef9ff1100	309	public/installd.te
100644	283db6511e93c4c9f1f318d40a3534b0b784e9cd	5d083d7fb74eaf1c7b9b62ca053dd4124db9835878eee93d10dbfa6b98091a64	117887	public/ioctl_defines
100644	d56ac372556fdc5fd4dd95232031e8313cd63097	ce21e4223cb7ca1e2351e1fdc6e3a6855468ead6dab2030f6006986bbead8c7b	4447	public/ioctl_macros
100644	b231df7dbf4d04a2da11f42658d254c5e07c04d6	611ca3ada165e0c7a907a4ad6ba4f1bf6b795b39b0b2de8753dd3412ef98cfe7	466	public/isolated_app.te
100644	4bfadaa0bb7e29716dd4470cdc963e4cf9b79319	4fdf799f6d9977b755508d4e15b3b69db3f655719d3fa211b90b9dc7f542f025	242	public/isolated_compute_app.te
100644	c3fcdad0e49f757b5b3d52c2b40357833e9e336a	52c325f96359c6bcc94ff7e05df64bb51ab4763a791bd0ff3c1f9fe48670d4c7	278	public/kernel.te
100644	34b6c95a298f43819955f7e8219a7076112dadfa	70e674f5727007d077651d62ff398ba62e447faa6b09681d27acd09b6d327fe5	328	public/keystore.te
100644	370be4c8b8d17b7e6d8014e924d8dc7b1d206ef4	5bdd2aebaabb359597ee81726b8ed551a92aa7387b11327156befdee75b9ae79	277	public/keystore_keys.te
100644	d678c3c27465dd564f8c8f0e14eea3fbed62e51d	88307ee5b91452ed08a688bebe03fe0167111948c13efd6b11259207712438db	325	public/llkd.te
100644	7d05b006f47a39bfbdc03deebb39ed72e84f3560	221f41260e3dc3819075cc450730a50e527a9e423ae0603ed5ff617c5429c516	333	public/lmkd.te
100644	a33ebd52162cff984decdcf49aaa03a637e445d0	02bf822945f11ce9c6934b100095a60e1f75f59ef53d63df973f537151b410b5	334	public/logd.te
100644	2936584a6a44b28b65d41ddda017ffd583fe545f	f889fc8876eddccdcc98a353e788cf8f988035be430f42ecb349c81174ab17fd	276	public/logpersist.te
100644	c36f5e6ed02f898bc59a689585e318aab5e689c4	bcfd42729ef648d26869b3548596946f7bf98f6106c88f7342edec672b3ac260	241	public/mdnsd.te
100644	f6475291ef73d0bb033b1d128ab4dd8562c15eec	852f6c239b22a548d1a14a0618335a628a1309276765339432aecf66bd8bcc92	337	public/mediadrmserver.te
100644	0943ea3ddb221ad18d3a7155e3febf915de5d055	546736cc02d22307019570e64fec85d58092723ce33083cc479372e502455720	377	public/mediaextractor.te
100644	34a1415642b2176b9fead24ef28ca96feb9c74b9	453d732c9d2d2d25b34374210eaf49393639ceab0c95f51af75457ef5e0c9dd2	356	public/mediametrics.te
100644	61dbf4c19fa6c045fe610ca34aee0e83007b5941	915d438be4de383b2a1b5442d232416112996b21044cc6703447de3de425b3c5	368	public/mediaprovider.te
100644	8be86272d17c7aa51b338cca8b3927df682d767d	0752306c826d6fc9b5a0663a70d63ba50d22e5c6bbdc582cbc8c99c4357ae9b1	365	public/mediaserver.te
100644	4e131d30941337b0f5b482dd2beddf501202651a	eb5300c45e42087ace02ee70be0dd4f65519812afd3ba9792bc82a5ab6ed1e89	298	public/mediaswcodec.te
100644	cd4a2ac7bde2b96cd32a31b5df3a2915d98aab40	1a098165263585d33a6ddcee2ea2bfdb809a945ee35358dddbeae0464d525b28	238	public/mediatranscoding.te
100644	6964fee674fe4e74a3172a840b1a1119235ff39c	61d7e1432330f8055c43f9760cf37eb8a4bd42c95565d6c5839c7f70872f1854	230	public/modprobe.te
100644	165c43e7b14100ee8ea5481ee86a7e908c87cf1c	1e6ea0df9f13d928503fde8d9f12e967b5d98cd25168fcb25c17a3070068d0b7	258	public/mtp.te
100644	414b5bf74e7d2c3243b90a684991fbc12a259b12	770ed80d048f8e2f8cd63d75e0e46841a9dd714cb9ed27b820c3462571ee672a	292	public/net.te
100644	bfb305914f96bb68aac62f53da3144f54db13129	ff6bd804aa62d12aa92728cba3009ce860ce6e3fa805c2fe123a56aec9410938	319	public/netd.te
100644	d53f15226f8cad8b17745087bfc5982e3475ddd1	53f9d7fac21154869fbb4eebb1d03a5b2764bc174a1ab5a7f2a53fdc835f4829	306	public/netutils_wrapper.te
100644	f909be38b1837544c22c3cfc7c59a670a9c45bde	9b9b1b89d989be7b6b2459ea87e172e01afaa31e1dff84be532cc1fa90eeba75	263	public/network_stack.te
100644	b727a92cc5176d3ac25132888a5170418af7bd4c	1e2c54b2d2de4f53cb3776dd5bb9c3aa61c2ef45923eed0961649db617f201af	757	public/neverallow_macros
100644	a6e51606283804513d16890b669a25b176566854	9f8d72f3fea86d670786b19741d20037e1c0555d0565008a6dcd4e9916716f8e	241	public/nfc.te
100644	efd2ca462d38ae69ad4450a069ca093e3df077e1	94122ebed18fb9e9c3d67ee5abb1771bd32eea82011fd1f95ef2f9ae7f4fff33	3773	public/nlmsg_defines
100644	5ba3ab239adeefd1ee25c6bdb3e51dc95162dde3	01caa4dbba70665a853fa5a25df74fa83fed848dcf3767e6d28a2ba00908f2de	821	public/nlmsg_macros
100644	6da515a10e9caf14b77ed415f0c3ff911179249f	2d4f340a56ab76580ce436e348ddac6bcd07da44989f400e52f8fc50dbcd0838	242	public/perfetto.te
100644	8da3b49e4a5a7c2ca83084e224c46bb5e591d2e3	e2c6e8aaf790f86ebac3df2ef284564a8de25e5fc53b624478779b42eb337a81	332	public/performanced.te
100644	035a3ef89530adf875f2ed7a8cd1d9755b9040a6	fec1646f5ce0cc3e441ea350dd1c388b999f32ff1260e013b25ff18b7c103e1c	282	public/platform_app.te
100644	38b120f907d3ec94b20b8729227eaf8c7ec3241b	a476ab5bc8d4e85892676b6aea2cd841f8a557671b297b6bdd77fffd180b24e4	449	public/postinstall.te
100644	892b614612f2489d7316317c97e065318481789c	d06570803cd4656b05e272b1eb39a429ea2128b44d6444bff2cd3860f47feb68	258	public/ppp.te
100644	c729cbebaa9f0b3d01a38200617700efbe7ccfd0	4a7ae86bd25bea7ffd21058cd857560b17c9f37e63d60b6c146f7e58e121f692	295	public/prefetch.te
100644	03a8c091c116036dc39a58c39a4c5fe7e7f465c0	1e9bb70aae5e71855b849f500d1f13445523bfa52fd41ec6269fa10532195c9f	292	public/priv_app.te
100644	ae1a2c16cdeee9c65a86629bc413ba05b5fafa5f	06f551b440e038d125a5d59bc48362a20617ed813c7854dac3cb9bce7c762541	254	public/prng_seeder.te
100644	34ae4a10c6bb0c6310fcb12729090802747c616e	23eafeb4310e8fbaf7c9823bf477228ddb2a049f32a11bf41b97eca9b66b9c0d	298	public/profman.te
100644	0bf2bd7eac79aa5fc6c25fee61120e1ed2c04f32	41dce140dc4c36d36069364cd44d34c80978e18b56c27f4c1b732488fd3ce39f	14875	public/property.te
100644	376248681af46eb1c938350eba837856d12132b2	3055ec1b74fc6c64b6bf49e455f2da0290e81aa8a173c85412075fb00af19313	264	public/radio.te
100755	3d3425ce1e6ea9692d506ba2bd0ee2aa1c2050cb	a4b2b8dd0a5fb432b2a193477b4766cf3502b1aae406df8fef5241d8e808f356	386	public/recovery.te
100644	329d714261bd7ba14942dc59a977e9e7495cdf7a	ce1c79ff17bcb3a4e5e6de3d5730ca276a4b2b603693714a06887c0eb67c82f6	348	public/recovery_persist.te
100644	10bb7be52b46386e8ef51ad2c916fedb47cce248	972035144318837857e3c13b4514e938f8ff2e2578867e5d3514463f6c953e91	345	public/recovery_refresh.te
100644	95b6d06ee6fb1d76aa6beef8227dc576eccf70c9	ebb1a56f3ff837bde56ea8d3599d8e173fc45a1cf36d031bd6c5d62edff01f3e	339	public/rkpd_app.te
100644	ca9293439ae9ccc02da1b764fb6b9d3751308c10	362775cb1b2a62fe2fa304ed6922e4d2b1563ad9cc850fbe35af1b60d113ae2c	21	public/roles
100644	80ab39bf0c0608730ed436e1efa9da9fed415d59	8a0870f586143f4ae0281b1748274a0ebca40293cb226963249905d53cd65678	290	public/rs.te
100644	7428a5b2f79a1c056ab0252f9f1e214b864f3df3	e2e8b968204ef6befe725a742e352cf13067e2eb364f4cb5ed22164868f67a1f	337	public/rss_hwm_reset.te
100644	2ecf9b0987f3f08607226eb6b178902451329ae0	a203842a632613ed95e264fbc9bb51bdc6d4dc271ffda8cbca024f92f61d674a	303	public/runas.te
100644	b160a871cf1c7364682f68dde90211ff059c9c5e	c8a884ffe3ab6315f78dc323f999867a3a52248a04031ffc4dec15505b5295c5	231	public/runas_app.te
100644	b7329aeb124b27fb369bd090827052fc476a15cf	98f1c37bb12cc80a601b178b0f433fdfbc00eedee7cc080ace3f71ece788b66c	288	public/sdcardd.te
100644	26900cd5ecc8f14bbedfc3ad7526d5bf52acbf7c	d9386354368a8259dd2a745a774bbdabf013c58052c73218c74b8c5dc76eedc8	263	public/secure_element.te
100644	1c4d84906a83f6aa645924763bf753d57843844a	ea36a799e2ce5a861a2f3561628bf73a1f2e3ce09d7c564a8c9421c64befd347	367	public/serialservice.te
100644	eefcd1b4f496d40d8db98f89e4b2b41946331bc4	84e7486c68f75c2426df1395c225e004ba14a5f22d67a15b48853d95057fcae8	33102	public/service.te
100644	3409993d760903568321169634536cfc4554581c	d3e0b74bef2f8f2b2d0abc0c72b5c1f0c2117a6d1586a9ac82b8ced6750d301a	367	public/servicemanager.te
100644	c4468e201227dee95b635e1cf7031dd84db4230f	2fb5b91035ea557ea3b41a54f13eb1502b659aaceceda54ffcef4f38db028d77	312	public/sgdisk.te
100644	fdee99f78de7698f42cc45c2cdea8702e0b6e705	3b0539821f163c27deeb4d20490d9e88dd1c95558b3dcaf7c32d5a2ba43fca25	311	public/shared_relro.te
100644	189976d6e2db9e23641a83c2a87ecc4ca7156e26	68a8b2d9b696b9865749cb4112ccbcee20b0fb469e10936cea626b7344f874e8	367	public/shell.te
100644	c13d241dd08443be3f6e1c8dc8832a0b3c332af7	18e5c3c62628af3a72eb889212cc4a279140a3b91bb261492b0c73d42d4959c2	232	public/simpleperf.te
100644	f2a6172a5c3beebee761525986bdfb39fcabb775	8253ddda0599c5b25ca5ae1861f54abe880407a8ecd2b3b1693023fc8f56762d	335	public/simpleperf_app_runner.te
100644	4ead98c4be85c3bc9068f55eb3f6a0c9e0e4c3e7	71f77407d03095dca00e64eccebd02d5aee29ec74325107311742ba0d05cd1df	336	public/slideshow.te
100644	52f41326df9be666bebfad62dbf628f370214c21	25960eb6f019b1c0338512f92f43392769e2e69acfc146426fc9ad69861c119f	305	public/statsd.te
100644	6936f67a5f9247d152392dc84ca24c3b30acf998	679ce6e9157a96910efcc706d99c9cf0f132785cd8ba21da8a8fe93f290493ff	570	public/su.te
100644	531b3da3f4170dea6ec003e0f1937492ece348ac	b6923c17e1f83a2af7d492ad30097aad53ff6a25308464ff65be23a54dcbc005	320	public/surfaceflinger.te
100644	8e1d5dc14e5f50a5849ee58ede223f1910bc241c	fd57c98cb566723c419ede0a7fad0c370542b16b5dc4dcc5c58d0196d8b860ef	389	public/system_app.te
100644	55b163bd44ec5583238d4722dd5e3c999be04169	1c4973184bb458b3e3372b9081d21c74e097772ce2ac1dcf8052da2ab806472f	401	public/system_server.te
100644	849c8fd30faf1b6e25fac43709b07bf77ab586d3	b749c90e4ad0b7873eaa03192309846fddc7a33b06284e1925ad849c2d5111cd	42239	public/te_macros
100644	a310d944aef734f0167e7346b2bce82f995afa89	2ff610f4f208b66ce7673c425a85fb8beb6de3a8a494a2a74d5c2db4002928f1	346	public/tee.te
100644	bc572192aefd95c1aae799e113667f153fccf36d	0e6d91524993bbea6ea3b2be362f27ca668fb99ba3c0343277f4b35a7f2371fb	334	public/tombstoned.te
100644	47411bbf7d41522165087fe4d18b8e6d97389abf	1b03805be3921fd22e9b18bf09403070f8c1ca4d9b220680c89856ad80615120	390	public/toolbox.te
100644	79c21ba2bb56594a169a9e8b730cad95d0f36ae6	92d6f0aa96d94404a966abaea07906943eacd4b0b744acd3711e9013a7905302	289	public/traced.te
100644	99d4a14662e7eb1c6403e6139611d0df62f5db76	155df2afd11f4727e27d88546c39b4c8a236c7ac0eb346d38e22639831dc55cb	233	public/traced_perf.te
100644	bc782a8aa52a1172eb30a9e294b7a518efeb4ce8	29055217d9fdddfcb111b6a1bb9f7da8e442c0dc3df85d42023862848df8c945	266	public/traced_probes.te
100644	04df12f7f18eb6a224016cdd867d3c1eb7139b54	d2b9e9db88059c97f40eb83c576606e7c64939edffb25d783a1f45d28991e020	233	public/traceur_app.te
100644	e0bd5ca5375c99a7b41d7a7f3da4e6be74434e61	f4b1f9dd3b30567f6276058c595e7365fe4a7fea0a3834f0c2c10c494624fd69	363	public/ueventd.te
100644	55a2b3653b3f4be2d84b10df72896c594a01196e	a4828b81257c1ed32636ad07b2484a9993392eb02189c89de4326329fa253a48	317	public/uncrypt.te
100644	af1ac27e52b707ff31078272ff5c02044e281e65	faa605d09328aa7104754a84d2b9e3e9ac827971e28016054c69213c62c75efa	1824	public/untrusted_app.te
100644	3c6c0b0c7f9eea00e42d0346a6f6c54903d69954	cb46bf8fd3ac4bdf70789722f17ab97b859794833ae7dbdce9db97fe411dbc25	357	public/update_engine.te
100644	a8804cec6875eb2fae688fd1d44fab1e3c377d82	e583c466a13b327cc6999c36cf70157a3baa62e47c1a42b75babafbe02460bb4	322	public/update_verifier.te
100644	9ff08d24c42d0b92babbe76fad23112408f33da1	faa88942e6429fa9a23638043ee2878d3553d1e4d988c43416531f5cb4c22fca	282	public/usbd.te
100644	04fc39e7177a6b40f1da164140d84205e099fcc3	3ff9c506f46b753cce3b5138cb9d294fd0b6d109ca44a73792806223a3064195	581	public/vdc.te
100644	ef1386e1e47fa2650e5cb55ff0f89f78acd1b6fc	57a9021770524ed85870125fcca0fe19ea76a2ec6cbd3f066709007c41b6231a	285	public/vendor_init.te
100644	a64eee579d29e39741b860c06cedaf8053b0e904	5615474e328ad8506b89818da8e3737d36b04e0709b05fa20e5dce15c42f4c12	331	public/vendor_misc_writer.te
100644	8ec0abad19864e9cd50e98beedb141318ecb4ebe	2f86a8c8d41d30d574e25e48481ae17d698c33aaf088a2b4e9d3af8d356a4513	237	public/vendor_modprobe.te
100644	1906d0e1586b8bee4a7062bccb5f5d5a3484a412	5fb9c874d4cdf5ca1ef395f75f5f94bd12ee53c0c1f746bb3aca26c7d7282b17	298	public/vendor_shell.te
100644	13969b45b123c3aee31ca05d214cb39e3a3eb1c6	66c08c3aaf99a9f0501ada159f9bedc93bca24723e991e14f39e60a23b387056	432	public/vendor_toolbox.te
100644	369e8ae09636239d7bfec4e7d5db9321a58ce2f2	cd4a5464b2d9a1ecb57cbf59ddbac750cdcc275d1db73caa72c553a601752954	355	public/virtual_camera.te
100644	1e1c94eb2790b08b12241806eb6e49ce28bbee77	f77d93966fb2d0a1850bad305cbedde23b8023dfcb28360d2353165180aae301	306	public/virtual_touchpad.te
100644	e8cbe265bc71d32d36c046bf278ffb6bf60dd870	735edbeda35eced4e45b14496a5f86afcf9bcf6ce8a2d6e32ed422a96afa62d6	412	public/virtualizationmanager.te
100644	9f70d9bbcbcdb46d2bcd73fd6cba7325e2153b56	7716345d6e15b7bdc14424d7db01353a0c24c8561a58d45af92acdd2d3811a62	323	public/vndservice.te
100644	60af16b5761f02056156e22f0bbea7f223e55117	4bd59de5778ec73499a659bb890de66e2f8d3526afd8e2ef9b02ad6c1f3ffa87	309	public/vndservicemanager.te
100644	c05da1240e483351a123dccb7c5702d8f27d9d02	fcc6d1ddca561ad54ad1452234a2a344fdae4c692d2fd3b1561089aa659e0eae	299	public/vold.te
100644	f6593074cd06b34460b8064490b274bed847dcc3	bf1e78567f4c75d8d4b52de20f3914d32a86698ad4c15aaed6f75b75c7858dd7	386	public/vold_prepare_subdirs.te
100644	2499b548a1bc2dbeb9d25279cd04ab8f7c6b5a7e	ceb16ecd719b9c3be33ca7abde4893d06c3f777e76837a960cc9cda8788a2cbd	345	public/watchdogd.te
100644	8142832cfdcf4d2cc5ce9dda357e1f80c4e15655	aa76d174e1a8ff7ef5c191f62ac71e99aceb9425d7f2d3376f482f9e12efe917	454	public/webview_zygote.te
100644	934133cc72d9267e7e89d965d8da46bce586b61a	d53ac5f692b48c5dd6adc1576edb9d7d75ca518a9e712ac763f7b9b02fc8e861	301	public/wificond.te
100644	9f24337ebd35d0eec29e054084813b7dac873448	89729dcfac6752c522c40dd4f3d03a58905a6fee7af81715d8990ebb85731efd	325	public/zygote.te
120000	8312c073ceb399460d1957f6180de032c0394acb	f6b595e8965690e346c0b5dcdbe8016a6776ac5c8de87e2b56229b64422a33b5	25	reqd_mask/access_vectors
100644	aa465cd99db99b56d64c1a61560dbc5a124accc6	33b9ebd73fd9c6fc9ae8efedca38fd376b60464dfb88053eca2ad9098b2caf65	36	reqd_mask/initial_sid_contexts
100644	366cfb1f48cc01972c9add3cc5df8c6a807bf907	800ba49d437fef09476d14fc9216f7cd9b86b406f5e633f6ec22293ce30b8c2f	23	reqd_mask/initial_sids
100644	ce7166beebe8126ae90e63a126e5aa611ff7c0e7	0e98827333e4459c3dca476668700520e01d6efe8d35c8b7502e6f4b07e0a807	144	reqd_mask/keys.conf
100644	ef9c6dd70765810910fe9676d602039c5f925af1	fc2bc7738681d0727fd07d2ff10389fe6e15b34176c6cb3d05d4a2164c828de3	58	reqd_mask/mac_permissions.xml
100644	d276924120803d6ecbbcea1860122447c040d82e	cba7e1d562eefa1349665dfbf1bfc105a650ce0a22ea6b3a19c2f264916f8d99	52	reqd_mask/mls
120000	5c505c97d971679182346279e6214d17fcd940b8	6c610c120a59a9df7f01e015aa05ee5fe1d43af6bf7a56e4b493fc2c534a721e	19	reqd_mask/mls_decl
120000	323dd57af80ec7f8fb1af6f76e4c34ce78d95acf	f593f32ffc4fb8ce743322cad56ea4c7aba90bf90563146443eaf45eee7ef21c	21	reqd_mask/mls_macros
100644	8e0bdbbde27a948ae3057cb2ac9175f1cc04c5ef	93604da4d900f1d560e7f01957b4f2f44bb138bc924c6a6015d7b282e4dd1369	164	reqd_mask/property_contexts
100644	f77eef4333a68a57fbf97bae96c81d15c7c0cd22	c3f99749465341d5aa5143d3a608a975c3ef124f796b415c8113d59cd5451b63	21	reqd_mask/reqd_mask.te
100644	926cb7a5fe2281a28727e798ac973e5b6a3c2e9e	5decca8550a49888d6152be392bee33e1df9f1209b202ef5c39a43294746abc1	29	reqd_mask/roles
100644	c84fcba0ffabdd4ae4460e34b79333466f62f4a9	4241eb694ec396a73e9a0d6bfc9973400dcef8ac820a7e0cfe0f9cbf3673e6dd	8	reqd_mask/roles_decl
100644	0f4e0ad0e33cb6300c67139db5dcb13cf7011c3c	fd5365507f7ca767a6de7656108d5746e0a50b61591b29b6364f0166f6af70b0	141	reqd_mask/seapp_contexts
120000	40c1d1d0d744b67952ce25109d6e8e08e6c7fbf2	56d18bec482d612f8a019168ebc3eb012884351155cadd6c63f8cefe6da4938e	27	reqd_mask/security_classes
100644	481967b9ab9e131e21ebfdd9100d828294fed5df	28a12767b029dc756f69669abd820cd92678ee928b95ec7343a9724bd8a36ca1	161	reqd_mask/service_contexts
100644	51b7b57e6798ca0f476cf87d5de69ae956df26c7	50043f480e4192a70733f660638446ce981fde673dd4b6e88841772d907e5447	55	reqd_mask/users
100644	88a9ee89054171d781db66023b7b0090b3b87d55	d9f34c4a09f098fb7d35eb8e0420d54fa2a4895a5a26d202a69e66d243b2c300	3317	tests/Android.bp
100644	935fc4d5944bb1dad7e9b83cb0c9b73ba6453376	901212f527fb2c1804589728e1728a1f7f7de9714cbcf942e2ba97239cd5fa7f	7778	tests/apex_sepolicy_tests.py
100644	4fcb36e9531accbe49459bf21b34b4cbac141e5d	c2fb9d09648a9c542245a6ed565787104272ff7325ef99665f990f03532422ae	5058	tests/apex_sepolicy_tests_test.py
100644	5a4cfebb4acbe04e16038118c8e8c4c623b7bb83	afcad967a2d38bc146d56d1986e28bf62957b6d502b2f25c46a4927c54a8147a	3579	tests/check_prop_prefix.py
100644	b0fb850c512d375128a46b2643037cc7b5bf342a	016edb352aa0b1870474e4ae3f2c3db10d82e2df93159ab3e21402fa08237947	2912	tests/combine_maps.py
100644	4def748bc88b2e7b86cd14439c914e5ac3f3b122	53d2e003ecc5d5ae3dabe3303a1df64d576067a508b0408251d212f2f732d119	4671	tests/fc_sort.py
100644	accd0a1583c4d160a5a53d2ee9a71496f68d36d2	201b901bc3b0dd65888e5e7f25dad0289d96f0ff4d464ff7eeb73db5a1e755f6	2182	tests/fc_sort_test.py
100755	601182960a352502127165280d4f97c3328514f2	a5704f5da2ee462c299ee65cf0968350c3ea3d776f61269e8d16826d1d997852	1220	tests/fix_policies.sh
100644	0be2c1726eb9448b1557f0bf3f600f93032c1f0a	659395131d40f55e94cc11f96fb91734dfe28901579815e1b7536844501d5a8c	840	tests/include/sepol_wrap.h
100644	88a1998acf92cfdf9eb7d9fcb638e33aacab1c99	bc6ccbac4b58c3860a061940cbece0e58d7c62584ff6b4a5ca8a3ae5e1efe74f	5028	tests/mini_parser.py
100644	cf93ed7a140f9118ac0b41d2c772aa0ef2781f56	bf81eb864183a1ba42ee21381826f0e694c512c1ae2ff16dba05e2d8efc86481	26934	tests/policy.py
100644	3cf4a1b663ebc32780019c7024d425c38b090f70	9228d048622a4c745ec45fa3ff41c0a50d7a2c1390be398094d13d10c87df7c5	2828	tests/policy_test.py
100644	79efecf8472a317982df338eca4d105140c14e80	175946263a9647022cb79a3c390f696e32c87df6d7cc92956a9413448093df79	3021	tests/searchpolicy.py
100644	15f3e7079f06ab00d4fec3ce317e44b4c4bcad4e	9a869de9e9ac91da4cf4529e7d894b1dcd5d36951a5f30963fd23538bd2b8402	11625	tests/sepol_wrap.cpp
100644	fa05eb19386e74d8971b716498ab66db44f8770b	9c83a7eb9a82136a670589e139aee0ea773d0f56eb2ac49a3b0b8f5df2861659	3170	tests/sepolicy_freeze_test.py
100644	2791c53038c181ca7047b8b58119197df1685bb2	f9ce9913966cb68c1b36efdfb3df20aee12d461c44f6797f09b8875b95388868	16834	tests/sepolicy_tests.py
100644	dbbce0226f093b9130114666039006c535ebd3e5	1af4da3f707eb7e7e4f782dfa9583281d5cc63d440ebcede7a93992b5f43b03c	8944	tests/treble_labeling_tests.md
100644	0e728ffd981a7d856fea2fca7ad03319ff9f3958	6d365c2f83990924eb010134d27917cedb6673c99d08f58d0e3a7fa5f1e1e835	20004	tests/treble_labeling_tests.py
100644	ff1a348179fa4d63a785d0ea7ce10dbfbce5838a	f0b43c893a4b2d3eafc5e0204b2f9d36429f563b2fdbc23e292e6688dc533d8a	5325	tests/treble_sepolicy_tests.py
100644	1d03286a73ceb27cd03e8740f1cb187c5480a349	d44c2e3273afc2d0eed250fb45aed84b61378b99992280fa96ad6e278130752f	2270	tools/Android.bp
100644	8976c683a42134b64041aaf0923fa2c53ee42caf	21798c734487fd0f2a526457df4f33723e1ea408d9a540faf9dd4aac2543de57	3483	tools/README
100755	f39b67991bda57df0f5b362e916886f0debf9a92	8111b278cb275752a41c34d629e866061ffa08dfc50ae8d40bbb78242d82e11d	2528	tools/build_policies.sh
100644	f19b0f1cc162695e2e42ca9ed6e5641e3c0bdfe7	9afc03bbff89112c6fbdda579e13ddbe343eff5d1d7bd524ae7e7b2a160cb99f	34837	tools/check_seapp.c
100644	c89c7cb333714ac24df386fb65c2f76cd7449993	bbbfc84a71b5e9bbe8ab517a07f51d50c976d0097cf00bf992314fcef1dc9e57	15469	tools/checkfc.c
100755	849780a4e9167b3cca31abc532417b6d87f2be9f	90afae5ad6d55f3ebb2acd11e42bec15d6017a33dcdbbbd53cb3d49bc3dad205	13627	tools/finalize-vintf-resources.sh
100644	65b54de7d82dff171dfb0d2569aac5ad707a22c7	83aadfc8d4d86f57d17121af083dd64c11754fbc60ae427cfc450c398f4718ad	4376	tools/fuzzer_bindings_check.py
100755	24f0dacb69b43c3fefcc71324e496d1c8e5ed05e	84d0de744ba66685d4f39b5991449eb72981fe6ec2c40b35353eb94c12326457	9572	tools/insertkeys.py
100755	f82c53d2785af96ddcde84a303bb3eb242ab2b8d	0d8dc09caad1c92bb715775178a2e9a44e88de7f69f49503936f537c8286199b	312	tools/policy_version_check.sh
100755	25893ed386bde6e7d525f48483d4fce3fbd48269	912bef165f1cefb372fac2e28ec14eed1e6ad005808d879facc699db1c06566e	3769	tools/post_process_mac_perms
100644	cd79c76e4faa44064bc823e82631aa9a277e62ff	c5dc3016002db0e7edfda38a24f93a205e738cfb67ee0728212c3feef1c07c2f	7774	tools/seamendc.c
100644	bb6b7011966acc2a10b9153f0e2ed5d667f05de9	abb3b6ae9e5d12be56d0f1a5823b09d25120c8b46201344fb4b3d7ea5c72cb6f	565	tools/sepolicy-analyze/Android.bp
100644	c6657ec4494a7cf1eeeb6efab2dbdae250a6b01c	b4acc0cc6d8dc8c30f6cf2234f9e0b60bf74f1aced690abce96037511e2e6465	5162	tools/sepolicy-analyze/README
100644	f7c9b4c80e6aefb40cac0001181f8ab7ee0aa80a	18305cebde0f56966f56322050054587ec7cc28f98c8e19b0ecec71035ac662e	3053	tools/sepolicy-analyze/attribute.c
100644	05adcbd90a48de45008c782a4686740bf2851cd2	d39195af2765b2b39189b16d4488d40279fcbd285d997afd379984ec72645564	218	tools/sepolicy-analyze/attribute.h
100644	c3b605d0ab40a7ce5cc193cdf9b97af7e6c94d71	97505d68e3ad1088f0268e50b1c55b573449ec506d994926de4c7485c8de5a62	568	tools/sepolicy-analyze/booleans.c
100644	bfbe0e12522f1300fb9411f0cccc63e7f0d542b4	b92d820f231ff58723cd2b90a27fed8b438338e3dd4b7eeda0792d2143548158	213	tools/sepolicy-analyze/booleans.h
100644	88c2be2fde262b6f9aab1e54222614f1414009b8	d19697ebe7a0435d393647cbdcf34a4b81fcd2866ddc1a15cebc589b6d5cfb27	3046	tools/sepolicy-analyze/dups.c
100644	0e77224a4f7e64e1b6ee5a4bc4b464bd27ac6a8c	ed57343c1d3e8099f8b38c6d67d821b3481406d6ae55fb611c4cd2218905248c	193	tools/sepolicy-analyze/dups.h
100644	4b88206e98ba4eab004bed31fef7fc2774a8fdba	7c973a60c5cda7672e34bb8f0fe19e7abb7549a5dcf5fd9908f3a63d874bec42	13801	tools/sepolicy-analyze/neverallow.c
100644	be80822a0f894b94bc3177f0b3d63d0927d3b68b	29c56cbc211c04058ecc6ae17d3e4a39e26268238c3ee6bb2b81e1ba984826e1	223	tools/sepolicy-analyze/neverallow.h
100644	4cc4869e89a60e9bca3872992cc3369c63847ab0	713abf562652b083ee5c97ebabd39152c497127711a4a7519df32a9d41cb857e	690	tools/sepolicy-analyze/perm.c
100644	16e619a00fb1b9bb2cc6c2ccf223ce834d99b89d	55836824709811d0e39c7b1238dbbbebb897f5f9c21f3efbfebbe03a96f6839d	205	tools/sepolicy-analyze/perm.h
100644	1b7bcdb143924a246ec8391abcd5ed97c7ef060d	4805dd7790ffea8d9a93b8655e14dcf6fa9649c69ae7eab0380f0ef922b4b7b1	1583	tools/sepolicy-analyze/sepolicy-analyze.c
100644	c00c13c2338ec94f98ff16df07cdbe4474e6d404	0e1a0f01eb508433f47df165d5da90052a1ccec0305dd0bfd44e704789b0722b	8870	tools/sepolicy-analyze/typecmp.c
100644	f93daaad26a01fed20640101619cba476f7e876b	755ad6418a8415828b75a51298b8d0453396f68a6fd00f089e3fd3de427fd04c	208	tools/sepolicy-analyze/typecmp.h
100644	af93f717485d1d21380d66329db95155feced9b9	42e4004fe9cd656bc4eada145f20d21faeee3c4c4d64f0e81aafabeb079dafb3	2004	tools/sepolicy-analyze/utils.c
100644	cef6ca3461001a10378a174d1483247e79b1d20d	ad24c66533caa79d949b2ec43d3075567dca541383fe7c33078f1175e53cda3a	362	tools/sepolicy-analyze/utils.h
100644	713e7c16a0afcf31a71d1bcdbad262227db7fe89	c5be207dd6c0f44a66e49390f76d549ad71155c4b7853219657185145f712e45	6809	tools/sepolicy-check.c
100755	dd8c7af69785d6a8c58ebce757b51268ef948fd0	7d67aafe06b46fe35bbf7397625466fb4880d97d9fd80cd5289b6a36bb166006	4664	tools/sepolicy_cleanup_check.sh
100644	a9f64ec19b6fb7093a111577b1b412950a0ed41f	2b1ea166b444c3f9d80434b26f652962dd299bb41d3f3624efe10f14160dda37	2747	tools/sepolicy_filter_neverallow.py
100644	cbc0f7ab6f4a6dea1fa34b99d9cfb6e2d44bd580	f07127e4721f908a85430632877d33283d24add79ad296e16cce9c0244540db4	14871	tools/sepolicy_generate_compat.py
100644	3f97268dc4dd48f6e6ccb6d2451db52ee8e88566	2382bfe9e0e2cbb131460063d4fa90686d0a0b47ba6a1fe240f8543b4daaeaed	4713	tools/version_policy.c
100755	5fb4a2f4e1d74706dd6dc38380a6fc97c2700b7e	b37f3e81c098d2699f477fdd78da154a453113a735ebcfd042d73fd7e8ed4418	180	tools/whitespace.sh
100644	a19e8ecb63d94f6380ea7f6cba638e0a23a51817	85c36ffc1e2812290e813dc5a0a5c84da58df2cbc59c452275b210124c59526f	18920	treble_sepolicy_tests_for_release/Android.bp
100644	0b1fd748091cec385ddb879528ca08efe973048d	60dccea373e304603330ec9c8a352ef0e7ccff4a4c52aa302292906759bbafeb	98	vendor/file.te
100644	c8fb1f95a4ec21dad9a40cb2755aaaa952afc0b6	4a5e5cb49a6856397e37eb93904c51831747203902851a28df6c68bcf0d041d6	22974	vendor/file_contexts
100644	55c9730b3ddfbdfae1e43c4ab9b048c25d2bad24	dcba40b1df7bac17160bd39de105ea7ce17137382ddc460926a4e252595249e9	509	vendor/hal_atrace_default.te
100644	c19c03c4fc89f20c145497100c5b7807d47a9127	f3ad6badfb42f195807bfc6c888e24ca8e7af930e292e4d8a0af6482190a8da4	710	vendor/hal_audio_default.te
100644	d1940c965d2bcb6fcd606a3de678a8259ca2a43f	1e581cf525f95c755f9099e6da1f41192603667e51caa4a01892f86b64b97b12	273	vendor/hal_audiocontrol_default.te
100644	1676cca3a644db88475ca6b566ebd6f810eed8e2	7866672bad5fb5cec37d76812ac944b63ad500a42e1176017c275c3a5075b5df	208	vendor/hal_authgraph_default.te
100644	46f5291cf1c4fc6df962a6d3fc202c647d8abefa	bc95498b3ae1b0958b0077844272aad19ec5de96dfe6a67aac0b781e60b0f3b6	213	vendor/hal_authsecret_default.te
100644	22d9cf0d0315cc449a2353dadc3a06f642fea2ad	292ba6b11554e739afe209ca655e61c5a7b68041ca8d8b0c4d6e49161347f3f5	355	vendor/hal_bluetooth_btlinux.te
100644	2b3729dad976732f623749d4ecd0f1317cdb4395	94ba3dff6d6705885ea48a7ee9b128575fe83c68ce3af18c3cda27f2ac0af919	361	vendor/hal_bluetooth_default.te
100644	729f6ed8f0938f5706b30d8845d5c31929e4f908	2a736e74066a36a2362229b4ee7a07446640ff278d8dc4de171102eb9dee555c	295	vendor/hal_bluetooth_lpp_default.te
100644	f94cf5ff525bc57bfd997cbd5bfeabf8eb5925b6	c4e0678327692194be0f5ba87a5ea8a53a7d98eca7e8c51eb3e8c9138a24fd08	788	vendor/hal_bootctl_default.te
100644	37f65f4feef149964f40bd68943a0e99398bfb60	2773950840760f4c32f6fec12f5da8581861bdf6c155a7258405848f19c5037f	233	vendor/hal_broadcastradio_default.te
100644	710e2df6c5dedd6d51e2ef9ae0f8cfb3f224eb5f	9f54adfed68b0e71c444bf0c974a859f6353c10d5cf20dd57ca438a9b6fc6a30	863	vendor/hal_camera_default.te
100644	12bb028686ce4a30d4b3b24b0549f2f03515e9d8	6dc15b110124244f34673eafee7db0d65d29efc445086c36fea8986b6669b97f	1268	vendor/hal_can_socketcan.te
100644	cc1a2c8ab3797465c1345bc12c818d5012f1f1e9	a3c34796557585013b3f3805e9eacee978848c6e5bcc06a48a61aaa555b793fc	326	vendor/hal_cas_default.te
100644	cc61a16200457055e2735a359e8021bd77236804	64358e0166c9f711cf800ba4e36f168564e76d3fe6fdd9ed8b57e43242dc2b7e	218	vendor/hal_configstore_default.te
100644	832c6877490871df045ffc44c5e78d392586c9f2	ebbe737a80af859f78fce2702c7d6a73961b73168b2f93ba25ad08d918033c7c	233	vendor/hal_confirmationui_default.te
100644	4dac5f864d4ca2401f14c2b03eac781cbab05e93	cddcf6cd62794a87e53f50210e9198dcc4a9fc0907955776d5175249c8befce7	416	vendor/hal_contexthub_default.te
100644	4b4ee463f5e11adc726b42519dc1adc1ab352d24	d5e367c9e6bffb4c00776238bcbee17e33a1382fb99ecd85db3cb57d9fa65f4c	250	vendor/hal_drm_clearkey.te
100644	e534762a88ee573877595b35bdd60c162701d52f	f7421f3e14ace5b5b4bc846a17ac317446f35c1614ac733318c128d91c30f652	272	vendor/hal_drm_default.te
100644	6fbf40ff4a4a7d6caebfb6c7d467b6267b1bc269	576c3829335ea97c2146d77d0d79e0e6948502d6961cc131c4aefa05d9646faa	208	vendor/hal_dumpstate_default.te
100644	9ed7a8ab3c43c471751e4c6f3a647dada1a1057a	de6bfbbeaaa94e405b4a479d0955febc8cf4e81cfe357aa17029db9b7b692c7c	1437	vendor/hal_evs_default.te
100644	56c916697fc4b73fd882990b7ac488641b3d77d4	a4d6ffc2f3906976be8aff47f36478de97d8c23f687252619c33795a1c2a6ca6	724	vendor/hal_face_default.te
100644	4a526426d0b20a70dd6016c11ee2847bcdf099cc	87ac68769f2d0759a0130ec947a9464c4b5c9d66f17f1c6296da90b2290fa30a	204	vendor/hal_fastboot_default.te
100644	aca6f3d3c3baf9d0a3aee294d92946dcdbfbd72b	2a619e6458e1b8afd5b4d7dec4d67d1fcbade12ff7f0dac2b0cac4f22f80e518	589	vendor/hal_fingerprint_default.te
100644	a3654cc9faccb0aa89908e77f57025f566e0476f	495031b13cb541b744475b5b6e61706e9d14a45d05308d84d26775b0687876aa	214	vendor/hal_gatekeeper_default.te
100644	cea362ffa40760b01940af1351774e205a6082b8	eba651c60f9d28078b65c46f99883ab35de985f085c54082c99f941f67abc628	243	vendor/hal_gnss_default.te
100644	a129ad43154cbda14e8809279faf66fd5a346bf5	672ad5b11ec7030357049cf5f460fe1499ebeae81e0513b8816331cca653654d	429	vendor/hal_graphics_allocator_default.te
100644	8fecb47b434c19a2bd6a657ce8885b84378da962	9404529c6b78e3cddf2cb3e437b14adf2be905438c3561c38c318aa9ea6cb16f	533	vendor/hal_graphics_composer_default.te
100644	8e118e9f53d0d11cd85f42aef727fadaefa5c332	1c88addf8a076042e7d9a7b31b1e90b66ee379afe37ddd86ddb6ae9128caf9d5	429	vendor/hal_health_default.te
100644	37b3e246bfb86053b6f008ca0f12b9eb7da08cb7	4156264fda92377bbf9ce14753c2307d00f7d8b18d191c707e6a3823f4ff574b	234	vendor/hal_health_storage_default.te
100644	7cb2eef949296485101652456dca3e8ff262790c	916cda8041922243a5f7c9f172eae53490191e0b42c36983b81d895b0dadbd4b	476	vendor/hal_hwcrypto_default.te
100644	550db95a512c2c0b7be1ea37c894d4e287b4249e	c8452552e434edafb936f03b79ca22e59d06938e13a7725dd15f3a778649e6a4	360	vendor/hal_identity_default.te
100644	915cc780a063c13c783bb6568305e8a932ad5ce2	fa6a8a299300dd229b5591404a0e83396aaf5a6d7a17599d3f9cad7488e7ea4b	243	vendor/hal_input_classifier_default.te
100644	33a5c415577ffc5192fd5a39d20058d068edee89	41e34efeade359aee30d306417120bc5f857edefca0083876382940c066f7906	238	vendor/hal_input_processor_default.te
100644	943aab08b117211991c70cf9571421f70275fd49	a61897f716cb46e9517b0be481e584f4e8d98cf8f84e4b4c810e0943cffc5da9	173	vendor/hal_ir_default.te
100644	26fa9735cd58af0f388cea089cac613214d95a54	45cff788b6b3adbf59de7d18c65c0c4ea837439515cd2eae5ffaaa66a2eadac4	290	vendor/hal_ivn_default.te
100644	6f0d82aa7968d33d86037c2602f48612125dd512	19156bd964a8a53c90221e57e6f6ee2c8af411cd0a03401b30f0bea16733f2fa	276	vendor/hal_keymaster_default.te
100644	3b9369db5de985de61f6a75712b7e202cd0fcffc	01b17418e3d20a6e4b3d202f4b5b7555faa9bc5a41eb467ad40f642cbb11e481	475	vendor/hal_keymint_default.te
100644	c7fa9a1f23226b1f914ae30a11b1e1ad00c0cf47	6e98be4d2cc96ccc96fcd0980b6a720ee8717fc05b699f0484bed8405800e4a6	188	vendor/hal_light_default.te
100644	a49bf243f56c3c7c933059a8938f5ca3070ead44	13599c2580fcdf04210b04a40c7fa76904de50951b20f38ccf1340888bc44e77	193	vendor/hal_lowpan_default.te
100644	19b3d168faaae0a683285ad88c01a06bdfc23a0c	badbe38c5c334ea3199fc73372f94e52b9f719ccb976c2d7af10c8d2840a4086	284	vendor/hal_macsec_default.te
100644	88649e1d615d4d4fdc6b11d3ad4ff367c6a13883	9ac8da8bb7a29e2e40de562a0312d2f7426c8fbf1b1f62778b40384bb8d945ad	290	vendor/hal_mediaquality_default.te
100644	c547699db8df0e68b47bb0a987c29df4bcf95004	76d63c7da199402ac04b7590533f727e4b4b2656745d56f621772131b404ba71	203	vendor/hal_memtrack_default.te
100644	c13baa7ed10787015c87e0e04ae1f1c9a94a7dd6	3b2dda517e6a70550c27b210803e8856003c1b08f4d95f86c1d8397264497438	178	vendor/hal_nfc_default.te
100644	8597f2c6f15d5b2af9ecbca58e032658114f19f3	a0778329c50e227d235a054d1f20f6e006f33d74ee41da9eaefa24e841c8dde8	198	vendor/hal_oemlock_default.te
100644	3be4f227ea9bbcbb46cae5ff5ac89d5ad525b858	e6c5534cd3d047cf2408588eedd722c2b6a0c091e840d425d9d4735b831f83bb	188	vendor/hal_power_default.te
100644	b7a2c023afc60ab8a4d26e34515d2aa2f4aa6c0a	1b8f4bf4a3d5f5a925e4b91b4ee4d5365739b5590e11ff457f523a09c0925feb	218	vendor/hal_power_stats_default.te
100644	ccbe5bfeada628062eb617fcb27ba73b6b69b1dc	f7ab5806b1d856d335733ba32bf5e1d7ac21ca47753b8c1ef596338b164ddaf4	221	vendor/hal_radio_config_default.te
100644	1c08a274748dc2d4e438a1ef3125802680507c0d	2a50cdd07e91e5a98cd054f2338de87747afe3a4c02afef5489950328cb9ed95	223	vendor/hal_radio_default.te
100644	26256939d1ffcc36b0093e0f9419410bf73397dd	f3ea8be329b248e2ca2536e3827cc6d495aa94a94a94f6ec9bf8f39b1de9a172	463	vendor/hal_rebootescrow_default.te
100644	475c2e8428fe6651f8e74b824a190cd0189bde14	ea8794d7237164ccecda354cacd44444da63b6953b9a5f4d289df810c6dff7fc	345	vendor/hal_remoteaccess_default.te
100644	50f4ac1844f49ed7b383bc3ed72fdc00a0249ab1	cb5e7c318b3792b8f4aa582c96ec41dbe13ff69ed686987f5558390cd435b374	223	vendor/hal_secretkeeper_default.te
100644	b1a94a11098881f2171d6ea8675521cf3d9ed19c	df23892acc1e595a97da9fd74beb01b12e91ecbbb08d9f883fe61edd5d712e63	313	vendor/hal_secure_element_default.te
100644	875236434366a5f54019d22de4bffafae3a424bb	fc72fbae3120682c801af76f254a5abd74f76a6c4e1a50d4f8ea016149ddb791	925	vendor/hal_sensors_default.te
100644	03c542b28d062751d8fa63e5ec34309994399aa8	83239c1ee2bc06ba33acde6327cc761f9e7801cc37680909f3caafba9ddf3a23	228	vendor/hal_tetheroffload_default.te
100644	73b2efff13b5229d9ee0563b320da55cdd9395ee	ce9b9fc2348b2c9fab58efea371c9fa90036dff57859b10b29ca4b2625ccd19e	216	vendor/hal_thermal_default.te
100644	3a24269f7d1e1178a026931b131ccdf75383e960	62b479613c8a08221781993d8ed483453bc074b526904f592331530b59284a59	228	vendor/hal_threadnetwork_default.te
100644	080e73b11cc040c7e2d1c78e9fe772277b462908	8abefa539affa0b9216c8f83ff35a2f9e2d10ace5e338e5bcea765c6eeba4689	193	vendor/hal_tv_cec_default.te
100644	2f06c34e63cbdfe2cd420649c5274731103fb1ac	45cce2066522790f3c0315b0061c821552568e6b5c5b1f3cf9a3cece75c031e4	218	vendor/hal_tv_hdmi_cec_default.te
100644	bad89618990de0e5aeb671d95319570fec023578	d495e60e584ee98fe21cce147d3ccb17edd885eb088d77152db3c7a54861cd3d	253	vendor/hal_tv_hdmi_connection_default.te
100644	d2a729dfdb636fea0b9cb666b0ee9e264d042f2d	74a6da4ce5a3077dcad1dd62c4d0f746fe8bcda64ec824dced2525b8d3e9a08b	223	vendor/hal_tv_hdmi_earc_default.te
100644	12d9743875c615798ee5a0ce219c24e3b458d6d9	035f956030a0dcd166f29bc68ae08890bdeca0aa19edcca37812736d26fcc4cf	204	vendor/hal_tv_input_default.te
100644	5e149a674411310b733662b09afa3022c0abb9dd	9e69ac2b99754b082ec6f94d4e201f243dacc20557fe68b19deffff9f4ea32e5	541	vendor/hal_tv_tuner_default.te
100644	5642a2aef3c904c718fbe26336e6cda1ed391b0b	121719fb0d0394aff8ec838c7848c594a215a9d7c44eae55d7d87190f9dca06b	178	vendor/hal_usb_default.te
100644	f1486b9e2036ef09851bbade1c61ab71742f3c96	7b5503c86960641099676aa207ce763d22543788c71e37c9ac53c51901345ff6	213	vendor/hal_usb_gadget_default.te
100644	cac8c44983a8e6cfb2ea324400d68a925ff4bc04	1126bb180501598079bf0da9f9863621afd407e09e6378f2a869e96398eb6d0d	178	vendor/hal_uwb_default.te
100644	8adf8d33a7b22379691f6c7b902efb0324d9c875	a78d9590383b111b30881f859aee8d8f6e0befb4be1a203d57a9932e4271bee3	598	vendor/hal_vehicle_default.te
100644	6c10d8a1dd56538081a8c38d0e3fec013f35529c	338d59ee46da556ce96f2ddef5ed326e03b29bd76850534a5d376acec98ccd9b	203	vendor/hal_vibrator_default.te
100644	934e6051a3ca096b9f57d914a635d0af14ef8a5e	14437ce998fe107b6febf105236396d44c95ef5f78aef1e228d7e92965fcd3f2	309	vendor/hal_vm_capabilities_default.te
100644	6a60192b1bd57cbcac658d5f88c7050712469684	f7813c5053fa144ff1fa79b6f39b1b66a0f7e154350d729f20e462ec9c5604b2	173	vendor/hal_vr_default.te
100644	0dd7679820f3feb26b90a52c46517eb63efbe523	38f494ab51cf2076f376c01775476ae6b91bd1b3010ec59d27283251c41e83e1	193	vendor/hal_weaver_default.te
100644	75a98429d913819fdffc10bb227b34a712af454f	0a02424188779da66787d66cd3418752e305dee3d858e88770f7d049382082ba	183	vendor/hal_wifi_default.te
100644	1e0dcb83aa3dc03b4fcd1ec24b10b81083afc126	0a6827a8450587750b6041dae73a6a39bcf12deefa2d95687b531e3a876bfbd5	550	vendor/hal_wifi_hostapd_default.te
100644	7c084687070a60a37ac34ac014894d810ec3cbe5	0f65505af9ae8d58766a4e574feee8853224ca8681636eeeb14c35d06afb171b	1691	vendor/hal_wifi_supplicant_default.te
100644	71ad2c9ee9069566a818a8ee920d47163608b533	7cb934dd4d3b52e239cacd3fa1ef98e9996b54c8710364acd320009f8df3a959	926	vendor/keys.conf
100644	2d6fab0d01bd01e617ef51c9ad6836b467931062	f32d6fd0680d04280c57c129137405d4fe01effc63bc270f7dcbb46422834efd	1857	vendor/mac_permissions.xml
100644	de36a3fd61fccdd7d2266f63e0565679bc0557ce	f7f0638c0d71e0081090ae8b9d94075c0fae935f87f429fff3fcf11e0fe21b7f	1539	vendor/mediacodec.te
100644	fd9cae27c8f02c4f877db3a3193e9779c37aaf22	de3699a440d07f5ff62e343048fe5c28d959b3523e690f4a21fc7a49589e4b1e	1089	vendor/ot_rcp.te
100644	fc84ef706bedf7b3af76d96f3abc2a71fa1f409e	85310e5cd954093de6c8c81167c79cc20be02f405226ec07be3fd3df31548431	317	vendor/rild.te
100644	323c7e84222ee12ff4fa6f9e34617e8a587fdb80	07181045e89dbfd9a1ec9e0ca282fb0135e51e59c12901dd081e83dbbdf3ea09	635	vendor/tee.te
100644	ff63f7504082e766eeae84260a0573318fbf1d66	2d206c240b259d50e36b10bb248ae0cc8eb6a47975c0650b4cc5490d953cdb6a	1036	vendor/vendor_install_recovery.te
100644	245749e367f6a3fbbaaedefa576d760a3957a757	a6f9ce276d7108c6040223449efc22ed86513a59c6d9caeb54dd049ded88e8b4	39	vendor/vendor_misc_writer.te
100644	3f5918c44193fd51582ac36ac33058a6181f8552	f72f72ecce8eb2553bc2e38b8f970ab7f39fd758ef4c11b9e9a455e7cde41c3a	503	vendor/vendor_modprobe.te
100644	068056f538a297519bdc80248d4c83907cd16923	7515f108b5e0118518db85976d4ce770548fb5008e73a7d8f342ef911720feec	130	vendor/vndservice_contexts
100644	2ad0502165941df20d75fd9bd7b27f47137d1071	a05e6b283358012ed5b9648087bacd52a1882d4cd34b66fcd3661c5904840954	851	vendor/vndservicemanager.te
100644	1b90ac75dab1668ef797ff34ff25cdd47448f573	a147d10935c69ca6456f1823d73ec72041996c1d42fb411ecff72f44acfe3603	1313	vendor/wpa_supplicant_macsec.te
