path	manifest_name	manifest_revision	expected_r4_commit	head	tree	present	tracked_clean	missing_tracked_count	state	tag_source
build/make	platform/build	refs/tags/android-16.0.0_r4	b815dded1eafbf06191a6ae306956bb6ed6fb415	b815dded1eafbf06191a6ae306956bb6ed6fb415	29fffbe6cf1a799cf5ea6b0cfb7716313445d084	yes	yes	0	present_clean_r4	local_peeled_tag
build/blueprint	platform/build/blueprint	refs/tags/android-16.0.0_r4	c39c8a4c103f1393f015a5befa7726f0c14c9bc2	c39c8a4c103f1393f015a5befa7726f0c14c9bc2	690ca4cbc4c0d954a5de59dd13b1597f135c243a	yes	yes	0	present_clean_r4	local_peeled_tag
build/pesto	platform/build/pesto	refs/tags/android-16.0.0_r4	7600feb4c16909ff4d89f777eb70f2c4302ee7f0	7600feb4c16909ff4d89f777eb70f2c4302ee7f0	382c7c973935baee1f62179701716b081a9bfec4	yes	yes	0	present_clean_r4	local_peeled_tag
build/release	platform/build/release	refs/tags/android-16.0.0_r4	0998133091794b56253fd6bd5c33ed0e0e5bd9de	0998133091794b56253fd6bd5c33ed0e0e5bd9de	3515208f56ce68f8b7425ad817347791a01eed64	yes	yes	0	present_clean_r4	local_peeled_tag
build/soong	platform/build/soong	refs/tags/android-16.0.0_r4	f389fa2a2a768a93bc99957e2288f3fbee032bff	f389fa2a2a768a93bc99957e2288f3fbee032bff	0c509cb7bba1703dac887136b5d0f3f23c91ef5a	yes	yes	0	present_clean_r4	local_peeled_tag
art	platform/art	refs/tags/android-16.0.0_r4	1690c6912a7972c9e62c39b48c706de9b8b18b4a	1690c6912a7972c9e62c39b48c706de9b8b18b4a	0570781021ec72285b5820fa358ba1360037b636	yes	yes	0	present_clean_r4	local_peeled_tag
bionic	platform/bionic	refs/tags/android-16.0.0_r4	f22516cbc67e81c13cf943ce02f01b8929a98726	f22516cbc67e81c13cf943ce02f01b8929a98726	2785efe04f43333ae6aaa11719321cf18f535398	yes	yes	0	present_clean_r4	local_peeled_tag
bootable/deprecated-ota	platform/bootable/deprecated-ota	refs/tags/android-16.0.0_r4	1cdf53bb9fae6f0c6cabcdfd4681609bb3c62489	1cdf53bb9fae6f0c6cabcdfd4681609bb3c62489	9bef2c3bf385af73f91ecb68fd9c12b3ad22bd83	yes	yes	0	present_clean_r4	local_peeled_tag
bootable/recovery	platform/bootable/recovery	refs/tags/android-16.0.0_r4	c33fecc2cdcd3f4f1c1eb628a194ff2a115a76e4	c33fecc2cdcd3f4f1c1eb628a194ff2a115a76e4	0f7db94b1969a4c133910c7243d8849ba56dd46e	yes	yes	0	present_clean_r4	local_peeled_tag
bootable/libbootloader	platform/bootable/libbootloader	refs/tags/android-16.0.0_r4	f5c2adc7dbe605a3f9abaa650679f108ac1a9b49	f5c2adc7dbe605a3f9abaa650679f108ac1a9b49	d7b4bd3e236277bfb6dd0d6eca635a94e24f9899	yes	yes	0	present_clean_r4	local_peeled_tag
cts	platform/cts	refs/tags/android-16.0.0_r4	0d01543cbc74b7e7f311cc29fe854dda968881cb	0d01543cbc74b7e7f311cc29fe854dda968881cb	4e99e60ee2f94ecb5ce03e5856714167a4ca215a	yes	yes	0	present_clean_r4	local_peeled_tag
dalvik	platform/dalvik	refs/tags/android-16.0.0_r4	a744ea616e8d219601a1329a8cdda624b78905d2	a744ea616e8d219601a1329a8cdda624b78905d2	3d71e8c322b14320f91a731dabce29623d4e13af	yes	yes	0	present_clean_r4	local_peeled_tag
developers/build	platform/developers/build	refs/tags/android-16.0.0_r4	d353a188ca6ec4b5eba25b5fbd7bcb8ce61322fb	d353a188ca6ec4b5eba25b5fbd7bcb8ce61322fb	3f707d10f3f27b00b084e3ad66050b21955c9061	yes	yes	0	present_clean_r4	local_peeled_tag
developers/samples/android	platform/developers/samples/android	refs/tags/android-16.0.0_r4	a00c10b20f4d2ceaca5b153b6b275563f128afbd	a00c10b20f4d2ceaca5b153b6b275563f128afbd	f85475e1c8d33b475ac5f0199ed47d6f787120a8	yes	yes	0	present_clean_r4	local_peeled_tag
development	platform/development	refs/tags/android-16.0.0_r4	0f542f1e409ef165eb9fb7cd283a3f796ab80572	0f542f1e409ef165eb9fb7cd283a3f796ab80572	41178942736f4d2f3d22c1207daa8b50a9b156c2	yes	yes	0	present_clean_r4	local_peeled_tag
device/amlogic/yukawa	device/amlogic/yukawa	refs/tags/android-16.0.0_r4	86f8bbadcfc8d4191d5d5903cfc7f7edfa495dae	86f8bbadcfc8d4191d5d5903cfc7f7edfa495dae	4e9989f562f227694c8c5ec17d070edc788f00de	yes	yes	0	present_clean_r4	local_peeled_tag
device/amlogic/yukawa-kernel	device/amlogic/yukawa-kernel	refs/tags/android-16.0.0_r4	ff822d1ec33dc9a8225d34a1c576f8af26fdb0fd	ff822d1ec33dc9a8225d34a1c576f8af26fdb0fd	a4c86c8609abb31286ad4d88980bfbb5a04348b6	yes	yes	0	present_clean_r4	local_peeled_tag
device/common	device/common	refs/tags/android-16.0.0_r4	9e48dd8859c3eb6b911bcc9d1ce48a4278bd03f5	9e48dd8859c3eb6b911bcc9d1ce48a4278bd03f5	6f22233ea4f6452bd4cbfaa23901db7f4fc70246	yes	yes	0	present_clean_r4	local_peeled_tag
device/generic/arm64	device/generic/arm64	refs/tags/android-16.0.0_r4	71380158d818de918338e34a9cb72316fe3cfa4e	71380158d818de918338e34a9cb72316fe3cfa4e	691b91ec35e899f047843f74d65b313c9e4bd876	yes	yes	0	present_clean_r4	local_peeled_tag
device/generic/armv7-a-neon	device/generic/armv7-a-neon	refs/tags/android-16.0.0_r4	16a9691b5110e717ddda86bfe80c569476d6b652	16a9691b5110e717ddda86bfe80c569476d6b652	8a07c01540347e0beb86adb4cfb3486d1b8d5b45	yes	yes	0	present_clean_r4	local_peeled_tag
device/generic/art	device/generic/art	refs/tags/android-16.0.0_r4	d9c26558defdcdf2907c2abde9a9320dd404a7a9	d9c26558defdcdf2907c2abde9a9320dd404a7a9	cd1b31ac5b7621bed87c643a95dd2787b5978013	yes	yes	0	present_clean_r4	local_peeled_tag
device/generic/car	device/generic/car	refs/tags/android-16.0.0_r4	586533a2e8b95824b2b50055d895dbb4e384832a	586533a2e8b95824b2b50055d895dbb4e384832a	88e6bdca4e376fc6eb1935116cad61afcffbd95c	yes	yes	0	present_clean_r4	local_peeled_tag
device/generic/common	device/generic/common	refs/tags/android-16.0.0_r4	34d73c5cfefaf2c60e0d43cede31f8684953fc96	34d73c5cfefaf2c60e0d43cede31f8684953fc96	a2ebba14deba0aece6b0d679ee42db57d90d1186	yes	yes	0	present_clean_r4	local_peeled_tag
device/generic/goldfish	device/generic/goldfish	refs/tags/android-16.0.0_r4	f3487b53aafe47000f08501243f5924526f1809a	f3487b53aafe47000f08501243f5924526f1809a	0b9dbc1c604164b8bfd3aa47c6b96d930a458423	yes	yes	0	present_clean_r4	local_peeled_tag
device/generic/trusty	device/generic/trusty	refs/tags/android-16.0.0_r4	01550474b0c8b935c0a04a2068535dbe67188d38	01550474b0c8b935c0a04a2068535dbe67188d38	7f70dd1ca15755bc2b1a212e320e8a21f1859cd4	yes	yes	0	present_clean_r4	local_peeled_tag
device/generic/x86	device/generic/x86	refs/tags/android-16.0.0_r4	4394cdf90094161d5caf4f7237c883ab2862c2f2	4394cdf90094161d5caf4f7237c883ab2862c2f2	d833386e6b2d2e4611aa12f4295ec38655b6c899	yes	yes	0	present_clean_r4	local_peeled_tag
device/generic/x86_64	device/generic/x86_64	refs/tags/android-16.0.0_r4	43ed01aceb08b2ab661b4fb50b9a5fe145012d4b	43ed01aceb08b2ab661b4fb50b9a5fe145012d4b	551bad5ba6c59c64aee9cc8504e739380c1fcba1	yes	yes	0	present_clean_r4	local_peeled_tag
device/google/atv	device/google/atv	refs/tags/android-16.0.0_r4	cf5781579546247f8ec2c0f1b1770083d29f8f1b	cf5781579546247f8ec2c0f1b1770083d29f8f1b	fd8ad041c9e5d2a509f24ce8a2c9d19644b061b1	yes	yes	0	present_clean_r4	local_peeled_tag
device/google/contexthub	device/google/contexthub	refs/tags/android-16.0.0_r4	c350d2a693da367e918b7a6648a343fad6787959	c350d2a693da367e918b7a6648a343fad6787959	d8cd25787b56cc9c6212e2d699e3b897658ad277	yes	yes	0	present_clean_r4	local_peeled_tag
device/google/common/etm	device/google/common/etm	refs/tags/android-16.0.0_r4	e1a542245d4e5332cee41cb256820c728cd5acca	e1a542245d4e5332cee41cb256820c728cd5acca	37a8eac9c20f5bf41f05d0321a6395acc1b4d3ea	yes	yes	0	present_clean_r4	local_peeled_tag
device/google/cuttlefish	device/google/cuttlefish	refs/tags/android-16.0.0_r4	4d368849922b04124e66b1aad48f93b3209f3c8d	4d368849922b04124e66b1aad48f93b3209f3c8d	10d3ad52c59318f5c7603196cf8918871cfe8264	yes	yes	0	present_clean_r4	local_peeled_tag
device/google/cuttlefish_prebuilts	device/google/cuttlefish_prebuilts	refs/tags/android-16.0.0_r4	9d3fb5a687158a5d09407a3bbeea159b0849ef78	9d3fb5a687158a5d09407a3bbeea159b0849ef78	f7c669ec27f765b92f5753c6f60286983e489cd0	yes	yes	0	present_clean_r4	local_peeled_tag
device/google/cuttlefish_vmm	device/google/cuttlefish_vmm	refs/tags/android-16.0.0_r4	154651c7d82951b51f0f2b60436f451562253af6	154651c7d82951b51f0f2b60436f451562253af6	092f265f6c3f3d6341462171a5fc147eed8726d0	yes	yes	0	present_clean_r4	local_peeled_tag
device/google/trout	device/google/trout	refs/tags/android-16.0.0_r4	f7c6417a453a92a607c94bd0ea0a532a932aa105	f7c6417a453a92a607c94bd0ea0a532a932aa105	22d069760eef6a8e96c3415a0755fa7e52951f07	yes	yes	0	present_clean_r4	local_peeled_tag
device/google_car	device/google_car	refs/tags/android-16.0.0_r4	d1114e7397bc11818791a2f0327afb22e3a4cdda	d1114e7397bc11818791a2f0327afb22e3a4cdda	1fec25fca9e74d973f3bc6c8174c7f05edb4c431	yes	yes	0	present_clean_r4	local_peeled_tag
device/linaro/dragonboard	device/linaro/dragonboard	refs/tags/android-16.0.0_r4	52d8d570f0128a1a73370dc60451913c4893256c	52d8d570f0128a1a73370dc60451913c4893256c	02e311991532b5bb60391c4cf4d5726381a1e3ab	yes	yes	0	present_clean_r4	local_peeled_tag
device/linaro/dragonboard-kernel	device/linaro/dragonboard-kernel	refs/tags/android-16.0.0_r4	77955e597d60cfbba6f1ee78ac2e36581b8b90bf	77955e597d60cfbba6f1ee78ac2e36581b8b90bf	a48917fc216c7728032e3b48d350f41850ae53f2	yes	yes	0	present_clean_r4	local_peeled_tag
device/linaro/hikey	device/linaro/hikey	refs/tags/android-16.0.0_r4	1464ee49693699e8355cd584abbbca87cc6cd7e6	1464ee49693699e8355cd584abbbca87cc6cd7e6	acd2e6725ef2fd6dc3b10cb640486c7938e000af	yes	yes	0	present_clean_r4	local_peeled_tag
device/linaro/hikey-kernel	device/linaro/hikey-kernel	refs/tags/android-16.0.0_r4	f836f3465d48dbb69412e22d5cb1ac3f69808971	f836f3465d48dbb69412e22d5cb1ac3f69808971	3e15010cef7478fd38a5605c09692932300cbb7f	yes	yes	0	present_clean_r4	local_peeled_tag
device/sample	device/sample	refs/tags/android-16.0.0_r4	0b007c70cf80454cbd0d49d147aa367192cfe8ba	0b007c70cf80454cbd0d49d147aa367192cfe8ba	14b35f0ebc5dc9cf6d418516afd1690626988f87	yes	yes	0	present_clean_r4	local_peeled_tag
external/aac	platform/external/aac	refs/tags/android-16.0.0_r4	7065817d7628fe9608ba4dfac48f0107cd265a1d	7065817d7628fe9608ba4dfac48f0107cd265a1d	7660f5a09bfbd00982013071cc3e7a9a4bfdc1cc	yes	yes	0	present_clean_r4	local_peeled_tag
external/abseil-cpp	platform/external/abseil-cpp	refs/tags/android-16.0.0_r4	2bf8472a92b84fe4617eeb50053e7a942edcb1b3	2bf8472a92b84fe4617eeb50053e7a942edcb1b3	e1d760897f0328091b6a452e6414b24268740cb7	yes	yes	0	present_clean_r4	local_peeled_tag
external/accessibility-test-framework	platform/external/accessibility-test-framework	refs/tags/android-16.0.0_r4	58cbde8d913f4c100f96cbe9afc9b6be6a65c26b	58cbde8d913f4c100f96cbe9afc9b6be6a65c26b	3bce2e02dc770943c2ada9518fb6d56d5d1df633	yes	yes	0	present_clean_r4	local_peeled_tag
external/accompanist	platform/external/accompanist	refs/tags/android-16.0.0_r4	fc128f9ddbadbc09784968ff2349eba6ef7b18ba	fc128f9ddbadbc09784968ff2349eba6ef7b18ba	3f892ae83537ca945c78df941ffaa62b8ca34d92	yes	yes	0	present_clean_r4	local_peeled_tag
external/AFLplusplus	platform/external/AFLplusplus	refs/tags/android-16.0.0_r4	42db19266843a4121d8539336b0d343936b54312	42db19266843a4121d8539336b0d343936b54312	a950874fc2f0aa1670e63b2fb1062eb5383e1bbc	yes	yes	0	present_clean_r4	local_peeled_tag
external/android-key-attestation	platform/external/android-key-attestation	refs/tags/android-16.0.0_r4	87b8030626b04e16a7efbe2e15c673e2548eef52	87b8030626b04e16a7efbe2e15c673e2548eef52	a2f7b817e4905d41e1e7c6696709668b9968e827	yes	yes	0	present_clean_r4	local_peeled_tag
external/androidplot	platform/external/androidplot	refs/tags/android-16.0.0_r4	e67b5c11b0a39d07706faa2f5faf820db3848005	e67b5c11b0a39d07706faa2f5faf820db3848005	c19652f571e82fda8df37b011482d499d6fab485	yes	yes	0	present_clean_r4	local_peeled_tag
external/angle	platform/external/angle	refs/tags/android-16.0.0_r4	ff25cbdfe963e149e1a1ef4689e502270dfe6214	ff25cbdfe963e149e1a1ef4689e502270dfe6214	42b815cb9fcdf6c59a8c68436153f896deeb779d	yes	yes	0	present_clean_r4	local_peeled_tag
external/anonymous-counting-tokens	platform/external/anonymous-counting-tokens	refs/tags/android-16.0.0_r4	6671ee9f48220b14a6ed7a0795ac3f77f4a5bb36	6671ee9f48220b14a6ed7a0795ac3f77f4a5bb36	d6bb33e1ad25798397883c97c560f631c66ce859	yes	yes	0	present_clean_r4	local_peeled_tag
external/antlr	platform/external/antlr	refs/tags/android-16.0.0_r4	16467b971bd3e2009fad32dd79016f2c7e421deb	16467b971bd3e2009fad32dd79016f2c7e421deb	175590417700c14fe86aac39848f249e79c1c6ba	yes	yes	0	present_clean_r4	local_peeled_tag
external/apache-commons-bcel	platform/external/apache-commons-bcel	refs/tags/android-16.0.0_r4	357658e155b362aa464732dd52252e979f39fb56	357658e155b362aa464732dd52252e979f39fb56	179dfff598a362540a51c2d3151e22ff2ef2bd1a	yes	yes	0	present_clean_r4	local_peeled_tag
external/apache-commons-compress	platform/external/apache-commons-compress	refs/tags/android-16.0.0_r4	65f18cb2abd2963bf5663e1f35d6aca08504f79d	65f18cb2abd2963bf5663e1f35d6aca08504f79d	90805db4a93d1cc3fbad625039aaabd5687f1af6	yes	yes	0	present_clean_r4	local_peeled_tag
external/apache-commons-io	platform/external/apache-commons-io	refs/tags/android-16.0.0_r4	83a468bb1e26894fd1fa88293621a92ae06fd586	83a468bb1e26894fd1fa88293621a92ae06fd586	1fc1184a4d3cedd17342bca2aa2ed180d00a13a5	yes	yes	0	present_clean_r4	local_peeled_tag
external/apache-commons-lang	platform/external/apache-commons-lang	refs/tags/android-16.0.0_r4	d8d62df60fdf46c360863ea1e1a0218346588dc8	d8d62df60fdf46c360863ea1e1a0218346588dc8	5dfe7b1b4da143af938f8e710a0451097387aaec	yes	yes	0	present_clean_r4	local_peeled_tag
external/apache-commons-math	platform/external/apache-commons-math	refs/tags/android-16.0.0_r4	5b1a8fb3a14fdd9516c27236b1b48637e0a25423	5b1a8fb3a14fdd9516c27236b1b48637e0a25423	cd46c925998c25afeb801c0750303130f24b9af8	yes	yes	0	present_clean_r4	local_peeled_tag
external/apache-harmony	platform/external/apache-harmony	refs/tags/android-16.0.0_r4	9cf603b19937a46260d39a648285ff41ad112f4d	9cf603b19937a46260d39a648285ff41ad112f4d	df488a1e6a0df6c7b0992454608f9efdee4cf16a	yes	yes	0	present_clean_r4	local_peeled_tag
external/apache-http	platform/external/apache-http	refs/tags/android-16.0.0_r4	818f4b36e61315f2ae27fa05cf6b5b293f349c8c	818f4b36e61315f2ae27fa05cf6b5b293f349c8c	daf0740277bcb2093669064704a4500cf21690ee	yes	yes	0	present_clean_r4	local_peeled_tag
external/apache-velocity-engine	platform/external/apache-velocity-engine	refs/tags/android-16.0.0_r4	81a10899890a8351a6a0ea46f6692b03a2a08632	81a10899890a8351a6a0ea46f6692b03a2a08632	52b0e80bd1e672747844ebe8c6d1fe984fa64c14	yes	yes	0	present_clean_r4	local_peeled_tag
external/apache-xml	platform/external/apache-xml	refs/tags/android-16.0.0_r4	35bfcabed8bb443a21d004044e962e6826fdee04	35bfcabed8bb443a21d004044e962e6826fdee04	2e82157361cd6c8a07d7fb5aa05a57265685c9f3	yes	yes	0	present_clean_r4	local_peeled_tag
external/arm-neon-tests	platform/external/arm-neon-tests	refs/tags/android-16.0.0_r4	40281b2d87d61d2ef92fa9041094fba67993fe21	40281b2d87d61d2ef92fa9041094fba67993fe21	63f163d4f4531a944135a904b2b6e8cffab7105f	yes	yes	0	present_clean_r4	local_peeled_tag
external/arm-optimized-routines	platform/external/arm-optimized-routines	refs/tags/android-16.0.0_r4	1a2b3aeae89d8d89155305e22cec96fc1028081c	1a2b3aeae89d8d89155305e22cec96fc1028081c	7914718eaf99a2ca1486f31c8c33ba63461b4192	yes	yes	0	present_clean_r4	local_peeled_tag
external/arm-trusted-firmware	platform/external/arm-trusted-firmware	refs/tags/android-16.0.0_r4	54fd6939e177f8ff529b10183254802c76df6d08	54fd6939e177f8ff529b10183254802c76df6d08	fe0cc636fdece475a68bd5860f23e30404bcf14a	yes	yes	0	present_clean_r4	local_peeled_tag
external/auto	platform/external/auto	refs/tags/android-16.0.0_r4	4b5a334e7fcf35b3379f8e7bfe8f696db8f40712	4b5a334e7fcf35b3379f8e7bfe8f696db8f40712	317c1cda5eced930d2d21a6b421889d4d9a9c5d7	yes	yes	0	present_clean_r4	local_peeled_tag
external/automotive-design-compose-protos	platform/external/automotive-design-compose-protos	refs/tags/android-16.0.0_r4	58f38ccc3e8e008889f5d58baf7ca368b2af9ae7	58f38ccc3e8e008889f5d58baf7ca368b2af9ae7	47e1473cfb2115dc7b857fc42c7c92dc4d8f7dc5	yes	yes	0	present_clean_r4	local_peeled_tag
external/android-nn-driver	platform/external/android-nn-driver	refs/tags/android-16.0.0_r4	fc603efb3fef0519812ed300c03b47958d3cf377	fc603efb3fef0519812ed300c03b47958d3cf377	d9f797fc4c766e65c8912281e1aff34d7d32b894	yes	yes	0	present_clean_r4	local_peeled_tag
external/armnn	platform/external/armnn	refs/tags/android-16.0.0_r4	4cf966a4f7472ac86a2d06a83732d22d898325bb	4cf966a4f7472ac86a2d06a83732d22d898325bb	4630dbac222149ffe78c51065b8e60f2b4b78ace	yes	yes	0	present_clean_r4	local_peeled_tag
external/avb	platform/external/avb	refs/tags/android-16.0.0_r4	c92ce4cb9a1b6d20a1bc11b7e5864af9f78615bb	c92ce4cb9a1b6d20a1bc11b7e5864af9f78615bb	769ea1a3f68c4f5d5cdd498bc860bd49b09c6fb7	yes	yes	0	present_clean_r4	local_peeled_tag
external/aws-crt-java	platform/external/aws-crt-java	refs/tags/android-16.0.0_r4	66ff24fdb36d9ed8fe233a433b811fdfb48cfe2a	66ff24fdb36d9ed8fe233a433b811fdfb48cfe2a	cc8ae4f5272695a68760eec217c5a78b6298fd08	yes	yes	0	present_clean_r4	local_peeled_tag
external/aws-eventstream-java	platform/external/aws-eventstream-java	refs/tags/android-16.0.0_r4	f84cc12c15f8bf5e39f813c51f7e7b14efba5cd8	f84cc12c15f8bf5e39f813c51f7e7b14efba5cd8	5fe52a84fb4ca0964ec88a2efdf452b57cf38f4c	yes	yes	0	present_clean_r4	local_peeled_tag
external/aws-sdk-java-v2	platform/external/aws-sdk-java-v2	refs/tags/android-16.0.0_r4	70cc86933f02733a05d260bf401e5e297bcfbf3c	70cc86933f02733a05d260bf401e5e297bcfbf3c	83189b999ce47ecf1ecb087637f6c75702dff43f	yes	yes	0	present_clean_r4	local_peeled_tag
external/bazelbuild-remote-apis	platform/external/bazelbuild-remote-apis	refs/tags/android-16.0.0_r4	dd21df2f7c701a04e4d8699dd15cad5fe1b7c008	dd21df2f7c701a04e4d8699dd15cad5fe1b7c008	5f2167f4456ef7d8dbd4d2a7799c3262bf117c72	yes	yes	0	present_clean_r4	local_peeled_tag
external/bc	platform/external/bc	refs/tags/android-16.0.0_r4	e5e1130610a08ce29a59dca7ba1c16e192cc8789	e5e1130610a08ce29a59dca7ba1c16e192cc8789	4d428c586146637d25af87b691ddf351015a5059	yes	yes	0	present_clean_r4	local_peeled_tag
external/bcc	platform/external/bcc	refs/tags/android-16.0.0_r4	01210563170460a86cea38b6f3ad3a68c36f1d66	01210563170460a86cea38b6f3ad3a68c36f1d66	aec06515dbf783a7194a76c1e28ff01a5a6de46f	yes	yes	0	present_clean_r4	local_peeled_tag
external/blktrace	platform/external/blktrace	refs/tags/android-16.0.0_r4	4172785427289db0804f06dd13176b52bd35451a	4172785427289db0804f06dd13176b52bd35451a	0c1c41a80fb2df1ece85d36ac6a163b161bef10d	yes	yes	0	present_clean_r4	local_peeled_tag
external/boringssl	platform/external/boringssl	refs/tags/android-16.0.0_r4	1e3b727981831886a0910cd9e82d5bbee4cc7029	1e3b727981831886a0910cd9e82d5bbee4cc7029	a9040469ad2e62b644ac12c204d432f603945eb7	yes	yes	0	present_clean_r4	local_peeled_tag
external/bouncycastle	platform/external/bouncycastle	refs/tags/android-16.0.0_r4	448496fc508bc8ab69bf16170927769a0d588551	448496fc508bc8ab69bf16170927769a0d588551	a2482e4415b41d74467b069f0af04b92deae90fe	yes	yes	0	present_clean_r4	local_peeled_tag
external/bpftool	platform/external/bpftool	refs/tags/android-16.0.0_r4	1d8229a529842f902fa45269e38a6706fc7705e8	1d8229a529842f902fa45269e38a6706fc7705e8	b7d6ffb118c9ac9d8f2bdb6eaa3ed8b2252d8386	yes	yes	0	present_clean_r4	local_peeled_tag
external/brotli	platform/external/brotli	refs/tags/android-16.0.0_r4	39026f8dd0485dddcb0f9f5b12fb5ed788beca43	39026f8dd0485dddcb0f9f5b12fb5ed788beca43	c2027a1decf4feeca82d7b7c2a31ae43b609f987	yes	yes	0	present_clean_r4	local_peeled_tag
external/bsdiff	platform/external/bsdiff	refs/tags/android-16.0.0_r4	7fced81a302f07f1449a33bb25cbf48804d1f6ed	7fced81a302f07f1449a33bb25cbf48804d1f6ed	135eebb39b3406909cdfa4dac4ef65d7f6fe429c	yes	yes	0	present_clean_r4	local_peeled_tag
external/bzip2	platform/external/bzip2	refs/tags/android-16.0.0_r4	0ac9a9daea5cce2e775d5da949508593e2ee9206	0ac9a9daea5cce2e775d5da949508593e2ee9206	84e21b3cdd579cb36a4c3d775f1037e005df74a2	yes	yes	0	present_clean_r4	local_peeled_tag
external/cairo	platform/external/cairo	refs/tags/android-16.0.0_r4	3c48409e4745fd25cc9ddc3269e947c4bb7cc520	3c48409e4745fd25cc9ddc3269e947c4bb7cc520	b1482380b08df40acf3e15b2f9f94add19a2ea2a	yes	yes	0	present_clean_r4	local_peeled_tag
external/caliper	platform/external/caliper	refs/tags/android-16.0.0_r4	97044ad7f021124521c0c562491858eee78f0fb2	97044ad7f021124521c0c562491858eee78f0fb2	a5d20a40cfc77ff3bf3f15413d133ac7a7020f2d	yes	yes	0	present_clean_r4	local_peeled_tag
external/capstone	platform/external/capstone	refs/tags/android-16.0.0_r4	9a0e4156d50a75a99ec4f1653a0e9602a5d45c18	9a0e4156d50a75a99ec4f1653a0e9602a5d45c18	94241b2b074511efbbcac6265eaa22ba7925e073	yes	yes	0	present_clean_r4	local_peeled_tag
external/cblas	platform/external/cblas	refs/tags/android-16.0.0_r4	15c79d2eeb7903cf4f730df9871968c055319bd8	15c79d2eeb7903cf4f730df9871968c055319bd8	396a5b93ea0e34c2754bb052f542035ea9a78c3c	yes	yes	0	present_clean_r4	local_peeled_tag
external/cbor-java	platform/external/cbor-java	refs/tags/android-16.0.0_r4	93c67d16a07fd1eeec377ed8650574b52f2f9f3c	93c67d16a07fd1eeec377ed8650574b52f2f9f3c	6c14f8f40fe7fff789816937073f9bda600acc8b	yes	yes	0	present_clean_r4	local_peeled_tag
external/chromium-crossbench	platform/external/chromium-crossbench	refs/tags/android-16.0.0_r4	7a2d8a6b3ef4839c2e0bb24717d918235432af26	7a2d8a6b3ef4839c2e0bb24717d918235432af26	165e7cfaeab9b2afd27cff4aa01c182e87924401	yes	yes	0	present_clean_r4	local_peeled_tag
external/chromium-trace	platform/external/chromium-trace	refs/tags/android-16.0.0_r4	108ba83473a1d40627306632a4629d4d13747cf3	108ba83473a1d40627306632a4629d4d13747cf3	54a3cb890a5668f71e98ae3f9fb65c10a787f964	yes	yes	0	present_clean_r4	local_peeled_tag
external/chromium-web-tests	platform/external/chromium-web-tests	refs/tags/android-16.0.0_r4	1f0076ca25b101ccde39d57ed5848887c890291b	1f0076ca25b101ccde39d57ed5848887c890291b	d052a09203956000015f5845c1e3b6691ea7fb8f	yes	yes	0	present_clean_r4	local_peeled_tag
external/chromium-webview	platform/external/chromium-webview	refs/tags/android-16.0.0_r4	27d78d3db63b2dbe56d1136b7cefc502ca50548d	27d78d3db63b2dbe56d1136b7cefc502ca50548d	955a49f0a287ced247ef9f39433a5946bff57a39	yes	yes	0	present_clean_r4	local_peeled_tag
external/chromiumos-config	platform/external/chromiumos-config	refs/tags/android-16.0.0_r4	329d08c950e7eac1227012ffc4148f975f20b5a2	329d08c950e7eac1227012ffc4148f975f20b5a2	aa30c6e2677b111eeb279e7c3a08a6e937c06cfb	yes	yes	0	present_clean_r4	local_peeled_tag
external/clang	platform/external/clang	refs/tags/android-16.0.0_r4	4da40214ba596232222cce94e193e350b3ca36a4	4da40214ba596232222cce94e193e350b3ca36a4	94280601c17c2a47a83af5c71ad34408352e51d9	yes	yes	0	present_clean_r4	local_peeled_tag
external/cldr	platform/external/cldr	refs/tags/android-16.0.0_r4	dca49058eb72da3fbc145facaf5b3dfdbc5578df	dca49058eb72da3fbc145facaf5b3dfdbc5578df	f8623798756a30aa39fe5c5749e0476cfd790ca2	yes	yes	0	present_clean_r4	local_peeled_tag
external/clpeak	platform/external/clpeak	refs/tags/android-16.0.0_r4	4e17f30dc4d7f78522589251ec3a4f3645a83389	4e17f30dc4d7f78522589251ec3a4f3645a83389	ecd0e91180dcb5fbb6a9bf6f4721eeef81a8e44b	yes	yes	0	present_clean_r4	local_peeled_tag
external/clspv	platform/external/clspv	refs/tags/android-16.0.0_r4	68eda3a32563f7ca653aa87201da506c5c6b8ee6	68eda3a32563f7ca653aa87201da506c5c6b8ee6	04339cdc017022c16805c03745feef2903c5edb6	yes	yes	0	present_clean_r4	local_peeled_tag
external/clvk	platform/external/clvk	refs/tags/android-16.0.0_r4	8e7b863ddb6873ad1ad0ecee808677f271da92c1	8e7b863ddb6873ad1ad0ecee808677f271da92c1	510b0f9386110ed01508ed52e10431722790dfeb	yes	yes	0	present_clean_r4	local_peeled_tag
external/cn-cbor	platform/external/cn-cbor	refs/tags/android-16.0.0_r4	5a89860ea70dab6d2c01c6c8bca6167e6763744f	5a89860ea70dab6d2c01c6c8bca6167e6763744f	d5d8ab4ce50bc542939272825219cf346c4e99b4	yes	yes	0	present_clean_r4	local_peeled_tag
external/compiler-rt	platform/external/compiler-rt	refs/tags/android-16.0.0_r4	a36a1bcac7ec7ac9be29d8b0b5e669d53f7886f7	a36a1bcac7ec7ac9be29d8b0b5e669d53f7886f7	c170f19f42abedfe4e1efed93a3592816c62ea61	yes	yes	0	present_clean_r4	local_peeled_tag
external/ComputeLibrary	platform/external/ComputeLibrary	refs/tags/android-16.0.0_r4	c74f72e604b78cd3a8f74556903cdd2ca9a1276a	c74f72e604b78cd3a8f74556903cdd2ca9a1276a	b12ebcbd77a6d4bab59fda30262e74688cec8e55	yes	yes	0	present_clean_r4	local_peeled_tag
external/connectedappssdk	platform/external/connectedappssdk	refs/tags/android-16.0.0_r4	d5e2baff8d1e795165131e79695b2bce22225ba2	d5e2baff8d1e795165131e79695b2bce22225ba2	091aaedd64b33938d863fc7916ba5e26248fb681	yes	yes	0	present_clean_r4	local_peeled_tag
external/conscrypt	platform/external/conscrypt	refs/tags/android-16.0.0_r4	771401e90ac8728487b599e5b87e0628ed528ea0	771401e90ac8728487b599e5b87e0628ed528ea0	94cb3b5df0f652d2527da5b0eca26293ca61c168	yes	yes	0	present_clean_r4	local_peeled_tag
external/coreboot	platform/external/coreboot	refs/tags/android-16.0.0_r4	8203e148ea85c3e7e5d1ee8c5346fd512b380322	8203e148ea85c3e7e5d1ee8c5346fd512b380322	5935abcd46fedb54aa27e34c3f22c737d81bcdd7	yes	yes	0	present_clean_r4	local_peeled_tag
external/cpu_features	platform/external/cpu_features	refs/tags/android-16.0.0_r4	76df2471cbea083fd15823ef051bbd85a7cddabb	76df2471cbea083fd15823ef051bbd85a7cddabb	762b7ae4a1fbccaab1dbb93e94c6910487a1bf59	yes	yes	0	present_clean_r4	local_peeled_tag
external/cpuinfo	platform/external/cpuinfo	refs/tags/android-16.0.0_r4	bbf0ec9a77b1a7e612c8a8b8ccf2dac0a56494ef	bbf0ec9a77b1a7e612c8a8b8ccf2dac0a56494ef	8087386d943acc5bcdc2fc1c7bf4d4840b2e2cfb	yes	yes	0	present_clean_r4	local_peeled_tag
external/cronet	platform/external/cronet	refs/tags/android-16.0.0_r4	b95a7a2609ef29d08bd4a8a7c65a8269bc9510f5	b95a7a2609ef29d08bd4a8a7c65a8269bc9510f5	c967e668398a40cbd21cb21ccf4e74051a1ed332	yes	yes	0	present_clean_r4	local_peeled_tag
external/crosvm	platform/external/crosvm	refs/tags/android-16.0.0_r4	738b7016fc50d6eadc94c8ca28022ad7c21f798d	738b7016fc50d6eadc94c8ca28022ad7c21f798d	9130d36a425771b915503b9df73dc9740d4b8cfa	yes	yes	0	present_clean_r4	local_peeled_tag
external/curl	platform/external/curl	refs/tags/android-16.0.0_r4	8365f19558197ec14a70f96611d82f9e2ad34d82	8365f19558197ec14a70f96611d82f9e2ad34d82	fd0baa3c658b0dfd383784743db27a7298c727e9	yes	yes	0	present_clean_r4	local_peeled_tag
external/dagger2	platform/external/dagger2	refs/tags/android-16.0.0_r4	be7cb97974ed20a37e9769f1f2ae997b5c980185	be7cb97974ed20a37e9769f1f2ae997b5c980185	45544c5c685a7df631301b435589fe30eb9645f6	yes	yes	0	present_clean_r4	local_peeled_tag
external/deqp	platform/external/deqp	refs/tags/android-16.0.0_r4	db1d2c2f79d32fc0983bc63b9c4d509af8c0f8d7	db1d2c2f79d32fc0983bc63b9c4d509af8c0f8d7	f396015dceca34027917102e24570b4a36e65a5c	yes	yes	0	present_clean_r4	local_peeled_tag
external/deqp-deps/SPIRV-Headers	platform/external/deqp-deps/SPIRV-Headers	refs/tags/android-16.0.0_r4	e2adae49ebad1abd7ea1fba9534ff976989ea09c	e2adae49ebad1abd7ea1fba9534ff976989ea09c	74bad3c57ac2b6b6bdd053875f30c3cb8950e069	yes	yes	0	present_clean_r4	local_peeled_tag
external/deqp-deps/SPIRV-Tools	platform/external/deqp-deps/SPIRV-Tools	refs/tags/android-16.0.0_r4	e33b6e9d938834538b23633c9490f4a62fc30855	e33b6e9d938834538b23633c9490f4a62fc30855	12e0d4f9b56fa9835ec971011a1f223a2115c8ff	yes	yes	0	present_clean_r4	local_peeled_tag
external/deqp-deps/glslang	platform/external/deqp-deps/glslang	refs/tags/android-16.0.0_r4	044f6ff3c04d2e97ddad6cec389c0b8069458985	044f6ff3c04d2e97ddad6cec389c0b8069458985	6aabbf321a2c26af318bac35e6066ae678275d67	yes	yes	0	present_clean_r4	local_peeled_tag
external/deqp-deps/amber	platform/external/deqp-deps/amber	refs/tags/android-16.0.0_r4	dea530a75fa98b268141bc4367980bccb3485f4b	dea530a75fa98b268141bc4367980bccb3485f4b	633d498832b931f3b4ae5f7dde37787835a77e99	yes	yes	0	present_clean_r4	local_peeled_tag
external/dexmaker	platform/external/dexmaker	refs/tags/android-16.0.0_r4	53f017bd1f7667875c67f58d00de8d76f8faf006	53f017bd1f7667875c67f58d00de8d76f8faf006	17fa74bf7c6be47e38fa71841250b41d0fce3951	yes	yes	0	present_clean_r4	local_peeled_tag
external/dlmalloc	platform/external/dlmalloc	refs/tags/android-16.0.0_r4	01a95ac67e502c00c9d546c3ccee2a00313f90ee	01a95ac67e502c00c9d546c3ccee2a00313f90ee	a9eff6587eb6bcdef832c1bf7be66d98f40fe821	yes	yes	0	present_clean_r4	local_peeled_tag
external/dng_sdk	platform/external/dng_sdk	refs/tags/android-16.0.0_r4	7b5c27a5de2cd3a789bae4b27f2378ab6a2408a5	7b5c27a5de2cd3a789bae4b27f2378ab6a2408a5	98953bd7aa19cafe20ac035ea017acba9e1b06c0	yes	yes	0	present_clean_r4	local_peeled_tag
external/dnsmasq	platform/external/dnsmasq	refs/tags/android-16.0.0_r4	4eaecf6dbc096bb29e05eb7242da2d2c9b9cc1ec	4eaecf6dbc096bb29e05eb7242da2d2c9b9cc1ec	3e3ca3644c042b8b577b01664fc4317e6349eee1	yes	yes	0	present_clean_r4	local_peeled_tag
external/doclava	platform/external/doclava	refs/tags/android-16.0.0_r4	cfb1eaa49cc60ebc6e9866af54717006e92297fa	cfb1eaa49cc60ebc6e9866af54717006e92297fa	93e2a48323b50de8e4f4dc7004da09eb9855e3d1	yes	yes	0	present_clean_r4	local_peeled_tag
external/dokka	platform/external/dokka	refs/tags/android-16.0.0_r4	c5bd075c260fcee1c6dcd4c5e27fd12ef236550f	c5bd075c260fcee1c6dcd4c5e27fd12ef236550f	87cd4e403e63cba9ebcb2023369b1e1507be412c	yes	yes	0	present_clean_r4	local_peeled_tag
external/double-conversion	platform/external/double-conversion	refs/tags/android-16.0.0_r4	726ec653942b2b749cd15c789cca548548a58bdf	726ec653942b2b749cd15c789cca548548a58bdf	1659213b5b7557b4ff04a0f48b8313e04491aeed	yes	yes	0	present_clean_r4	local_peeled_tag
external/downloader	platform/external/downloader	refs/tags/android-16.0.0_r4	8ed02f3b4f3393e617141a55f9d80a0e8b1ef57a	8ed02f3b4f3393e617141a55f9d80a0e8b1ef57a	23d99d5e2c4b0e46b616d4573dbff55c577f4e23	yes	yes	0	present_clean_r4	local_peeled_tag
external/drm_hwcomposer	platform/external/drm_hwcomposer	refs/tags/android-16.0.0_r4	423951fda2f3d74538b1db5c56f321178ac4c053	423951fda2f3d74538b1db5c56f321178ac4c053	85f52bce095a1cf6ee76b156bb6825d982a4f4d4	yes	yes	0	present_clean_r4	local_peeled_tag
external/dtc	platform/external/dtc	refs/tags/android-16.0.0_r4	f18517f7f0c9ba96e16b17a2c7b65febb053d2bb	f18517f7f0c9ba96e16b17a2c7b65febb053d2bb	e5ea7c3110953d43728af02b7e234b52929053ab	yes	yes	0	present_clean_r4	local_peeled_tag
external/dynamic_depth	platform/external/dynamic_depth	refs/tags/android-16.0.0_r4	a723797020a551c75726e8d91e068087ea489757	a723797020a551c75726e8d91e068087ea489757	bc43d32b4c636c0a3f6ef53b204ebb281e1ead2a	yes	yes	0	present_clean_r4	local_peeled_tag
external/e2fsprogs	platform/external/e2fsprogs	refs/tags/android-16.0.0_r4	3016036da669bb54ea591e00cfd22a56e3b22a83	3016036da669bb54ea591e00cfd22a56e3b22a83	804f47c7a1bc432556ff3b39bf2d47513ba630e0	yes	yes	0	present_clean_r4	local_peeled_tag
external/easymock	platform/external/easymock	refs/tags/android-16.0.0_r4	06a9728c3609f856e87db38a6602196cec3ab727	06a9728c3609f856e87db38a6602196cec3ab727	493ede54cc3ee337e2021d85ada606212bb8987d	yes	yes	0	present_clean_r4	local_peeled_tag
external/eigen	platform/external/eigen	refs/tags/android-16.0.0_r4	8e0a65994b692428dfc363f7b30f643374c4d144	8e0a65994b692428dfc363f7b30f643374c4d144	85680d0146e710fca823753af727bd480c702cb7	yes	yes	0	present_clean_r4	local_peeled_tag
external/elfutils	platform/external/elfutils	refs/tags/android-16.0.0_r4	93591ccb588e3a9819dee6431d94ea5fa2e03875	93591ccb588e3a9819dee6431d94ea5fa2e03875	8140574c76302389ecfd755bc132412d5517ea1d	yes	yes	0	present_clean_r4	local_peeled_tag
external/emboss	platform/external/emboss	refs/tags/android-16.0.0_r4	3c09deea1872d835a60d58aa5bc4d58b49b77680	3c09deea1872d835a60d58aa5bc4d58b49b77680	91b6235bd44b881196e32c43e23650f1665781fa	yes	yes	0	present_clean_r4	local_peeled_tag
external/emma	platform/external/emma	refs/tags/android-16.0.0_r4	6afa969af5725e9502e757ae65a1dcb65c40af0c	6afa969af5725e9502e757ae65a1dcb65c40af0c	24e695542970f60484fbcea1d1daf0055f6a0007	yes	yes	0	present_clean_r4	local_peeled_tag
external/epson-inkjet-printer-escpr	platform/external/epson-inkjet-printer-escpr	refs/tags/android-16.0.0_r4	3337711b93d778844a63cf0d6af6c2c40e29b628	3337711b93d778844a63cf0d6af6c2c40e29b628	968c326319c4bba56e559955c0f457546fb474b3	yes	yes	0	present_clean_r4	local_peeled_tag
external/erofs-utils	platform/external/erofs-utils	refs/tags/android-16.0.0_r4	2c190a73fceb29f00da0558e44bb88ce19ec5bf4	2c190a73fceb29f00da0558e44bb88ce19ec5bf4	11880ddbde61111e478a0519dd3bde13d56bf35a	yes	yes	0	present_clean_r4	local_peeled_tag
external/error_prone	platform/external/error_prone	refs/tags/android-16.0.0_r4	7b74075cd541d53d453a5d9e2b2f367d71692cdb	7b74075cd541d53d453a5d9e2b2f367d71692cdb	1ce281b33ca1d687d94d4ad60cfba54ec974f05f	yes	yes	0	present_clean_r4	local_peeled_tag
external/escapevelocity	platform/external/escapevelocity	refs/tags/android-16.0.0_r4	38a6a5273f1c3f896bda129a9aa1cecf426d49b9	38a6a5273f1c3f896bda129a9aa1cecf426d49b9	ad2986bcbc97f37900e3d91d364e0ea8239b288b	yes	yes	0	present_clean_r4	local_peeled_tag
external/ethtool	platform/external/ethtool	refs/tags/android-16.0.0_r4	bb744a782cc9bfa03b479c801829eee5fd29fbc7	bb744a782cc9bfa03b479c801829eee5fd29fbc7	1db5b1b1df15a6f4653b277e293947297e43a186	yes	yes	0	present_clean_r4	local_peeled_tag
external/executorch	platform/external/executorch	refs/tags/android-16.0.0_r4	cf4d30426103658bcfbd1be8b821a85f382365b3	cf4d30426103658bcfbd1be8b821a85f382365b3	c5046a8b86177f0f2534af2562b2db6ab40fbbad	yes	yes	0	present_clean_r4	local_peeled_tag
external/exfatprogs	platform/external/exfatprogs	refs/tags/android-16.0.0_r4	a7129dde3e00a20a5236479b9c8add758b346902	a7129dde3e00a20a5236479b9c8add758b346902	81e01d68fdf9404af2b9e8d0436eb45df497be5d	yes	yes	0	present_clean_r4	local_peeled_tag
external/exoplayer	platform/external/exoplayer	refs/tags/android-16.0.0_r4	393739d81db953f083958b229250e7133ff71744	393739d81db953f083958b229250e7133ff71744	acd4c58ecf7d61d521166cc5be3610302b83f6a5	yes	yes	0	present_clean_r4	local_peeled_tag
external/expat	platform/external/expat	refs/tags/android-16.0.0_r4	79dde19a8fe1dfb580d39de37854221a6de5f09b	79dde19a8fe1dfb580d39de37854221a6de5f09b	2bfc462a888aaa1edf594db87d36911bc303f749	yes	yes	0	present_clean_r4	local_peeled_tag
external/f2fs-tools	platform/external/f2fs-tools	refs/tags/android-16.0.0_r4	e5aaa2909bcb04d0037f121e6514d0e2016f5338	e5aaa2909bcb04d0037f121e6514d0e2016f5338	6378ebaaae8bf1c0a3087a0dec4ae28addb5d1b4	yes	yes	0	present_clean_r4	local_peeled_tag
external/fastrpc	platform/external/fastrpc	refs/tags/android-16.0.0_r4	418b791d679beb2078b579a3b6936cf330c41799	418b791d679beb2078b579a3b6936cf330c41799	d716961e82370ff4435e14dfc9c582bc3f8081dc	yes	yes	0	present_clean_r4	local_peeled_tag
external/fbjni	platform/external/fbjni	refs/tags/android-16.0.0_r4	a39735926ea4eb4dd3eabc33d492179f8e62acd1	a39735926ea4eb4dd3eabc33d492179f8e62acd1	6bed48b3575251b6a7bfd382bee6da1896e8d634	yes	yes	0	present_clean_r4	local_peeled_tag
external/federated-compute	platform/external/federated-compute	refs/tags/android-16.0.0_r4	e0053a16f2d0fd42c5a66d9b1ce4fdf251099bfd	e0053a16f2d0fd42c5a66d9b1ce4fdf251099bfd	0fc500d9475ab2d7d00ff8dc69d4140cde9116e6	yes	yes	0	present_clean_r4	local_peeled_tag
external/fdlibm	platform/external/fdlibm	refs/tags/android-16.0.0_r4	34840811850a2924f1fcc7eee23dde1193e39eb6	34840811850a2924f1fcc7eee23dde1193e39eb6	698ceebfa09683d912455e82af8006cb76b1c359	yes	yes	0	present_clean_r4	local_peeled_tag
external/fec	platform/external/fec	refs/tags/android-16.0.0_r4	90857deb7973c0ca24c79b9c1809fc9667f32c4f	90857deb7973c0ca24c79b9c1809fc9667f32c4f	9c011f7db44cce83a1efd800f6a008a0a3043b00	yes	yes	0	present_clean_r4	local_peeled_tag
external/fft2d	platform/external/fft2d	refs/tags/android-16.0.0_r4	fa0ad63f8b666836f56a823de546390a6e4ff4b6	fa0ad63f8b666836f56a823de546390a6e4ff4b6	19ed754252fc4fb46b6c7bdae39d5255f4c77346	yes	yes	0	present_clean_r4	local_peeled_tag
external/fhir/spec/r4	platform/external/fhir/spec/r4	refs/tags/android-16.0.0_r4	8feeb7dabdaf4b99434215b64a8295cf6fc0d0d0	8feeb7dabdaf4b99434215b64a8295cf6fc0d0d0	e8ac69d3cc9be705181b45260582ae117fbc19de	yes	yes	0	present_clean_r4	local_peeled_tag
external/fio	platform/external/fio	refs/tags/android-16.0.0_r4	fdbd39f3b243918ffc513dd1d42a48b765ce6cdd	fdbd39f3b243918ffc513dd1d42a48b765ce6cdd	a83420c3196e13396c1edfb7c732bc9425b4185f	yes	yes	0	present_clean_r4	local_peeled_tag
external/firebase-messaging	platform/external/firebase-messaging	refs/tags/android-16.0.0_r4	89f472808d35023144347fb28c0c5afc8771d193	89f472808d35023144347fb28c0c5afc8771d193	586f3078f6edddcb852491dc28fceb2bbdb27138	yes	yes	0	present_clean_r4	local_peeled_tag
external/flac	platform/external/flac	refs/tags/android-16.0.0_r4	48a9ce20a2322e0a1f014137794e22bfb760f246	48a9ce20a2322e0a1f014137794e22bfb760f246	7882adb90983bc3a378c300cac554d79e477c93c	yes	yes	0	present_clean_r4	local_peeled_tag
external/flashrom	platform/external/flashrom	refs/tags/android-16.0.0_r4	8d8db22abaa4f36bdb67c7c29c6d4fbfcd4633a2	8d8db22abaa4f36bdb67c7c29c6d4fbfcd4633a2	82af14b5d5f9b23ab4148933ac35581c78068b58	yes	yes	0	present_clean_r4	local_peeled_tag
external/flatbuffers	platform/external/flatbuffers	refs/tags/android-16.0.0_r4	58a81bef33e5c0a02a06d74dea4418d085a26432	58a81bef33e5c0a02a06d74dea4418d085a26432	c5a982321cf6e6f1a3344a472df2583bfa579421	yes	yes	0	present_clean_r4	local_peeled_tag
external/fonttools	platform/external/fonttools	refs/tags/android-16.0.0_r4	3d5421f000d277fd2e25ba95f14c635de65da7ac	3d5421f000d277fd2e25ba95f14c635de65da7ac	2f65bcf86f5c21cc699c472ac1c6d525f6264d2d	yes	yes	0	present_clean_r4	local_peeled_tag
external/fmtlib	platform/external/fmtlib	refs/tags/android-16.0.0_r4	d50695f04854e474766da7d713bf8242f4ceb4f8	d50695f04854e474766da7d713bf8242f4ceb4f8	7b669e65d9c9ded0c76ea57331c3699f085edba8	yes	yes	0	present_clean_r4	local_peeled_tag
external/freetype	platform/external/freetype	refs/tags/android-16.0.0_r4	70a231077db3fdc1991b3bc5c44d4012af318441	70a231077db3fdc1991b3bc5c44d4012af318441	8647f79086962b590e6ca85cb6c8f3d0b053aa35	yes	yes	0	present_clean_r4	local_peeled_tag
external/fsck_msdos	platform/external/fsck_msdos	refs/tags/android-16.0.0_r4	bc31dc57f7c0b4ef8b33a79ae963c2ca7bb62539	bc31dc57f7c0b4ef8b33a79ae963c2ca7bb62539	c989241129318607a07f162747484df3f100b36a	yes	yes	0	present_clean_r4	local_peeled_tag
external/fsverity-utils	platform/external/fsverity-utils	refs/tags/android-16.0.0_r4	d229a02345e07b8105c805c7563b902a7d2f9206	d229a02345e07b8105c805c7563b902a7d2f9206	5fcd748ee01a52c977bcf50e46a0058cb9a980d5	yes	yes	0	present_clean_r4	local_peeled_tag
external/FP16	platform/external/FP16	refs/tags/android-16.0.0_r4	e6ad60074cdb730af563c2d1553f472dc6115bf5	e6ad60074cdb730af563c2d1553f472dc6115bf5	33df99bfbf320e4075cc27755c554cfa56baab06	yes	yes	0	present_clean_r4	local_peeled_tag
external/FXdiv	platform/external/FXdiv	refs/tags/android-16.0.0_r4	bb8eb5fec4280ea5b615c59418942abac201d97f	bb8eb5fec4280ea5b615c59418942abac201d97f	60d36860952c5ca2a517de0c44b25bb2469a01fa	yes	yes	0	present_clean_r4	local_peeled_tag
external/gemmlowp	platform/external/gemmlowp	refs/tags/android-16.0.0_r4	9304d9b673e827202f9526913d161e3cb49a1560	9304d9b673e827202f9526913d161e3cb49a1560	5bdb06ac8d84ded8a83bdec26225e0147defcb86	yes	yes	0	present_clean_r4	local_peeled_tag
external/geojson-jackson	platform/external/geojson-jackson	refs/tags/android-16.0.0_r4	e2daf4b146e15048406f25a9656830755a7a68be	e2daf4b146e15048406f25a9656830755a7a68be	40b8c90396373e0c093b1afbef7da37a0f0bb204	yes	yes	0	present_clean_r4	local_peeled_tag
external/geonames	platform/external/geonames	refs/tags/android-16.0.0_r4	35da0d8e3b4413757a262eb48348126518e6ef37	35da0d8e3b4413757a262eb48348126518e6ef37	b5e316ceae1bac816d89d88e28ffb477e783b8ed	yes	yes	0	present_clean_r4	local_peeled_tag
external/gflags	platform/external/gflags	refs/tags/android-16.0.0_r4	5a0a8b3c0b99d46556857dc4827819f373d962d9	5a0a8b3c0b99d46556857dc4827819f373d962d9	aef6c97b1c434dac447ed950f08454efd0fdfaef	yes	yes	0	present_clean_r4	local_peeled_tag
external/giflib	platform/external/giflib	refs/tags/android-16.0.0_r4	933c416e842cc3d7ba47034d954f53c5bb2072c7	933c416e842cc3d7ba47034d954f53c5bb2072c7	ab323142fc03818ad7b0332c6cb96653df0f7984	yes	yes	0	present_clean_r4	local_peeled_tag
external/glide	platform/external/glide	refs/tags/android-16.0.0_r4	6f0c411fc6a83cc87278259dc2013ec128843586	6f0c411fc6a83cc87278259dc2013ec128843586	d22ac75472aa2c14a5abf1821246b195aec16a4c	yes	yes	0	present_clean_r4	local_peeled_tag
external/gmmlib	platform/external/gmmlib	refs/tags/android-16.0.0_r4	765d275cea155aaeba2439ff4dbc4d8bd0c0dfc5	765d275cea155aaeba2439ff4dbc4d8bd0c0dfc5	5460f92724bd68580b25f61f512476285f6348a6	yes	yes	0	present_clean_r4	local_peeled_tag
external/go-cmp	platform/external/go-cmp	refs/tags/android-16.0.0_r4	163db04d0a17fd9b25316c6203d2d911a40461f6	163db04d0a17fd9b25316c6203d2d911a40461f6	375a7afc49f5d5390ce828aafa91f0d1fdae2dbc	yes	yes	0	present_clean_r4	local_peeled_tag
external/golang-protobuf	platform/external/golang-protobuf	refs/tags/android-16.0.0_r4	fcb969a6e0df55f1460721e1b9c4f2c4d2b5a47f	fcb969a6e0df55f1460721e1b9c4f2c4d2b5a47f	7491db0593370a208c0222ca1913cf9e7b0e97bf	yes	yes	0	present_clean_r4	local_peeled_tag
external/googleapis	platform/external/googleapis	refs/tags/android-16.0.0_r4	3ec5dc6051e0edf67f461a354ea67c4e397129c2	3ec5dc6051e0edf67f461a354ea67c4e397129c2	796eabae73c1379a4faa967be8169a0db9082c02	yes	yes	0	present_clean_r4	local_peeled_tag
external/google-auth-library-java	platform/external/google-auth-library-java	refs/tags/android-16.0.0_r4	e79244db780138ea079859a81bcb587196831739	e79244db780138ea079859a81bcb587196831739	581df17e862ee5de9e07d2e2dba32ce5bf9747d9	yes	yes	0	present_clean_r4	local_peeled_tag
external/google-benchmark	platform/external/google-benchmark	refs/tags/android-16.0.0_r4	a24dba9a5e386602970cc5ccbae35f943c1ecaaa	a24dba9a5e386602970cc5ccbae35f943c1ecaaa	05af6eff4451827365302ab6f8e3a9c5b4c7db03	yes	yes	0	present_clean_r4	local_peeled_tag
external/google-breakpad	platform/external/google-breakpad	refs/tags/android-16.0.0_r4	9712c20fc9bbfbac4935993a2ca0b3958c5adad2	9712c20fc9bbfbac4935993a2ca0b3958c5adad2	4f010a8e5b7f9ced2c590aed49408ffdefa488b6	yes	yes	0	present_clean_r4	local_peeled_tag
external/google-cloud-java	platform/external/google-cloud-java	refs/tags/android-16.0.0_r4	0072ed919049999eaf573a2379603a3c5152bcc4	0072ed919049999eaf573a2379603a3c5152bcc4	6f5fc7f1f6dd04f23828a024a85f9fec013d3d76	yes	yes	0	present_clean_r4	local_peeled_tag
external/google-fonts/arbutus-slab	platform/external/google-fonts/arbutus-slab	refs/tags/android-16.0.0_r4	633f6ac9dd04d5da2fbafd7ae96f9057929ab8fd	633f6ac9dd04d5da2fbafd7ae96f9057929ab8fd	4f468b51d2ee1725976a326f9221a0389e56875e	yes	yes	0	present_clean_r4	local_peeled_tag
external/google-fonts/barlow	platform/external/google-fonts/barlow	refs/tags/android-16.0.0_r4	83ab24c72274f472474004157f0c77ca420ad714	83ab24c72274f472474004157f0c77ca420ad714	89ef64bb085fc48da57efee62061340d9e0aaa36	yes	yes	0	present_clean_r4	local_peeled_tag
external/google-fonts/karla	platform/external/google-fonts/karla	refs/tags/android-16.0.0_r4	88eb02ddd6a1910700f778db0fcb9018a0c2a7e5	88eb02ddd6a1910700f778db0fcb9018a0c2a7e5	c2ede1a6e02897fa1bb7fe0e8d588b0bfd3d420a	yes	yes	0	present_clean_r4	local_peeled_tag
external/google-fonts/lustria	platform/external/google-fonts/lustria	refs/tags/android-16.0.0_r4	12827f84fd0adc4db95ade52c5e2636f79b7365b	12827f84fd0adc4db95ade52c5e2636f79b7365b	252cbaed0fc288f74415bbf6cc2428950446157b	yes	yes	0	present_clean_r4	local_peeled_tag
external/google-fonts/fraunces	platform/external/google-fonts/fraunces	refs/tags/android-16.0.0_r4	d4ee78207845a8ffaf61dfbc864867d4a4909c02	d4ee78207845a8ffaf61dfbc864867d4a4909c02	e3a69903780d6da84614c22a5bda71de1bf19581	yes	yes	0	present_clean_r4	local_peeled_tag
external/google-fonts/big-shoulders-text	platform/external/google-fonts/big-shoulders-text	refs/tags/android-16.0.0_r4	ccb05213ff1bdce2033f97da46f889111ddf07b3	ccb05213ff1bdce2033f97da46f889111ddf07b3	c55d0ee9417e0ba7de55970aeb8df67efc975648	yes	yes	0	present_clean_r4	local_peeled_tag
external/google-fonts/arvo	platform/external/google-fonts/arvo	refs/tags/android-16.0.0_r4	2373c29eb1766fe191c66de77edae598808fae9a	2373c29eb1766fe191c66de77edae598808fae9a	49567503d6641e69d0eda4292cd7b12ac96a31c9	yes	yes	0	present_clean_r4	local_peeled_tag
external/google-fonts/carrois-gothic-sc	platform/external/google-fonts/carrois-gothic-sc	refs/tags/android-16.0.0_r4	34e696f9dd9272607c3089a24bdd19b9f0e99e3c	34e696f9dd9272607c3089a24bdd19b9f0e99e3c	8194a3b1bfa3fc4f56948c7048b0977c71d1b33b	yes	yes	0	present_clean_r4	local_peeled_tag
external/google-fonts/coming-soon	platform/external/google-fonts/coming-soon	refs/tags/android-16.0.0_r4	d4dc7bbf8f7560c16016d920413bca6f0f62df81	d4dc7bbf8f7560c16016d920413bca6f0f62df81	58396e6da1a7d9a1833a810e9f958b36f8b995ea	yes	yes	0	present_clean_r4	local_peeled_tag
external/google-fonts/cutive-mono	platform/external/google-fonts/cutive-mono	refs/tags/android-16.0.0_r4	670e926c3f6f8a9f0dcfe0174f2ec138124424ed	670e926c3f6f8a9f0dcfe0174f2ec138124424ed	508f746234757bf5497dc55b63bb47f02b31624a	yes	yes	0	present_clean_r4	local_peeled_tag
external/google-fonts/dancing-script	platform/external/google-fonts/dancing-script	refs/tags/android-16.0.0_r4	dc191e60cf6b573e4e280b75c39343a2a70b1175	dc191e60cf6b573e4e280b75c39343a2a70b1175	27034b47770fc96958a61cd213c5c7c97279030a	yes	yes	0	present_clean_r4	local_peeled_tag
external/google-fonts/lato	platform/external/google-fonts/lato	refs/tags/android-16.0.0_r4	4eaadada91b714e4aa449e7ab9a40b95845bc26b	4eaadada91b714e4aa449e7ab9a40b95845bc26b	6cc7aab5440ebccde4a4660d1727321c22aae42b	yes	yes	0	present_clean_r4	local_peeled_tag
external/google-fonts/source-sans-pro	platform/external/google-fonts/source-sans-pro	refs/tags/android-16.0.0_r4	c099ab73c712ed9c67f87e1caa32a231c6897351	c099ab73c712ed9c67f87e1caa32a231c6897351	00811eeabed49e0a4530218a72864ed3b93b2da2	yes	yes	0	present_clean_r4	local_peeled_tag
external/google-fonts/rubik	platform/external/google-fonts/rubik	refs/tags/android-16.0.0_r4	91d3ea647a30dc401baecd4a5b2d73cf36229513	91d3ea647a30dc401baecd4a5b2d73cf36229513	2f0c96b24858a00e01a5c05309b11d9f40d4ba25	yes	yes	0	present_clean_r4	local_peeled_tag
external/google-fonts/zilla-slab	platform/external/google-fonts/zilla-slab	refs/tags/android-16.0.0_r4	805aa20e5741e200c94b0e525297104171122738	805aa20e5741e200c94b0e525297104171122738	fcbe8bdde74b47f011fd1dc83fdca10bd7dfaf7d	yes	yes	0	present_clean_r4	local_peeled_tag
external/google-fruit	platform/external/google-fruit	refs/tags/android-16.0.0_r4	a4afbc151843c82319f5fc565fd5cf3d7b312931	a4afbc151843c82319f5fc565fd5cf3d7b312931	9bb1fc622a734bcd4fc71c99062ed743c59d8ce9	yes	yes	0	present_clean_r4	local_peeled_tag
external/google-highway	platform/external/google-highway	refs/tags/android-16.0.0_r4	12062ba78328dac793dcec57c63865ab480f1f18	12062ba78328dac793dcec57c63865ab480f1f18	e6b74e257c4ac9ebf49640cd66c24d1317a2af04	yes	yes	0	present_clean_r4	local_peeled_tag
external/google-java-format	platform/external/google-java-format	refs/tags/android-16.0.0_r4	f41ecef4dae46190d81a65cba9871c1d8eb04760	f41ecef4dae46190d81a65cba9871c1d8eb04760	c22ff5b1f714dfb5b947eb98be4dcf1e585359bb	yes	yes	0	present_clean_r4	local_peeled_tag
external/google-smali	platform/external/google-smali	refs/tags/android-16.0.0_r4	ff32c1014f9b235607576320309a03c7f5030d4e	ff32c1014f9b235607576320309a03c7f5030d4e	cbfd0afeec99001de759308c91e301cbe91ac3cb	yes	yes	0	present_clean_r4	local_peeled_tag
external/googletest	platform/external/googletest	refs/tags/android-16.0.0_r4	cbeab5d01811d23ea488efc07f2c31f7c53024e2	cbeab5d01811d23ea488efc07f2c31f7c53024e2	1945169f458807ba86c8b75812e11613fd4bac77	yes	yes	0	present_clean_r4	local_peeled_tag
external/gptfdisk	platform/external/gptfdisk	refs/tags/android-16.0.0_r4	3391855411e9dd13aff6c940bc3cd05c2993bd09	3391855411e9dd13aff6c940bc3cd05c2993bd09	a83651a8695aee3ee96375b708f4520559136c23	yes	yes	0	present_clean_r4	local_peeled_tag
external/grpc-grpc	platform/external/grpc-grpc	refs/tags/android-16.0.0_r4	1ca1cb2f555c6005eb9f75a558c6a12c0e061e81	1ca1cb2f555c6005eb9f75a558c6a12c0e061e81	9116e382e50c9fc824ec60365987371d40c96169	yes	yes	0	present_clean_r4	local_peeled_tag
external/grpc-grpc-java	platform/external/grpc-grpc-java	refs/tags/android-16.0.0_r4	3ccea1774f6d5ffc30ce3e2c4b26097216679cdb	3ccea1774f6d5ffc30ce3e2c4b26097216679cdb	c53dba83690170a85634fa8a4e3777a7cd8774d1	yes	yes	0	present_clean_r4	local_peeled_tag
external/gsc-utils	platform/external/gsc-utils	refs/tags/android-16.0.0_r4	2f1fcdd5f765ecabfd6a5a0340f1555d1791f1b2	2f1fcdd5f765ecabfd6a5a0340f1555d1791f1b2	a910633baa183fd149276eb5e80f6cd6e84d3b23	yes	yes	0	present_clean_r4	local_peeled_tag
external/gson	platform/external/gson	refs/tags/android-16.0.0_r4	31bf8505d546aa682b84f742aced9af1cf93eeb9	31bf8505d546aa682b84f742aced9af1cf93eeb9	748e0639e2fc4b3f06eaf0d6f2b0c17d56c0c5df	yes	yes	0	present_clean_r4	local_peeled_tag
external/gturri-aXMLRPC	platform/external/gturri-aXMLRPC	refs/tags/android-16.0.0_r4	b4a3c3b59cc61adc515e80cad45a8bac43d62e06	b4a3c3b59cc61adc515e80cad45a8bac43d62e06	f5a982ff55af7221a77bd3d458eb5a4efe6fde76	yes	yes	0	present_clean_r4	local_peeled_tag
external/gturri-jISO8601	platform/external/gturri-jISO8601	refs/tags/android-16.0.0_r4	3f0a2b8cf29658a2ee0214ce1548f54cb76f1099	3f0a2b8cf29658a2ee0214ce1548f54cb76f1099	8855466fe08128b25467df82a6afc8f62bbb37c9	yes	yes	0	present_clean_r4	local_peeled_tag
external/guava	platform/external/guava	refs/tags/android-16.0.0_r4	036b6c8088a065900a6538b64d488dc6a6766acf	036b6c8088a065900a6538b64d488dc6a6766acf	0a5951681986c76386313c010eb4836143f0acb8	yes	yes	0	present_clean_r4	local_peeled_tag
external/guice	platform/external/guice	refs/tags/android-16.0.0_r4	183ae373d36f0367d2215e513be237edca4b5977	183ae373d36f0367d2215e513be237edca4b5977	4514c21c06ed3933462c5f90f837d34e4afadb8d	yes	yes	0	present_clean_r4	local_peeled_tag
external/gwp_asan	platform/external/gwp_asan	refs/tags/android-16.0.0_r4	06e22138851092a681871acd42d2958f10630cd5	06e22138851092a681871acd42d2958f10630cd5	80743683fdb7ebc996a994825da187bc5a7dca64	yes	yes	0	present_clean_r4	local_peeled_tag
external/hafnium	platform/external/hafnium	refs/tags/android-16.0.0_r4	3de19c1e7514d83ab87e6ee0350f47312d235362	3de19c1e7514d83ab87e6ee0350f47312d235362	832a742ca61eb11b42c6e6dc05cd74e90540f0c9	yes	yes	0	present_clean_r4	local_peeled_tag
external/hamcrest	platform/external/hamcrest	refs/tags/android-16.0.0_r4	9580841c6c1546d56fcb22ef41a9f560a5e9ba42	9580841c6c1546d56fcb22ef41a9f560a5e9ba42	493fed134541956e7cd1fee1ccea9f687e8b7fb9	yes	yes	0	present_clean_r4	local_peeled_tag
external/harfbuzz_ng	platform/external/harfbuzz_ng	refs/tags/android-16.0.0_r4	01f7182eb663898cf670b5374a8381f480bec857	01f7182eb663898cf670b5374a8381f480bec857	e79b45d577c8c474027859171ebd6d7321df1563	yes	yes	0	present_clean_r4	local_peeled_tag
external/hplip	platform/external/hplip	refs/tags/android-16.0.0_r4	8384218c3a18ccddacfd0106c9922d975ef1f7b7	8384218c3a18ccddacfd0106c9922d975ef1f7b7	0f45e9974b10d1cefcb8b075abfcd060d0d936da	yes	yes	0	present_clean_r4	local_peeled_tag
external/hyphenation-patterns	platform/external/hyphenation-patterns	refs/tags/android-16.0.0_r4	2ff7aab8fae23b184045f23b8bc54dfade10ed46	2ff7aab8fae23b184045f23b8bc54dfade10ed46	769267efe7be5b48053de4502c984717cd196a57	yes	yes	0	present_clean_r4	local_peeled_tag
external/iamf_tools	platform/external/iamf_tools	refs/tags/android-16.0.0_r4	e968b763153e14f657991c659b2f3d2c159761c5	e968b763153e14f657991c659b2f3d2c159761c5	30d364a0dca5328e81f8b642ebc78607c270f30f	yes	yes	0	present_clean_r4	local_peeled_tag
external/icing	platform/external/icing	refs/tags/android-16.0.0_r4	78cf2963307cc187b56f885bab51d83bae57ca01	78cf2963307cc187b56f885bab51d83bae57ca01	e28536779f2a58c83d3702ca52888ad221746eb9	yes	yes	0	present_clean_r4	local_peeled_tag
external/icu	platform/external/icu	refs/tags/android-16.0.0_r4	042af546d67c5dde78d6e7c43d17e6e219462409	042af546d67c5dde78d6e7c43d17e6e219462409	2f05dacbbb3236caa66f8db9af99fe1c7a2e1dbc	yes	yes	0	present_clean_r4	local_peeled_tag
external/igt-gpu-tools	platform/external/igt-gpu-tools	refs/tags/android-16.0.0_r4	90209aa4f6f76192fef89c731dfbbbf988b0de3b	90209aa4f6f76192fef89c731dfbbbf988b0de3b	0757db3a45d579cd06a98dd0a12b503aa28bcd6d	yes	yes	0	present_clean_r4	local_peeled_tag
external/image_io	platform/external/image_io	refs/tags/android-16.0.0_r4	40aadd950e0a3f4090905978e14cb3f4a610d9ba	40aadd950e0a3f4090905978e14cb3f4a610d9ba	ecbb7cabb8ce06b16fe6f017d422d88af1d6dbec	yes	yes	0	present_clean_r4	local_peeled_tag
external/ims	platform/external/ims	refs/tags/android-16.0.0_r4	e0534954b785ee366e228ca96ae05f86dfcc7feb	e0534954b785ee366e228ca96ae05f86dfcc7feb	8f5e7ef24666ed86dd0e937b99edaa325f4e92c8	yes	yes	0	present_clean_r4	local_peeled_tag
external/intel-pmt-metadata	platform/external/intel-pmt-metadata	refs/tags/android-16.0.0_r4	ac26838230333d6fb544e82fd3298400fa78a2d7	ac26838230333d6fb544e82fd3298400fa78a2d7	bbfc53f24341c38834881d5d94e0d6fde511ac0b	yes	yes	0	present_clean_r4	local_peeled_tag
external/iperf3	platform/external/iperf3	refs/tags/android-16.0.0_r4	e0c0b882a316a4a761659cbf9478e88cbe3424fd	e0c0b882a316a4a761659cbf9478e88cbe3424fd	c25c2edcf07b7b0dc3147155aa0ee8de203ee520	yes	yes	0	present_clean_r4	local_peeled_tag
external/iproute2	platform/external/iproute2	refs/tags/android-16.0.0_r4	3f5e51eb71562a5a0c0e6fdc0f387e34f8694e28	3f5e51eb71562a5a0c0e6fdc0f387e34f8694e28	cbd73b900702dd2062f2722bb9a76d3a5ecebb40	yes	yes	0	present_clean_r4	local_peeled_tag
external/iptables	platform/external/iptables	refs/tags/android-16.0.0_r4	0b8fa4afc06d4fe55396ca55f0009f43115cc25b	0b8fa4afc06d4fe55396ca55f0009f43115cc25b	996423fb58b312b7e780fefc86961de6f9f4de70	yes	yes	0	present_clean_r4	local_peeled_tag
external/iputils	platform/external/iputils	refs/tags/android-16.0.0_r4	9c014e33395657c45db7f074ea4f822e1cfadb0b	9c014e33395657c45db7f074ea4f822e1cfadb0b	d581af4995f4892e888779c2ee6aa495384975a8	yes	yes	0	present_clean_r4	local_peeled_tag
external/iw	platform/external/iw	refs/tags/android-16.0.0_r4	aa6b0c1e32279ed2147a71682e4fffcef3b6832e	aa6b0c1e32279ed2147a71682e4fffcef3b6832e	ffadc4cac426d935242e9b7f8ac4c1b4d516356d	yes	yes	0	present_clean_r4	local_peeled_tag
external/jacoco	platform/external/jacoco	refs/tags/android-16.0.0_r4	6b51e8ef0b53c1100b7a06520b01b7d8c4f3d7f3	6b51e8ef0b53c1100b7a06520b01b7d8c4f3d7f3	234b270f0a3437fb9e12b9bd5ca9637c850002c9	yes	yes	0	present_clean_r4	local_peeled_tag
external/jackson-annotations	platform/external/jackson-annotations	refs/tags/android-16.0.0_r4	1c7572b0e17962526a149b7da3fd5288e0be9b0c	1c7572b0e17962526a149b7da3fd5288e0be9b0c	d36f9a59182de6480696ab151211e298ceaf6287	yes	yes	0	present_clean_r4	local_peeled_tag
external/jackson-core	platform/external/jackson-core	refs/tags/android-16.0.0_r4	4587e3723df3ef0e440f14a65c29013ea340cbf5	4587e3723df3ef0e440f14a65c29013ea340cbf5	96524fb08b47deae5d087f6b5c4257abfb2d9bd2	yes	yes	0	present_clean_r4	local_peeled_tag
external/jackson-databind	platform/external/jackson-databind	refs/tags/android-16.0.0_r4	55a1d746b0b1e1ac5000e7b541f2583de3013f4c	55a1d746b0b1e1ac5000e7b541f2583de3013f4c	de4c417d0b56a41754454064a938773b95c33431	yes	yes	0	present_clean_r4	local_peeled_tag
external/jakarta.inject	platform/external/jakarta.inject	refs/tags/android-16.0.0_r4	319877f09a910f783245ef60cd61f0b1667efe26	319877f09a910f783245ef60cd61f0b1667efe26	2031fec54e949e93b29049237bff4d78e91b9770	yes	yes	0	present_clean_r4	local_peeled_tag
external/jarjar	platform/external/jarjar	refs/tags/android-16.0.0_r4	887b47fd6ce14a73104e4df7df182c2f2e4f8006	887b47fd6ce14a73104e4df7df182c2f2e4f8006	31a3869bba2d88cae2689dbf2eed6b3f20162d1e	yes	yes	0	present_clean_r4	local_peeled_tag
external/javaparser	platform/external/javaparser	refs/tags/android-16.0.0_r4	e75d71711a31cf046dcaf0628f3b068cc5a8fe4e	e75d71711a31cf046dcaf0628f3b068cc5a8fe4e	48da6402d592251e2c3036679f9b93da809272f2	yes	yes	0	present_clean_r4	local_peeled_tag
external/javapoet	platform/external/javapoet	refs/tags/android-16.0.0_r4	0b56297f769b02875ca1d68f242f2d0fdf73cfe3	0b56297f769b02875ca1d68f242f2d0fdf73cfe3	b7776d71baef30cfd3d35df32bbb840aa4971681	yes	yes	0	present_clean_r4	local_peeled_tag
external/javasqlite	platform/external/javasqlite	refs/tags/android-16.0.0_r4	21a7a89b822718efd3dc699586a431e844de7d4d	21a7a89b822718efd3dc699586a431e844de7d4d	1cd19ad287a730a9cb4996864a02445c8b11051f	yes	yes	0	present_clean_r4	local_peeled_tag
external/javassist	platform/external/javassist	refs/tags/android-16.0.0_r4	17310186040a647f88d6ec98f134928d49b5f561	17310186040a647f88d6ec98f134928d49b5f561	d8daf0df52d4544e7c047af7e02603bfa2ddeee7	yes	yes	0	present_clean_r4	local_peeled_tag
external/jazzer-api	platform/external/jazzer-api	refs/tags/android-16.0.0_r4	70ad0cedacf5ee3dfacaac8d693b711007b5cfc2	70ad0cedacf5ee3dfacaac8d693b711007b5cfc2	79cbedb803268a2d4546922f436304d7b3aa3f28	yes	yes	0	present_clean_r4	local_peeled_tag
external/jcommander	platform/external/jcommander	refs/tags/android-16.0.0_r4	92ee1ba50a02446768fde6a55404d4f75f93a6d7	92ee1ba50a02446768fde6a55404d4f75f93a6d7	2e0ef4b5b0b3e80fd9e922dbe99f494439b9ac73	yes	yes	0	present_clean_r4	local_peeled_tag
external/jemalloc_new	platform/external/jemalloc_new	refs/tags/android-16.0.0_r4	ca47f7d1da1dd5071f88c5fbbf03356f371268a2	ca47f7d1da1dd5071f88c5fbbf03356f371268a2	95ff9758de1b7f94ca361868099dfbb16d569e6e	yes	yes	0	present_clean_r4	local_peeled_tag
external/jetpack-camera-app	platform/external/jetpack-camera-app	refs/tags/android-16.0.0_r4	febb6fae717cacf47807ba993d90b3c9d32cd7b7	febb6fae717cacf47807ba993d90b3c9d32cd7b7	62e905a1352507f2e5364dfc9dc99f94f8905fbd	yes	yes	0	present_clean_r4	local_peeled_tag
external/jimfs	platform/external/jimfs	refs/tags/android-16.0.0_r4	cd18acbf0036a7c6a3443e7e58b5091cacf327cf	cd18acbf0036a7c6a3443e7e58b5091cacf327cf	76f2cf35330deac4f32c9b0b0bfcd8436c0fd310	yes	yes	0	present_clean_r4	local_peeled_tag
external/jline	platform/external/jline	refs/tags/android-16.0.0_r4	df929946eecebdea12b039587d9d426c181f51b1	df929946eecebdea12b039587d9d426c181f51b1	a3b94f6b39f4d2f0b34014767707426bfd45875f	yes	yes	0	present_clean_r4	local_peeled_tag
external/jsilver	platform/external/jsilver	refs/tags/android-16.0.0_r4	754d8c4235def553d7d5d0a8a85ffb8dcb234001	754d8c4235def553d7d5d0a8a85ffb8dcb234001	ca0f11e66aa8cebf3a30db134337d6b6a8350f5f	yes	yes	0	present_clean_r4	local_peeled_tag
external/jsmn	platform/external/jsmn	refs/tags/android-16.0.0_r4	347e976387aa0026cd584c7dafcaff8e25a694fe	347e976387aa0026cd584c7dafcaff8e25a694fe	53e289b440c77ee559c2b1be81604f26e032b3be	yes	yes	0	present_clean_r4	local_peeled_tag
external/json-schema-validator	platform/external/json-schema-validator	refs/tags/android-16.0.0_r4	8b92c592fb0e8f10a6ade2b3b55a62f307500613	8b92c592fb0e8f10a6ade2b3b55a62f307500613	e846aab268a714af7773f142c5cfaac1228d24a4	yes	yes	0	present_clean_r4	local_peeled_tag
external/jsoncpp	platform/external/jsoncpp	refs/tags/android-16.0.0_r4	c5062d3ff8a6042ef034bd6980966e02abd8762e	c5062d3ff8a6042ef034bd6980966e02abd8762e	3c96f193abf0b85fbaa2d5632db71fca1419aa50	yes	yes	0	present_clean_r4	local_peeled_tag
external/jsoup	platform/external/jsoup	refs/tags/android-16.0.0_r4	7e9d8cfce745fb12a40652d130167bda9532b2fb	7e9d8cfce745fb12a40652d130167bda9532b2fb	dc6b6d45d48ca5b24ba3e9453450370539bc3b58	yes	yes	0	present_clean_r4	local_peeled_tag
external/jspecify	platform/external/jspecify	refs/tags/android-16.0.0_r4	0cf33fea566c156e779c64f0e1d9bffdd26e4b0e	0cf33fea566c156e779c64f0e1d9bffdd26e4b0e	60917218f35db8df60688b44919b2872eb1194da	yes	yes	0	present_clean_r4	local_peeled_tag
external/jsr305	platform/external/jsr305	refs/tags/android-16.0.0_r4	4e7afeb082e87f6df730a323797c490fa3e11df7	4e7afeb082e87f6df730a323797c490fa3e11df7	b3c857f5a5c320553a55253fe88fd9ece0bcec45	yes	yes	0	present_clean_r4	local_peeled_tag
external/jsr330	platform/external/jsr330	refs/tags/android-16.0.0_r4	287deea788303e7c7aab81c98f1bd271cf07797a	287deea788303e7c7aab81c98f1bd271cf07797a	dea71cd91a3309fa801ef6fe9e475fe2c2230861	yes	yes	0	present_clean_r4	local_peeled_tag
external/junit	platform/external/junit	refs/tags/android-16.0.0_r4	836d60ab48ddc83d3d348bd6e6d82dfb38de283b	836d60ab48ddc83d3d348bd6e6d82dfb38de283b	731d87dd1adec5d6d70fdc81684a0b50dc941e27	yes	yes	0	present_clean_r4	local_peeled_tag
external/junit-params	platform/external/junit-params	refs/tags/android-16.0.0_r4	7fbf8bec4563860af0135ed6334934c5e96c095f	7fbf8bec4563860af0135ed6334934c5e96c095f	38b639458a93d2cbb89e292cebd218dd86e55b43	yes	yes	0	present_clean_r4	local_peeled_tag
external/jxmpp	platform/external/jxmpp	refs/tags/android-16.0.0_r4	3bc8029798ca93f853d76a1d435dac4c4fccb39a	3bc8029798ca93f853d76a1d435dac4c4fccb39a	07c42f6a9b8935540426fc097de2052b71705c70	yes	yes	0	present_clean_r4	local_peeled_tag
external/kernel-headers	platform/external/kernel-headers	refs/tags/android-16.0.0_r4	2ce289a24f8d30e09fe6c68dc425c97a3b77195d	2ce289a24f8d30e09fe6c68dc425c97a3b77195d	81731484544033d25aa12b057cf5535aa972c4ad	yes	yes	0	present_clean_r4	local_peeled_tag
external/kmod	platform/external/kmod	refs/tags/android-16.0.0_r4	44d4df374d48a432962f6359fb5b23c274cbe72b	44d4df374d48a432962f6359fb5b23c274cbe72b	6188d49abb3f1c6309804f2702a8973d59ea34ee	yes	yes	0	present_clean_r4	local_peeled_tag
external/kotlinc	platform/external/kotlinc	refs/tags/android-16.0.0_r4	b36de9b07aa1ce778686b6529646c8bfc3b06500	b36de9b07aa1ce778686b6529646c8bfc3b06500	a8b526e47adfd2a3315ee0bc8adccd7c2e83507d	yes	yes	0	present_clean_r4	local_peeled_tag
external/kotlinpoet	platform/external/kotlinpoet	refs/tags/android-16.0.0_r4	c2ccd19afdaa5d21966bf6cf2b3ae199e9494579	c2ccd19afdaa5d21966bf6cf2b3ae199e9494579	679b8ab160d3dbf07f7fbf6e4d2d34c13b34b8da	yes	yes	0	present_clean_r4	local_peeled_tag
external/kotlinx.atomicfu	platform/external/kotlinx.atomicfu	refs/tags/android-16.0.0_r4	437dde3316bde38c4640bcb010bc1739f5504e6a	437dde3316bde38c4640bcb010bc1739f5504e6a	2a5576dfc76697308f09539928860807f4d89b15	yes	yes	0	present_clean_r4	local_peeled_tag
external/kotlinx.coroutines	platform/external/kotlinx.coroutines	refs/tags/android-16.0.0_r4	d448a4a601528886741c08258ffe75ffd861958f	d448a4a601528886741c08258ffe75ffd861958f	62e1e09db4be0052ee476a2def0b33a904099fbe	yes	yes	0	present_clean_r4	local_peeled_tag
external/kotlinx.metadata	platform/external/kotlinx.metadata	refs/tags/android-16.0.0_r4	b3c5df9e5590c600147c8df849e5ad7de3ceb2dd	b3c5df9e5590c600147c8df849e5ad7de3ceb2dd	a9f3b9426e3f2ae3de8396eae8fc50b2aa504d35	yes	yes	0	present_clean_r4	local_peeled_tag
external/kotlinx.serialization	platform/external/kotlinx.serialization	refs/tags/android-16.0.0_r4	90b14bfc95597986a44eec26f45e7a793f1efb75	90b14bfc95597986a44eec26f45e7a793f1efb75	285c73fab3e1574e56683aa468ce024a391b919a	yes	yes	0	present_clean_r4	local_peeled_tag
external/kotlin-compose-compiler	platform/external/kotlin-compose-compiler	refs/tags/android-16.0.0_r4	d4d77c95908524cccdad09bd86908eec40a34fd3	d4d77c95908524cccdad09bd86908eec40a34fd3	e415db729bcdc886a9a17f875afa1d80c039e569	yes	yes	0	present_clean_r4	local_peeled_tag
external/kotlin.metadata	platform/external/kotlin.metadata	refs/tags/android-16.0.0_r4	c83da5cce10793d128e825aa904e4ea2bb4118c0	c83da5cce10793d128e825aa904e4ea2bb4118c0	8abd80ee0ac98fa730328105ff81285667ae7009	yes	yes	0	present_clean_r4	local_peeled_tag
external/ktfmt	platform/external/ktfmt	refs/tags/android-16.0.0_r4	3c9ae5742b0be302261ed14a379522d75a75b16a	3c9ae5742b0be302261ed14a379522d75a75b16a	3ebfff9a5b173e10892312d15463e9413562d970	yes	yes	0	present_clean_r4	local_peeled_tag
external/ksoap2	platform/external/ksoap2	refs/tags/android-16.0.0_r4	651f29118090eaa09418b84358ff5c5bc7fb2d6c	651f29118090eaa09418b84358ff5c5bc7fb2d6c	6a185d2e467bfbb6a72c27797b2b1ece7b149f57	yes	yes	0	present_clean_r4	local_peeled_tag
external/ksp	platform/external/ksp	refs/tags/android-16.0.0_r4	9447e16ec17e23d1046533dc9776c06dd30bffdd	9447e16ec17e23d1046533dc9776c06dd30bffdd	d622d90e89d07e04128c8935fe3f39aa5dbe9aab	yes	yes	0	present_clean_r4	local_peeled_tag
external/leakcanary2	platform/external/leakcanary2	refs/tags/android-16.0.0_r4	3f3c346e9c157e758aeb55f8eac3fd1e3270adcf	3f3c346e9c157e758aeb55f8eac3fd1e3270adcf	11734ee5a9750da845418ef0f3eff2122420e3d4	yes	yes	0	present_clean_r4	local_peeled_tag
external/leveldb	platform/external/leveldb	refs/tags/android-16.0.0_r4	44ab4b0eaa3cc029cf101e00f1908aa4e7530c18	44ab4b0eaa3cc029cf101e00f1908aa4e7530c18	8194bfc3e6a09fbc0d83a45412b0b041f673ecea	yes	yes	0	present_clean_r4	local_peeled_tag
external/libaom	platform/external/libaom	refs/tags/android-16.0.0_r4	46f91843bdd0954a8f34d269e43bf6670a17cf87	46f91843bdd0954a8f34d269e43bf6670a17cf87	8c42f106627f668f97a9825c656aaa8cfc530337	yes	yes	0	present_clean_r4	local_peeled_tag
external/libavc	platform/external/libavc	refs/tags/android-16.0.0_r4	d380d04a78c6c08702e36aca86d0fd4baee390f9	d380d04a78c6c08702e36aca86d0fd4baee390f9	4b738ae28786122c2cc765c5875370f8e764d21e	yes	yes	0	present_clean_r4	local_peeled_tag
external/libbackup	platform/external/libbackup	refs/tags/android-16.0.0_r4	29a82e5701bcfb4780da2ba690d54d597be2880d	29a82e5701bcfb4780da2ba690d54d597be2880d	e3f656f2dcefc6eb70341e6e3487319b6ed6d4a5	yes	yes	0	present_clean_r4	local_peeled_tag
external/libbrillo	platform/external/libbrillo	refs/tags/android-16.0.0_r4	7244f3b1684c280fd799e96a83f0a43bd122138e	7244f3b1684c280fd799e96a83f0a43bd122138e	b3ae63a075bba3347809f1e8d37faa6a87f39ba1	yes	yes	0	present_clean_r4	local_peeled_tag
external/libbpf	platform/external/libbpf	refs/tags/android-16.0.0_r4	ff800a483e65c6f736a1646d1164c6dd4995af92	ff800a483e65c6f736a1646d1164c6dd4995af92	e7ea68e4755ac9430d9d185b590d3987b84b0df0	yes	yes	0	present_clean_r4	local_peeled_tag
external/libcamera	platform/external/libcamera	refs/tags/android-16.0.0_r4	cd4b2eff206afa6746c4864e2bffcc2e1f0e0b9c	cd4b2eff206afa6746c4864e2bffcc2e1f0e0b9c	e0eefca52e1cd6a68415b03717bcc8dc484a9954	yes	yes	0	present_clean_r4	local_peeled_tag
external/libcap	platform/external/libcap	refs/tags/android-16.0.0_r4	ca128b78c0b6629ffe88edc04d2a9415adbafcd0	ca128b78c0b6629ffe88edc04d2a9415adbafcd0	573c95d4809b550e92c99c277cd16f5f29cb1649	yes	yes	0	present_clean_r4	local_peeled_tag
external/libcap-ng	platform/external/libcap-ng	refs/tags/android-16.0.0_r4	8dd5e09d5faf27a871e8654ddaa2d2af7c696578	8dd5e09d5faf27a871e8654ddaa2d2af7c696578	0cb8a4cb08d07ed76816ce993fd5e830d5d4d0c1	yes	yes	0	present_clean_r4	local_peeled_tag
external/libchrome	platform/external/libchrome	refs/tags/android-16.0.0_r4	b6d25f9bf679b5dee1af847d14a3573d9fcb768f	b6d25f9bf679b5dee1af847d14a3573d9fcb768f	1d7c4c8a4e4ebd522be41e521135ebbce0100db8	yes	yes	0	present_clean_r4	local_peeled_tag
external/libchrome-gestures	platform/external/libchrome-gestures	refs/tags/android-16.0.0_r4	82d36e535aaa8778c28e9af158eb58710ee3a1d1	82d36e535aaa8778c28e9af158eb58710ee3a1d1	ed755cb946ba03e074effc5f3f5ccfb0a904aa56	yes	yes	0	present_clean_r4	local_peeled_tag
external/libconfig	platform/external/libconfig	refs/tags/android-16.0.0_r4	71c612c5997130b7b3b303627c1b6052a1a1a19c	71c612c5997130b7b3b303627c1b6052a1a1a19c	f5073752f99b7c57aa3cd0fd6017378b72dce2a8	yes	yes	0	present_clean_r4	local_peeled_tag
external/libcups	platform/external/libcups	refs/tags/android-16.0.0_r4	e1d6d239815928f038e09eee930d279d80e9642d	e1d6d239815928f038e09eee930d279d80e9642d	03d8e5f4f82ae73b000f4bc0bc0448ee9a7bef53	yes	yes	0	present_clean_r4	local_peeled_tag
external/libcupsfilters	platform/external/libcupsfilters	refs/tags/android-16.0.0_r4	7388b69623d9e41dc4417259fc41ca763f22c9fa	7388b69623d9e41dc4417259fc41ca763f22c9fa	68386a0410dc99c744c00ac11a9dcfa18be34b39	yes	yes	0	present_clean_r4	local_peeled_tag
external/libcxx	platform/external/libcxx	refs/tags/android-16.0.0_r4	88894a62bb97313ed9bf79a546f1486de4b2e723	88894a62bb97313ed9bf79a546f1486de4b2e723	2f8cf3c31a33b6bcd5518ce9cd4015f1d45580fe	yes	yes	0	present_clean_r4	local_peeled_tag
external/libcxxabi	platform/external/libcxxabi	refs/tags/android-16.0.0_r4	84450eba5a24fe5b7df77ed1307bfada05b14dc7	84450eba5a24fe5b7df77ed1307bfada05b14dc7	35d21bc120b28106663b4b2c72a4c8f958e833b1	yes	yes	0	present_clean_r4	local_peeled_tag
external/libdisplay-info	platform/external/libdisplay-info	refs/tags/android-16.0.0_r4	05f46d827b66edcd7a40b1de16e2139b6e858550	05f46d827b66edcd7a40b1de16e2139b6e858550	58fe82d0ab74182a2ec63d1ad88a846874251f13	yes	yes	0	present_clean_r4	local_peeled_tag
external/libdivsufsort	platform/external/libdivsufsort	refs/tags/android-16.0.0_r4	1aef56c457874c2f09abefe2949c1bd4ac17950f	1aef56c457874c2f09abefe2949c1bd4ac17950f	f5a4e8bedab60fd339149acd7566bea2a8452c3f	yes	yes	0	present_clean_r4	local_peeled_tag
external/libdrm	platform/external/libdrm	refs/tags/android-16.0.0_r4	abd25312f278da5cbeeca6a9b5fc1c5ea6dabc23	abd25312f278da5cbeeca6a9b5fc1c5ea6dabc23	3b68c30bbaa5af3f3388eb2293da03a6e5bf7c93	yes	yes	0	present_clean_r4	local_peeled_tag
external/libepoxy	platform/external/libepoxy	refs/tags/android-16.0.0_r4	3d6251ce10421187437a570ae389a68dcc160f4a	3d6251ce10421187437a570ae389a68dcc160f4a	1d094b1ad4d77890bcd9a6371a172c64675284ff	yes	yes	0	present_clean_r4	local_peeled_tag
external/libese	platform/external/libese	refs/tags/android-16.0.0_r4	d006f4eee8e60f8563896425694aa4f9fe28238d	d006f4eee8e60f8563896425694aa4f9fe28238d	7f6ca53d4a165bddf0f0396f643d31996b61652c	yes	yes	0	present_clean_r4	local_peeled_tag
external/libevent	platform/external/libevent	refs/tags/android-16.0.0_r4	7aa80c89ba1a5503da29f48baf660cdda47d51fc	7aa80c89ba1a5503da29f48baf660cdda47d51fc	a60fc0ef36dda53bcb21ff9bbe493373e45316c3	yes	yes	0	present_clean_r4	local_peeled_tag
external/libexif	platform/external/libexif	refs/tags/android-16.0.0_r4	6e11d6a8e4b3469466c35ac5a26e8b38c7d63c83	6e11d6a8e4b3469466c35ac5a26e8b38c7d63c83	67811421b95addccf3fc764a42a8eead067728a2	yes	yes	0	present_clean_r4	local_peeled_tag
external/libffi	platform/external/libffi	refs/tags/android-16.0.0_r4	30e76ea6cdd84cbbaa5dd5e5bbfce29538328fb4	30e76ea6cdd84cbbaa5dd5e5bbfce29538328fb4	b2d9ad2e227dece2fe54d874e629ce69b3ca5e09	yes	yes	0	present_clean_r4	local_peeled_tag
external/libgav1	platform/external/libgav1	refs/tags/android-16.0.0_r4	e30a1eb9c3fc4636ac78a78427fffdd5a0e4e6aa	e30a1eb9c3fc4636ac78a78427fffdd5a0e4e6aa	07fd3bb7a4f2a7b923c3799ca992d6749370f1e1	yes	yes	0	present_clean_r4	local_peeled_tag
external/libdav1d	platform/external/libdav1d	refs/tags/android-16.0.0_r4	0dd0432c832430dc94ec66c67e4e8a3de6e044fa	0dd0432c832430dc94ec66c67e4e8a3de6e044fa	412eb1961fcc0b1d2c36029ef72641a8699309a9	yes	yes	0	present_clean_r4	local_peeled_tag
external/libfuse	platform/external/libfuse	refs/tags/android-16.0.0_r4	cb0f94cf4cd8769e3d18f2bb0dd8ace65e6bcb31	cb0f94cf4cd8769e3d18f2bb0dd8ace65e6bcb31	f2fcc89a04cdb49ffe2d8259821d53e3373c6dab	yes	yes	0	present_clean_r4	local_peeled_tag
external/libgsm	platform/external/libgsm	refs/tags/android-16.0.0_r4	8ec969cea971fe25ff2d3933a5a9f8504f8e86c9	8ec969cea971fe25ff2d3933a5a9f8504f8e86c9	fae3123dccaef7637c114e72b0559bdcf9facf3c	yes	yes	0	present_clean_r4	local_peeled_tag
external/libhevc	platform/external/libhevc	refs/tags/android-16.0.0_r4	c83a76b084498d55f252f48b2e3786804cdf24b7	c83a76b084498d55f252f48b2e3786804cdf24b7	91a08cd650871eb189f319ee8d641cb980c5a3c4	yes	yes	0	present_clean_r4	local_peeled_tag
external/libjpeg-turbo	platform/external/libjpeg-turbo	refs/tags/android-16.0.0_r4	c80d2fe35369cb76ddd34f5aeb9c34d8c9fefa01	c80d2fe35369cb76ddd34f5aeb9c34d8c9fefa01	cd127a8dfbc6308349609f2d80c8a3aeb4c745e5	yes	yes	0	present_clean_r4	local_peeled_tag
external/libjxl	platform/external/libjxl	refs/tags/android-16.0.0_r4	16a83ad457e4de067c2b54886d1ad27371478d21	16a83ad457e4de067c2b54886d1ad27371478d21	7c3e308a9701e9011f70804644c22e15dab065da	yes	yes	0	present_clean_r4	local_peeled_tag
external/libkmsxx	platform/external/libkmsxx	refs/tags/android-16.0.0_r4	047c958480e774bf69b7dee238f6f5cbf3a69d90	047c958480e774bf69b7dee238f6f5cbf3a69d90	c99f5f3e7c99fbc3bb7f56d94e85a4a65946c3bd	yes	yes	0	present_clean_r4	local_peeled_tag
external/liblc3	platform/external/liblc3	refs/tags/android-16.0.0_r4	3354396318aede39d22e7c2de1016a3b66debba1	3354396318aede39d22e7c2de1016a3b66debba1	b7235271e0a75362168469daf2eda953b150462e	yes	yes	0	present_clean_r4	local_peeled_tag
external/libldac	platform/external/libldac	refs/tags/android-16.0.0_r4	6a46753fd39349b31ee01715204144f70b107dd0	6a46753fd39349b31ee01715204144f70b107dd0	d5e246f173f24c2e7743af9091a27d1329fcf2ce	yes	yes	0	present_clean_r4	local_peeled_tag
external/libmonet	platform/external/libmonet	refs/tags/android-16.0.0_r4	bb0335b40e573ab05b0cc1690fb8a54c31044841	bb0335b40e573ab05b0cc1690fb8a54c31044841	7e3fe627de29aacb705c611fb58bbe9848cf9887	yes	yes	0	present_clean_r4	local_peeled_tag
external/libmpeg2	platform/external/libmpeg2	refs/tags/android-16.0.0_r4	a97c2a1f0a796dc32bed80d3353c69c5fc07c750	a97c2a1f0a796dc32bed80d3353c69c5fc07c750	571bcf494c986441fe706ff0eb73d496dfa9792c	yes	yes	0	present_clean_r4	local_peeled_tag
external/libnetfilter_conntrack	platform/external/libnetfilter_conntrack	refs/tags/android-16.0.0_r4	683fe2e7476f9685fd9314b7ff05a57d245b615c	683fe2e7476f9685fd9314b7ff05a57d245b615c	5ba0ad3e2294172f628c5a7e57420917ea987469	yes	yes	0	present_clean_r4	local_peeled_tag
external/libnfnetlink	platform/external/libnfnetlink	refs/tags/android-16.0.0_r4	a376eb3279f225b393114c4820c780cbda860a6c	a376eb3279f225b393114c4820c780cbda860a6c	3c2f385975bc0411738fcebf86d18bd14b088b2f	yes	yes	0	present_clean_r4	local_peeled_tag
external/libnl	platform/external/libnl	refs/tags/android-16.0.0_r4	c93db740c8fb83d5f140488e12183a8cfc288c1e	c93db740c8fb83d5f140488e12183a8cfc288c1e	1280a4e147c739192d47641f48c26bd8caa35277	yes	yes	0	present_clean_r4	local_peeled_tag
external/libogg	platform/external/libogg	refs/tags/android-16.0.0_r4	9e66f9ada0d094ac46a7ab9e36ec81545b39ef60	9e66f9ada0d094ac46a7ab9e36ec81545b39ef60	887defc73cc2b01b1e09d9da38aefa967ffa9931	yes	yes	0	present_clean_r4	local_peeled_tag
external/libopenapv	platform/external/libopenapv	refs/tags/android-16.0.0_r4	d783d40dd6a983e3000993887b5618ae4c36f5b7	d783d40dd6a983e3000993887b5618ae4c36f5b7	e488f8a1d82c530ec5415a5e8d189d91a5f6d606	yes	yes	0	present_clean_r4	local_peeled_tag
external/libopus	platform/external/libopus	refs/tags/android-16.0.0_r4	15179bce8c2b7f35a99c810f4574560b99e90059	15179bce8c2b7f35a99c810f4574560b99e90059	4e8b85a6c75f5b67ecd48b8060879cb8de926658	yes	yes	0	present_clean_r4	local_peeled_tag
external/libpalmrejection	platform/external/libpalmrejection	refs/tags/android-16.0.0_r4	8fed07868a7efb8cad6467119c3de47bace7999f	8fed07868a7efb8cad6467119c3de47bace7999f	b28a7326c768c53fe7fefea52c3a8934237070bf	yes	yes	0	present_clean_r4	local_peeled_tag
external/libpcap	platform/external/libpcap	refs/tags/android-16.0.0_r4	45943d43b7f9b46c674a70c7202cbfdbdb73082a	45943d43b7f9b46c674a70c7202cbfdbdb73082a	f47d493434329781e8c2a355d39446dc268ccfcf	yes	yes	0	present_clean_r4	local_peeled_tag
external/libpciaccess	platform/external/libpciaccess	refs/tags/android-16.0.0_r4	8b6da4593a0290b9b1f633d911e9fbae756a8a69	8b6da4593a0290b9b1f633d911e9fbae756a8a69	ec94655125d409ad90cc9dabab089728c0a66afa	yes	yes	0	present_clean_r4	local_peeled_tag
external/libphonenumber	platform/external/libphonenumber	refs/tags/android-16.0.0_r4	5957f9516110cf67830c5161c369ba48157ca570	5957f9516110cf67830c5161c369ba48157ca570	a980094093bcdbb66c4f7e9a67a4a9a450f9c739	yes	yes	0	present_clean_r4	local_peeled_tag
external/libpng	platform/external/libpng	refs/tags/android-16.0.0_r4	812ea249a49e26a13fa080821dc094f33c0f6608	812ea249a49e26a13fa080821dc094f33c0f6608	4913dcf29e44332fc623db796c22c2bce8852b50	yes	yes	0	present_clean_r4	local_peeled_tag
external/libppd	platform/external/libppd	refs/tags/android-16.0.0_r4	c7fab25788ad841f0ce49295d47823ea600feebc	c7fab25788ad841f0ce49295d47823ea600feebc	200178cc5a9d026bcb461ab7ce2cd9e521018385	yes	yes	0	present_clean_r4	local_peeled_tag
external/libprotobuf-mutator	platform/external/libprotobuf-mutator	refs/tags/android-16.0.0_r4	1d6ccd7601b40ad610c508f950011aedfaf2b0a4	1d6ccd7601b40ad610c508f950011aedfaf2b0a4	e29d90611d6562c904ab01e8684c33803f19ed7e	yes	yes	0	present_clean_r4	local_peeled_tag
external/libsrtp2	platform/external/libsrtp2	refs/tags/android-16.0.0_r4	980bb97e0971d7c3cd673a25794eb92d97a54c36	980bb97e0971d7c3cd673a25794eb92d97a54c36	dbac4228d366f69122928af98cb0e30236c33647	yes	yes	0	present_clean_r4	local_peeled_tag
external/libtextclassifier	platform/external/libtextclassifier	refs/tags/android-16.0.0_r4	ab9d14623e9a6b1b4934614dab870532e0b726ca	ab9d14623e9a6b1b4934614dab870532e0b726ca	20fbfab7c95d6502c557a03f8c866974cf116475	yes	yes	0	present_clean_r4	local_peeled_tag
external/libtraceevent	platform/external/libtraceevent	refs/tags/android-16.0.0_r4	d437b5b935f0340425d10ac1d9fb7d409f9ae5a9	d437b5b935f0340425d10ac1d9fb7d409f9ae5a9	84741572f551f412e00912bb85f6d25621d0567e	yes	yes	0	present_clean_r4	local_peeled_tag
external/libtracefs	platform/external/libtracefs	refs/tags/android-16.0.0_r4	80c5d7a4a6a5098705dcce662cd089dd4ef294ad	80c5d7a4a6a5098705dcce662cd089dd4ef294ad	c1776ea5ec2cfe4b078cf7b2bfc18ca28cf42519	yes	yes	0	present_clean_r4	local_peeled_tag
external/libudev-zero	platform/external/libudev-zero	refs/tags/android-16.0.0_r4	b064bcc24fe28bd9c3ab4594fb306692e0e63f30	b064bcc24fe28bd9c3ab4594fb306692e0e63f30	18cf85673698190df7da38bbc2f07638abd14acd	yes	yes	0	present_clean_r4	local_peeled_tag
external/libultrahdr	platform/external/libultrahdr	refs/tags/android-16.0.0_r4	4a5906659019f5b73b211759d0bfca0375fc6300	4a5906659019f5b73b211759d0bfca0375fc6300	527f8e19cc05aaf5ba0a0ceaa7c03eb844b0e202	yes	yes	0	present_clean_r4	local_peeled_tag
external/liburing	platform/external/liburing	refs/tags/android-16.0.0_r4	7f3db76494e01117fb7e585dcac86c762431ae33	7f3db76494e01117fb7e585dcac86c762431ae33	255631992c82fb1e9800b41cfe12c486cdcbb23e	yes	yes	0	present_clean_r4	local_peeled_tag
external/libusb	platform/external/libusb	refs/tags/android-16.0.0_r4	1d9ef190b0c57d2135b916ec2e0e0beed417a1e1	1d9ef190b0c57d2135b916ec2e0e0beed417a1e1	63c44d9ef19a3dd435f0f1239df18ca0235fb9fa	yes	yes	0	present_clean_r4	local_peeled_tag
external/libutf	platform/external/libutf	refs/tags/android-16.0.0_r4	abf38f0bc29916df7c239f4cee441ebd53fae3bc	abf38f0bc29916df7c239f4cee441ebd53fae3bc	73fd60bba314dfcf62080b4568ef8d73811cbd2e	yes	yes	0	present_clean_r4	local_peeled_tag
external/libva	platform/external/libva	refs/tags/android-16.0.0_r4	f1e604b4411f092fec6574af04a1830a491e2fa8	f1e604b4411f092fec6574af04a1830a491e2fa8	9c5ce03372589af897a11a5a516e4f0975be443e	yes	yes	0	present_clean_r4	local_peeled_tag
external/libva-utils	platform/external/libva-utils	refs/tags/android-16.0.0_r4	51ba9a82b755f3f87199ae84225e6c1490937112	51ba9a82b755f3f87199ae84225e6c1490937112	767864ab399a3052af58a22c46529c04bf9745d7	yes	yes	0	present_clean_r4	local_peeled_tag
external/libvpx	platform/external/libvpx	refs/tags/android-16.0.0_r4	f698661427ae51eb06effb1c274b9ad0c1a4fd64	f698661427ae51eb06effb1c274b9ad0c1a4fd64	885e02564fa5d6102577c7afa11ed6177a87a166	yes	yes	0	present_clean_r4	local_peeled_tag
external/libwebm	platform/external/libwebm	refs/tags/android-16.0.0_r4	eb36c48d5c47fe89f952135b668c634ca7094a4b	eb36c48d5c47fe89f952135b668c634ca7094a4b	1b2003b50865ce2b05c59756b32fa768f47f65ca	yes	yes	0	present_clean_r4	local_peeled_tag
external/libwebsockets	platform/external/libwebsockets	refs/tags/android-16.0.0_r4	28a4ac37383192ec08d6a700bdb6e2cc126210ff	28a4ac37383192ec08d6a700bdb6e2cc126210ff	04d46b395f8491ba9c1d4d13d592a8f52dc8b9a1	yes	yes	0	present_clean_r4	local_peeled_tag
external/libxaac	platform/external/libxaac	refs/tags/android-16.0.0_r4	567c7713c94e09ebff6d0c95fd1edb9c1f7e76c8	567c7713c94e09ebff6d0c95fd1edb9c1f7e76c8	9ef456ddb5408369cd290dbaa1764f30d7828cb8	yes	yes	0	present_clean_r4	local_peeled_tag
external/libxkbcommon	platform/external/libxkbcommon	refs/tags/android-16.0.0_r4	fc67986a8d259b977f6ecc6759794796825eb679	fc67986a8d259b977f6ecc6759794796825eb679	457781ff081a34a135a166970441341de771850b	yes	yes	0	present_clean_r4	local_peeled_tag
external/libxml2	platform/external/libxml2	refs/tags/android-16.0.0_r4	70aef28f676300c9c49c11a6922bb6a8d7701383	70aef28f676300c9c49c11a6922bb6a8d7701383	e124af4b7ba4c4b661d59c4c254a9ef8e01d7d7c	yes	yes	0	present_clean_r4	local_peeled_tag
external/libyaml	platform/external/libyaml	refs/tags/android-16.0.0_r4	736a2eaaaaf54bf344f2a04eb58b29decfe8e771	736a2eaaaaf54bf344f2a04eb58b29decfe8e771	94f3762a5de88a5884992799981d4bc2bfd30d0f	yes	yes	0	present_clean_r4	local_peeled_tag
external/libyuv	platform/external/libyuv	refs/tags/android-16.0.0_r4	c85202187252d49b939f11cf27b344436ecfaa09	c85202187252d49b939f11cf27b344436ecfaa09	26e5cb02f4a9ef4b870ecb704cfdf7a1c1174e57	yes	yes	0	present_clean_r4	local_peeled_tag
external/licenseclassifier	platform/external/licenseclassifier	refs/tags/android-16.0.0_r4	138a524227f441af0b7ae0faf21a771954e3324d	138a524227f441af0b7ae0faf21a771954e3324d	a9037cca268b49c43bf06375d12149b2c562f092	yes	yes	0	present_clean_r4	local_peeled_tag
external/linux-firmware	platform/external/linux-firmware	refs/tags/android-16.0.0_r4	8d1f08f913611c2d6b7598e0f2a59dc556aced61	8d1f08f913611c2d6b7598e0f2a59dc556aced61	a7a1d00b3b9d251e06a86bbdf77071ef925ab3fd	yes	yes	0	present_clean_r4	local_peeled_tag
external/linux-kselftest	platform/external/linux-kselftest	refs/tags/android-16.0.0_r4	0399df1163f7d70f5cc6a84b47255f5573255862	0399df1163f7d70f5cc6a84b47255f5573255862	147210852e2f21e5bac459777ff02ed48ac7b923	yes	yes	0	present_clean_r4	local_peeled_tag
external/Little-CMS	platform/external/Little-CMS	refs/tags/android-16.0.0_r4	08dc4e7101bf4f5498e89813f7cc4af522ef2d44	08dc4e7101bf4f5498e89813f7cc4af522ef2d44	a4dc7a5c6d23590f6ec80852eb9d79cee349be56	yes	yes	0	present_clean_r4	local_peeled_tag
external/llvm	platform/external/llvm	refs/tags/android-16.0.0_r4	abb5b992085afe2781330a292457a340c0280787	abb5b992085afe2781330a292457a340c0280787	622975d4a07874cfc4f9743d200f86e8a2786e12	yes	yes	0	present_clean_r4	local_peeled_tag
external/llvm-libc	platform/external/llvm-libc	refs/tags/android-16.0.0_r4	24af38d6527d0ee6d61cea5052c83a01725ac98f	24af38d6527d0ee6d61cea5052c83a01725ac98f	f2f768fd111f8a4885619bfad4b4cc835ecbde15	yes	yes	0	present_clean_r4	local_peeled_tag
external/lottie	platform/external/lottie	refs/tags/android-16.0.0_r4	cdaaa0ca5fa89f36cfb46605b1acaec16d1afbb0	cdaaa0ca5fa89f36cfb46605b1acaec16d1afbb0	7c1f618e336d98e8d5e845595e97d0b16ed65106	yes	yes	0	present_clean_r4	local_peeled_tag
external/lua	platform/external/lua	refs/tags/android-16.0.0_r4	32927b80c3fcba2cee73f03d1cc4a982a9426032	32927b80c3fcba2cee73f03d1cc4a982a9426032	610cb89f533f7f25180ac931eae1c6720ca1644a	yes	yes	0	present_clean_r4	local_peeled_tag
external/ltp	platform/external/ltp	refs/tags/android-16.0.0_r4	e50accc1918c1a99ac89fe35e87be0379a4909b6	e50accc1918c1a99ac89fe35e87be0379a4909b6	55763b62ff08a91fb32ea86a79a5426a21f182c3	yes	yes	0	present_clean_r4	local_peeled_tag
external/lz4	platform/external/lz4	refs/tags/android-16.0.0_r4	2fe12748754b3c4f6456b63207fe39d9bffa56c2	2fe12748754b3c4f6456b63207fe39d9bffa56c2	0ee39c46203a87713c8000e482f6460fdc823d6d	yes	yes	0	present_clean_r4	local_peeled_tag
external/lzma	platform/external/lzma	refs/tags/android-16.0.0_r4	1ce995691b4d4bf3a64683765c04e5b507746c24	1ce995691b4d4bf3a64683765c04e5b507746c24	229045c77f0964503df4d26375ca1fb89128e30b	yes	yes	0	present_clean_r4	local_peeled_tag
external/marisa-trie	platform/external/marisa-trie	refs/tags/android-16.0.0_r4	82e515bcaac323a3f745567b65f25816ec931e9a	82e515bcaac323a3f745567b65f25816ec931e9a	754d2aea65afc49cb0d9445357ef6d832563eaeb	yes	yes	0	present_clean_r4	local_peeled_tag
external/mbedtls	platform/external/mbedtls	refs/tags/android-16.0.0_r4	5731ff2c1696892a134e0ff4c1d4fd482bc0b2e2	5731ff2c1696892a134e0ff4c1d4fd482bc0b2e2	647bd47b1357fa9dd96039c15e7fea45d4b4c621	yes	yes	0	present_clean_r4	local_peeled_tag
external/mdnsresponder	platform/external/mdnsresponder	refs/tags/android-16.0.0_r4	3e0189c4d3be5272398b1ea6ad2f223a973d0ea2	3e0189c4d3be5272398b1ea6ad2f223a973d0ea2	e041d427a11f1a6e0d16f16f5a231fa1c8224ffb	yes	yes	0	present_clean_r4	local_peeled_tag
external/mesa3d	platform/external/mesa3d	refs/tags/android-16.0.0_r4	d4b6f1eba289310b16ee77bedb3c1cf467b6b6fd	d4b6f1eba289310b16ee77bedb3c1cf467b6b6fd	45e5d55df20b0b6fe60cee30d1f3c1e49a1a1488	yes	yes	0	present_clean_r4	local_peeled_tag
external/mime-support	platform/external/mime-support	refs/tags/android-16.0.0_r4	95c94938697a1ae9bd1411af7eda185caabfe6a0	95c94938697a1ae9bd1411af7eda185caabfe6a0	fd94a658512a6f6a62f582c5ad3f6667bae6c5d4	yes	yes	0	present_clean_r4	local_peeled_tag
external/minigbm	platform/external/minigbm	refs/tags/android-16.0.0_r4	b7c93249f685222a524c51403719493cc114ff5d	b7c93249f685222a524c51403719493cc114ff5d	1bc1b2cda5fcc9be287bf08cd3fdfa36fc7f7a66	yes	yes	0	present_clean_r4	local_peeled_tag
external/minijail	platform/external/minijail	refs/tags/android-16.0.0_r4	ab6cd0f786481e2deecfe6f8563ae0d2416bd460	ab6cd0f786481e2deecfe6f8563ae0d2416bd460	6ee3d5c34c53da7158b28c5cccecafd078339a56	yes	yes	0	present_clean_r4	local_peeled_tag
external/mksh	platform/external/mksh	refs/tags/android-16.0.0_r4	1548076841f243748a3f56da23b38794d437bc12	1548076841f243748a3f56da23b38794d437bc12	57ba8b3ab85c6d79171453c42baec1e845d4e30a	yes	yes	0	present_clean_r4	local_peeled_tag
external/ml_dtypes	platform/external/ml_dtypes	refs/tags/android-16.0.0_r4	5a2db782144be7906545ca5ce65518da7d6c00d0	5a2db782144be7906545ca5ce65518da7d6c00d0	8fe86251d8a9286c59244c85a3a8e9794da948e7	yes	yes	0	present_clean_r4	local_peeled_tag
external/minidns	platform/external/minidns	refs/tags/android-16.0.0_r4	25200e92a0e8ff40266d2b23e6cae835fccc2274	25200e92a0e8ff40266d2b23e6cae835fccc2274	0d644f6d021940bed8de8254aa42cc40fe076293	yes	yes	0	present_clean_r4	local_peeled_tag
external/mobile-data-download	platform/external/mobile-data-download	refs/tags/android-16.0.0_r4	18eea8ac71948632adc0c89104ba0478c6ce9154	18eea8ac71948632adc0c89104ba0478c6ce9154	f6d6cb6f9546352cc8277b1a1e370f67614cb6f4	yes	yes	0	present_clean_r4	local_peeled_tag
external/mobly-bundled-snippets	platform/external/mobly-bundled-snippets	refs/tags/android-16.0.0_r4	eb69c1c63edfbe93606cbb2aaff4f224b862bbdf	eb69c1c63edfbe93606cbb2aaff4f224b862bbdf	ca19e1c1802e147159ca3a3626e02f978ea14a2e	yes	yes	0	present_clean_r4	local_peeled_tag
external/mobly-snippet-lib	platform/external/mobly-snippet-lib	refs/tags/android-16.0.0_r4	68507994db178b5747c60819f42ec1d6e4b1f7bb	68507994db178b5747c60819f42ec1d6e4b1f7bb	a53944d777eabea6159d419ebd1d1cad6c19a020	yes	yes	0	present_clean_r4	local_peeled_tag
external/mockftpserver	platform/external/mockftpserver	refs/tags/android-16.0.0_r4	455cd7f2c2b34bb2a1bbd8163e4a6c4368513a2b	455cd7f2c2b34bb2a1bbd8163e4a6c4368513a2b	008bdd81f31dd5cd9516b6f9b35233c57a516afc	yes	yes	0	present_clean_r4	local_peeled_tag
external/mockito	platform/external/mockito	refs/tags/android-16.0.0_r4	7b823c289e8da2f6095fe5464029edd3f5c30e1b	7b823c289e8da2f6095fe5464029edd3f5c30e1b	a31e4f9fd9509e67c9f812f9f2c63bce350f3b02	yes	yes	0	present_clean_r4	local_peeled_tag
external/mockito-kotlin	platform/external/mockito-kotlin	refs/tags/android-16.0.0_r4	a96759a8e4d4aef5664dfdeafd5c6e42e16cc866	a96759a8e4d4aef5664dfdeafd5c6e42e16cc866	7c2df5315daf377ab953c55e3e7fca1999841a82	yes	yes	0	present_clean_r4	local_peeled_tag
external/mockwebserver	platform/external/mockwebserver	refs/tags/android-16.0.0_r4	e63d64d845e3f12d5970fa66120a023aab9b23fe	e63d64d845e3f12d5970fa66120a023aab9b23fe	da20c6864250fadc49e8d22f37ed0c36974ad22f	yes	yes	0	present_clean_r4	local_peeled_tag
external/modp_b64	platform/external/modp_b64	refs/tags/android-16.0.0_r4	5dac538059455079c873d306d25e0c6c75ea3845	5dac538059455079c873d306d25e0c6c75ea3845	e10578934c41dc96e089969d4c5757660027b48c	yes	yes	0	present_clean_r4	local_peeled_tag
external/moshi	platform/external/moshi	refs/tags/android-16.0.0_r4	c36bf249d9f94428c8b423944438c757bb23df3d	c36bf249d9f94428c8b423944438c757bb23df3d	fc3aea6a8499962c973aae0289ff4cc3c7ec4450	yes	yes	0	present_clean_r4	local_peeled_tag
external/mp4parser	platform/external/mp4parser	refs/tags/android-16.0.0_r4	5fb3a384c61d89c24954a5eac2e98ea83d4abf7c	5fb3a384c61d89c24954a5eac2e98ea83d4abf7c	85c102cc96087b34366960fae5adc57df0159dde	yes	yes	0	present_clean_r4	local_peeled_tag
external/MPAndroidChart	platform/external/MPAndroidChart	refs/tags/android-16.0.0_r4	cdaa76f6e0cc1f4dc0e1174d8497f9694c794a32	cdaa76f6e0cc1f4dc0e1174d8497f9694c794a32	9b39886a2e4aff683b007992630ae6200304d8be	yes	yes	0	present_clean_r4	local_peeled_tag
external/mpdecimal	platform/external/mpdecimal	refs/tags/android-16.0.0_r4	ed7ca08a5e74aab5f0c5a15cbc08f2364dbe69a3	ed7ca08a5e74aab5f0c5a15cbc08f2364dbe69a3	96c3f8ed5a37b383228edf64cdd4d553422ccc21	yes	yes	0	present_clean_r4	local_peeled_tag
external/ms-tpm-20-ref	platform/external/ms-tpm-20-ref	refs/tags/android-16.0.0_r4	b9b2fe1eb1af5307e66e3e3e47653b461efc3561	b9b2fe1eb1af5307e66e3e3e47653b461efc3561	3c5d70c6f1a2645086f1d44b48e7017303876376	yes	yes	0	present_clean_r4	local_peeled_tag
external/mtools	platform/external/mtools	refs/tags/android-16.0.0_r4	f8b0c55d92741eae113cdf2177e49f53f0bd3fb5	f8b0c55d92741eae113cdf2177e49f53f0bd3fb5	a566f7fc819fff9a8430fc27b4ced7a9600fe9a2	yes	yes	0	present_clean_r4	local_peeled_tag
external/musl	platform/external/musl	refs/tags/android-16.0.0_r4	685ca1143a42c396698919efb5954f42143e96be	685ca1143a42c396698919efb5954f42143e96be	86dca36b34b1d73f96ed275874c6ee4a13bff6d8	yes	yes	0	present_clean_r4	local_peeled_tag
external/nanohttpd	platform/external/nanohttpd	refs/tags/android-16.0.0_r4	4711b67f075d8ed195ca46785b125dbea03982c3	4711b67f075d8ed195ca46785b125dbea03982c3	4d1d00cb29b1bf9f4fb91605be14e2c01ce07d04	yes	yes	0	present_clean_r4	local_peeled_tag
external/nanopb-c	platform/external/nanopb-c	refs/tags/android-16.0.0_r4	8fd36ce32b38f2a16dfdef845f064b42df0e4ab3	8fd36ce32b38f2a16dfdef845f064b42df0e4ab3	ca0dab7379a755cce7e876ff8ca397dcb57ca2b1	yes	yes	0	present_clean_r4	local_peeled_tag
external/naver-fonts	platform/external/naver-fonts	refs/tags/android-16.0.0_r4	84a4fd4c38c3fe0bed6953a8c6303efe866cdc85	84a4fd4c38c3fe0bed6953a8c6303efe866cdc85	c2770083cb50564edf03e04b537aed283290f30c	yes	yes	0	present_clean_r4	local_peeled_tag
external/neon_2_sse	platform/external/neon_2_sse	refs/tags/android-16.0.0_r4	80a68eefdccd99baeea4880baa1b4c25f2618725	80a68eefdccd99baeea4880baa1b4c25f2618725	b74594106b475046ac4ad9c234fd111463760f16	yes	yes	0	present_clean_r4	local_peeled_tag
external/neven	platform/external/neven	refs/tags/android-16.0.0_r4	09a3bc2b0b971b159074707c36669520a47b684f	09a3bc2b0b971b159074707c36669520a47b684f	ffea8fdec9b11d4ff1c548e2eb497e41b9fe9ffe	yes	yes	0	present_clean_r4	local_peeled_tag
external/newfs_msdos	platform/external/newfs_msdos	refs/tags/android-16.0.0_r4	3e2e9979666632c10339a9fae0696ab43a479ee0	3e2e9979666632c10339a9fae0696ab43a479ee0	58a9d98f3c7f649ef0f3866a4bfd63390e3a71a5	yes	yes	0	present_clean_r4	local_peeled_tag
external/nist-pkits	platform/external/nist-pkits	refs/tags/android-16.0.0_r4	de62530b71e1f6c1cb2b80a4675fbdd4edda0990	de62530b71e1f6c1cb2b80a4675fbdd4edda0990	2838e0b2134f106a6ec6769d2a7ec91630da4e56	yes	yes	0	present_clean_r4	local_peeled_tag
external/nist-sip	platform/external/nist-sip	refs/tags/android-16.0.0_r4	95f225c116d2ce3f099277bbdb2dad3afc7d9050	95f225c116d2ce3f099277bbdb2dad3afc7d9050	1f7f9b62e8e0ba3bf75c4a96962fd20e6dd2a7fb	yes	yes	0	present_clean_r4	local_peeled_tag
external/nos/host/generic	platform/external/nos/host/generic	refs/tags/android-16.0.0_r4	3716318e0e9a9230fd2d459aebd9f455eb13e8e5	3716318e0e9a9230fd2d459aebd9f455eb13e8e5	a850661be42426d62d6ac5c39620c4c99da4651b	yes	yes	0	present_clean_r4	local_peeled_tag
external/noto-fonts	platform/external/noto-fonts	refs/tags/android-16.0.0_r4	149d2ec6b8077497bcc3affa8c90112bada8baae	149d2ec6b8077497bcc3affa8c90112bada8baae	9ec42100128362ea87a9004f53451d7bd5681ffb	yes	yes	0	present_clean_r4	local_peeled_tag
external/nullaway	platform/external/nullaway	refs/tags/android-16.0.0_r4	38a56fd243facc1db24add2907dc3dfdecafe06e	38a56fd243facc1db24add2907dc3dfdecafe06e	06c3cac540b42e76c78fd53af5f9bb5cdfdb014a	yes	yes	0	present_clean_r4	local_peeled_tag
external/oauth	platform/external/oauth	refs/tags/android-16.0.0_r4	bb1a7bd835d7a38ea2516d2d4e5ea8b558356be7	bb1a7bd835d7a38ea2516d2d4e5ea8b558356be7	7ca28bee4e2cc212ca14689a20c7beda95d53d34	yes	yes	0	present_clean_r4	local_peeled_tag
external/obex	platform/external/obex	refs/tags/android-16.0.0_r4	30a8df82d29656fcc12020b28aa65bc592954634	30a8df82d29656fcc12020b28aa65bc592954634	bf509e17d978c60ab634457d5eabf3b111e9328f	yes	yes	0	present_clean_r4	local_peeled_tag
external/objenesis	platform/external/objenesis	refs/tags/android-16.0.0_r4	26a2fb53712b58f59c7d42edf9ae6df1ab27d469	26a2fb53712b58f59c7d42edf9ae6df1ab27d469	8a3268a4d8673d9ddc51e0f5baff1d5831a32ccf	yes	yes	0	present_clean_r4	local_peeled_tag
external/oboe	platform/external/oboe	refs/tags/android-16.0.0_r4	8ec1092c36bb05a444c02c4c56dc6af871a14a1b	8ec1092c36bb05a444c02c4c56dc6af871a14a1b	083e08f903370b041aef3f3d83177f64f4b37045	yes	yes	0	present_clean_r4	local_peeled_tag
external/obstack	platform/external/obstack	refs/tags/android-16.0.0_r4	44c78067a97ec001ed0f51be62aafb7e8fa4787b	44c78067a97ec001ed0f51be62aafb7e8fa4787b	8532762161db043e0af1e29c7072eda49d9fa23c	yes	yes	0	present_clean_r4	local_peeled_tag
external/oj-libjdwp	platform/external/oj-libjdwp	refs/tags/android-16.0.0_r4	3cddec8e6481172ae3c2761e54e2a97bc717a0d3	3cddec8e6481172ae3c2761e54e2a97bc717a0d3	ff779974b9ba02a0b8391405ca3dde559d4a42c9	yes	yes	0	present_clean_r4	local_peeled_tag
external/okhttp	platform/external/okhttp	refs/tags/android-16.0.0_r4	e3d37d381375156dfad90887870775137e0481bf	e3d37d381375156dfad90887870775137e0481bf	ff509d7d09ff932133b17ed3e607c523a2c9af82	yes	yes	0	present_clean_r4	local_peeled_tag
external/okio	platform/external/okio	refs/tags/android-16.0.0_r4	9980bc5321867f0399b98ee5f657fd217eb1bd3c	9980bc5321867f0399b98ee5f657fd217eb1bd3c	a2c0805d4a9982e09499572ee37fdf2922013bd3	yes	yes	0	present_clean_r4	local_peeled_tag
external/one-true-awk	platform/external/one-true-awk	refs/tags/android-16.0.0_r4	523eeb8d7fb9cf3c14dbdd8ea8b9d885f240eaee	523eeb8d7fb9cf3c14dbdd8ea8b9d885f240eaee	d32d476adbfbc9bd4dd543d6deac54b58e5d63b1	yes	yes	0	present_clean_r4	local_peeled_tag
external/opencensus-java	platform/external/opencensus-java	refs/tags/android-16.0.0_r4	414e96e8759c807ded4e2282a0c6e37b15482051	414e96e8759c807ded4e2282a0c6e37b15482051	0a0ae8aaa786d9bea85d5722288b481858a71861	yes	yes	0	present_clean_r4	local_peeled_tag
external/opencl/llvm-project	platform/external/opencl/llvm-project	refs/tags/android-16.0.0_r4	219e0081e4a957faeaa4ac6a587aadefc2928d2b	219e0081e4a957faeaa4ac6a587aadefc2928d2b	1701ddec7a26b0ec7d2a2fe42c48b00a6894b6b2	yes	yes	0	present_clean_r4	local_peeled_tag
external/OpenCL-CLHPP	platform/external/OpenCL-CLHPP	refs/tags/android-16.0.0_r4	d0b6cec161f3ef58b7adcdf2890f59741b791f01	d0b6cec161f3ef58b7adcdf2890f59741b791f01	c26215ee0b6d4213598f134943f79e185eab7e2b	yes	yes	0	present_clean_r4	local_peeled_tag
external/OpenCL-CTS	platform/external/OpenCL-CTS	refs/tags/android-16.0.0_r4	7f65be34c8f1e84fd2678303bde474f3b0077770	7f65be34c8f1e84fd2678303bde474f3b0077770	536ffb33cc009d0b74f89414a630bc486b385c93	yes	yes	0	present_clean_r4	local_peeled_tag
external/OpenCL-Headers	platform/external/OpenCL-Headers	refs/tags/android-16.0.0_r4	ca1e0a532607f1d4ce54fe30b6c92860f3e0b1af	ca1e0a532607f1d4ce54fe30b6c92860f3e0b1af	85a3654aa1da5df5a2cb9ee8de050d0f609dcb52	yes	yes	0	present_clean_r4	local_peeled_tag
external/OpenCL-ICD-Loader	platform/external/OpenCL-ICD-Loader	refs/tags/android-16.0.0_r4	1d470373f777b1d644e5aa2d6ab8e290af11eb63	1d470373f777b1d644e5aa2d6ab8e290af11eb63	24741ae8e3788ddee49d05546b6f7aebb8f407e1	yes	yes	0	present_clean_r4	local_peeled_tag
external/OpenCSD	platform/external/OpenCSD	refs/tags/android-16.0.0_r4	0119862f1977a4d0aba88aa5cef3d3d868841eef	0119862f1977a4d0aba88aa5cef3d3d868841eef	32bb00de9409d075900989bd6f317f0dfee22941	yes	yes	0	present_clean_r4	local_peeled_tag
external/open-dice	platform/external/open-dice	refs/tags/android-16.0.0_r4	83e3ab97638a3b58a317fe37ba29ffeb5ae3f0ec	83e3ab97638a3b58a317fe37ba29ffeb5ae3f0ec	07ffe3d2006c4b0c0b7defaf7e451418a91299ff	yes	yes	0	present_clean_r4	local_peeled_tag
external/openscreen	platform/external/openscreen	refs/tags/android-16.0.0_r4	3f982cf4871df8771c9d4abe6e9a6f8d829b2736	3f982cf4871df8771c9d4abe6e9a6f8d829b2736	3aa90632ce39b77972efc0f5cf4dcdd19c3a7183	yes	yes	0	present_clean_r4	local_peeled_tag
external/openthread	platform/external/openthread	refs/tags/android-16.0.0_r4	0eeea1a16c2fab1ab4fa579aa5be4d533587f559	0eeea1a16c2fab1ab4fa579aa5be4d533587f559	e632534edfee5374d01338e32660b8221a13e1e6	yes	yes	0	present_clean_r4	local_peeled_tag
external/openwrt-prebuilts	platform/external/openwrt-prebuilts	refs/tags/android-16.0.0_r4	334752cde4077056e869a77db669b27f29cef42e	334752cde4077056e869a77db669b27f29cef42e	cffcb1c3997b0817e20d7290d1ddc4fd1865e33c	yes	yes	0	present_clean_r4	local_peeled_tag
external/opus-experimental	platform/external/opus-experimental	refs/tags/android-16.0.0_r4	dde45408c2e64101af23d2161d33bcef0e0c0599	dde45408c2e64101af23d2161d33bcef0e0c0599	022f429c25a7db161bfc84697d39bb7bb8adcdf4	yes	yes	0	present_clean_r4	local_peeled_tag
external/ot-br-posix	platform/external/ot-br-posix	refs/tags/android-16.0.0_r4	35f477b23a6094fe3bdc58a21e6fdc25efc258ae	35f477b23a6094fe3bdc58a21e6fdc25efc258ae	cb012a69bfdb48ed20c2b7a79ed10f08f18d89ce	yes	yes	0	present_clean_r4	local_peeled_tag
external/ow2-asm	platform/external/ow2-asm	refs/tags/android-16.0.0_r4	41662b7d1507816d9965d9e408a53e2c19ff32fc	41662b7d1507816d9965d9e408a53e2c19ff32fc	fb26a2ec6438959837fb07a314cc066ca6c4cee4	yes	yes	0	present_clean_r4	local_peeled_tag
external/owasp/java-encoder	platform/external/owasp/java-encoder	refs/tags/android-16.0.0_r4	5d7fbf33e4d52171d4882fe5832aa499488c75a4	5d7fbf33e4d52171d4882fe5832aa499488c75a4	c137f9fbba516f68cbcb9407f9c66dd2e870d1cb	yes	yes	0	present_clean_r4	local_peeled_tag
external/owasp/sanitizer	platform/external/owasp/sanitizer	refs/tags/android-16.0.0_r4	c99b5ba49b4abda41b3cc3d4ef16275da7e69e00	c99b5ba49b4abda41b3cc3d4ef16275da7e69e00	9022117b17a12fa8ff744e3e7c0bd35cb52fe25e	yes	yes	0	present_clean_r4	local_peeled_tag
external/pffft	platform/external/pffft	refs/tags/android-16.0.0_r4	9bc003aef1c0c120735aeeb1098ef830c265c98c	9bc003aef1c0c120735aeeb1098ef830c265c98c	42ea19da35ca81477eb8e81414c7c8b2c977d8b4	yes	yes	0	present_clean_r4	local_peeled_tag
external/pandora/mmi2grpc	platform/external/pandora/mmi2grpc	refs/tags/android-16.0.0_r4	ad261ed1348aa9342461569321580180a4bdca3d	ad261ed1348aa9342461569321580180a4bdca3d	768d4eabf929fa8f0d2243e4defdc7dddd9b4aee	yes	yes	0	present_clean_r4	local_peeled_tag
external/parameter-framework	platform/external/parameter-framework	refs/tags/android-16.0.0_r4	c7e796fc64ba556e515bd7135d850a87a477f9a8	c7e796fc64ba556e515bd7135d850a87a477f9a8	4708b35a5d069433b6ca84b0e43ac60ab8c561ed	yes	yes	0	present_clean_r4	local_peeled_tag
external/pcre	platform/external/pcre	refs/tags/android-16.0.0_r4	7daf2cbbe9fbbbe61325eef5f0b420469e0c4795	7daf2cbbe9fbbbe61325eef5f0b420469e0c4795	519031806a00c714654d2d92a0e88d27b939236b	yes	yes	0	present_clean_r4	local_peeled_tag
external/pciutils	platform/external/pciutils	refs/tags/android-16.0.0_r4	67fa30ec11d0221c233967f94674b45708d8b3d3	67fa30ec11d0221c233967f94674b45708d8b3d3	13acd91430b4c38c7356c000ced412eba6f235f5	yes	yes	0	present_clean_r4	local_peeled_tag
external/pdfium	platform/external/pdfium	refs/tags/android-16.0.0_r4	3500261c5072bb421ddd45ae00f78d1601a11450	3500261c5072bb421ddd45ae00f78d1601a11450	e4e0cbc53782093b570ac67b99a4c0c5b8cb4771	yes	yes	0	present_clean_r4	local_peeled_tag
external/perfetto	platform/external/perfetto	refs/tags/android-16.0.0_r4	df0f96de5f5c811168454194966553c869d56a80	df0f96de5f5c811168454194966553c869d56a80	29f73971843c8d89e96adebecf9e5baf97895124	yes	yes	0	present_clean_r4	local_peeled_tag
external/perfmark	platform/external/perfmark	refs/tags/android-16.0.0_r4	5fafb681d72466a864ee63d3fbcd7a3aab605983	5fafb681d72466a864ee63d3fbcd7a3aab605983	50aaf000c5bc34fdc4bf8cb85ba8cb1d75258bb9	yes	yes	0	present_clean_r4	local_peeled_tag
external/piex	platform/external/piex	refs/tags/android-16.0.0_r4	c7c1d44ab9b98e9e51baf1e5d02f65ba03fbed28	c7c1d44ab9b98e9e51baf1e5d02f65ba03fbed28	7682f4e7561d1bd71e9b7415e419697bd1bb4df1	yes	yes	0	present_clean_r4	local_peeled_tag
external/pigweed	platform/external/pigweed	refs/tags/android-16.0.0_r4	ae09ccccebfd6a04ec8136fa59058b9bb7f282b3	ae09ccccebfd6a04ec8136fa59058b9bb7f282b3	4edc889d9548a9efad62ac14dc15e80b8a3fb92a	yes	yes	0	present_clean_r4	local_peeled_tag
external/pixman	platform/external/pixman	refs/tags/android-16.0.0_r4	db66ed62dc1ac4ee6e5ae0bee7e5839a7bfffffa	db66ed62dc1ac4ee6e5ae0bee7e5839a7bfffffa	a7a68e1f5fa4d709a1af32ff152c4699acddcf1b	yes	yes	0	present_clean_r4	local_peeled_tag
external/ply	platform/external/ply	refs/tags/android-16.0.0_r4	a7a2535527a6e0effc114ecc41a15b6a23df6ce4	a7a2535527a6e0effc114ecc41a15b6a23df6ce4	f9b95e2014583eb35ca08c2f8b17fe427f6c369e	yes	yes	0	present_clean_r4	local_peeled_tag
external/pogreb	platform/external/pogreb	refs/tags/android-16.0.0_r4	c7851d75ff3a7b8228f548f7235d48cee9130971	c7851d75ff3a7b8228f548f7235d48cee9130971	d0c16a779e08305bb9cde49ae460c460e3ffc576	yes	yes	0	present_clean_r4	local_peeled_tag
external/private-join-and-compute	platform/external/private-join-and-compute	refs/tags/android-16.0.0_r4	c0625685cd133b3f39d16a2a7ff6f1e5658b06a1	c0625685cd133b3f39d16a2a7ff6f1e5658b06a1	58b21e40a97d67b172a53288c92abb8ad74e801f	yes	yes	0	present_clean_r4	local_peeled_tag
external/protobuf	platform/external/protobuf	refs/tags/android-16.0.0_r4	31fc4250f78631cf8f4f1cc48b200acf11e9c884	31fc4250f78631cf8f4f1cc48b200acf11e9c884	45ebce2d505e8a379f0b7b06aff532260f699597	yes	yes	0	present_clean_r4	local_peeled_tag
external/pthreadpool	platform/external/pthreadpool	refs/tags/android-16.0.0_r4	4f02f772783c4a03bdc40b87221456b86d336200	4f02f772783c4a03bdc40b87221456b86d336200	0154af48330d4c3521511fcf95d523494fdba38b	yes	yes	0	present_clean_r4	local_peeled_tag
external/puffin	platform/external/puffin	refs/tags/android-16.0.0_r4	fe7849d801fe24e303f6418d480c5a72405cedee	fe7849d801fe24e303f6418d480c5a72405cedee	2b4c6e0060e5db2629f506a61bc13a2ab0b16d22	yes	yes	0	present_clean_r4	local_peeled_tag
external/python/absl-py	platform/external/python/absl-py	refs/tags/android-16.0.0_r4	36b3259addca1297dad9e00de002cb4a9c85766a	36b3259addca1297dad9e00de002cb4a9c85766a	b16a6637048bcf9d1f08e9ff470c349b92ab6279	yes	yes	0	present_clean_r4	local_peeled_tag
external/python/apitools	platform/external/python/apitools	refs/tags/android-16.0.0_r4	f5b9199794c70c353f212cdf2d3fe576557afaf6	f5b9199794c70c353f212cdf2d3fe576557afaf6	3c473187f3543f03065f9827bfc27332e19fba71	yes	yes	0	present_clean_r4	local_peeled_tag
external/python/asn1crypto	platform/external/python/asn1crypto	refs/tags/android-16.0.0_r4	5e086bcdd748cf10165328244b5d3e4c90a390c5	5e086bcdd748cf10165328244b5d3e4c90a390c5	ce9c0ee869b03327e867897eaf66de8dde2a3d69	yes	yes	0	present_clean_r4	local_peeled_tag
external/python/bumble	platform/external/python/bumble	refs/tags/android-16.0.0_r4	7b833b5929845157869086853d1ba22d62573998	7b833b5929845157869086853d1ba22d62573998	4fe583c9bcb8a45c87913ce8d103a26ba6d15cba	yes	yes	0	present_clean_r4	local_peeled_tag
external/python/cachetools	platform/external/python/cachetools	refs/tags/android-16.0.0_r4	e7fc0ce906fa64166504aba2bd2b5ef96087f96d	e7fc0ce906fa64166504aba2bd2b5ef96087f96d	9e7c858c5a3d273be97cc2f1800d76b971f1b835	yes	yes	0	present_clean_r4	local_peeled_tag
external/python/cpplint	platform/external/python/cpplint	refs/tags/android-16.0.0_r4	2b609292d913c8bbecbd2354fc189f2ac434e151	2b609292d913c8bbecbd2354fc189f2ac434e151	89bb3e8279d6add336383ef4c89b992d16310e3d	yes	yes	0	present_clean_r4	local_peeled_tag
external/python/cpython3	platform/external/python/cpython3	refs/tags/android-16.0.0_r4	d21fbafbf128b5518b988cd5ff63c23bdb41cab6	d21fbafbf128b5518b988cd5ff63c23bdb41cab6	b726fe31d2538d0063763eb0bbcbe8c2031440a7	yes	yes	0	present_clean_r4	local_peeled_tag
external/python/dateutil	platform/external/python/dateutil	refs/tags/android-16.0.0_r4	93a86c17644654fae7df03f20cb7b61f672315da	93a86c17644654fae7df03f20cb7b61f672315da	e2e8d4b0a8b0087bafe826d31be4ed37f11c1763	yes	yes	0	present_clean_r4	local_peeled_tag
external/python/enum34	platform/external/python/enum34	refs/tags/android-16.0.0_r4	3ba8a936b2bfeefca87d0dbffd5aa52b8e0e4471	3ba8a936b2bfeefca87d0dbffd5aa52b8e0e4471	3149e7094acfd72c857544cb20dadc105eb1619f	yes	yes	0	present_clean_r4	local_peeled_tag
external/python/google-auth-library-python	platform/external/python/google-auth-library-python	refs/tags/android-16.0.0_r4	46e96844758592ebba0935bbc7757a4d460b9920	46e96844758592ebba0935bbc7757a4d460b9920	7bbe5e1ae9a94289e5b196031fe3b9eee274ff9e	yes	yes	0	present_clean_r4	local_peeled_tag
external/python/google-api-python-client	platform/external/python/google-api-python-client	refs/tags/android-16.0.0_r4	9bb5d18c9e8dcc25f8be6359e2dcffba23851acb	9bb5d18c9e8dcc25f8be6359e2dcffba23851acb	2f34ac491a1a0d771fbca4510a995de7afe1ea37	yes	yes	0	present_clean_r4	local_peeled_tag
external/python/httplib2	platform/external/python/httplib2	refs/tags/android-16.0.0_r4	687cf78d161fda727f554c68c3efa4d4ae0e8222	687cf78d161fda727f554c68c3efa4d4ae0e8222	257aa7810e2ca847642d609dab2c55cff29f1137	yes	yes	0	present_clean_r4	local_peeled_tag
external/python/ipaddress	platform/external/python/ipaddress	refs/tags/android-16.0.0_r4	19c5e177c75bcc802f5ac1c6e5b2db1d64f2e280	19c5e177c75bcc802f5ac1c6e5b2db1d64f2e280	1658cb90958498bab43d7ddd0aa2ef61be41ff5d	yes	yes	0	present_clean_r4	local_peeled_tag
external/python/jinja	platform/external/python/jinja	refs/tags/android-16.0.0_r4	db4425b00090bad6d41aecc08ce24252d7ffd53d	db4425b00090bad6d41aecc08ce24252d7ffd53d	f9a59e331e4390b41dc52dd2a49b5c4609108b12	yes	yes	0	present_clean_r4	local_peeled_tag
external/python/mako	platform/external/python/mako	refs/tags/android-16.0.0_r4	b1ac4559ba5d19eecfca7c915b3b134bd6fff13b	b1ac4559ba5d19eecfca7c915b3b134bd6fff13b	693ba25df51b82d210e938cc894c1866b064acbe	yes	yes	0	present_clean_r4	local_peeled_tag
external/python/markupsafe	platform/external/python/markupsafe	refs/tags/android-16.0.0_r4	eda387a01ffc563c29997d3021330e0d5586194c	eda387a01ffc563c29997d3021330e0d5586194c	55e0391305221cc80296cf476605f12220affcd6	yes	yes	0	present_clean_r4	local_peeled_tag
external/python/mobly	platform/external/python/mobly	refs/tags/android-16.0.0_r4	5993d7e07d8aca65c230228f38bbd60417702a03	5993d7e07d8aca65c230228f38bbd60417702a03	b88c360d2b8d8f1dff2710b28d9d0e837e358f16	yes	yes	0	present_clean_r4	local_peeled_tag
external/python/oauth2client	platform/external/python/oauth2client	refs/tags/android-16.0.0_r4	7055ce09e3ed196a6da5365a86317046473a3374	7055ce09e3ed196a6da5365a86317046473a3374	b44cb24e5023b8ee0fbb6842549cf2fcda0b72af	yes	yes	0	present_clean_r4	local_peeled_tag
external/python/parse_type	platform/external/python/parse_type	refs/tags/android-16.0.0_r4	f7d29d019668002c9455e53db78c60eb8903294f	f7d29d019668002c9455e53db78c60eb8903294f	078e0a2d587b1432295aed7d0384dc453645c7b1	yes	yes	0	present_clean_r4	local_peeled_tag
external/python/pexpect	platform/external/python/pexpect	refs/tags/android-16.0.0_r4	7793a0b7967d4c02165cb380e7f151cc46eae2cc	7793a0b7967d4c02165cb380e7f151cc46eae2cc	ea4c06bf2a6f47d1db4b86ce8beacb7a6fbf6604	yes	yes	0	present_clean_r4	local_peeled_tag
external/python/portpicker	platform/external/python/portpicker	refs/tags/android-16.0.0_r4	2eed46a08010538e2f119a829503f3a550869a3c	2eed46a08010538e2f119a829503f3a550869a3c	7cbd8c537ecfcf27b783bef0f45889158590a36b	yes	yes	0	present_clean_r4	local_peeled_tag
external/python/ptyprocess	platform/external/python/ptyprocess	refs/tags/android-16.0.0_r4	1706b823e44633721e3a65b990d8d08a25a342d0	1706b823e44633721e3a65b990d8d08a25a342d0	59b46ffa7ea65686551138f11de513016fd80ef3	yes	yes	0	present_clean_r4	local_peeled_tag
external/python/pyasn1	platform/external/python/pyasn1	refs/tags/android-16.0.0_r4	0071cbf57b52336b8261f3903612a2d4d81669af	0071cbf57b52336b8261f3903612a2d4d81669af	b6e5828e71156e2a9426e91087d1caf9382a8f10	yes	yes	0	present_clean_r4	local_peeled_tag
external/python/pyasn1-modules	platform/external/python/pyasn1-modules	refs/tags/android-16.0.0_r4	98f5febb5f61c53f8d3831eafdbe0ec23cb97e32	98f5febb5f61c53f8d3831eafdbe0ec23cb97e32	7c206aae53b1a021aacd7b72ed8e54fce715acf4	yes	yes	0	present_clean_r4	local_peeled_tag
external/python/pycparser	platform/external/python/pycparser	refs/tags/android-16.0.0_r4	89730bc24e31958c06746901caa844ebea48a6f7	89730bc24e31958c06746901caa844ebea48a6f7	db9ca288822661b4f23157d74b8cefba55902b8e	yes	yes	0	present_clean_r4	local_peeled_tag
external/python/pyee	platform/external/python/pyee	refs/tags/android-16.0.0_r4	d67e4b09ff002069a025bfb232836eecab6dab52	d67e4b09ff002069a025bfb232836eecab6dab52	0863634e357756a9e5a0e4e937557f382a92b4f9	yes	yes	0	present_clean_r4	local_peeled_tag
external/python/pyfakefs	platform/external/python/pyfakefs	refs/tags/android-16.0.0_r4	fb425ade1f96cbb1bed51732664358b1a16e90b4	fb425ade1f96cbb1bed51732664358b1a16e90b4	a9532d63048c1b0da562bd0222eb1ed80a130708	yes	yes	0	present_clean_r4	local_peeled_tag
external/python/pyserial	platform/external/python/pyserial	refs/tags/android-16.0.0_r4	5379bcf1cdb91010d5a2cb3b84449d439b6eeaff	5379bcf1cdb91010d5a2cb3b84449d439b6eeaff	2853c5a10d3e85f486832752d2a4e8c6e31d42af	yes	yes	0	present_clean_r4	local_peeled_tag
external/python/python-api-core	platform/external/python/python-api-core	refs/tags/android-16.0.0_r4	947f3a51627b42655baad315b74467ceb2601538	947f3a51627b42655baad315b74467ceb2601538	c6e996cf059a35bdac1903d00468a45b7a8d0720	yes	yes	0	present_clean_r4	local_peeled_tag
external/python/pyyaml	platform/external/python/pyyaml	refs/tags/android-16.0.0_r4	2b0b641f346f725871cf4fcb13a1c39ebd15c691	2b0b641f346f725871cf4fcb13a1c39ebd15c691	072da5f16ef0c87dbf24ca02c76f78d70dcb4da6	yes	yes	0	present_clean_r4	local_peeled_tag
external/python/rsa	platform/external/python/rsa	refs/tags/android-16.0.0_r4	ef8ecddbe8f3d7f574500ec3e9a5c9000f5fa764	ef8ecddbe8f3d7f574500ec3e9a5c9000f5fa764	224c19d9f47f064b3bb0a7d3ef68303605bec3ef	yes	yes	0	present_clean_r4	local_peeled_tag
external/python/six	platform/external/python/six	refs/tags/android-16.0.0_r4	6bcdf679631e0af933943016f4bcc1f434bb1755	6bcdf679631e0af933943016f4bcc1f434bb1755	9a5f026e19dee6d8928887cc01810ba7e8f06572	yes	yes	0	present_clean_r4	local_peeled_tag
external/python/timeout-decorator	platform/external/python/timeout-decorator	refs/tags/android-16.0.0_r4	cb013fa5c5d698ea4d169c421b2be0520bb74287	cb013fa5c5d698ea4d169c421b2be0520bb74287	f80bb2d61036938375ebe2865ecd0d8a1adaa925	yes	yes	0	present_clean_r4	local_peeled_tag
external/python/typing	platform/external/python/typing	refs/tags/android-16.0.0_r4	1ca594ab06fcc9ecffc446bb23544b25fd899d2b	1ca594ab06fcc9ecffc446bb23544b25fd899d2b	d6f0fbc1c73e20e1c796d1805c15b22291f1429c	yes	yes	0	present_clean_r4	local_peeled_tag
external/python/typing_extensions	platform/external/python/typing_extensions	refs/tags/android-16.0.0_r4	9307e855a7457dd1520569b06b4dd063658a8716	9307e855a7457dd1520569b06b4dd063658a8716	b71d7a0d4dd0dc63bd7297e24dce3eb0b43b21f5	yes	yes	0	present_clean_r4	local_peeled_tag
external/python/uritemplates	platform/external/python/uritemplates	refs/tags/android-16.0.0_r4	3936369be2a971ef0b37742e8f9cf93cd10bcc41	3936369be2a971ef0b37742e8f9cf93cd10bcc41	e7e6ec8861ac73ceaef6c2f2a7788dccc590a78b	yes	yes	0	present_clean_r4	local_peeled_tag
external/python/watchdog	platform/external/python/watchdog	refs/tags/android-16.0.0_r4	18e40cb6bb92e18a51803e17e3bc902b0568d4e9	18e40cb6bb92e18a51803e17e3bc902b0568d4e9	c1c972c5ad564e6e8a9e009ac0c890aea200d429	yes	yes	0	present_clean_r4	local_peeled_tag
external/pytorch	platform/external/pytorch	refs/tags/android-16.0.0_r4	18deea30b35a777b5b1d7f0797dca92038a70f5e	18deea30b35a777b5b1d7f0797dca92038a70f5e	a600e105e7d67452af1d10531ffc5d826b525528	yes	yes	0	present_clean_r4	local_peeled_tag
external/qdl	platform/external/qdl	refs/tags/android-16.0.0_r4	8c9b0d6a759b3af7c1fe11b7635980d6df1b7080	8c9b0d6a759b3af7c1fe11b7635980d6df1b7080	2ea32a5eec234828350882c04f95ffda269b4dc4	yes	yes	0	present_clean_r4	local_peeled_tag
external/qpdf	platform/external/qpdf	refs/tags/android-16.0.0_r4	fa7960d9a380d997140197405a6c1645b8da327d	fa7960d9a380d997140197405a6c1645b8da327d	f7ff012eaa01cff21559bdd2742967029f7ebb05	yes	yes	0	present_clean_r4	local_peeled_tag
external/rappor	platform/external/rappor	refs/tags/android-16.0.0_r4	2abb31345f6c95944768b5222a9a5ed3fc68cc00	2abb31345f6c95944768b5222a9a5ed3fc68cc00	1a72e028104e26c068b460741dc1f954db9f1af6	yes	yes	0	present_clean_r4	local_peeled_tag
external/regex-re2	platform/external/regex-re2	refs/tags/android-16.0.0_r4	e01f06cf85ee76b8c8c0ca2e3fc196f8b3f6d1b0	e01f06cf85ee76b8c8c0ca2e3fc196f8b3f6d1b0	166af20ca25eb064f0772572e3f2700c25ee82b6	yes	yes	0	present_clean_r4	local_peeled_tag
external/renderscript-intrinsics-replacement-toolkit	platform/external/renderscript-intrinsics-replacement-toolkit	refs/tags/android-16.0.0_r4	7b15fb79a2fef0f437b6227d963de53e1c283f2f	7b15fb79a2fef0f437b6227d963de53e1c283f2f	48c91e0c0687f95f73ad9ebc013d0bcaeaba1ade	yes	yes	0	present_clean_r4	local_peeled_tag
external/replicaisland	platform/external/replicaisland	refs/tags/android-16.0.0_r4	50080ae1788d6136a59ea90343cc0f02167ee2fa	50080ae1788d6136a59ea90343cc0f02167ee2fa	9f13c8cd86d3f3825ff0bb0a02df3ee004e398cf	yes	yes	0	present_clean_r4	local_peeled_tag
external/rmi4utils	platform/external/rmi4utils	refs/tags/android-16.0.0_r4	a248dafd7653b99fc45f9d29e5f139b04f2f28bc	a248dafd7653b99fc45f9d29e5f139b04f2f28bc	73fa9a557e6cbd55222048f95d34a73b707e8ae7	yes	yes	0	present_clean_r4	local_peeled_tag
external/robolectric	platform/external/robolectric	refs/tags/android-16.0.0_r4	2eb9e46ae6ecafb1188df80e501f6a8dc721730c	2eb9e46ae6ecafb1188df80e501f6a8dc721730c	3f3b2fad85ad589850520e0e26556485665a939c	yes	yes	0	present_clean_r4	local_peeled_tag
external/roboto-flex-fonts	platform/external/roboto-flex-fonts	refs/tags/android-16.0.0_r4	458ec4e262a822f055206ae4630fd0cb7fab9ea9	458ec4e262a822f055206ae4630fd0cb7fab9ea9	15b8633734d45cbdae28300d782ffca18999a7bc	yes	yes	0	present_clean_r4	local_peeled_tag
external/roboto-fonts	platform/external/roboto-fonts	refs/tags/android-16.0.0_r4	064c5ab9feb54e30ec26ca4bfc64f98aef8de489	064c5ab9feb54e30ec26ca4bfc64f98aef8de489	0a398ecdc57c7543f4c791d368104cedd66750cc	yes	yes	0	present_clean_r4	local_peeled_tag
external/roboto-mono	platform/external/roboto-mono	refs/tags/android-16.0.0_r4	0e976602fff38958b6f53ef8319d18494a8418c7	0e976602fff38958b6f53ef8319d18494a8418c7	805f344efb70610c35427af1221b965164b1b5c0	yes	yes	0	present_clean_r4	local_peeled_tag
external/rootdev	platform/external/rootdev	refs/tags/android-16.0.0_r4	d31b7b2f3a5a48254ab5e49fcd90168f7ceb131d	d31b7b2f3a5a48254ab5e49fcd90168f7ceb131d	295745a187b642c0ea316f20d5dbe5245840246f	yes	yes	0	present_clean_r4	local_peeled_tag
external/rnnoise	platform/external/rnnoise	refs/tags/android-16.0.0_r4	1295d6828459cc82c3c29cc5d7d297215250a74b	1295d6828459cc82c3c29cc5d7d297215250a74b	fd4fed1c0133decab06843bd0f98b7326cd760d6	yes	yes	0	present_clean_r4	local_peeled_tag
external/rust/android-crates-io	platform/external/rust/android-crates-io	refs/tags/android-16.0.0_r4	0bb9c7a4cb26e195379037742a853fa381ecc102	0bb9c7a4cb26e195379037742a853fa381ecc102	8269a4e39ec0d27468b4f918ba3fcf5840e8197f	yes	yes	0	present_clean_r4	local_peeled_tag
external/rust/crabbyavif	platform/external/rust/crabbyavif	refs/tags/android-16.0.0_r4	ab91f114c3de954c622648f8acefe620c3dfe4ed	ab91f114c3de954c622648f8acefe620c3dfe4ed	4a915a477f1f4d579d273042cb488e54d957fe37	yes	yes	0	present_clean_r4	local_peeled_tag
external/rust/crates/openssl	platform/external/rust/crates/openssl	refs/tags/android-16.0.0_r4	01a619f85414c4b47e79b049f6cb0ffec9ef8526	01a619f85414c4b47e79b049f6cb0ffec9ef8526	b49b3722247812589bbb29bd80021faef0ab6438	yes	yes	0	present_clean_r4	local_peeled_tag
external/rust/crates/v4l2r	platform/external/rust/crates/v4l2r	refs/tags/android-16.0.0_r4	eefaeda6d7e22671ee4f65da93611ddd94502c98	eefaeda6d7e22671ee4f65da93611ddd94502c98	e28438486e795142a48adbeb2630ea7c56e67945	yes	yes	0	present_clean_r4	local_peeled_tag
external/rust/crates/vhost-device-vsock	platform/external/rust/crates/vhost-device-vsock	refs/tags/android-16.0.0_r4	376c58c7c57614166814af7b786d84f257df1b42	376c58c7c57614166814af7b786d84f257df1b42	3898bfb123c75b3a4c27eca0c3e9e1d90449d8f2	yes	yes	0	present_clean_r4	local_peeled_tag
external/rust/beto-rust	platform/external/rust/beto-rust	refs/tags/android-16.0.0_r4	5b35df40c5c7fe5dbe97ac0eba60d85c9890fb51	5b35df40c5c7fe5dbe97ac0eba60d85c9890fb51	e2b53644a72c5486158a547b3516ae833d6ffc64	yes	yes	0	present_clean_r4	local_peeled_tag
external/rust/cros-libva	platform/external/rust/cros-libva	refs/tags/android-16.0.0_r4	9fec9b06eb03ac4b3bf4b63dd559435c7d0aa566	9fec9b06eb03ac4b3bf4b63dd559435c7d0aa566	76ed5b1be5a4c7b328b2b5959dbdde20a077e273	yes	yes	0	present_clean_r4	local_peeled_tag
external/rust/cxx	platform/external/rust/cxx	refs/tags/android-16.0.0_r4	aa5556da131ac8f41aef2a57c2c887a21cf47ac1	aa5556da131ac8f41aef2a57c2c887a21cf47ac1	2ca891e21418d0807b205af30b29a4370b38d6c1	yes	yes	0	present_clean_r4	local_peeled_tag
external/rust/autocxx	platform/external/rust/autocxx	refs/tags/android-16.0.0_r4	07cee73ed86e736981a806f6d1354935963e1529	07cee73ed86e736981a806f6d1354935963e1529	4b825dc642cb6eb9a060e54bf8d69288fbee4904	yes	yes	0	present_clean_r4	local_peeled_tag
external/rust/ninja-to-soong	platform/external/rust/ninja-to-soong	refs/tags/android-16.0.0_r4	6fe34007f9f182a87392385f87937f6ee9b86bc9	6fe34007f9f182a87392385f87937f6ee9b86bc9	bfa30fe3232e9e32cf41230acd17366779a34af9	yes	yes	0	present_clean_r4	local_peeled_tag
external/rust/pica	platform/external/rust/pica	refs/tags/android-16.0.0_r4	9922bfea531cf938b511de17c47e3c08662490a9	9922bfea531cf938b511de17c47e3c08662490a9	b308ce45c3a42104d0f34f93a59a10c6c4acad6e	yes	yes	0	present_clean_r4	local_peeled_tag
external/rust/rutabaga_gfx	platform/external/rust/rutabaga_gfx	refs/tags/android-16.0.0_r4	9c86617123ce261fbbed7b9ffee2e3ef08a4b6bb	9c86617123ce261fbbed7b9ffee2e3ef08a4b6bb	0ea435b7152a00fb6146b4ac1bc799272890968d	yes	yes	0	present_clean_r4	local_peeled_tag
external/ruy	platform/external/ruy	refs/tags/android-16.0.0_r4	c165d6b0f1a1be9ddd2f904e8f87a4c1d9b38c43	c165d6b0f1a1be9ddd2f904e8f87a4c1d9b38c43	f6eb22a741dd21439da987fb2c996e39e061b292	yes	yes	0	present_clean_r4	local_peeled_tag
external/s2-geometry-library-java	platform/external/s2-geometry-library-java	refs/tags/android-16.0.0_r4	a10958a1b10a93535328702c53a18df70dc6d188	a10958a1b10a93535328702c53a18df70dc6d188	7dd77825fbd51779e41cc81d9e0dfd74e16f6420	yes	yes	0	present_clean_r4	local_peeled_tag
external/sandboxed-api	platform/external/sandboxed-api	refs/tags/android-16.0.0_r4	4337ae973bf212be8dae74b6fcd561e2a6733cde	4337ae973bf212be8dae74b6fcd561e2a6733cde	8f881dd33f8dbe4bf17f36c5910b5328a9b4b30a	yes	yes	0	present_clean_r4	local_peeled_tag
external/scapy	platform/external/scapy	refs/tags/android-16.0.0_r4	3d85ae53befd23ea268c91f222f813e635e83d7a	3d85ae53befd23ea268c91f222f813e635e83d7a	f549bf420003854f344d8e4f5cee09dab395dd47	yes	yes	0	present_clean_r4	local_peeled_tag
external/scrypt	platform/external/scrypt	refs/tags/android-16.0.0_r4	958140511cebc42a79e9eec852a4f7dfa2bd2755	958140511cebc42a79e9eec852a4f7dfa2bd2755	305384d40940cc8308d1cd3538e07cc0bba53abf	yes	yes	0	present_clean_r4	local_peeled_tag
external/scudo	platform/external/scudo	refs/tags/android-16.0.0_r4	03a49bce2224f003b603379a78c88c3dd5bed2af	03a49bce2224f003b603379a78c88c3dd5bed2af	a42ecb3b1a6f2c1bd0dc1337805d093182a215de	yes	yes	0	present_clean_r4	local_peeled_tag
external/sdk-platform-java	platform/external/sdk-platform-java	refs/tags/android-16.0.0_r4	498d313ace841f8c970917d5a74503e93e5e4247	498d313ace841f8c970917d5a74503e93e5e4247	95f1ede83bb7803606cbb3e11c0bb4d0ef482483	yes	yes	0	present_clean_r4	local_peeled_tag
external/sdv/vsomeip	platform/external/sdv/vsomeip	refs/tags/android-16.0.0_r4	bc562fbcce3f363173e21cbeb7c2593c1849e457	bc562fbcce3f363173e21cbeb7c2593c1849e457	463e91f8a02a5f0a9b1014a84c82e354585dd873	yes	yes	0	present_clean_r4	local_peeled_tag
external/seccomp-tests	platform/external/seccomp-tests	refs/tags/android-16.0.0_r4	47a2844676ba1ef247aef2ab4faf4fbeed7bd227	47a2844676ba1ef247aef2ab4faf4fbeed7bd227	2a8ee57bc150e72b577bfcc2d3ca85f7b5254456	yes	yes	0	present_clean_r4	local_peeled_tag
external/selinux	platform/external/selinux	refs/tags/android-16.0.0_r4	085c131ad1b984bfa8ffdafee7a976e9d89f403c	085c131ad1b984bfa8ffdafee7a976e9d89f403c	7f78663dbb2aa9fd7ab76e25fb1d04e1b7bc629f	yes	yes	0	present_clean_r4	local_peeled_tag
external/setfilters	platform/external/setfilters	refs/tags/android-16.0.0_r4	1cfad3083e69f7ea455761031c83470ff8c4052e	1cfad3083e69f7ea455761031c83470ff8c4052e	2a32d82d2786dbc15487855e6421eb3c4c9ecb2f	yes	yes	0	present_clean_r4	local_peeled_tag
external/setupcompat	platform/external/setupcompat	refs/tags/android-16.0.0_r4	0ad47e32cfd03f16fbbb1353493ac1bc066c2346	0ad47e32cfd03f16fbbb1353493ac1bc066c2346	d4619555c093501330d442a6effb5f99247275a6	yes	yes	0	present_clean_r4	local_peeled_tag
external/setupdesign	platform/external/setupdesign	refs/tags/android-16.0.0_r4	69e317d85e0c0100366de43d4419a95aa9f7e9ac	69e317d85e0c0100366de43d4419a95aa9f7e9ac	ebdaf6f2370d6cbe49a94758b3fd3900cedfdcea	yes	yes	0	present_clean_r4	local_peeled_tag
external/sg3_utils	platform/external/sg3_utils	refs/tags/android-16.0.0_r4	83bbff8f39afc2607e0eab885be63728f52da95e	83bbff8f39afc2607e0eab885be63728f52da95e	e67535e71e342e40731c9ca8c7aa1cce1e97e8d7	yes	yes	0	present_clean_r4	local_peeled_tag
external/shaderc/spirv-headers	platform/external/shaderc/spirv-headers	refs/tags/android-16.0.0_r4	26c374cbb481bb1d063a205e65cdfee92bdbbd64	26c374cbb481bb1d063a205e65cdfee92bdbbd64	5d671227e7f6dfe44265d71d318f01fd6c5402f8	yes	yes	0	present_clean_r4	local_peeled_tag
external/shflags	platform/external/shflags	refs/tags/android-16.0.0_r4	ee061a462556f86707e2d4490efd5c9c1d15504e	ee061a462556f86707e2d4490efd5c9c1d15504e	e4b5d65779255099190dee573ae72466d4af9ce8	yes	yes	0	present_clean_r4	local_peeled_tag
external/skia	platform/external/skia	refs/tags/android-16.0.0_r4	22f5edb6c1bf350d1d9d67bb429db1a5539f3c05	22f5edb6c1bf350d1d9d67bb429db1a5539f3c05	6413fbfe1ee583186917fd6e071225a73421665e	yes	yes	0	present_clean_r4	local_peeled_tag
external/sl4a	platform/external/sl4a	refs/tags/android-16.0.0_r4	ae6f0c40d2dcf5a9297c02eb688fa6de4212734e	ae6f0c40d2dcf5a9297c02eb688fa6de4212734e	646500025d0b961f60bb36f21aa1e55da16ed009	yes	yes	0	present_clean_r4	local_peeled_tag
external/slf4j	platform/external/slf4j	refs/tags/android-16.0.0_r4	53b39fe1128db33ec438b0ec960837415f3ea9b1	53b39fe1128db33ec438b0ec960837415f3ea9b1	bff21573a5bd9a007f775821fc54ffe873979092	yes	yes	0	present_clean_r4	local_peeled_tag
external/smack	platform/external/smack	refs/tags/android-16.0.0_r4	ebbe4ce8d56a8fa85236d5ea7b6cb5a28df23bf8	ebbe4ce8d56a8fa85236d5ea7b6cb5a28df23bf8	f6af90dba74892076e925a8499e840a43fc079b7	yes	yes	0	present_clean_r4	local_peeled_tag
external/snakeyaml	platform/external/snakeyaml	refs/tags/android-16.0.0_r4	52067c0698edb48a4b473b75ea9a702aa4aaa225	52067c0698edb48a4b473b75ea9a702aa4aaa225	ae5ea91adbdc079a549044e03037915c3550f7eb	yes	yes	0	present_clean_r4	local_peeled_tag
external/python/snippet-uiautomator	platform/external/python/snippet-uiautomator	refs/tags/android-16.0.0_r4	50cc75a47df4177a7aa42af9f587fccc50c12090	50cc75a47df4177a7aa42af9f587fccc50c12090	17df4dbbf1dd39cfcea444011b05fe8acaa8cd77	yes	yes	0	present_clean_r4	local_peeled_tag
external/sonic	platform/external/sonic	refs/tags/android-16.0.0_r4	e4e5517328a0bf6da7c26b6da991283e230b5c94	e4e5517328a0bf6da7c26b6da991283e230b5c94	95976d0ffbdeb0d1e532bbbe87799799c7f0d8fc	yes	yes	0	present_clean_r4	local_peeled_tag
external/sonivox	platform/external/sonivox	refs/tags/android-16.0.0_r4	b9145b3e6b6110fb640e7817784945968dbd3ba5	b9145b3e6b6110fb640e7817784945968dbd3ba5	06df9338e49379cc039e4ee56f005bd61935ea65	yes	yes	0	present_clean_r4	local_peeled_tag
external/speex	platform/external/speex	refs/tags/android-16.0.0_r4	1a255c4507c278c58b7bae5979d51de6c4bfb8fd	1a255c4507c278c58b7bae5979d51de6c4bfb8fd	412b412044eaaa236e04f433cec163511e84850f	yes	yes	0	present_clean_r4	local_peeled_tag
external/sqlite	platform/external/sqlite	refs/tags/android-16.0.0_r4	c7a62b3b161f45bb530376227576685549e72852	c7a62b3b161f45bb530376227576685549e72852	a2e0bebf3fb862fd9b5447c9d36367474ed90e41	yes	yes	0	present_clean_r4	local_peeled_tag
external/spdx-tools	platform/external/spdx-tools	refs/tags/android-16.0.0_r4	a460e1ec4fca0fb87d3c639d3b1e148c425ac8f7	a460e1ec4fca0fb87d3c639d3b1e148c425ac8f7	fb3a32e8b9ea3f2111f362572caa811e22476026	yes	yes	0	present_clean_r4	local_peeled_tag
external/squashfs-tools	platform/external/squashfs-tools	refs/tags/android-16.0.0_r4	0f1afb009e699504301b3c670fe00a679c5192ad	0f1afb009e699504301b3c670fe00a679c5192ad	50b83eff1b4fb667b73dbc82421a2400c8eb4bec	yes	yes	0	present_clean_r4	local_peeled_tag
external/starlark-go	platform/external/starlark-go	refs/tags/android-16.0.0_r4	4947cdc739c985f6d86941e22894f5cefe7c9e9a	4947cdc739c985f6d86941e22894f5cefe7c9e9a	be42740e449bbf4c4378de09c611a0b8edaa7682	yes	yes	0	present_clean_r4	local_peeled_tag
external/stg	platform/external/stg	refs/tags/android-16.0.0_r4	2738ae81a62af622c46579d71b975cc693d46648	2738ae81a62af622c46579d71b975cc693d46648	7c3144ce48ce77dfe69906742040657894fc7760	yes	yes	0	present_clean_r4	local_peeled_tag
external/strace	platform/external/strace	refs/tags/android-16.0.0_r4	d16b2abe3c6442ae24c2dc468a1f700c197a5f78	d16b2abe3c6442ae24c2dc468a1f700c197a5f78	6f52e595499240e4217372d7c6bfdeef327b8aea	yes	yes	0	present_clean_r4	local_peeled_tag
external/stressapptest	platform/external/stressapptest	refs/tags/android-16.0.0_r4	1ca74ce7aa4532f67c6e0ccee408ef269579f12f	1ca74ce7aa4532f67c6e0ccee408ef269579f12f	234972904fd880b6d649571c0566cf7005118c51	yes	yes	0	present_clean_r4	local_peeled_tag
external/subsampling-scale-image-view	platform/external/subsampling-scale-image-view	refs/tags/android-16.0.0_r4	c1f2ae5a70a28653cd5500963619c527a8eaefc7	c1f2ae5a70a28653cd5500963619c527a8eaefc7	a7005fc03d766df64b0273b13ca144bbfe26cf18	yes	yes	0	present_clean_r4	local_peeled_tag
external/swiftshader	platform/external/swiftshader	refs/tags/android-16.0.0_r4	d70203d9df3c70c4fc63fb29325d24e9c12dc43f	d70203d9df3c70c4fc63fb29325d24e9c12dc43f	b6c418f10a4cf2c243e69d29954f117e7fe3eefd	yes	yes	0	present_clean_r4	local_peeled_tag
external/SPIRV-Headers	platform/external/SPIRV-Headers	refs/tags/android-16.0.0_r4	750884ab9aa874fe05532286e9a17835c0ac1642	750884ab9aa874fe05532286e9a17835c0ac1642	8a03d8b1aa4b98c651a1f6987efc13d300dd3ca3	yes	yes	0	present_clean_r4	local_peeled_tag
external/SPIRV-Tools	platform/external/SPIRV-Tools	refs/tags/android-16.0.0_r4	526c4d964f068415ee14fddcd54cc236841df3bc	526c4d964f068415ee14fddcd54cc236841df3bc	8bd2eb37c1d6273af428487b568fae992702db83	yes	yes	0	present_clean_r4	local_peeled_tag
external/tagsoup	platform/external/tagsoup	refs/tags/android-16.0.0_r4	946177aa8e7782904daf4f9ce421715f1d2c0f83	946177aa8e7782904daf4f9ce421715f1d2c0f83	afec12fb825acf27460891041155af82e5128e56	yes	yes	0	present_clean_r4	local_peeled_tag
external/tcpdump	platform/external/tcpdump	refs/tags/android-16.0.0_r4	f490a2a6e3942b194d3c4ac574975cdd02fbe359	f490a2a6e3942b194d3c4ac574975cdd02fbe359	3a8ec925f51795fd6340aca5ff1aaa26c941aa56	yes	yes	0	present_clean_r4	local_peeled_tag
external/tensorflow	platform/external/tensorflow	refs/tags/android-16.0.0_r4	559b803b1a79a96c84abbfacb5eea9c622a06543	559b803b1a79a96c84abbfacb5eea9c622a06543	a92d94938529719d1d23d8d83f8f918c7299d57e	yes	yes	0	present_clean_r4	local_peeled_tag
external/TestParameterInjector	platform/external/TestParameterInjector	refs/tags/android-16.0.0_r4	f3ffbbbe274768d5b668307fd7ee6fbdec0fe006	f3ffbbbe274768d5b668307fd7ee6fbdec0fe006	6cb0bb272338c96b67f2fbe597198711bd5ed7c5	yes	yes	0	present_clean_r4	local_peeled_tag
external/testng	platform/external/testng	refs/tags/android-16.0.0_r4	09146f4eadc469dcd62f494d5c963ab6d7ad112f	09146f4eadc469dcd62f494d5c963ab6d7ad112f	600eac18a416c715c5019cc6c4981a2b684fce74	yes	yes	0	present_clean_r4	local_peeled_tag
external/tflite-support	platform/external/tflite-support	refs/tags/android-16.0.0_r4	4e34d71516f16b3abe53bfd57d104847443f2641	4e34d71516f16b3abe53bfd57d104847443f2641	e5c0996bfc0e0d647ff3b2eba6adcbd9cb689b6b	yes	yes	0	present_clean_r4	local_peeled_tag
external/threetenbp	platform/external/threetenbp	refs/tags/android-16.0.0_r4	ef2429e48a85e154777c7529ec0417a24d903285	ef2429e48a85e154777c7529ec0417a24d903285	0a3c2f75b8d6179d60f1e267ba8aa5088934db4f	yes	yes	0	present_clean_r4	local_peeled_tag
external/timezone-boundary-builder	platform/external/timezone-boundary-builder	refs/tags/android-16.0.0_r4	5faee155df90f28ed98c61ab796596534dc56839	5faee155df90f28ed98c61ab796596534dc56839	63f78caa31e1c20d1a2a2d2976a482e5dd79edf8	yes	yes	0	present_clean_r4	local_peeled_tag
external/tink	platform/external/tink	refs/tags/android-16.0.0_r4	e7b1675dde1b92d52ec075b0a92829627f2c52a5	e7b1675dde1b92d52ec075b0a92829627f2c52a5	14d54b3730f2e972b48bc92dade1de4c2d702e36	yes	yes	0	present_clean_r4	local_peeled_tag
external/tink-java	platform/external/tink-java	refs/tags/android-16.0.0_r4	bc3e49ff11658664cc335c3c6cd11f6ba5e96f0f	bc3e49ff11658664cc335c3c6cd11f6ba5e96f0f	574a182d6807122bf09513ef139e4f5d38bc9366	yes	yes	0	present_clean_r4	local_peeled_tag
external/tinyalsa	platform/external/tinyalsa	refs/tags/android-16.0.0_r4	af3b69ca2457e47ab02cfb3a4edff2a82d68754e	af3b69ca2457e47ab02cfb3a4edff2a82d68754e	b21aa8633bc51d1d204d85b773fc44e313f85bf5	yes	yes	0	present_clean_r4	local_peeled_tag
external/tinyalsa_new	platform/external/tinyalsa_new	refs/tags/android-16.0.0_r4	61e9a4ee64b1307d462e545d3f6c6e6d970625d1	61e9a4ee64b1307d462e545d3f6c6e6d970625d1	7b6301355af0a8b373a6bedfa8367ad7c914e0ba	yes	yes	0	present_clean_r4	local_peeled_tag
external/tinycompress	platform/external/tinycompress	refs/tags/android-16.0.0_r4	698f645ba15581150b61fb435e6e017b83d200d6	698f645ba15581150b61fb435e6e017b83d200d6	4508a4e076daf17b7ea6fa5f156596cb4cd144dd	yes	yes	0	present_clean_r4	local_peeled_tag
external/tinyxml2	platform/external/tinyxml2	refs/tags/android-16.0.0_r4	5f2c372c6213bfcb312adcfc9cafbce9f99eee78	5f2c372c6213bfcb312adcfc9cafbce9f99eee78	c71e1b40687ed2050f8ed4aa4ba9b0d2cdaf04a9	yes	yes	0	present_clean_r4	local_peeled_tag
external/toolchain-utils	platform/external/toolchain-utils	refs/tags/android-16.0.0_r4	634d2fc7a9aa92bc6174303c649add84f9d93858	634d2fc7a9aa92bc6174303c649add84f9d93858	538b8186c881d591d1c92e3496b8f6db5b16f6c5	yes	yes	0	present_clean_r4	local_peeled_tag
external/toybox	platform/external/toybox	refs/tags/android-16.0.0_r4	6209e96a73014f40e476cfb64cc351f32382a075	6209e96a73014f40e476cfb64cc351f32382a075	98b906d8c04385ee2429e2002cabf6bbf61506be	yes	yes	0	present_clean_r4	local_peeled_tag
external/tpm2-tss	platform/external/tpm2-tss	refs/tags/android-16.0.0_r4	09ac0e71dc8456e9716637de6a9189b220694f99	09ac0e71dc8456e9716637de6a9189b220694f99	0d49a8a1058854d98fd271ffc9a3880c6790be91	yes	yes	0	present_clean_r4	local_peeled_tag
external/trace-cmd	platform/external/trace-cmd	refs/tags/android-16.0.0_r4	1a64f1f17f638621e4fc245b8716c5c7a5baf6bd	1a64f1f17f638621e4fc245b8716c5c7a5baf6bd	df3ffa9c1c63ce0c28de1fa67c1c9237b41f2f5d	yes	yes	0	present_clean_r4	local_peeled_tag
external/tremolo	platform/external/tremolo	refs/tags/android-16.0.0_r4	bda690e46497e1f65c5077173b9c548e6e0cd5a1	bda690e46497e1f65c5077173b9c548e6e0cd5a1	172cc0268c52aa49b1cc9ede3279e6318cf39002	yes	yes	0	present_clean_r4	local_peeled_tag
external/trusty/arm-trusted-firmware	trusty/external/trusted-firmware-a	refs/tags/android-16.0.0_r4	7001ff693be2acbb943a1b3dd6f581fa8c58b3e1	7001ff693be2acbb943a1b3dd6f581fa8c58b3e1	d09a481351fce49a9d7bba4aeaf64d954107a0eb	yes	yes	0	present_clean_r4	local_peeled_tag
external/trusty/bootloader	trusty/external/trusty	refs/tags/android-16.0.0_r4	978094a947c54ede8cc1c85c800fa1b138beea2a	978094a947c54ede8cc1c85c800fa1b138beea2a	64be396763be2c4a507fcd6f86aa908cf27ad813	yes	yes	0	present_clean_r4	local_peeled_tag
external/trusty/headers	trusty/external/headers	refs/tags/android-16.0.0_r4	adbfb1d942a19974bb5418cd12147eccb5d51138	adbfb1d942a19974bb5418cd12147eccb5d51138	531dc2b05cc24dbafceb22bc14c606fae7775b0e	yes	yes	0	present_clean_r4	local_peeled_tag
external/trusty/lk	trusty/lk/common	refs/tags/android-16.0.0_r4	e7d7c3ac58ff27a629cf38a6dbfaaf553e5405dd	e7d7c3ac58ff27a629cf38a6dbfaaf553e5405dd	4c05c4c666ef3da7f2543c8a0c6633028433ae65	yes	yes	0	present_clean_r4	local_peeled_tag
external/trusty/musl	trusty/external/musl	refs/tags/android-16.0.0_r4	96caab713c4f52ae35e7bcd2eed35897c8735dff	96caab713c4f52ae35e7bcd2eed35897c8735dff	5fb2ec58aba1c6ca922e2a31ad502412acf60a33	yes	yes	0	present_clean_r4	local_peeled_tag
external/truth	platform/external/truth	refs/tags/android-16.0.0_r4	cda6c69e1b9c0258b352fb7ac2d1b121c04d534b	cda6c69e1b9c0258b352fb7ac2d1b121c04d534b	a615819aefa5d7e1c2a6064d528e329716d661c7	yes	yes	0	present_clean_r4	local_peeled_tag
external/turbine	platform/external/turbine	refs/tags/android-16.0.0_r4	48b199d42cf500130d2a947fd0522c5ae6ecc2a1	48b199d42cf500130d2a947fd0522c5ae6ecc2a1	a986489e59af622cd39656ddf33306d2c9a48f93	yes	yes	0	present_clean_r4	local_peeled_tag
external/ublksrv	platform/external/ublksrv	refs/tags/android-16.0.0_r4	67785274f84d582356855c3c5456f80db6bac1a8	67785274f84d582356855c3c5456f80db6bac1a8	d251e3a5a305900972cb090b5a5a888037caff12	yes	yes	0	present_clean_r4	local_peeled_tag
external/unicode	platform/external/unicode	refs/tags/android-16.0.0_r4	a6a8ef0feb231743a4d3142bcda5cf721ce8f249	a6a8ef0feb231743a4d3142bcda5cf721ce8f249	42a3a3d07ba3b4310481401f023b8687fa2fd5f2	yes	yes	0	present_clean_r4	local_peeled_tag
external/usb-ids	platform/external/usb-ids	refs/tags/android-16.0.0_r4	c69b20f6f7081fa88fd7cabf15fcfbd9d10b35fd	c69b20f6f7081fa88fd7cabf15fcfbd9d10b35fd	6282716ae636f62937e72cffeec37e143ab61047	yes	yes	0	present_clean_r4	local_peeled_tag
external/uwb	platform/external/uwb	refs/tags/android-16.0.0_r4	f77a79e0603efe1a8cba3ebdfdb019ad545760b4	f77a79e0603efe1a8cba3ebdfdb019ad545760b4	7f3307ce0d358e7d65971da17d267018c5a4c4d4	yes	yes	0	present_clean_r4	local_peeled_tag
external/v4l2_codec2	platform/external/v4l2_codec2	refs/tags/android-16.0.0_r4	64b251503aa010f66c33507a3c6c44466caa893d	64b251503aa010f66c33507a3c6c44466caa893d	fb6eabf26af39f880fc0f4d1bc6d03c3e72bf926	yes	yes	0	present_clean_r4	local_peeled_tag
external/v4l-utils	platform/external/v4l-utils	refs/tags/android-16.0.0_r4	17c73da2ea366dcb7aeba0304c47df493e9f5505	17c73da2ea366dcb7aeba0304c47df493e9f5505	18ca0876b1133179f35ab604a2ee6ea7c9d7ee20	yes	yes	0	present_clean_r4	local_peeled_tag
external/vboot_reference	platform/external/vboot_reference	refs/tags/android-16.0.0_r4	612708078f71d08d5dc9303369209a5f7417e4d8	612708078f71d08d5dc9303369209a5f7417e4d8	a51d41189e5be05d18b6d0ddc937fcf927cf91d9	yes	yes	0	present_clean_r4	local_peeled_tag
external/virglrenderer	platform/external/virglrenderer	refs/tags/android-16.0.0_r4	8220efec2448f367f4dad6cfb7bd140fb8aad225	8220efec2448f367f4dad6cfb7bd140fb8aad225	72ccc1a70f8563750d4e2aeb30e963c8e107e389	yes	yes	0	present_clean_r4	local_peeled_tag
external/virtio-media	platform/external/virtio-media	refs/tags/android-16.0.0_r4	32d73662cf9df0fba69ce160ae3409fd9750dd35	32d73662cf9df0fba69ce160ae3409fd9750dd35	86e222eefde4a0856b9aa6204f01196cdc0fa841	yes	yes	0	present_clean_r4	local_peeled_tag
external/vixl	platform/external/vixl	refs/tags/android-16.0.0_r4	c55682a8f0573d52d644a0e31354a29b49640b1d	c55682a8f0573d52d644a0e31354a29b49640b1d	a31a2400045cfb4b2bb14bedf5417414d740a696	yes	yes	0	present_clean_r4	local_peeled_tag
external/vogar	platform/external/vogar	refs/tags/android-16.0.0_r4	40e41716dfd3493362b6aadb83613e213837a85a	40e41716dfd3493362b6aadb83613e213837a85a	b7ccd88cfb3f585599e27b9a8790f8fe70d5b43e	yes	yes	0	present_clean_r4	local_peeled_tag
external/volley	platform/external/volley	refs/tags/android-16.0.0_r4	66eb87a41429604e72fbb017fa87ae33a8dcab78	66eb87a41429604e72fbb017fa87ae33a8dcab78	4573de4c61b956aef0bb7827446a3d71374258e2	yes	yes	0	present_clean_r4	local_peeled_tag
external/vulkan-headers	platform/external/vulkan-headers	refs/tags/android-16.0.0_r4	f15cb4157580bb7b3ce04bd2f56c8508c6edf046	f15cb4157580bb7b3ce04bd2f56c8508c6edf046	27da3260629e16345492ce880fe91859ab0b7195	yes	yes	0	present_clean_r4	local_peeled_tag
external/vulkan-validation-layers	platform/external/vulkan-validation-layers	refs/tags/android-16.0.0_r4	50dabcac1d49e8fb5ac287d96d938d1c6204342d	50dabcac1d49e8fb5ac287d96d938d1c6204342d	5b5b84ae7cd0ce0747997e275953f2588329b4c6	yes	yes	0	present_clean_r4	local_peeled_tag
external/walt	platform/external/walt	refs/tags/android-16.0.0_r4	b825fedf65997edb5194583c274e477b1ce91488	b825fedf65997edb5194583c274e477b1ce91488	4423169f99090a786ffb15eca2d3218c50f00fa3	yes	yes	0	present_clean_r4	local_peeled_tag
external/wayland	platform/external/wayland	refs/tags/android-16.0.0_r4	bdb389207f7113c752e8e6fee1c2897168ba473b	bdb389207f7113c752e8e6fee1c2897168ba473b	a6d2409fcbea11867250f24a2479b7c3f96495c2	yes	yes	0	present_clean_r4	local_peeled_tag
external/wayland-protocols	platform/external/wayland-protocols	refs/tags/android-16.0.0_r4	f7645122a11fcb923cbc36721ce9c111b098be99	f7645122a11fcb923cbc36721ce9c111b098be99	2aa898f7dab95075a8f35b891ba60c6c7019caee	yes	yes	0	present_clean_r4	local_peeled_tag
external/webp	platform/external/webp	refs/tags/android-16.0.0_r4	fc6b6332323be07fc670b53b248da73df7636d76	fc6b6332323be07fc670b53b248da73df7636d76	73b7f89e7029917478905a9b7fdea1cb00f4480b	yes	yes	0	present_clean_r4	local_peeled_tag
external/webrtc	platform/external/webrtc	refs/tags/android-16.0.0_r4	c3f2a10240357cd13d14364f77ad027205d1b387	c3f2a10240357cd13d14364f77ad027205d1b387	1227e1475ba2f03993ad06f0f77439cbc3811034	yes	yes	0	present_clean_r4	local_peeled_tag
external/wpa_supplicant_8	platform/external/wpa_supplicant_8	refs/tags/android-16.0.0_r4	d58ddca775b1bbda84143784574c82af361c3ad2	d58ddca775b1bbda84143784574c82af361c3ad2	b18f2eedd20566780a9183cbbfdc8ed8b8926434	yes	yes	0	present_clean_r4	local_peeled_tag
external/wmediumd	platform/external/wmediumd	refs/tags/android-16.0.0_r4	4d1bfc67eafad2a97918afaa692655767911d011	4d1bfc67eafad2a97918afaa692655767911d011	f78d7a4cb834258d338cac28360562158ac100d1	yes	yes	0	present_clean_r4	local_peeled_tag
external/wuffs-mirror-release-c	platform/external/wuffs-mirror-release-c	refs/tags/android-16.0.0_r4	0e0e6e4100c92d5ae42759ec93221b1c91903029	0e0e6e4100c92d5ae42759ec93221b1c91903029	fbe2fc2383d6e05c79f986863b3f04c437ded070	yes	yes	0	present_clean_r4	local_peeled_tag
external/wycheproof	platform/external/wycheproof	refs/tags/android-16.0.0_r4	e9895f7cd2f9198e90988a842c1a1607f11592d6	e9895f7cd2f9198e90988a842c1a1607f11592d6	3c986ad4695d682b5266aa8c73514c9ec2be91e2	yes	yes	0	present_clean_r4	local_peeled_tag
external/xmp_toolkit	platform/external/xmp_toolkit	refs/tags/android-16.0.0_r4	b2b4b27bcc9fb87c8cbf1953b0e477def2a3d2d1	b2b4b27bcc9fb87c8cbf1953b0e477def2a3d2d1	5977ccd2604749d5707f760f55e187f742361931	yes	yes	0	present_clean_r4	local_peeled_tag
external/XMP-Toolkit-SDK	platform/external/XMP-Toolkit-SDK	refs/tags/android-16.0.0_r4	83f7b87cad246ed89c6c7cc66bfcfeeccec6cc99	83f7b87cad246ed89c6c7cc66bfcfeeccec6cc99	0c0fa6b1b6537586c197e269a6d5d0aed2e04946	yes	yes	0	present_clean_r4	local_peeled_tag
external/xz-embedded	platform/external/xz-embedded	refs/tags/android-16.0.0_r4	d2c16535d139cb185e89120452531bba6b36d3c6	d2c16535d139cb185e89120452531bba6b36d3c6	d2fdd105677d007dca5803fb8c19cc26b78bd499	yes	yes	0	present_clean_r4	local_peeled_tag
external/xz-java	platform/external/xz-java	refs/tags/android-16.0.0_r4	76746e2fed2d503be0b67db19a520698fdf41573	76746e2fed2d503be0b67db19a520698fdf41573	c965eaca6d4015360ff376882c639531fcf16cee	yes	yes	0	present_clean_r4	local_peeled_tag
external/XNNPACK	platform/external/XNNPACK	refs/tags/android-16.0.0_r4	bfbb1041ed7198ade6e79897560d1bc7b9ec372d	bfbb1041ed7198ade6e79897560d1bc7b9ec372d	ff4c21b2e5ed34c7bad390f5e20c1323b62191e9	yes	yes	0	present_clean_r4	local_peeled_tag
external/yapf	platform/external/yapf	refs/tags/android-16.0.0_r4	cb4b780abd86b9d644aa442df0565139f49b4a5e	cb4b780abd86b9d644aa442df0565139f49b4a5e	d8f08540e4a873afbbc1ce3570e75d57acdf7c1a	yes	yes	0	present_clean_r4	local_peeled_tag
external/zlib	platform/external/zlib	refs/tags/android-16.0.0_r4	a6f47e8bd7c1ba412c4b5a3539aa77fe628d0172	a6f47e8bd7c1ba412c4b5a3539aa77fe628d0172	d7056877f7d00f276cfa35156b0f338f6773b53e	yes	yes	0	present_clean_r4	local_peeled_tag
external/zopfli	platform/external/zopfli	refs/tags/android-16.0.0_r4	610a2d4f13c64608d21b083177838368c9fcb1cc	610a2d4f13c64608d21b083177838368c9fcb1cc	6b31867cadf1e2929d25b06f908bcc895e5a2960	yes	yes	0	present_clean_r4	local_peeled_tag
external/zstd	platform/external/zstd	refs/tags/android-16.0.0_r4	996b72e71cca662bb3dbcc6dc490ab8c6f1f8d17	996b72e71cca662bb3dbcc6dc490ab8c6f1f8d17	9fabd4194d7ae27c2bf8726e6ec2de328c694d6c	yes	yes	0	present_clean_r4	local_peeled_tag
external/zucchini	platform/external/zucchini	refs/tags/android-16.0.0_r4	e256025d9d9c906caba814fd7b99a311ac8b8ec1	e256025d9d9c906caba814fd7b99a311ac8b8ec1	feb32ff821d2965f3cb9c3885d28566d3d25e2e8	yes	yes	0	present_clean_r4	local_peeled_tag
external/zxing	platform/external/zxing	refs/tags/android-16.0.0_r4	d89286b7d32c7860f796e95380b22e99618d00c1	d89286b7d32c7860f796e95380b22e99618d00c1	09207ebad83ce9a41e9fcc218a5bf5facf280dba	yes	yes	0	present_clean_r4	local_peeled_tag
frameworks/av	platform/frameworks/av	refs/tags/android-16.0.0_r4	22fd1c5d895e45a49df5582a4b345d8e3b75e46b	22fd1c5d895e45a49df5582a4b345d8e3b75e46b	1b415e3f74e2c308baa830aa086b139844e9404d	yes	yes	0	present_clean_r4	local_peeled_tag
frameworks/base	platform/frameworks/base	refs/tags/android-16.0.0_r4	45034f0663f960d9ee5fb0a101a4732b71f6e2f4	45034f0663f960d9ee5fb0a101a4732b71f6e2f4	6667cba9cf8225451f0822ad94cb21902025dfa3	yes	yes	0	present_clean_r4	local_peeled_tag
frameworks/compile/libbcc	platform/frameworks/compile/libbcc	refs/tags/android-16.0.0_r4	4527d39a3341d40d69bbc9f54ae997a99f8046c3	4527d39a3341d40d69bbc9f54ae997a99f8046c3	8d074076aa88ca601721d2d04503b402511f19b5	yes	yes	0	present_clean_r4	local_peeled_tag
frameworks/compile/mclinker	platform/frameworks/compile/mclinker	refs/tags/android-16.0.0_r4	22f2506e585270da53cb910f6fda92395f6550c1	22f2506e585270da53cb910f6fda92395f6550c1	33f838ed99ad107d0bf920780ee9a22f752223f1	yes	yes	0	present_clean_r4	local_peeled_tag
frameworks/compile/slang	platform/frameworks/compile/slang	refs/tags/android-16.0.0_r4	e3ca1c962253ea6ee73044296b83de7e0ec37629	e3ca1c962253ea6ee73044296b83de7e0ec37629	072c174626784ffa25ffaa9c5bafcbfab2b1ccc8	yes	yes	0	present_clean_r4	local_peeled_tag
frameworks/ex	platform/frameworks/ex	refs/tags/android-16.0.0_r4	5e2ee3a622cbd8b71afc55801dc4fa54e057c35a	5e2ee3a622cbd8b71afc55801dc4fa54e057c35a	4536351911c2dc78d7a6086846c68983f370b42b	yes	yes	0	present_clean_r4	local_peeled_tag
frameworks/hardware/interfaces	platform/frameworks/hardware/interfaces	refs/tags/android-16.0.0_r4	0829856cccff8290b1b12ab0b20621d8e866f73c	0829856cccff8290b1b12ab0b20621d8e866f73c	86e0f6f1dedad70135f64cac067bf90eb63cd43e	yes	yes	0	present_clean_r4	local_peeled_tag
frameworks/layoutlib	platform/frameworks/layoutlib	refs/tags/android-16.0.0_r4	3709e29b1aa656d740aec325222b8c73b41bc8a2	3709e29b1aa656d740aec325222b8c73b41bc8a2	0c2c4d70ce6f68aa8fb70f3b2f538986da561097	yes	yes	0	present_clean_r4	local_peeled_tag
frameworks/libs/binary_translation	platform/frameworks/libs/binary_translation	refs/tags/android-16.0.0_r4	e5ab6a1be847f9490db91789f4a5af9d0dffa58d	e5ab6a1be847f9490db91789f4a5af9d0dffa58d	2870b89abab8a642239e8d230d4585c0540876bd	yes	yes	0	present_clean_r4	local_peeled_tag
frameworks/libs/systemui	platform/frameworks/libs/systemui	refs/tags/android-16.0.0_r4	ca0ae237ed2d67f5b05f2572ddbcc6e10b550b92	ca0ae237ed2d67f5b05f2572ddbcc6e10b550b92	cbe3aee017a325761bf909282c23f576c4335aa6	yes	yes	0	present_clean_r4	local_peeled_tag
frameworks/libs/modules-utils	platform/frameworks/libs/modules-utils	refs/tags/android-16.0.0_r4	e945bbce0ccb83e1111b6031a3bba89e6b5cac6f	e945bbce0ccb83e1111b6031a3bba89e6b5cac6f	d5838f52b045d35979edc4593cc4ede15bcade7d	yes	yes	0	present_clean_r4	local_peeled_tag
frameworks/libs/native_bridge_support	platform/frameworks/libs/native_bridge_support	refs/tags/android-16.0.0_r4	ffd3f17ebbb244c01c274b6f527d016efc393813	ffd3f17ebbb244c01c274b6f527d016efc393813	203f16b27d2de3d327048af2b48ec0ef91f0e438	yes	yes	0	present_clean_r4	local_peeled_tag
frameworks/libs/service_entitlement	platform/frameworks/libs/service_entitlement	refs/tags/android-16.0.0_r4	225d4338ddcaa9e6df9a01c0b3c2c656bf4fdcd8	225d4338ddcaa9e6df9a01c0b3c2c656bf4fdcd8	a054a5dfb68997499797f336dc629204ad1cbc75	yes	yes	0	present_clean_r4	local_peeled_tag
frameworks/libs/gsma_services	platform/frameworks/libs/gsma_services	refs/tags/android-16.0.0_r4	ce5a4672c6979e63695f472f787cfc18aec56eee	ce5a4672c6979e63695f472f787cfc18aec56eee	be4339c8584f745dcc454c32cf5b2282124d780f	yes	yes	0	present_clean_r4	local_peeled_tag
frameworks/minikin	platform/frameworks/minikin	refs/tags/android-16.0.0_r4	1d91454dddc3d88b787440aa9a6f8072f4850a17	1d91454dddc3d88b787440aa9a6f8072f4850a17	6e977009152e566510a4af2bce719a41937edc6a	yes	yes	0	present_clean_r4	local_peeled_tag
frameworks/multidex	platform/frameworks/multidex	refs/tags/android-16.0.0_r4	ac152b7ced850c1ef235c38b1a18904d33215bd2	ac152b7ced850c1ef235c38b1a18904d33215bd2	4cdc7260df6895b9ea8e321ce16db6b006e4e494	yes	yes	0	present_clean_r4	local_peeled_tag
frameworks/native	platform/frameworks/native	refs/tags/android-16.0.0_r4	fcbde2bcff56ca1d7bec9cabf8bdca5e288bf103	fcbde2bcff56ca1d7bec9cabf8bdca5e288bf103	99baec33e1309d380fe84fbe89e8c49cd952569a	yes	yes	0	present_clean_r4	local_peeled_tag
frameworks/opt/bitmap	platform/frameworks/opt/bitmap	refs/tags/android-16.0.0_r4	958affd2e0b70e659f5e5a32157e0ba3b7b558c1	958affd2e0b70e659f5e5a32157e0ba3b7b558c1	bc524e8095bede9b190b597926f2a04209e871f7	yes	yes	0	present_clean_r4	local_peeled_tag
frameworks/opt/calendar	platform/frameworks/opt/calendar	refs/tags/android-16.0.0_r4	752672ac181c13bbb4ff86712e7d109ac8475017	752672ac181c13bbb4ff86712e7d109ac8475017	5672a9912bc713a509b22f7f99c978fbb9e82d60	yes	yes	0	present_clean_r4	local_peeled_tag
frameworks/opt/car/services	platform/frameworks/opt/car/services	refs/tags/android-16.0.0_r4	4b2b1138639c6d71e1bccc2ccda152ed46416bf2	4b2b1138639c6d71e1bccc2ccda152ed46416bf2	a3d0ae48fb099666f47a84435b99c02a70a7c00c	yes	yes	0	present_clean_r4	local_peeled_tag
frameworks/opt/car/setupwizard	platform/frameworks/opt/car/setupwizard	refs/tags/android-16.0.0_r4	a71ff653ec290587a97a909b8c9e700126f30efb	a71ff653ec290587a97a909b8c9e700126f30efb	a92a7abb114ed498a44d0f0ccbc31c088f441175	yes	yes	0	present_clean_r4	local_peeled_tag
frameworks/opt/chips	platform/frameworks/opt/chips	refs/tags/android-16.0.0_r4	f2f0ac39079b8654cc2033e7f85004a9fc8c13b7	f2f0ac39079b8654cc2033e7f85004a9fc8c13b7	077d7830ad0156df724d6acc3fddd495b4da59a4	yes	yes	0	present_clean_r4	local_peeled_tag
frameworks/opt/colorpicker	platform/frameworks/opt/colorpicker	refs/tags/android-16.0.0_r4	1ccf7a77e726d2c6f526fc9c7e1cd11141039bc0	1ccf7a77e726d2c6f526fc9c7e1cd11141039bc0	2a57856ff428f231e5b11293323334d6068b5c33	yes	yes	0	present_clean_r4	local_peeled_tag
frameworks/opt/localepicker	platform/frameworks/opt/localepicker	refs/tags/android-16.0.0_r4	c0fcacc99dbf7b6004140b809d61ffd4c383804b	c0fcacc99dbf7b6004140b809d61ffd4c383804b	d94a8934acbc0e12feab9addd37db38d81977221	yes	yes	0	present_clean_r4	local_peeled_tag
frameworks/opt/net/ims	platform/frameworks/opt/net/ims	refs/tags/android-16.0.0_r4	336af62cf98cdf44247c78b9645b5a6535837624	336af62cf98cdf44247c78b9645b5a6535837624	7307ee2823253f6cb095f331da9e98a1791f4955	yes	yes	0	present_clean_r4	local_peeled_tag
frameworks/opt/net/voip	platform/frameworks/opt/net/voip	refs/tags/android-16.0.0_r4	d366ee3c9013e1e400cece74d1e55c97a203821d	d366ee3c9013e1e400cece74d1e55c97a203821d	8be9f26f4d26cbaa625eb0984fe58b727abb2a07	yes	yes	0	present_clean_r4	local_peeled_tag
frameworks/opt/net/wifi	platform/frameworks/opt/net/wifi	refs/tags/android-16.0.0_r4	e7e8646a896f2ee736ccca935c862d52f0492b07	e7e8646a896f2ee736ccca935c862d52f0492b07	db6d9d432bb7f13b5e44ee3771d062f8571adae2	yes	yes	0	present_clean_r4	local_peeled_tag
frameworks/opt/photoviewer	platform/frameworks/opt/photoviewer	refs/tags/android-16.0.0_r4	fb5c100b4a415e69e507962dd6c32660d71dfc66	fb5c100b4a415e69e507962dd6c32660d71dfc66	7b6e33820e89ca8578cc5cb12f378acecb5ce568	yes	yes	0	present_clean_r4	local_peeled_tag
frameworks/opt/setupwizard	platform/frameworks/opt/setupwizard	refs/tags/android-16.0.0_r4	158e99b2a9218585a61385a62514d89d77b1f67d	158e99b2a9218585a61385a62514d89d77b1f67d	1512a306f2af87e5ca2f8968a706d411bac86fc3	yes	yes	0	present_clean_r4	local_peeled_tag
frameworks/opt/telephony	platform/frameworks/opt/telephony	refs/tags/android-16.0.0_r4	864b2fe3e2f7d84a3c9075cb95e95089e49cab11	864b2fe3e2f7d84a3c9075cb95e95089e49cab11	99aa4d763cb4846a2b11c869ae05aae722bedac4	yes	yes	0	present_clean_r4	local_peeled_tag
frameworks/opt/timezonepicker	platform/frameworks/opt/timezonepicker	refs/tags/android-16.0.0_r4	2c39150f4c47837819225eb86424797af69fdc5a	2c39150f4c47837819225eb86424797af69fdc5a	f5fb970846e75be707ff7bdd97b2566a0470eb99	yes	yes	0	present_clean_r4	local_peeled_tag
frameworks/opt/tv/tvsystem	platform/frameworks/opt/tv/tvsystem	refs/tags/android-16.0.0_r4	b08d6544326b2aaee389d0462f07845c9e776e0a	b08d6544326b2aaee389d0462f07845c9e776e0a	84325feca1d17ef79faa95dd387c36befdc0483c	yes	yes	0	present_clean_r4	local_peeled_tag
frameworks/opt/vcard	platform/frameworks/opt/vcard	refs/tags/android-16.0.0_r4	35b57cce997b25ca97fa6001800f1b1449cc2270	35b57cce997b25ca97fa6001800f1b1449cc2270	706ee65e60bb3f92d2acb3618f608a4be374a341	yes	yes	0	present_clean_r4	local_peeled_tag
frameworks/proto_logging	platform/frameworks/proto_logging	refs/tags/android-16.0.0_r4	cef5253cee341d943c2972775e047ca368e9b1ee	cef5253cee341d943c2972775e047ca368e9b1ee	8eaa88315b71eb90beaa04fc82e1de1c1d92b2f9	yes	yes	0	present_clean_r4	local_peeled_tag
frameworks/rs	platform/frameworks/rs	refs/tags/android-16.0.0_r4	87c3574b17ce98f73bf72d7d6b904a00cf8438fd	87c3574b17ce98f73bf72d7d6b904a00cf8438fd	4ba2fba8e210c4ba566b7de2604e0b47682471e6	yes	yes	0	present_clean_r4	local_peeled_tag
frameworks/wilhelm	platform/frameworks/wilhelm	refs/tags/android-16.0.0_r4	1bd6fdb6d12498f8433fcad4db7a3e5836c7ec5e	1bd6fdb6d12498f8433fcad4db7a3e5836c7ec5e	016c66cfd75a1f4a254bbd76910e963fd2b82bdb	yes	yes	0	present_clean_r4	local_peeled_tag
hardware/broadcom/libbt	platform/hardware/broadcom/libbt	refs/tags/android-16.0.0_r4	6609c91a267719dacc86b697e8f1fa678fd77878	6609c91a267719dacc86b697e8f1fa678fd77878	babee912953610f448dccd247c98141069f6c83f	yes	yes	0	present_clean_r4	local_peeled_tag
hardware/broadcom/wlan	platform/hardware/broadcom/wlan	refs/tags/android-16.0.0_r4	f347e286cd515b5afc16926d03d159273439719e	f347e286cd515b5afc16926d03d159273439719e	fc3788c9f334422b3c985a84e6af17073bee5eba	yes	yes	0	present_clean_r4	local_peeled_tag
hardware/google/aemu	platform/hardware/google/aemu	refs/tags/android-16.0.0_r4	39eb78a922e37c3c18a81e9e3c9e4de45b477e02	39eb78a922e37c3c18a81e9e3c9e4de45b477e02	4fec33bc306e56c34ca2197d6a3036c884f2c9e1	yes	yes	0	present_clean_r4	local_peeled_tag
hardware/google/apf	platform/hardware/google/apf	refs/tags/android-16.0.0_r4	e4f366932f9fa043cb452b03238e59a4b8533e6e	e4f366932f9fa043cb452b03238e59a4b8533e6e	e56b01a5313cb24a8f71ae8efeffab7911cf0052	yes	yes	0	present_clean_r4	local_peeled_tag
hardware/google/av	platform/hardware/google/av	refs/tags/android-16.0.0_r4	5a551a542ca8feb0fb95da573b13355023bd1e93	5a551a542ca8feb0fb95da573b13355023bd1e93	1f519fa20d2cd0feb5abd3cc0f7cb8f601964161	yes	yes	0	present_clean_r4	local_peeled_tag
hardware/google/camera	platform/hardware/google/camera	refs/tags/android-16.0.0_r4	ee0171d592a9352f7e80d804bb7b1a6de8313a28	ee0171d592a9352f7e80d804bb7b1a6de8313a28	94fdf3736a7147e9b22284feb6715527bc596c78	yes	yes	0	present_clean_r4	local_peeled_tag
hardware/google/gfxstream	platform/hardware/google/gfxstream	refs/tags/android-16.0.0_r4	7e9d595b097b23f5fa5c114088245c819e29a9af	7e9d595b097b23f5fa5c114088245c819e29a9af	d3f3d6204f486a46a2af25fbce99af18db55fe46	yes	yes	0	present_clean_r4	local_peeled_tag
hardware/google/interfaces	platform/hardware/google/interfaces	refs/tags/android-16.0.0_r4	59122ac42b00cd4938d5ae0816fecec4cd45300c	59122ac42b00cd4938d5ae0816fecec4cd45300c	13cacac1ac0e62a5636faa3a386ea9d0f8788822	yes	yes	0	present_clean_r4	local_peeled_tag
hardware/google/pixel	platform/hardware/google/pixel	refs/tags/android-16.0.0_r4	b38821afd45b12490078d82b1abf7878cfe147fd	b38821afd45b12490078d82b1abf7878cfe147fd	9dc53a7ef4733c5a6ad00b6881879a2b7ba14696	yes	yes	0	present_clean_r4	local_peeled_tag
hardware/google/pixel-sepolicy	platform/hardware/google/pixel-sepolicy	refs/tags/android-16.0.0_r4	a40de68e4422195157e8ed2845a33b8fe61ef349	a40de68e4422195157e8ed2845a33b8fe61ef349	a5c289f1a207a441c924f655624df5e0214d2008	yes	yes	0	present_clean_r4	local_peeled_tag
hardware/interfaces	platform/hardware/interfaces	refs/tags/android-16.0.0_r4	aa229558cbf04bc997ed27465c5e7ad497123d1b	aa229558cbf04bc997ed27465c5e7ad497123d1b	315215f25e2857a7ff1c46c6546f1d5e0f958f5e	yes	yes	0	present_clean_r4	local_peeled_tag
hardware/invensense	platform/hardware/invensense	refs/tags/android-16.0.0_r4	02424279a734a0cb64681cf11d5208a917662433	02424279a734a0cb64681cf11d5208a917662433	4ae1a7a76dcf7c7ef62fa9d9df0e0393c59e73ae	yes	yes	0	present_clean_r4	local_peeled_tag
hardware/libhardware	platform/hardware/libhardware	refs/tags/android-16.0.0_r4	67b44bb0f7d1df962e737cfe9baf716bab45792e	67b44bb0f7d1df962e737cfe9baf716bab45792e	3e297d9a7d8046cf924ae8648cca1a74a399853c	yes	yes	0	present_clean_r4	local_peeled_tag
hardware/libhardware_legacy	platform/hardware/libhardware_legacy	refs/tags/android-16.0.0_r4	3e1bd41dcb66b0ee75ada6e2167a3d7fecd7fce9	3e1bd41dcb66b0ee75ada6e2167a3d7fecd7fce9	9e3c552f7b6f637bab739c5f6bb0fbe521b7aa3b	yes	yes	0	present_clean_r4	local_peeled_tag
hardware/nxp/keymint	platform/hardware/nxp/keymint	refs/tags/android-16.0.0_r4	b7c0e960477f2ca1aa882280ce2e80f805d84192	b7c0e960477f2ca1aa882280ce2e80f805d84192	bb5f530b0a91699eed48841dfc6066bed69b2754	yes	yes	0	present_clean_r4	local_peeled_tag
hardware/nxp/nfc	platform/hardware/nxp/nfc	refs/tags/android-16.0.0_r4	4af243b96a0d4195858624100e7500a50aa2d83c	4af243b96a0d4195858624100e7500a50aa2d83c	19eba6cf9d1812f473fd19de1d812069694579c0	yes	yes	0	present_clean_r4	local_peeled_tag
hardware/nxp/secure_element	platform/hardware/nxp/secure_element	refs/tags/android-16.0.0_r4	272469bdba8adf0ad7550d0cff82d9baa2e1b4cf	272469bdba8adf0ad7550d0cff82d9baa2e1b4cf	5edd5d289f0ded46d3106bddd6ff20233c4f8d48	yes	yes	0	present_clean_r4	local_peeled_tag
hardware/nxp/weaver	platform/hardware/nxp/weaver	refs/tags/android-16.0.0_r4	bc48901a31023c3711a5ca2ab8e31ac22d0e01f7	bc48901a31023c3711a5ca2ab8e31ac22d0e01f7	659644e40abdc057d180204e6a1e5958ac430ef2	yes	yes	0	present_clean_r4	local_peeled_tag
hardware/qcom/wlan	platform/hardware/qcom/wlan	refs/tags/android-16.0.0_r4	ccf670c6a4b9b48134c651418cdb873e23d7a2df	ccf670c6a4b9b48134c651418cdb873e23d7a2df	ac3186e5dc644a58ac2759092f2b6ecbe6342569	yes	yes	0	present_clean_r4	local_peeled_tag
hardware/ril	platform/hardware/ril	refs/tags/android-16.0.0_r4	cec58d16c72a4fb5a075c1671e2a494920797e24	cec58d16c72a4fb5a075c1671e2a494920797e24	c744ad046c980ba53350abaab25ad7ef99a5af7a	yes	yes	0	present_clean_r4	local_peeled_tag
hardware/st/nfc	platform/hardware/st/nfc	refs/tags/android-16.0.0_r4	f0ae4513bdb0bd309eeb13b5379d049158ea5277	f0ae4513bdb0bd309eeb13b5379d049158ea5277	44fd54af54973014bb8d5e32db694ce53369ce29	yes	yes	0	present_clean_r4	local_peeled_tag
hardware/st/secure_element	platform/hardware/st/secure_element	refs/tags/android-16.0.0_r4	bc5e0a2b6a5d72b51bcd6e69a9537621e3e0bdda	bc5e0a2b6a5d72b51bcd6e69a9537621e3e0bdda	79e1789dfbbc4a6520a7d1f05c5f8a7916374929	yes	yes	0	present_clean_r4	local_peeled_tag
hardware/st/secure_element2	platform/hardware/st/secure_element2	refs/tags/android-16.0.0_r4	bb14808d69ab6066d208f0e5d01a7c57de3d8c88	bb14808d69ab6066d208f0e5d01a7c57de3d8c88	f0b8bef463cc8791cbd56683b9a1b2f1aab8d8bd	yes	yes	0	present_clean_r4	local_peeled_tag
hardware/samsung/nfc	platform/hardware/samsung/nfc	refs/tags/android-16.0.0_r4	ee8dd12b6d801d57e8ad896d1ef808103ecd99ad	ee8dd12b6d801d57e8ad896d1ef808103ecd99ad	0ad6ec1ccf6c50f7e3fbedffa0c2fb179cef9023	yes	yes	0	present_clean_r4	local_peeled_tag
hardware/synaptics/wlan	platform/hardware/synaptics/wlan	refs/tags/android-16.0.0_r4	29fb44f17e4af1671eeb44396f0eb967f6292047	29fb44f17e4af1671eeb44396f0eb967f6292047	8d5b33481fd4bbe765e7452ccbae52290974297b	yes	yes	0	present_clean_r4	local_peeled_tag
hardware/ti/am57x	platform/hardware/ti/am57x	refs/tags/android-16.0.0_r4	051ca1565ae8fb7e8e23f0dbcd94460f5a9ad522	051ca1565ae8fb7e8e23f0dbcd94460f5a9ad522	f313e799c4e2737fe4c3f0e33bbeff02c2c9d508	yes	yes	0	present_clean_r4	local_peeled_tag
kernel/configs	kernel/configs	refs/tags/android-16.0.0_r4	82c305fe2a7af49cbe9928e9b2fe1416f7810a41	82c305fe2a7af49cbe9928e9b2fe1416f7810a41	e1452e62aff9ff0e04225b1732fc241afdd6cd53	yes	yes	0	present_clean_r4	local_peeled_tag
kernel/prebuilts/6.1/arm64	kernel/prebuilts/6.1/arm64	refs/tags/android-16.0.0_r4	060e056e759fac4e0264eef9e8d0669c3107e208	060e056e759fac4e0264eef9e8d0669c3107e208	a09349233ce159203700a95cb468b6933e9405f3	yes	yes	0	present_clean_r4	local_peeled_tag
kernel/prebuilts/6.1/x86_64	kernel/prebuilts/6.1/x86-64	refs/tags/android-16.0.0_r4	7b821a4c11a2ec15866defd0f84b39e4f2ef118c	7b821a4c11a2ec15866defd0f84b39e4f2ef118c	13bbb76f3c5d3cff8973e6fed81951a0bec1eed4	yes	yes	0	present_clean_r4	local_peeled_tag
kernel/prebuilts/6.6/arm64	kernel/prebuilts/6.6/arm64	refs/tags/android-16.0.0_r4	5bb30e0fa7739752bb35dd125fb2eae2a3dc0cc0	5bb30e0fa7739752bb35dd125fb2eae2a3dc0cc0	2f16f43c78f98d33ac873934a32492c50810cc12	yes	yes	0	present_clean_r4	local_peeled_tag
kernel/prebuilts/6.6/x86_64	kernel/prebuilts/6.6/x86-64	refs/tags/android-16.0.0_r4	ffb55e758165bf1cb19c61df537cd0878ca9f6ba	ffb55e758165bf1cb19c61df537cd0878ca9f6ba	46164f17249b402c06bcec1fd5c535685ca3fef5	yes	yes	0	present_clean_r4	local_peeled_tag
kernel/prebuilts/6.12/arm64	kernel/prebuilts/6.12/arm64	refs/tags/android-16.0.0_r4	53f5d249d8ca2d350a65cdf8e8131599b1c9f9e0	53f5d249d8ca2d350a65cdf8e8131599b1c9f9e0	b46f92dff830e921c6025966158937c6d33b8318	yes	yes	0	present_clean_r4	local_peeled_tag
kernel/prebuilts/6.12/x86_64	kernel/prebuilts/6.12/x86-64	refs/tags/android-16.0.0_r4	ed5c302492ed03c42f39370da05bb6ffaa0afa0f	ed5c302492ed03c42f39370da05bb6ffaa0afa0f	bbbbcc307f6fed81041d472c9bcd1d7d1ed80e81	yes	yes	0	present_clean_r4	local_peeled_tag
kernel/prebuilts/mainline/arm64	kernel/prebuilts/mainline/arm64	refs/tags/android-16.0.0_r4	49cdfc22db6be7a55ae951e522d5ecadf6293a90	49cdfc22db6be7a55ae951e522d5ecadf6293a90	d917491de8e03349cd1a2dcba6fdd52144ddc812	yes	yes	0	present_clean_r4	local_peeled_tag
kernel/prebuilts/mainline/x86_64	kernel/prebuilts/mainline/x86-64	refs/tags/android-16.0.0_r4	51a4241eb8c63ce034bfcd798d8dff8eaa8325d0	51a4241eb8c63ce034bfcd798d8dff8eaa8325d0	c0d4044b888af5d1fe9af55f741310ea7f0c41ce	yes	yes	0	present_clean_r4	local_peeled_tag
kernel/prebuilts/common-modules/trusty/6.6/arm64	kernel/prebuilts/common-modules/trusty/6.6/arm64	refs/tags/android-16.0.0_r4	8dabfec8672d6097db7a355137cd005c117b7fc6	8dabfec8672d6097db7a355137cd005c117b7fc6	2e05a377d933f2913b723c83b83ecaca204f15da	yes	yes	0	present_clean_r4	local_peeled_tag
kernel/prebuilts/common-modules/trusty/6.12/arm64	kernel/prebuilts/common-modules/trusty/6.12/arm64	refs/tags/android-16.0.0_r4	55f978f0a2e8d2091782d9e56c60d18e03742e66	55f978f0a2e8d2091782d9e56c60d18e03742e66	79d9b4f08f37c8069fb3f1532ecfd2ad7f444119	yes	yes	0	present_clean_r4	local_peeled_tag
kernel/prebuilts/common-modules/virtual-device/6.1/arm64	kernel/prebuilts/common-modules/virtual-device/6.1/arm64	refs/tags/android-16.0.0_r4	6208b8f77906e89840706bccb89688eb09fa704f	6208b8f77906e89840706bccb89688eb09fa704f	f7e90a44ef9508cedf33fe0d61f82b2ace2923da	yes	yes	0	present_clean_r4	local_peeled_tag
kernel/prebuilts/common-modules/virtual-device/6.1/x86-64	kernel/prebuilts/common-modules/virtual-device/6.1/x86-64	refs/tags/android-16.0.0_r4	343588049b03d752ef5b6adc33856a044f12b71d	343588049b03d752ef5b6adc33856a044f12b71d	742cd390089f343c7c9bd448dcf6650a9058c28a	yes	yes	0	present_clean_r4	local_peeled_tag
kernel/prebuilts/common-modules/virtual-device/6.6/arm64	kernel/prebuilts/common-modules/virtual-device/6.6/arm64	refs/tags/android-16.0.0_r4	618589101e0c361a57299b19cee953bd1e3bf2fe	618589101e0c361a57299b19cee953bd1e3bf2fe	59da2d12b197db6bad7c6cceec40736856df0646	yes	yes	0	present_clean_r4	local_peeled_tag
kernel/prebuilts/common-modules/virtual-device/6.6/x86-64	kernel/prebuilts/common-modules/virtual-device/6.6/x86-64	refs/tags/android-16.0.0_r4	4ed6aaa7630c6fe3c6b0ee4b39edd5c8afc5b304	4ed6aaa7630c6fe3c6b0ee4b39edd5c8afc5b304	fac9585c84e21b7c2890befc1a11c764aa49d66d	yes	yes	0	present_clean_r4	local_peeled_tag
kernel/prebuilts/common-modules/virtual-device/6.12/arm64	kernel/prebuilts/common-modules/virtual-device/6.12/arm64	refs/tags/android-16.0.0_r4	b072f64574aa29c327b200e70fdc861be14ab01c	b072f64574aa29c327b200e70fdc861be14ab01c	fe315c4cb7c4b632f6812e7c37b2a0e6c2f3f325	yes	yes	0	present_clean_r4	local_peeled_tag
kernel/prebuilts/common-modules/virtual-device/6.12/x86-64	kernel/prebuilts/common-modules/virtual-device/6.12/x86-64	refs/tags/android-16.0.0_r4	20010e2738fb8030fb63dade201beef5074490cd	20010e2738fb8030fb63dade201beef5074490cd	96002814a2b77edd363512d582e9a8cdcbf47a61	yes	yes	0	present_clean_r4	local_peeled_tag
kernel/prebuilts/common-modules/virtual-device/mainline/arm64	kernel/prebuilts/common-modules/virtual-device/mainline/arm64	refs/tags/android-16.0.0_r4	c1b6f17450d64bb1c368b48aae97055563e5043e	c1b6f17450d64bb1c368b48aae97055563e5043e	2c68d6bfaafb4f233ec06ba9da7fee8fc2127820	yes	yes	0	present_clean_r4	local_peeled_tag
kernel/prebuilts/common-modules/virtual-device/mainline/x86-64	kernel/prebuilts/common-modules/virtual-device/mainline/x86-64	refs/tags/android-16.0.0_r4	8686f19c255c36095c0dcf087901a5a8f7a00750	8686f19c255c36095c0dcf087901a5a8f7a00750	df633453890f7db3e1dac310178b6ace4f42e3fe	yes	yes	0	present_clean_r4	local_peeled_tag
kernel/tests	kernel/tests	refs/tags/android-16.0.0_r4	c550bdf8807d1f1bb8233ae05a895e15149a324d	c550bdf8807d1f1bb8233ae05a895e15149a324d	4b22d80472c9a47a378668a578bd7e37773b34ae	yes	yes	0	present_clean_r4	local_peeled_tag
libcore	platform/libcore	refs/tags/android-16.0.0_r4	1c599b67bcd3de5c50c79d0622e40b6de99b4cb4	1c599b67bcd3de5c50c79d0622e40b6de99b4cb4	4f737191416cb373a9431e96206e86e9ed02a925	yes	yes	0	present_clean_r4	local_peeled_tag
libnativehelper	platform/libnativehelper	refs/tags/android-16.0.0_r4	2d584ec2da2c5271ed1576593c6590d652806f0d	2d584ec2da2c5271ed1576593c6590d652806f0d	651a790c526a7ac5bafcb7c05084567ae0689f46	yes	yes	0	present_clean_r4	local_peeled_tag
packages/apps/AvatarPicker	platform/packages/apps/AvatarPicker	refs/tags/android-16.0.0_r4	05bc0cf3eb79cb1fda7a3b9c436a47001252b970	05bc0cf3eb79cb1fda7a3b9c436a47001252b970	f339407276cba526cf7bd12448801d0a461386ce	yes	yes	0	present_clean_r4	local_peeled_tag
packages/apps/BasicSmsReceiver	platform/packages/apps/BasicSmsReceiver	refs/tags/android-16.0.0_r4	e11b9797125a81cb77f16c401dd5071f6bd42585	e11b9797125a81cb77f16c401dd5071f6bd42585	2f6b0b7318d255f8680d868f236f11b1c261a7fd	yes	yes	0	present_clean_r4	local_peeled_tag
packages/apps/Browser2	platform/packages/apps/Browser2	refs/tags/android-16.0.0_r4	049d290945c252a4816ba88d41c97be0d843d79d	049d290945c252a4816ba88d41c97be0d843d79d	38d59adfcbd461632ff1481884015dff7bc315b4	yes	yes	0	present_clean_r4	local_peeled_tag
packages/apps/Calendar	platform/packages/apps/Calendar	refs/tags/android-16.0.0_r4	03e057090a3a1e99c1e1e6c495f7a79aa0719b3a	03e057090a3a1e99c1e1e6c495f7a79aa0719b3a	be463ddfd7e4b0d4f8587db77df723470cf4bfec	yes	yes	0	present_clean_r4	local_peeled_tag
packages/apps/Camera2	platform/packages/apps/Camera2	refs/tags/android-16.0.0_r4	e0f3c0a88fdb67a41a52d4705b8604c338e57194	e0f3c0a88fdb67a41a52d4705b8604c338e57194	01d9cfe824efb9feb14a593654db30f42f82543b	yes	yes	0	present_clean_r4	local_peeled_tag
packages/apps/Car/CalendarPrebuilt	platform/packages/apps/Car/CalendarPrebuilt	refs/tags/android-16.0.0_r4	190ec8ba9667441b5029fb08ccf1368d7d9bc046	190ec8ba9667441b5029fb08ccf1368d7d9bc046	bf16e61c449f76038e87d0885ea833e273c5733c	yes	yes	0	present_clean_r4	local_peeled_tag
packages/apps/Car/SystemUI	platform/packages/apps/Car/SystemUI	refs/tags/android-16.0.0_r4	43736f34308dbce2554ab4dd0301bd911286928f	43736f34308dbce2554ab4dd0301bd911286928f	d0a66c95efe1d6fae96f2e48fa3e9ecedcf3a99a	yes	yes	0	present_clean_r4	local_peeled_tag
packages/apps/Car/Cluster	platform/packages/apps/Car/Cluster	refs/tags/android-16.0.0_r4	7244742c0268e1a1f6e88f5b2e1df0c0ec2c825a	7244742c0268e1a1f6e88f5b2e1df0c0ec2c825a	1583c33eb33d6eb1b4024aad73bf05e13c0e816a	yes	yes	0	present_clean_r4	local_peeled_tag
packages/apps/Car/DebuggingRestrictionController	platform/packages/apps/Car/DebuggingRestrictionController	refs/tags/android-16.0.0_r4	de113b7648e31ee6735acd0bde97a784471ec357	de113b7648e31ee6735acd0bde97a784471ec357	14a92185664366b26f46d397bdf791a7862a3f3e	yes	yes	0	present_clean_r4	local_peeled_tag
packages/apps/Car/DialerPrebuilt	platform/packages/apps/Car/DialerPrebuilt	refs/tags/android-16.0.0_r4	f6b5d912c0353bdad2561d96e79bf58528d386ab	f6b5d912c0353bdad2561d96e79bf58528d386ab	7ddfd0c3bb1685cef31e26072b72ffadaa7401ec	yes	yes	0	present_clean_r4	local_peeled_tag
packages/apps/Car/DriverUIPrebuilt	platform/packages/apps/Car/DriverUIPrebuilt	refs/tags/android-16.0.0_r4	859f56e807da87f00e368bd46d0cc72f0b52d903	859f56e807da87f00e368bd46d0cc72f0b52d903	4b825dc642cb6eb9a060e54bf8d69288fbee4904	yes	yes	0	present_clean_r4	local_peeled_tag
packages/apps/Car/LatinIME	platform/packages/apps/Car/LatinIME	refs/tags/android-16.0.0_r4	37e543113f3139438c64fe8fd24bb6e27d957748	37e543113f3139438c64fe8fd24bb6e27d957748	0e1eb436bcb68d587ddc8355b7997419e46ce10b	yes	yes	0	present_clean_r4	local_peeled_tag
packages/apps/Car/Launcher	platform/packages/apps/Car/Launcher	refs/tags/android-16.0.0_r4	9a2e8e2465a51a796482eec71d00960f491ca2b5	9a2e8e2465a51a796482eec71d00960f491ca2b5	d7ea2416f6981e337e93cd5e8e393372f4841465	yes	yes	0	present_clean_r4	local_peeled_tag
packages/apps/Car/LinkViewer	platform/packages/apps/Car/LinkViewer	refs/tags/android-16.0.0_r4	25ae1df5f36586af05a8dc1452c27764f7e63498	25ae1df5f36586af05a8dc1452c27764f7e63498	ab6a4f4180cccb1361b56f09d4a42c56dcba9223	yes	yes	0	present_clean_r4	local_peeled_tag
packages/apps/Car/LocalMediaPlayer	platform/packages/apps/Car/LocalMediaPlayer	refs/tags/android-16.0.0_r4	300d7545f05794875566f8e39f83c318c7542424	300d7545f05794875566f8e39f83c318c7542424	921d6daacff04b898557baed3b0fb9564b6b3b63	yes	yes	0	present_clean_r4	local_peeled_tag
packages/apps/Car/MediaPrebuilt	platform/packages/apps/Car/MediaPrebuilt	refs/tags/android-16.0.0_r4	65ab7c2d89c8b1cbfae27d3c70d4fa23888e77ea	65ab7c2d89c8b1cbfae27d3c70d4fa23888e77ea	bc16be363d57e98690f324df3c8b10f82aeab6f7	yes	yes	0	present_clean_r4	local_peeled_tag
packages/apps/Car/MessengerPrebuilt	platform/packages/apps/Car/MessengerPrebuilt	refs/tags/android-16.0.0_r4	e2caf60acc0eedcc4fac31d870963ee3e2d6cb74	e2caf60acc0eedcc4fac31d870963ee3e2d6cb74	fe3ac015c49a4766eefc235b068008ec4913a9a4	yes	yes	0	present_clean_r4	local_peeled_tag
packages/apps/Car/Notification	platform/packages/apps/Car/Notification	refs/tags/android-16.0.0_r4	99756606d2ab9497a3fd3ad17e854c1042d0eb2d	99756606d2ab9497a3fd3ad17e854c1042d0eb2d	6bf95ef0f78008ebc8fd5d27a9eb50365661166b	yes	yes	0	present_clean_r4	local_peeled_tag
packages/apps/Car/Provision	platform/packages/apps/Car/Provision	refs/tags/android-16.0.0_r4	120c18f855f2925ce9c02c44b24d5525b64453ff	120c18f855f2925ce9c02c44b24d5525b64453ff	0e08a6fcf9c800a2019cf7a1c58d9c0397e22297	yes	yes	0	present_clean_r4	local_peeled_tag
packages/apps/Car/RadioPrebuilt	platform/packages/apps/Car/RadioPrebuilt	refs/tags/android-16.0.0_r4	00392ed35f50e5abac744e4769fb22ea72e05905	00392ed35f50e5abac744e4769fb22ea72e05905	3bce15dc46df0d0317f209b9ab269ce2f43483b4	yes	yes	0	present_clean_r4	local_peeled_tag
packages/apps/Car/RotaryController	platform/packages/apps/Car/RotaryController	refs/tags/android-16.0.0_r4	bb6b0135dacdf40b15741633967bd571a1578eb5	bb6b0135dacdf40b15741633967bd571a1578eb5	5b43ff13ccb9b4287391ab3f36c5b6a8954e38f9	yes	yes	0	present_clean_r4	local_peeled_tag
packages/apps/Car/RotaryImePrebuilt	platform/packages/apps/Car/RotaryImePrebuilt	refs/tags/android-16.0.0_r4	1fa0b9b404fdc126f861b9881351d9a1b6bf0657	1fa0b9b404fdc126f861b9881351d9a1b6bf0657	4b825dc642cb6eb9a060e54bf8d69288fbee4904	yes	yes	0	present_clean_r4	local_peeled_tag
packages/apps/Car/Settings	platform/packages/apps/Car/Settings	refs/tags/android-16.0.0_r4	f00a827fc1403adee4d0a5f2eb46c35cd8200564	f00a827fc1403adee4d0a5f2eb46c35cd8200564	23080a4ab98d028af761c06dbcc3d6fcf5e9bbbe	yes	yes	0	present_clean_r4	local_peeled_tag
packages/apps/Car/SettingsIntelligence	platform/packages/apps/Car/SettingsIntelligence	refs/tags/android-16.0.0_r4	26bb3713d4241900e6a582a10618749956a0f93d	26bb3713d4241900e6a582a10618749956a0f93d	a4a0a9cae5b359ede5a1ecb24df5422ac19df1ad	yes	yes	0	present_clean_r4	local_peeled_tag
packages/apps/Car/systemlibs	platform/packages/apps/Car/systemlibs	refs/tags/android-16.0.0_r4	d8fe3d05923446188234e928da064a528307d196	d8fe3d05923446188234e928da064a528307d196	64da5db378e6f5522b0099c6090123a4b7fc0db5	yes	yes	0	present_clean_r4	local_peeled_tag
packages/apps/Car/SystemUpdater	platform/packages/apps/Car/SystemUpdater	refs/tags/android-16.0.0_r4	9042cde2ef9da2916be98dfac801daba0c42efd2	9042cde2ef9da2916be98dfac801daba0c42efd2	139690afda772f544b0f0716ed734da96919317c	yes	yes	0	present_clean_r4	local_peeled_tag
packages/apps/Car/Templates	platform/packages/apps/Car/Templates	refs/tags/android-16.0.0_r4	a21e168a69be9ccb90af3114fb0dc817fccb047a	a21e168a69be9ccb90af3114fb0dc817fccb047a	0a7e86f0af6c2e30188a318c807080708e392bc6	yes	yes	0	present_clean_r4	local_peeled_tag
packages/apps/Car/VoiceControl	platform/packages/apps/Car/VoiceControl	refs/tags/android-16.0.0_r4	fcc1cd32dc5cf79112dab3b240f8fdbf5643e3d8	fcc1cd32dc5cf79112dab3b240f8fdbf5643e3d8	22639cb1caec496f69de1345f90bbd352d1b88de	yes	yes	0	present_clean_r4	local_peeled_tag
packages/apps/Car/DataSubscriptionReference	platform/packages/apps/Car/DataSubscriptionReference	refs/tags/android-16.0.0_r4	7afd54877da9193809ebdeb9e237ddbeb4749cdb	7afd54877da9193809ebdeb9e237ddbeb4749cdb	7c3fcffac761a79935d494f255cbc4cec27e3676	yes	yes	0	present_clean_r4	local_peeled_tag
packages/apps/Car/References	platform/packages/apps/Car/References	refs/tags/android-16.0.0_r4	c13d7583697a16f33ebecb100b30157ac22321a8	c13d7583697a16f33ebecb100b30157ac22321a8	5bf11aa3d30d35f43f432045da22a3968bb4345b	yes	yes	0	present_clean_r4	local_peeled_tag
packages/apps/CarrierConfig	platform/packages/apps/CarrierConfig	refs/tags/android-16.0.0_r4	b9722cd545485ef0dbd90a03ed08ddeff169cc0b	b9722cd545485ef0dbd90a03ed08ddeff169cc0b	dc61910875947e0f52386bccc1abb6853ecd98d1	yes	yes	0	present_clean_r4	local_peeled_tag
packages/apps/CellBroadcastReceiver	platform/packages/apps/CellBroadcastReceiver	refs/tags/android-16.0.0_r4	1d8dd0a70256bc82a0b8b8e292b2a4084e787b22	1d8dd0a70256bc82a0b8b8e292b2a4084e787b22	be12b26b124e38f4815b7463b8c61426bd6b732a	yes	yes	0	present_clean_r4	local_peeled_tag
packages/apps/CertInstaller	platform/packages/apps/CertInstaller	refs/tags/android-16.0.0_r4	37a8ef2f465471904303dfde69932905b2469895	37a8ef2f465471904303dfde69932905b2469895	d866044ff14e5838b625d396768af45f0b823876	yes	yes	0	present_clean_r4	local_peeled_tag
packages/apps/Contacts	platform/packages/apps/Contacts	refs/tags/android-16.0.0_r4	0052a57a8346828ea5249ace735efea806ba6a54	0052a57a8346828ea5249ace735efea806ba6a54	391c27b9e8f9fc69feb79899d3d3ce6fb54bf139	yes	yes	0	present_clean_r4	local_peeled_tag
packages/apps/ContactsPicker	platform/packages/apps/ContactsPicker	refs/tags/android-16.0.0_r4	5d8a24d806a9e0f3aae83e898c87e3757cf65ab6	5d8a24d806a9e0f3aae83e898c87e3757cf65ab6	71c0f4b23c303d22fc912dac23da60a33429dbf1	yes	yes	0	present_clean_r4	local_peeled_tag
packages/apps/DeskClock	platform/packages/apps/DeskClock	refs/tags/android-16.0.0_r4	862d59edb22a4dba31066ece596e87c1cbfe36d0	862d59edb22a4dba31066ece596e87c1cbfe36d0	931767f0b7d56de8f6c7f7bbe8ada39dd6359bfa	yes	yes	0	present_clean_r4	local_peeled_tag
packages/apps/DevCamera	platform/packages/apps/DevCamera	refs/tags/android-16.0.0_r4	fe1118e729b599d530965e9987cbf29a78778358	fe1118e729b599d530965e9987cbf29a78778358	f2e12e3e9c3366ceff0ade2525d68fefc0fd228b	yes	yes	0	present_clean_r4	local_peeled_tag
packages/apps/DeviceDiagnostics	platform/packages/apps/DeviceDiagnostics	refs/tags/android-16.0.0_r4	6a93abdc96f0e553bac7efd5b41f0e549f4746be	6a93abdc96f0e553bac7efd5b41f0e549f4746be	b9fb6cae2aad6dd8f2891b134eec47417eadfd6c	yes	yes	0	present_clean_r4	local_peeled_tag
packages/apps/Dialer	platform/packages/apps/Dialer	refs/tags/android-16.0.0_r4	b6c33cf90c7814a484331a696160e1336d877f67	b6c33cf90c7814a484331a696160e1336d877f67	f1c23e085b4e4fff831a27ae3d7945db3f03626f	yes	yes	0	present_clean_r4	local_peeled_tag
packages/apps/DocumentsUI	platform/packages/apps/DocumentsUI	refs/tags/android-16.0.0_r4	ca99454776b47322576e6dfb5f00cb778e3b3fd0	ca99454776b47322576e6dfb5f00cb778e3b3fd0	f84be349c58ea442f6c24a5987981e5a3465b491	yes	yes	0	present_clean_r4	local_peeled_tag
packages/apps/EmergencyInfo	platform/packages/apps/EmergencyInfo	refs/tags/android-16.0.0_r4	ab6c39cf5f0a0dc9c5f7b027e69391f6c0a78953	ab6c39cf5f0a0dc9c5f7b027e69391f6c0a78953	61f6e6a948dd9ee2c2e1e2da4ba07da5ecdc3882	yes	yes	0	present_clean_r4	local_peeled_tag
packages/apps/EyeDropper	platform/packages/apps/EyeDropper	refs/tags/android-16.0.0_r4	6cc23950eea503829ee8452bf8f8d007fed4b061	6cc23950eea503829ee8452bf8f8d007fed4b061	65bb1be3ad89620d0897a9f9ebf9bc8478071a66	yes	yes	0	present_clean_r4	local_peeled_tag
packages/apps/Gallery	platform/packages/apps/Gallery	refs/tags/android-16.0.0_r4	045046b463f0bdb344714979643be7881c67fdfc	045046b463f0bdb344714979643be7881c67fdfc	ebd98ea389b3572267ef75e74002fcc650c5f53b	yes	yes	0	present_clean_r4	local_peeled_tag
packages/apps/Gallery2	platform/packages/apps/Gallery2	refs/tags/android-16.0.0_r4	400993d893adcbd6219a659d024c6cfdf412a80b	400993d893adcbd6219a659d024c6cfdf412a80b	e48f84c12c10779f6841e2492c75312960d21095	yes	yes	0	present_clean_r4	local_peeled_tag
packages/apps/HTMLViewer	platform/packages/apps/HTMLViewer	refs/tags/android-16.0.0_r4	baa35c607e99e00199ade178da644f4e7ef5bc41	baa35c607e99e00199ade178da644f4e7ef5bc41	c9ffa8d755da8d03bd37471b5f52ddc77529dfb8	yes	yes	0	present_clean_r4	local_peeled_tag
packages/apps/ImsServiceEntitlement	platform/packages/apps/ImsServiceEntitlement	refs/tags/android-16.0.0_r4	cae7e5458b49a9a53f6cfefd1298fe30741cafad	cae7e5458b49a9a53f6cfefd1298fe30741cafad	348cb372a2c67f1d6cca95db0ef2f31d90de51e6	yes	yes	0	present_clean_r4	local_peeled_tag
packages/apps/KeyChain	platform/packages/apps/KeyChain	refs/tags/android-16.0.0_r4	1c04ddd1cc42017ea0e970bc00bbbaa0b1b97fc6	1c04ddd1cc42017ea0e970bc00bbbaa0b1b97fc6	173e0a4771bf00333718946223b448156944bf23	yes	yes	0	present_clean_r4	local_peeled_tag
packages/apps/Launcher3	platform/packages/apps/Launcher3	refs/tags/android-16.0.0_r4	bbd0e27be08cf2f957b62f5af95669b3203b92a0	bbd0e27be08cf2f957b62f5af95669b3203b92a0	8cc8071660d4e95d8aaf92c21af8b947c9b8cf52	yes	yes	0	present_clean_r4	local_peeled_tag
packages/apps/LegacyCamera	platform/packages/apps/LegacyCamera	refs/tags/android-16.0.0_r4	7249b0801ce178a9f37f87d3d72d036295559ed2	7249b0801ce178a9f37f87d3d72d036295559ed2	30470e359357c117ef6aab7456ebc028c8249795	yes	yes	0	present_clean_r4	local_peeled_tag
packages/apps/ManagedProvisioning	platform/packages/apps/ManagedProvisioning	refs/tags/android-16.0.0_r4	eb8b8a853a763580c03c0dd1fcd9da77ef8abd89	eb8b8a853a763580c03c0dd1fcd9da77ef8abd89	4e5b0b496749d84bad6d3d2f0b2e23fa05727770	yes	yes	0	present_clean_r4	local_peeled_tag
external/android_onboarding	platform/external/android_onboarding	refs/tags/android-16.0.0_r4	c6f85ac1b42f5502ed5c060ca74e451d72763203	c6f85ac1b42f5502ed5c060ca74e451d72763203	dbb745eed2d35e71307893431388253ac78186c9	yes	yes	0	present_clean_r4	local_peeled_tag
packages/apps/Messaging	platform/packages/apps/Messaging	refs/tags/android-16.0.0_r4	8f5618c5c088b253734c31b4dfa59d5869a4bda7	8f5618c5c088b253734c31b4dfa59d5869a4bda7	40d4bfe70f40a78086f8b40b58dbd2cbf6c0d48e	yes	yes	0	present_clean_r4	local_peeled_tag
packages/apps/Multiuser	platform/packages/apps/Multiuser	refs/tags/android-16.0.0_r4	e0fff4ace7c2227ae3a4399f8c0c6ec3424bd5da	e0fff4ace7c2227ae3a4399f8c0c6ec3424bd5da	fa78b6ffd70fc7a82cc489f8f38115b9b5edf7a2	yes	yes	0	present_clean_r4	local_peeled_tag
packages/apps/Music	platform/packages/apps/Music	refs/tags/android-16.0.0_r4	4c8ba8ff9a387143194a63bbce9a589cbb29f07f	4c8ba8ff9a387143194a63bbce9a589cbb29f07f	3654025cb6831c21fa39e07e88f793c7a18600c4	yes	yes	0	present_clean_r4	local_peeled_tag
packages/apps/MusicFX	platform/packages/apps/MusicFX	refs/tags/android-16.0.0_r4	e48e57e2655f9bb3322a3ca39a210c4d3c7632bb	e48e57e2655f9bb3322a3ca39a210c4d3c7632bb	3fcc639623cad79c83012a115b60c5662141f217	yes	yes	0	present_clean_r4	local_peeled_tag
packages/apps/OnDeviceAppPrediction	platform/packages/apps/OnDeviceAppPrediction	refs/tags/android-16.0.0_r4	4f74558f9fafcffb196d235537fa69cb2439dec5	4f74558f9fafcffb196d235537fa69cb2439dec5	517f7bde51ee60dda9165f9377c6d73b98b57701	yes	yes	0	present_clean_r4	local_peeled_tag
packages/apps/PhoneCommon	platform/packages/apps/PhoneCommon	refs/tags/android-16.0.0_r4	a7cbe142aed95d4964a2eff32200aa6c9e58337e	a7cbe142aed95d4964a2eff32200aa6c9e58337e	e0b99ae6b365b953a4c1f2a9bad64b79ebb00d36	yes	yes	0	present_clean_r4	local_peeled_tag
packages/apps/PrivateSpace	platform/packages/apps/PrivateSpace	refs/tags/android-16.0.0_r4	116d779c2f6bcefd0c0e0966bf7f7792697b8bfb	116d779c2f6bcefd0c0e0966bf7f7792697b8bfb	b48d00196c2b4c961e4c59a3d663774dd2aee3dd	yes	yes	0	present_clean_r4	local_peeled_tag
packages/apps/Protips	platform/packages/apps/Protips	refs/tags/android-16.0.0_r4	f042acf0eaa92450ecd3d7e0931e6b171fb55886	f042acf0eaa92450ecd3d7e0931e6b171fb55886	6ed92f37b21f3efd4fcf65787f6b12df8f211a82	yes	yes	0	present_clean_r4	local_peeled_tag
packages/apps/Provision	platform/packages/apps/Provision	refs/tags/android-16.0.0_r4	b371531cac22752f5135471688e5924ce225414b	b371531cac22752f5135471688e5924ce225414b	d61e5539ae44346def3270a4f6b874d557804316	yes	yes	0	present_clean_r4	local_peeled_tag
packages/apps/QuickSearchBox	platform/packages/apps/QuickSearchBox	refs/tags/android-16.0.0_r4	314f7dd1d81ccce7e1497e5fc5f915ef498e0b54	314f7dd1d81ccce7e1497e5fc5f915ef498e0b54	cfdc35dcc242632385a12b78b1d4a02d431dcccf	yes	yes	0	present_clean_r4	local_peeled_tag
packages/apps/QuickAccessWallet	platform/packages/apps/QuickAccessWallet	refs/tags/android-16.0.0_r4	328a2433f9619ec63b1921e874ec34d86be74e24	328a2433f9619ec63b1921e874ec34d86be74e24	6e4872e3c4b95eb49e156b6cece893e945204682	yes	yes	0	present_clean_r4	local_peeled_tag
packages/apps/SafetyRegulatoryInfo	platform/packages/apps/SafetyRegulatoryInfo	refs/tags/android-16.0.0_r4	c22a37c22e6b455843b5e860fd1f1577b874c9a4	c22a37c22e6b455843b5e860fd1f1577b874c9a4	df585bcb29707854ca245f311bd849c9bc976f58	yes	yes	0	present_clean_r4	local_peeled_tag
packages/apps/SampleLocationAttribution	platform/packages/apps/SampleLocationAttribution	refs/tags/android-16.0.0_r4	0fd20325c8c02610a0bf2021a0d178ac3105a277	0fd20325c8c02610a0bf2021a0d178ac3105a277	5a5a7697a4be8151f68c69a7c4c4ebc5d91897ff	yes	yes	0	present_clean_r4	local_peeled_tag
packages/apps/SecureElement	platform/packages/apps/SecureElement	refs/tags/android-16.0.0_r4	bef9e6f1cc13956bf4718db1e303cf942f5b0e04	bef9e6f1cc13956bf4718db1e303cf942f5b0e04	031d5ce121cdaf00e242a34e773fb215e48811fe	yes	yes	0	present_clean_r4	local_peeled_tag
packages/apps/Settings	platform/packages/apps/Settings	refs/tags/android-16.0.0_r4	f6ec09afb00fb635e247687e032c39ed0c1ec21b	f6ec09afb00fb635e247687e032c39ed0c1ec21b	702fd2f2978383b3a708ab64230475ae949400c3	yes	yes	0	present_clean_r4	local_peeled_tag
packages/apps/SettingsIntelligence	platform/packages/apps/SettingsIntelligence	refs/tags/android-16.0.0_r4	17abf97d9bb521953218d6bbeda11587c35c632f	17abf97d9bb521953218d6bbeda11587c35c632f	50c2f1bf87af9a545f2d813e593ce692637ae68e	yes	yes	0	present_clean_r4	local_peeled_tag
packages/apps/SpareParts	platform/packages/apps/SpareParts	refs/tags/android-16.0.0_r4	b3f27d8186afe0ee1907a1e88e8e0ca0ac08e256	b3f27d8186afe0ee1907a1e88e8e0ca0ac08e256	df634909f12926560cd3ec44e69d7dbabfbf886a	yes	yes	0	present_clean_r4	local_peeled_tag
packages/apps/Stk	platform/packages/apps/Stk	refs/tags/android-16.0.0_r4	531bda04763606841718649d8c058d91ca888f42	531bda04763606841718649d8c058d91ca888f42	3440e49b090dd3bebb27d83dbcbb16b94b841799	yes	yes	0	present_clean_r4	local_peeled_tag
packages/apps/StorageManager	platform/packages/apps/StorageManager	refs/tags/android-16.0.0_r4	3d83bea9c75bec26d8aacec368f83f090c292286	3d83bea9c75bec26d8aacec368f83f090c292286	c54e694e19dd97b944a398b864469e982d908f4e	yes	yes	0	present_clean_r4	local_peeled_tag
packages/apps/SystemUIGo	platform/packages/apps/SystemUIGo	refs/tags/android-16.0.0_r4	ac3c602208ad38662e1ccf586647aaad6bdd3530	ac3c602208ad38662e1ccf586647aaad6bdd3530	6e200e067f2fb7cb4861bbe3378e712f41be5241	yes	yes	0	present_clean_r4	local_peeled_tag
packages/apps/Tag	platform/packages/apps/Tag	refs/tags/android-16.0.0_r4	4f38f82fbc55815921db4fc11e736b7aba0f362a	4f38f82fbc55815921db4fc11e736b7aba0f362a	cb6981211eb916d864e17b2587b59afd643c848d	yes	yes	0	present_clean_r4	local_peeled_tag
packages/apps/Test/connectivity	platform/packages/apps/Test/connectivity	refs/tags/android-16.0.0_r4	fe8d01bb832962ecda95df428cf3271c2f5edd60	fe8d01bb832962ecda95df428cf3271c2f5edd60	51fe9cb4ad39cb6bed2709c40cc78bc213267f6e	yes	yes	0	present_clean_r4	local_peeled_tag
packages/apps/ThemePicker	platform/packages/apps/ThemePicker	refs/tags/android-16.0.0_r4	107217a2c7caa5087a654d54f75d8f8ec6ced159	107217a2c7caa5087a654d54f75d8f8ec6ced159	32985a0e9a820daf85297259f5a3e757fba592cd	yes	yes	0	present_clean_r4	local_peeled_tag
packages/apps/Traceur	platform/packages/apps/Traceur	refs/tags/android-16.0.0_r4	bfa630608d4eca6c29eddd9ddf253956a3052a8f	bfa630608d4eca6c29eddd9ddf253956a3052a8f	3f3a1ec8950c232c065ec94317ccbb003b784933	yes	yes	0	present_clean_r4	local_peeled_tag
packages/apps/TvSettings	platform/packages/apps/TvSettings	refs/tags/android-16.0.0_r4	656d5af2dbd927a370572dd8c7437fb1450e6114	656d5af2dbd927a370572dd8c7437fb1450e6114	a1400b73ed5bce60f11f9a37949fd4a37be523cc	yes	yes	0	present_clean_r4	local_peeled_tag
packages/apps/TvFeedbackConsent	platform/packages/apps/TvFeedbackConsent	refs/tags/android-16.0.0_r4	5a0ecd683ffe5600edc7f417dfe9e5e927d533ef	5a0ecd683ffe5600edc7f417dfe9e5e927d533ef	1dd84b4b1c9b2e369769bb19ccdb67490956274d	yes	yes	0	present_clean_r4	local_peeled_tag
packages/apps/TvSystemUI	platform/packages/apps/TvSystemUI	refs/tags/android-16.0.0_r4	27e4c908b62cf02c727e91937b908fd9d7542500	27e4c908b62cf02c727e91937b908fd9d7542500	c3fd11e063641261b25717fbcbf540efc953b05d	yes	yes	0	present_clean_r4	local_peeled_tag
packages/apps/TV	platform/packages/apps/TV	refs/tags/android-16.0.0_r4	a5ee3d93e3dd4c022b5d507eab27285b68151df8	a5ee3d93e3dd4c022b5d507eab27285b68151df8	4f737d71fa8cf6a3cd7b4e1102ccfa3b4593997a	yes	yes	0	present_clean_r4	local_peeled_tag
packages/apps/UniversalMediaPlayer	platform/packages/apps/UniversalMediaPlayer	refs/tags/android-16.0.0_r4	520a29dff1786e5a78f6b59f88142e2461f79551	520a29dff1786e5a78f6b59f88142e2461f79551	ed6cb9496d009bce7e51571ce85e43fc56d2dd4b	yes	yes	0	present_clean_r4	local_peeled_tag
packages/apps/WallpaperPicker2	platform/packages/apps/WallpaperPicker2	refs/tags/android-16.0.0_r4	7ed03c9035dcc34e6d226e6251df22887fd24d4f	7ed03c9035dcc34e6d226e6251df22887fd24d4f	de25a76a38a042765a963ec40d9e594785dd380d	yes	yes	0	present_clean_r4	local_peeled_tag
packages/inputmethods/LatinIME	platform/packages/inputmethods/LatinIME	refs/tags/android-16.0.0_r4	efb2760302cb8824ae9fe36f993c48d5adc818b2	efb2760302cb8824ae9fe36f993c48d5adc818b2	2e5b2efb56fd429385fc1e6216f00a3f7bac757a	yes	yes	0	present_clean_r4	local_peeled_tag
packages/inputmethods/LeanbackIME	platform/packages/inputmethods/LeanbackIME	refs/tags/android-16.0.0_r4	003b260359e62af42b5127ec4f9ec33bb9c1a58d	003b260359e62af42b5127ec4f9ec33bb9c1a58d	3ab52ce0695ab2dbab8052778f588b271bdf3afe	yes	yes	0	present_clean_r4	local_peeled_tag
packages/modules/adb	platform/packages/modules/adb	refs/tags/android-16.0.0_r4	78f769e0904c21771cccf6e4e7b239b21800e189	78f769e0904c21771cccf6e4e7b239b21800e189	373048a1a0ae4229d9adf6d312f384ef4d9cda2e	yes	yes	0	present_clean_r4	local_peeled_tag
packages/modules/AdServices	platform/packages/modules/AdServices	refs/tags/android-16.0.0_r4	0681942b96e21f1c13a6456a3e3c26f9ce57b6d2	0681942b96e21f1c13a6456a3e3c26f9ce57b6d2	d94ce81352462a591b165fade174d9eeb5ddce4c	yes	yes	0	present_clean_r4	local_peeled_tag
packages/modules/AppSearch	platform/packages/modules/AppSearch	refs/tags/android-16.0.0_r4	66fdb746655f01346649c34d380faf5dad593b98	66fdb746655f01346649c34d380faf5dad593b98	3e6c7fedb6122136ac06b2ff5924b6986ee54782	yes	yes	0	present_clean_r4	local_peeled_tag
packages/modules/ArtPrebuilt	platform/packages/modules/ArtPrebuilt	refs/tags/android-16.0.0_r4	bee62eeff9f366e5887a439b71f17a43d678be81	bee62eeff9f366e5887a439b71f17a43d678be81	20f3b7f54e6636ecf229b7672e57af98c3843d1a	yes	yes	0	present_clean_r4	local_peeled_tag
packages/modules/Bluetooth	platform/packages/modules/Bluetooth	refs/tags/android-16.0.0_r4	5323f31677c7dfa04de2e6e9fce1012ef4edaff2	5323f31677c7dfa04de2e6e9fce1012ef4edaff2	e85ff45871781107caef4204a0ead9d4ec669afe	yes	yes	0	present_clean_r4	local_peeled_tag
packages/modules/CaptivePortalLogin	platform/packages/modules/CaptivePortalLogin	refs/tags/android-16.0.0_r4	9ff48afa2f0b6991b34a58c8cade756840cc465d	9ff48afa2f0b6991b34a58c8cade756840cc465d	63711293a4a931b95787ae802047092a8812b17d	yes	yes	0	present_clean_r4	local_peeled_tag
packages/modules/CellBroadcastService	platform/packages/modules/CellBroadcastService	refs/tags/android-16.0.0_r4	fdf6660c55ca39d7341a3a5da7f82fad1f7f2787	fdf6660c55ca39d7341a3a5da7f82fad1f7f2787	42eb76414908d180eb904801e6164b00f06df7f2	yes	yes	0	present_clean_r4	local_peeled_tag
packages/modules/common	platform/packages/modules/common	refs/tags/android-16.0.0_r4	deef1ed99f28b761fe55ab4cac61027f6f78f3e8	deef1ed99f28b761fe55ab4cac61027f6f78f3e8	de4b9e6a40d87e372bd5e90a18538f236d763aae	yes	yes	0	present_clean_r4	local_peeled_tag
packages/modules/ConfigInfrastructure	platform/packages/modules/ConfigInfrastructure	refs/tags/android-16.0.0_r4	0c59a9196a09ef1f02571d10525e2cb1d2b8fc53	0c59a9196a09ef1f02571d10525e2cb1d2b8fc53	4e9618c07af10a63f506fff762625b73eea9bbef	yes	yes	0	present_clean_r4	local_peeled_tag
packages/modules/Connectivity	platform/packages/modules/Connectivity	refs/tags/android-16.0.0_r4	f930245ec39a510f37a9a7dfaded96d287491a61	f930245ec39a510f37a9a7dfaded96d287491a61	28d9fe4d9b2c6b8347bd3076022128c872a9acaf	yes	yes	0	present_clean_r4	local_peeled_tag
packages/modules/CrashRecovery	platform/packages/modules/CrashRecovery	refs/tags/android-16.0.0_r4	3253802f854a8d7ad93eb8a47c9bfbead7f541ad	3253802f854a8d7ad93eb8a47c9bfbead7f541ad	a398f7189a8c88efc2b988bb403734e71535944f	yes	yes	0	present_clean_r4	local_peeled_tag
packages/modules/DeviceLock	platform/packages/modules/DeviceLock	refs/tags/android-16.0.0_r4	f93460221d41b5b82dc3de2576e8a64c816d83af	f93460221d41b5b82dc3de2576e8a64c816d83af	54efc54520c6948b115fdc54661b6e82b499bc57	yes	yes	0	present_clean_r4	local_peeled_tag
packages/modules/desktop/Serviceability	platform/packages/modules/desktop/Serviceability	refs/tags/android-16.0.0_r4	4859d689379ca4c3afbaa334bf42a626913b92ab	4859d689379ca4c3afbaa334bf42a626913b92ab	4b825dc642cb6eb9a060e54bf8d69288fbee4904	yes	yes	0	present_clean_r4	local_peeled_tag
packages/modules/ExtServices	platform/packages/modules/ExtServices	refs/tags/android-16.0.0_r4	004fdc40515712fb6a4c1af83e7012af1a053e00	004fdc40515712fb6a4c1af83e7012af1a053e00	cba26d758bc062b066bad4255f56900aea9a299d	yes	yes	0	present_clean_r4	local_peeled_tag
packages/modules/GeoTZ	platform/packages/modules/GeoTZ	refs/tags/android-16.0.0_r4	619ecceafba2da037fb0004fb287c4d38633a7de	619ecceafba2da037fb0004fb287c4d38633a7de	8ecbead3f4b54fd1bd27325cc12909cd3f0ae75e	yes	yes	0	present_clean_r4	local_peeled_tag
packages/modules/Gki	platform/packages/modules/Gki	refs/tags/android-16.0.0_r4	0c2d0423105c14eec22adb5417dfcef6c888c5bd	0c2d0423105c14eec22adb5417dfcef6c888c5bd	aaaf028706eda73bce1451d4db5b8e77b16a967c	yes	yes	0	present_clean_r4	local_peeled_tag
packages/modules/HealthFitness	platform/packages/modules/HealthFitness	refs/tags/android-16.0.0_r4	894d57b85aff1a3a854f95397654a1cf0d6a9451	894d57b85aff1a3a854f95397654a1cf0d6a9451	f5e4fc4a63a723287454b9dd12872df61b9b1293	yes	yes	0	present_clean_r4	local_peeled_tag
packages/modules/ImsMedia	platform/packages/modules/ImsMedia	refs/tags/android-16.0.0_r4	1daeb9c5a910612542ba61c1f41d76a197d31480	1daeb9c5a910612542ba61c1f41d76a197d31480	fb797987a0922e4b89d85259233241e755608f78	yes	yes	0	present_clean_r4	local_peeled_tag
packages/modules/IntentResolver	platform/packages/modules/IntentResolver	refs/tags/android-16.0.0_r4	a2ebe6518a69b891e6994e37755a79ef47a3af1d	a2ebe6518a69b891e6994e37755a79ef47a3af1d	decc38116bb48e2fab8b9ff43022ba18b193bfc7	yes	yes	0	present_clean_r4	local_peeled_tag
packages/modules/IPsec	platform/packages/modules/IPsec	refs/tags/android-16.0.0_r4	c893964d0504d12cf17918961c4d5eab685a1d6c	c893964d0504d12cf17918961c4d5eab685a1d6c	4b651662009f8f89068cbdd756df5f43e0c6e587	yes	yes	0	present_clean_r4	local_peeled_tag
packages/modules/DnsResolver	platform/packages/modules/DnsResolver	refs/tags/android-16.0.0_r4	278cc346b4a2afd88e9b1155b716ebcb50dff8ca	278cc346b4a2afd88e9b1155b716ebcb50dff8ca	3c177831f6759b1ba20bad452973d0f68e522d3f	yes	yes	0	present_clean_r4	local_peeled_tag
packages/modules/Media	platform/packages/modules/Media	refs/tags/android-16.0.0_r4	459248ebc641ab54fb70dac98bc7fd8d1de5fa1c	459248ebc641ab54fb70dac98bc7fd8d1de5fa1c	e4b7a58c1d576f1ce96813eb0b02fffe2d14e137	yes	yes	0	present_clean_r4	local_peeled_tag
packages/modules/ModuleMetadata	platform/packages/modules/ModuleMetadata	refs/tags/android-16.0.0_r4	6a27b364e5e3849a8acebaebec7f8157a0e715fe	6a27b364e5e3849a8acebaebec7f8157a0e715fe	d9296fbe865bfe0331ce8871076bae86d729c6a7	yes	yes	0	present_clean_r4	local_peeled_tag
packages/modules/NetworkStack	platform/packages/modules/NetworkStack	refs/tags/android-16.0.0_r4	853cb402bf02cd935d06d42c1155b0023eabd3e6	853cb402bf02cd935d06d42c1155b0023eabd3e6	0fc38b633aaff21ffd67320a7d5ca425f6b75ca0	yes	yes	0	present_clean_r4	local_peeled_tag
packages/modules/NeuralNetworks	platform/packages/modules/NeuralNetworks	refs/tags/android-16.0.0_r4	a6875e5d6e976da6cda958b57ed6f5ed69360d6b	a6875e5d6e976da6cda958b57ed6f5ed69360d6b	b65fdf038381fb74b914b5b979049ba786bf5dd0	yes	yes	0	present_clean_r4	local_peeled_tag
packages/modules/Nfc	platform/packages/modules/Nfc	refs/tags/android-16.0.0_r4	c0bed21594a248fc8727a9d3bdab2984e3aea014	c0bed21594a248fc8727a9d3bdab2984e3aea014	2a9a7e5de586b89d57acab84422211f5d4f83dbe	yes	yes	0	present_clean_r4	local_peeled_tag
packages/modules/OnDevicePersonalization	platform/packages/modules/OnDevicePersonalization	refs/tags/android-16.0.0_r4	aa6f8aa709297a502f76e79575d7b72fe8788c59	aa6f8aa709297a502f76e79575d7b72fe8788c59	8e1a1ca88dd5edd94b5e43b856772bf5f37d8a46	yes	yes	0	present_clean_r4	local_peeled_tag
packages/modules/Permission	platform/packages/modules/Permission	refs/tags/android-16.0.0_r4	e86c3ce11c473fe33c644296363a9d72069f40a3	e86c3ce11c473fe33c644296363a9d72069f40a3	8bcd3e0517cba1f2c5e3744929f23b1263e9f1c9	yes	yes	0	present_clean_r4	local_peeled_tag
packages/modules/Profiling	platform/packages/modules/Profiling	refs/tags/android-16.0.0_r4	a9e8329f066e5d348a9a4034e534ba940fdc3bbb	a9e8329f066e5d348a9a4034e534ba940fdc3bbb	c53bae1969c532c4be2b1af9b547e309ab8ec690	yes	yes	0	present_clean_r4	local_peeled_tag
packages/modules/RemoteKeyProvisioning	platform/packages/modules/RemoteKeyProvisioning	refs/tags/android-16.0.0_r4	2f638cbf046e0eaf58a82a62e2ec8367fe7e81e7	2f638cbf046e0eaf58a82a62e2ec8367fe7e81e7	886d7978a2aa5cb15ff56e40da949926a57b477b	yes	yes	0	present_clean_r4	local_peeled_tag
packages/modules/RuntimeI18n	platform/packages/modules/RuntimeI18n	refs/tags/android-16.0.0_r4	cd387415c1ab5eee1c32a00fa37a36b8086026fc	cd387415c1ab5eee1c32a00fa37a36b8086026fc	723c7901b7c6485c4c0b23e5f5c88f779c0abb44	yes	yes	0	present_clean_r4	local_peeled_tag
packages/modules/Scheduling	platform/packages/modules/Scheduling	refs/tags/android-16.0.0_r4	5b61c0a1cdfefb7fe79094bed6cbc5175a19b7c8	5b61c0a1cdfefb7fe79094bed6cbc5175a19b7c8	cd3b4a608e5b895794372624834218665e100d8f	yes	yes	0	present_clean_r4	local_peeled_tag
packages/modules/SdkExtensions	platform/packages/modules/SdkExtensions	refs/tags/android-16.0.0_r4	4d10e57070bb9c6edcd13bf74e9d01717b2a5ecf	4d10e57070bb9c6edcd13bf74e9d01717b2a5ecf	295dd0963cf6010ef852975ef933716f430e84c2	yes	yes	0	present_clean_r4	local_peeled_tag
packages/modules/StatsD	platform/packages/modules/StatsD	refs/tags/android-16.0.0_r4	aae39057403d4538cb56c856b880fd02d5765a1e	aae39057403d4538cb56c856b880fd02d5765a1e	c54a37209456cf877557a4fc043fa9d214781104	yes	yes	0	present_clean_r4	local_peeled_tag
packages/modules/Telecom	platform/packages/modules/Telecom	refs/tags/android-16.0.0_r4	6f7ac5d4692c1d807763056bbdee14e192105aef	6f7ac5d4692c1d807763056bbdee14e192105aef	b1276dd3d3cf2cbdb221ea39edb0d08f1da389f2	yes	yes	0	present_clean_r4	local_peeled_tag
packages/modules/Telephony	platform/packages/modules/Telephony	refs/tags/android-16.0.0_r4	6175c04a2cb3254455c58c9c653dc36a8a7e6dac	6175c04a2cb3254455c58c9c653dc36a8a7e6dac	667a5255ba1dd392ce997d39944072e50719defe	yes	yes	0	present_clean_r4	local_peeled_tag
packages/modules/ThreadNetwork	platform/packages/modules/ThreadNetwork	refs/tags/android-16.0.0_r4	dbea7b3705126b234f019dc2996688cc380daa7c	dbea7b3705126b234f019dc2996688cc380daa7c	3b3c415d178252c598f7f09c08f4ca873dc973a1	yes	yes	0	present_clean_r4	local_peeled_tag
packages/modules/Uwb	platform/packages/modules/Uwb	refs/tags/android-16.0.0_r4	f45f43ac59705b5d344a9100ffa3498e0855b5be	f45f43ac59705b5d344a9100ffa3498e0855b5be	68d347a8fdd3c2d93a8d8a4558171b19fdc77a0f	yes	yes	0	present_clean_r4	local_peeled_tag
packages/modules/UprobeStats	platform/packages/modules/UprobeStats	refs/tags/android-16.0.0_r4	ec9dd702aedb505f80f830b2fbfabcfc7b05d77d	ec9dd702aedb505f80f830b2fbfabcfc7b05d77d	6b3532f91c98598693cf613bf6e98ecae9cf2360	yes	yes	0	present_clean_r4	local_peeled_tag
packages/modules/Virtualization	platform/packages/modules/Virtualization	refs/tags/android-16.0.0_r4	739926533e4141ec943a462b39583328110fe4ef	739926533e4141ec943a462b39583328110fe4ef	8fe2c05fe0cdcff1ced990723d9a7a97b0e70131	yes	yes	0	present_clean_r4	local_peeled_tag
packages/modules/vndk	platform/packages/modules/vndk	refs/tags/android-16.0.0_r4	f2caada6c9378ba37879c5b952fab07cf0f46e16	f2caada6c9378ba37879c5b952fab07cf0f46e16	f6fd23576722809eb4c95a513c2964b4e3554aaf	yes	yes	0	present_clean_r4	local_peeled_tag
packages/modules/Wifi	platform/packages/modules/Wifi	refs/tags/android-16.0.0_r4	e3f09203409da7a91d2c5cf9f0109da6d5243319	e3f09203409da7a91d2c5cf9f0109da6d5243319	3bb82c9ea5e5e75dea583b966cbc4f9ce03aa15c	yes	yes	0	present_clean_r4	local_peeled_tag
packages/providers/BlockedNumberProvider	platform/packages/providers/BlockedNumberProvider	refs/tags/android-16.0.0_r4	e72ea41e201eb992fee30283a89b1b5ab76d2c10	e72ea41e201eb992fee30283a89b1b5ab76d2c10	118c4e0167556dfe00de9cde4405a7975c2a3cb9	yes	yes	0	present_clean_r4	local_peeled_tag
packages/providers/BookmarkProvider	platform/packages/providers/BookmarkProvider	refs/tags/android-16.0.0_r4	8cfd4be65fb59790b33c7b3d88bc7d2ac0dccb08	8cfd4be65fb59790b33c7b3d88bc7d2ac0dccb08	547dad8b6e8aabc6b73b01dc9098b6b5b90e5630	yes	yes	0	present_clean_r4	local_peeled_tag
packages/providers/CalendarProvider	platform/packages/providers/CalendarProvider	refs/tags/android-16.0.0_r4	188ad736cb90a55c63f423a59f12ac23c9579133	188ad736cb90a55c63f423a59f12ac23c9579133	49d979ae63f594401663e3c9a7744bf079ecc97d	yes	yes	0	present_clean_r4	local_peeled_tag
packages/providers/CallLogProvider	platform/packages/providers/CallLogProvider	refs/tags/android-16.0.0_r4	70dcb01b52a2eb5f8c33db33cdc0d55fd7db417c	70dcb01b52a2eb5f8c33db33cdc0d55fd7db417c	f4ea4543dca5ff2fa4e4fb76fa7685ba8b4f8186	yes	yes	0	present_clean_r4	local_peeled_tag
packages/providers/ContactsKeysProvider	platform/packages/providers/ContactsKeysProvider	refs/tags/android-16.0.0_r4	e34da7ac64514b232327c0a457f6acfc692874e4	e34da7ac64514b232327c0a457f6acfc692874e4	f35116720cd1b45b0aaf5c937fa2bf23e0cfe65e	yes	yes	0	present_clean_r4	local_peeled_tag
packages/providers/ContactsProvider	platform/packages/providers/ContactsProvider	refs/tags/android-16.0.0_r4	5821e66694f1075d15e48f9a7d073bddd7b34aa8	5821e66694f1075d15e48f9a7d073bddd7b34aa8	51389710b25358209b067ab6a6b6680002c575b8	yes	yes	0	present_clean_r4	local_peeled_tag
packages/providers/DownloadProvider	platform/packages/providers/DownloadProvider	refs/tags/android-16.0.0_r4	a1f6f64f40b78cfe4db4ac2763609c470f487cd4	a1f6f64f40b78cfe4db4ac2763609c470f487cd4	d1420088bc6efdaea3a3bb1d22633e181409a28b	yes	yes	0	present_clean_r4	local_peeled_tag
packages/providers/MediaProvider	platform/packages/providers/MediaProvider	refs/tags/android-16.0.0_r4	217515852d78543d1d7da39bd69d4e03957ee118	217515852d78543d1d7da39bd69d4e03957ee118	6e8f4263c9725d96e7c1577a73800eace076f53a	yes	yes	0	present_clean_r4	local_peeled_tag
packages/providers/PartnerBookmarksProvider	platform/packages/providers/PartnerBookmarksProvider	refs/tags/android-16.0.0_r4	2bae27911d0d4d8657dafc8fd3856b44f435f362	2bae27911d0d4d8657dafc8fd3856b44f435f362	e68d087ecccd8421dc55fc1aac5d568bca9b1c28	yes	yes	0	present_clean_r4	local_peeled_tag
packages/providers/TelephonyProvider	platform/packages/providers/TelephonyProvider	refs/tags/android-16.0.0_r4	6b585cd335401601ce730104242159b18c9c6ae9	6b585cd335401601ce730104242159b18c9c6ae9	b66fa3c317c4360afaa6bf307e8f010ba7e41629	yes	yes	0	present_clean_r4	local_peeled_tag
packages/providers/TvProvider	platform/packages/providers/TvProvider	refs/tags/android-16.0.0_r4	4d31818ed0db5e602429e77c501b22506d29a012	4d31818ed0db5e602429e77c501b22506d29a012	4f4f1434b171c9f74696b7935af39a2cd1ba02e5	yes	yes	0	present_clean_r4	local_peeled_tag
packages/providers/UserDictionaryProvider	platform/packages/providers/UserDictionaryProvider	refs/tags/android-16.0.0_r4	c2c6b446636f6229d2e1c4fb45b7bccd548178cd	c2c6b446636f6229d2e1c4fb45b7bccd548178cd	b5af0ff3852663ef1301947bc393b0143eb1cea3	yes	yes	0	present_clean_r4	local_peeled_tag
packages/screensavers/Basic	platform/packages/screensavers/Basic	refs/tags/android-16.0.0_r4	d40b7351a686e5305dfd70a7b17ae55e4ff821cc	d40b7351a686e5305dfd70a7b17ae55e4ff821cc	ddfa59fa797fc7462e781ace7b0e967a5f062740	yes	yes	0	present_clean_r4	local_peeled_tag
packages/screensavers/PhotoTable	platform/packages/screensavers/PhotoTable	refs/tags/android-16.0.0_r4	92cc7c19c192c207001fa557f131e899a8253656	92cc7c19c192c207001fa557f131e899a8253656	6066f0ba3924f81e0e1fa0cb289a8c329af40085	yes	yes	0	present_clean_r4	local_peeled_tag
packages/services/BuiltInPrintService	platform/packages/services/BuiltInPrintService	refs/tags/android-16.0.0_r4	c66887ef3e9dd9308fbc09baab912162ec0d3035	c66887ef3e9dd9308fbc09baab912162ec0d3035	0a75ebb8348d7a9cdae01cecc552e4ba88fdc6ec	yes	yes	0	present_clean_r4	local_peeled_tag
packages/services/AlternativeNetworkAccess	platform/packages/services/AlternativeNetworkAccess	refs/tags/android-16.0.0_r4	477f82fca76049afdb73638f2e6fc0f6a1b02cb4	477f82fca76049afdb73638f2e6fc0f6a1b02cb4	c506f1279d3697cbfaaeefd7803081e6ba91caab	yes	yes	0	present_clean_r4	local_peeled_tag
packages/services/Car	platform/packages/services/Car	refs/tags/android-16.0.0_r4	b8fe0e1e8ffd792d9601d53d70ccf47d6edf4906	b8fe0e1e8ffd792d9601d53d70ccf47d6edf4906	502c2c5a494a92123839115d0c9bfcda922eef0d	yes	yes	0	present_clean_r4	local_peeled_tag
packages/services/CrossDeviceSync	platform/packages/services/CrossDeviceSync	refs/tags/android-16.0.0_r4	7c81d48ba6461ceaf799ebb118023f3fae80330f	7c81d48ba6461ceaf799ebb118023f3fae80330f	ce37365d9b026429ea76ab8400b1b37ff67323b4	yes	yes	0	present_clean_r4	local_peeled_tag
packages/services/DeviceAsWebcam	platform/packages/services/DeviceAsWebcam	refs/tags/android-16.0.0_r4	2a1916bb47d0a4d8a7a8c715b2856ca7de47e2a9	2a1916bb47d0a4d8a7a8c715b2856ca7de47e2a9	fa781c5523baf1a7b8e87d1d55785babfff44ead	yes	yes	0	present_clean_r4	local_peeled_tag
packages/services/Iwlan	platform/packages/services/Iwlan	refs/tags/android-16.0.0_r4	42b97ec9ec3f8a0f5ad4190607ad56fd749e66b7	42b97ec9ec3f8a0f5ad4190607ad56fd749e66b7	c2100e1290e1f13f3977197aafaa3eeb83e6b11b	yes	yes	0	present_clean_r4	local_peeled_tag
packages/services/Mms	platform/packages/services/Mms	refs/tags/android-16.0.0_r4	63e1ff3d4132d74961e14cae1fce9fffb2524d84	63e1ff3d4132d74961e14cae1fce9fffb2524d84	7c4f46bf5ff7cf7413433838c1be3bc9de455ca5	yes	yes	0	present_clean_r4	local_peeled_tag
packages/services/Mtp	platform/packages/services/Mtp	refs/tags/android-16.0.0_r4	37ec52b1c7f36818dc3de2b6d021f97d244a7569	37ec52b1c7f36818dc3de2b6d021f97d244a7569	0f1d6ef78ed0e88023f93b40c6a135d800a94e51	yes	yes	0	present_clean_r4	local_peeled_tag
packages/services/QualifiedNetworksService	platform/packages/services/QualifiedNetworksService	refs/tags/android-16.0.0_r4	d89dc3ce55aedd6b4b4dea29d901efec7e8ec935	d89dc3ce55aedd6b4b4dea29d901efec7e8ec935	487208102f90db4c1e12b0b55ad929cc00ba031f	yes	yes	0	present_clean_r4	local_peeled_tag
packages/services/Telecomm	platform/packages/services/Telecomm	refs/tags/android-16.0.0_r4	baf8988c0257d04d915a9cd9f7fd647b18e38989	baf8988c0257d04d915a9cd9f7fd647b18e38989	e25a8c342457e19f568411b218542ef110ca6839	yes	yes	0	present_clean_r4	local_peeled_tag
packages/services/Telephony	platform/packages/services/Telephony	refs/tags/android-16.0.0_r4	f83c1261e23243ef1fd0dc3de6bf16f19b0b024d	f83c1261e23243ef1fd0dc3de6bf16f19b0b024d	7da5120546b28c425bf093990d0719afa3738fb9	yes	yes	0	present_clean_r4	local_peeled_tag
packages/wallpapers/LivePicker	platform/packages/wallpapers/LivePicker	refs/tags/android-16.0.0_r4	0436182df30c59db73b1566e78e21375ae2ad659	0436182df30c59db73b1566e78e21375ae2ad659	c4a0929c268260c1e35e7541ba78017fa928ce79	yes	yes	0	present_clean_r4	local_peeled_tag
pdk	platform/pdk	refs/tags/android-16.0.0_r4	ac7df209e3ba002eb4fcfc7c8d4b818a0371fca4	ac7df209e3ba002eb4fcfc7c8d4b818a0371fca4	966b91241107e8a7e3c80c9a7a63c72212112ac9	yes	yes	0	present_clean_r4	local_peeled_tag
platform_testing	platform/platform_testing	refs/tags/android-16.0.0_r4	8037f13cdf3d529fe396f5013f8f944050229861	8037f13cdf3d529fe396f5013f8f944050229861	ea330e4fa2f547b33262538ee6f9841622c42555	yes	yes	0	present_clean_r4	local_peeled_tag
prebuilts/abi-dumps/ndk	platform/prebuilts/abi-dumps/ndk	refs/tags/android-16.0.0_r4	77d8fe1a11366ff90851d17cd2df48db8b6c8693	77d8fe1a11366ff90851d17cd2df48db8b6c8693	cb67f79f7bb57dcb1ebced0d23139905ea4f32ca	yes	yes	0	present_clean_r4	local_peeled_tag
prebuilts/abi-dumps/platform	platform/prebuilts/abi-dumps/platform	refs/tags/android-16.0.0_r4	8097bb8a8eb03da64b6e35c5da0f1163accbd063	8097bb8a8eb03da64b6e35c5da0f1163accbd063	6e18197695ed7a33d4e22af063a278e908f63341	yes	yes	0	present_clean_r4	local_peeled_tag
prebuilts/abi-dumps/vndk	platform/prebuilts/abi-dumps/vndk	refs/tags/android-16.0.0_r4	717d6ca4f41dde94993cf086991988f4686caa34	717d6ca4f41dde94993cf086991988f4686caa34	3f8b3b08838245fc746edb04943b22d270c639d6	yes	yes	0	present_clean_r4	local_peeled_tag
prebuilts/android-emulator	platform/prebuilts/android-emulator	refs/tags/android-16.0.0_r4	683b24d2215f56d9ebbf07b3de05f30e25cfc69a	683b24d2215f56d9ebbf07b3de05f30e25cfc69a	f4d22da2226bf86fcaeb4652811f138505d4979b	yes	yes	0	present_clean_r4	local_peeled_tag
prebuilts/asuite	platform/prebuilts/asuite	refs/tags/android-16.0.0_r4	6d78ddab4ba267aca7d063a4b32aea4c63d432f8	6d78ddab4ba267aca7d063a4b32aea4c63d432f8	8e3e77c971fe3cc4c9ae4278a12b7d47e1997eb7	yes	yes	0	present_clean_r4	local_peeled_tag
prebuilts/bazel/common	platform/prebuilts/bazel/common	refs/tags/android-16.0.0_r4	e24e8ba7c6deed0e2e9c36ad6f255437acd98e0d	e24e8ba7c6deed0e2e9c36ad6f255437acd98e0d	e7034901e37494f3a5c8cc8df7642703334bbaf0	yes	yes	0	present_clean_r4	local_peeled_tag
prebuilts/build-tools	platform/prebuilts/build-tools	refs/tags/android-16.0.0_r4	412724a805835d89234d67c363f7ada7f5f8a67f	412724a805835d89234d67c363f7ada7f5f8a67f	4eb4dbfc5f50876b18080bc3520428774c59e3e8	yes	yes	0	present_clean_r4	local_peeled_tag
prebuilts/bundletool	platform/prebuilts/bundletool	refs/tags/android-16.0.0_r4	4d55b55cd444c97bc021d35316010f57f62d7844	4d55b55cd444c97bc021d35316010f57f62d7844	4a3e33942d16a82bc5bc364161a164a11a36e1b5	yes	yes	0	present_clean_r4	local_peeled_tag
prebuilts/checkcolor	platform/prebuilts/checkcolor	refs/tags/android-16.0.0_r4	47d4cfb86c5001ef70ef9f9fbed6db04209f1775	47d4cfb86c5001ef70ef9f9fbed6db04209f1775	4195a8a40c9bd7c36fba36d4f782984370666e1b	yes	yes	0	present_clean_r4	local_peeled_tag
prebuilts/checkstyle	platform/prebuilts/checkstyle	refs/tags/android-16.0.0_r4	c7c9fc2f7b4bdf04c256153341b4b48a8eb07915	c7c9fc2f7b4bdf04c256153341b4b48a8eb07915	58ee927de3a309ab91d9274660b32ff870abe9c2	yes	yes	0	present_clean_r4	local_peeled_tag
prebuilts/clang-tools	platform/prebuilts/clang-tools	refs/tags/android-16.0.0_r4	83efad2b3479663598cdc6bd48c5289e5847ddc7	83efad2b3479663598cdc6bd48c5289e5847ddc7	46961e61df2a10d7706a0a7bab7062c9f0f006cf	yes	yes	0	present_clean_r4	local_peeled_tag
prebuilts/clang/host/darwin-x86	platform/prebuilts/clang/host/darwin-x86	refs/tags/android-16.0.0_r4	269561cf8e3210a60093db99bc665fdfe8262dd3			no	n/a	n/a	absent_manifest_project	official_ls_remote
prebuilts/clang/host/linux-x86	platform/prebuilts/clang/host/linux-x86	refs/tags/android-16.0.0_r4	9916fb51ccb914d62d35ad9a7b9b21d2ef046928	9916fb51ccb914d62d35ad9a7b9b21d2ef046928	90b8c145f525ec3772198e8275d6ed90ceeca2f7	yes	yes	0	present_clean_r4	local_peeled_tag
prebuilts/cmake/linux-x86	platform/prebuilts/cmake/linux-x86	refs/tags/android-16.0.0_r4	e57c88d59d7d8408a32b16425158fd2aa64e2b3e	e57c88d59d7d8408a32b16425158fd2aa64e2b3e	56de4b628080254aea7e8d00b35c08fa3d486cfb	yes	yes	0	present_clean_r4	local_peeled_tag
prebuilts/cmdline-tools	platform/prebuilts/cmdline-tools	refs/tags/android-16.0.0_r4	c08a13e945b80d870d39c1f1c28265eb56276b41	c08a13e945b80d870d39c1f1c28265eb56276b41	c00e2d50345eb38b12baa73b4252e63e3552b103	yes	yes	0	present_clean_r4	local_peeled_tag
prebuilts/devtools	platform/prebuilts/devtools	refs/tags/android-16.0.0_r4	4bfccde5c7e9ea06f821db40ef0af54f6695c320	4bfccde5c7e9ea06f821db40ef0af54f6695c320	0db892e414f33143e1f7cea2399acc3f064bc41b	yes	yes	0	present_clean_r4	local_peeled_tag
prebuilts/gcc/linux-x86/host/x86_64-linux-glibc2.17-4.8	platform/prebuilts/gcc/linux-x86/host/x86_64-linux-glibc2.17-4.8	refs/tags/android-16.0.0_r4	42526331f8063728da346ded09bf59e8d8a98556	42526331f8063728da346ded09bf59e8d8a98556	66fe546c2aaf61f38f790ee9086653ea42f7c7f3	yes	yes	0	present_clean_r4	local_peeled_tag
prebuilts/gcc/linux-x86/host/x86_64-w64-mingw32-4.8	platform/prebuilts/gcc/linux-x86/host/x86_64-w64-mingw32-4.8	refs/tags/android-16.0.0_r4	b451d4e01e59cd38899e3aafcef6d8676c7c2977	b451d4e01e59cd38899e3aafcef6d8676c7c2977	e4e5f5dc00f337bf5c7eff80adaa2862a52d36a2	yes	yes	0	present_clean_r4	local_peeled_tag
prebuilts/go/darwin-x86	platform/prebuilts/go/darwin-x86	refs/tags/android-16.0.0_r4	a524afa53ed98979d91d4430a109af65cf06b414			no	n/a	n/a	absent_manifest_project	official_ls_remote
prebuilts/go/linux-x86	platform/prebuilts/go/linux-x86	refs/tags/android-16.0.0_r4	71c50d4d0da8b3dee5c70ee45789d001674ca5f6	71c50d4d0da8b3dee5c70ee45789d001674ca5f6	bea5a20fbfc2d8807e318193311bd63ff2a82e55	yes	yes	0	present_clean_r4	local_peeled_tag
prebuilts/gradle-plugin	platform/prebuilts/gradle-plugin	refs/tags/android-16.0.0_r4	099657963966939ddc27437daf30b4a148093671	099657963966939ddc27437daf30b4a148093671	e0fbc71e6e0d3c4cb414f398a89a007a368597e0	yes	yes	0	present_clean_r4	local_peeled_tag
prebuilts/jdk/jdk21	platform/prebuilts/jdk/jdk21	refs/tags/android-16.0.0_r4	ef5bcc92586b839ae3dbacc154127092fa4002ec	ef5bcc92586b839ae3dbacc154127092fa4002ec	9f42f0238c0a854b29ff3fe74e4a948bbde03790	yes	yes	0	present_clean_r4	local_peeled_tag
prebuilts/jdk/jdk25	platform/prebuilts/jdk/jdk25	refs/tags/android-16.0.0_r4	5ac397cf09ba94aba6f7944b58bd5377f435a034	5ac397cf09ba94aba6f7944b58bd5377f435a034	703bfa305f427577c2d8c257ba1e6ef806e9bbe1	yes	yes	0	present_clean_r4	local_peeled_tag
prebuilts/jdk/jdk8	platform/prebuilts/jdk/jdk8	refs/tags/android-16.0.0_r4	6cd518be7a7147ed5b1053edfbf66379bf5a45f9	6cd518be7a7147ed5b1053edfbf66379bf5a45f9	0be85e29e52029782d42daecd153b5bfba9cbe2b	yes	yes	0	present_clean_r4	local_peeled_tag
prebuilts/manifest-merger	platform/prebuilts/manifest-merger	refs/tags/android-16.0.0_r4	93603b6f7483f14666f74f67977794a3a8fc1594	93603b6f7483f14666f74f67977794a3a8fc1594	0faf07ffc56a1677d55f54153aee6a4d35126d6b	yes	yes	0	present_clean_r4	local_peeled_tag
prebuilts/maven_repo/bumptech	platform/prebuilts/maven_repo/bumptech	refs/tags/android-16.0.0_r4	509a65c09c81464e0d1a29d9d7d6d0ab3cec8655	509a65c09c81464e0d1a29d9d7d6d0ab3cec8655	5d789f5ac042dc7c909bc404a830a7bfeccf6843	yes	yes	0	present_clean_r4	local_peeled_tag
prebuilts/misc	platform/prebuilts/misc	refs/tags/android-16.0.0_r4	28b423bbc5d3aec93ba00f8ea05dcc2b3e5b4ad0	28b423bbc5d3aec93ba00f8ea05dcc2b3e5b4ad0	c4a68b07bcdd7aae431c7987082e2380c0cc1da8	yes	yes	0	present_clean_r4	local_peeled_tag
prebuilts/module_sdk/art	platform/prebuilts/module_sdk/art	refs/tags/android-16.0.0_r4	31a3b86dab0b05de6f55d0e4bacf5802ee272cb1	31a3b86dab0b05de6f55d0e4bacf5802ee272cb1	5e484b44b43c4632a6e70a71bd6ae3ee26d8ca24	yes	yes	0	present_clean_r4	local_peeled_tag
prebuilts/module_sdk/AdServices	platform/prebuilts/module_sdk/AdServices	refs/tags/android-16.0.0_r4	04fc7cc94ab688f3f4347e2ea16e64dbb5e5dea6	04fc7cc94ab688f3f4347e2ea16e64dbb5e5dea6	22e2131725fb3e5c4284272592c09e62277b9fe1	yes	yes	0	present_clean_r4	local_peeled_tag
prebuilts/module_sdk/AppSearch	platform/prebuilts/module_sdk/AppSearch	refs/tags/android-16.0.0_r4	9b59183246e45ea13fafd9df8e455183e61d32f0	9b59183246e45ea13fafd9df8e455183e61d32f0	f5c8f96b869f58bf506b6092e56f3b0eaf9c6623	yes	yes	0	present_clean_r4	local_peeled_tag
prebuilts/module_sdk/Bluetooth	platform/prebuilts/module_sdk/Bluetooth	refs/tags/android-16.0.0_r4	1d543b82a8d162e0a3c0d5866a73fdb1b1b9336f	1d543b82a8d162e0a3c0d5866a73fdb1b1b9336f	0d10e700544386bb697ef3c9eb3a3f49fc9992c4	yes	yes	0	present_clean_r4	local_peeled_tag
prebuilts/module_sdk/conscrypt	platform/prebuilts/module_sdk/conscrypt	refs/tags/android-16.0.0_r4	2496f1986cea853e1d2ca6df4755696f02edcd74	2496f1986cea853e1d2ca6df4755696f02edcd74	189e056a15460a1ac731994bbb893e96c3cdeb06	yes	yes	0	present_clean_r4	local_peeled_tag
prebuilts/module_sdk/ConfigInfrastructure	platform/prebuilts/module_sdk/ConfigInfrastructure	refs/tags/android-16.0.0_r4	381a72892910b31919e1eee1564b730ba87e2933	381a72892910b31919e1eee1564b730ba87e2933	ec9dff5230b494ed84194cc15a91068f5f8d3b9d	yes	yes	0	present_clean_r4	local_peeled_tag
prebuilts/module_sdk/Connectivity	platform/prebuilts/module_sdk/Connectivity	refs/tags/android-16.0.0_r4	bceabdc30418c585cb43332224ff7fd9f958dd65	bceabdc30418c585cb43332224ff7fd9f958dd65	e6dc9c749e58217417b81fa503f2052450156954	yes	yes	0	present_clean_r4	local_peeled_tag
prebuilts/module_sdk/CrashRecovery	platform/prebuilts/module_sdk/CrashRecovery	refs/tags/android-16.0.0_r4	7b4b1269b4baf16dbe92716c9a132d64308cb732	7b4b1269b4baf16dbe92716c9a132d64308cb732	af516eb6e9dd382cb12372b266d92a8920836b5e	yes	yes	0	present_clean_r4	local_peeled_tag
prebuilts/module_sdk/DeviceLock	platform/prebuilts/module_sdk/DeviceLock	refs/tags/android-16.0.0_r4	21d2fe0ee2ae6c015fa45d671f01118602ef802c	21d2fe0ee2ae6c015fa45d671f01118602ef802c	acccbc3e392e4d86046b652b52db0029082008f4	yes	yes	0	present_clean_r4	local_peeled_tag
prebuilts/module_sdk/HealthFitness	platform/prebuilts/module_sdk/HealthFitness	refs/tags/android-16.0.0_r4	b95da74365a4e28f02f672b67b9bd139aa379ed5	b95da74365a4e28f02f672b67b9bd139aa379ed5	2a984abc5c1ee16aedd3284468b6cde90aae19bf	yes	yes	0	present_clean_r4	local_peeled_tag
prebuilts/module_sdk/IPsec	platform/prebuilts/module_sdk/IPsec	refs/tags/android-16.0.0_r4	64af35ee83c5dba2a18c5012aedcf36c467fa3cb	64af35ee83c5dba2a18c5012aedcf36c467fa3cb	6847f5d68466aca7daa328dadfa63c9f46c0ba1b	yes	yes	0	present_clean_r4	local_peeled_tag
prebuilts/module_sdk/Media	platform/prebuilts/module_sdk/Media	refs/tags/android-16.0.0_r4	a20d533a1a1b92dd3be5c3b0008a84eaf2e856f3	a20d533a1a1b92dd3be5c3b0008a84eaf2e856f3	64f6249eb2bc443b54096f77a2cd66ba0b4d8e45	yes	yes	0	present_clean_r4	local_peeled_tag
prebuilts/module_sdk/MediaProvider	platform/prebuilts/module_sdk/MediaProvider	refs/tags/android-16.0.0_r4	2b4748bf525ec616d4b6a85f1bf16aea9e1f7929	2b4748bf525ec616d4b6a85f1bf16aea9e1f7929	d2f47d149b8b6b62d2d09d56c98463aa97efe519	yes	yes	0	present_clean_r4	local_peeled_tag
prebuilts/module_sdk/Nfc	platform/prebuilts/module_sdk/Nfc	refs/tags/android-16.0.0_r4	3d0958602e7199ee95fa7280d476e7b355c7ee92	3d0958602e7199ee95fa7280d476e7b355c7ee92	6feddf24e49b942a47aa3bdb59d7f6a4391b6448	yes	yes	0	present_clean_r4	local_peeled_tag
prebuilts/module_sdk/OnDevicePersonalization	platform/prebuilts/module_sdk/OnDevicePersonalization	refs/tags/android-16.0.0_r4	0c5103f1e7cd74cd6c967acdd368c689aa80656b	0c5103f1e7cd74cd6c967acdd368c689aa80656b	69ee75ade465347bce7c475d54f86ec3ec5cda6c	yes	yes	0	present_clean_r4	local_peeled_tag
prebuilts/module_sdk/Permission	platform/prebuilts/module_sdk/Permission	refs/tags/android-16.0.0_r4	fb5f9667ba8c04ffc33e622549d0f580e5f00049	fb5f9667ba8c04ffc33e622549d0f580e5f00049	1918299683ceb2ec411859d3317c7831fa4ae135	yes	yes	0	present_clean_r4	local_peeled_tag
prebuilts/module_sdk/Profiling	platform/prebuilts/module_sdk/Profiling	refs/tags/android-16.0.0_r4	dbf4183b8a5e802b3893d8d4261e053e4f12aa01	dbf4183b8a5e802b3893d8d4261e053e4f12aa01	b97157fb48ee07c6043a6aeee9ad07b45855ee63	yes	yes	0	present_clean_r4	local_peeled_tag
prebuilts/module_sdk/RemoteKeyProvisioning	platform/prebuilts/module_sdk/RemoteKeyProvisioning	refs/tags/android-16.0.0_r4	5f2c6726baffe79931bd90ea83aa41b99ab066b3	5f2c6726baffe79931bd90ea83aa41b99ab066b3	23b7b5c32da6b657c841f4c1cf25ec964e351381	yes	yes	0	present_clean_r4	local_peeled_tag
prebuilts/module_sdk/Scheduling	platform/prebuilts/module_sdk/Scheduling	refs/tags/android-16.0.0_r4	ba03b0e3e6d11df7fe1eda1265fbfe10a7b2e38c	ba03b0e3e6d11df7fe1eda1265fbfe10a7b2e38c	60cb6a9a0df127329972a0df5104358367edc5aa	yes	yes	0	present_clean_r4	local_peeled_tag
prebuilts/module_sdk/SdkExtensions	platform/prebuilts/module_sdk/SdkExtensions	refs/tags/android-16.0.0_r4	cbd7ae8919c2bc405f6e1dfa30b1c6752565835c	cbd7ae8919c2bc405f6e1dfa30b1c6752565835c	8dd4c7ec2d04c0e0cb0f565f985313198b01eaf5	yes	yes	0	present_clean_r4	local_peeled_tag
prebuilts/module_sdk/StatsD	platform/prebuilts/module_sdk/StatsD	refs/tags/android-16.0.0_r4	789a7b408316ed483d837a976f1ddd89b1f5cac4	789a7b408316ed483d837a976f1ddd89b1f5cac4	9c3ad3d413ba4c2f6eb54502d6e3a952b5f7dc66	yes	yes	0	present_clean_r4	local_peeled_tag
prebuilts/module_sdk/Telephony	platform/prebuilts/module_sdk/Telephony	refs/tags/android-16.0.0_r4	b3013ba96ef0c7af957738bc6544b229d3ee8ee8	b3013ba96ef0c7af957738bc6544b229d3ee8ee8	542e6d3c625cb4bfdb92cb9b5f095c5a2abf7a09	yes	yes	0	present_clean_r4	local_peeled_tag
prebuilts/module_sdk/Uwb	platform/prebuilts/module_sdk/Uwb	refs/tags/android-16.0.0_r4	f9dbcfe8668998a85465e131aca72f403ff4cb11	f9dbcfe8668998a85465e131aca72f403ff4cb11	138fdff43c4475553f8f97754526149e651ab534	yes	yes	0	present_clean_r4	local_peeled_tag
prebuilts/module_sdk/Wifi	platform/prebuilts/module_sdk/Wifi	refs/tags/android-16.0.0_r4	b281e77988e56d3d99f3da7c995b5f0ae8a02d9e	b281e77988e56d3d99f3da7c995b5f0ae8a02d9e	ae2eff81dea6443a0698484112daf11a4029ddd0	yes	yes	0	present_clean_r4	local_peeled_tag
prebuilts/ndk	platform/prebuilts/ndk	refs/tags/android-16.0.0_r4	e0e58e67cd11713799cdf6b50ba5843d62881660	e0e58e67cd11713799cdf6b50ba5843d62881660	d76097a1dd242fba00b5a48b4198f235244778ab	yes	yes	0	present_clean_r4	local_peeled_tag
prebuilts/ktlint	platform/prebuilts/ktlint	refs/tags/android-16.0.0_r4	a67606f967ef3008f31333fd965db1fb635420f4	a67606f967ef3008f31333fd965db1fb635420f4	a6e164663f10d0b5489626b69f7c0ee436f5c12b	yes	yes	0	present_clean_r4	local_peeled_tag
prebuilts/qemu-kernel	platform/prebuilts/qemu-kernel	refs/tags/android-16.0.0_r4	85cc152bec254e19fa51e8db5a1ecdf1d86660e6	85cc152bec254e19fa51e8db5a1ecdf1d86660e6	8e64c632bcb0baf85ab8729aa952eda588043f13	yes	yes	0	present_clean_r4	local_peeled_tag
prebuilts/remoteexecution-client	platform/prebuilts/remoteexecution-client	refs/tags/android-16.0.0_r4	5cd24de91ef37f36ae14e818058ad3158b881af8	5cd24de91ef37f36ae14e818058ad3158b881af8	154591f7c8f329c8347b2fb40a95e602bf8cd3da	yes	yes	0	present_clean_r4	local_peeled_tag
prebuilts/runtime	platform/prebuilts/runtime	refs/tags/android-16.0.0_r4	5287487b92204b450eb234cdb263b46d2a0922ad	5287487b92204b450eb234cdb263b46d2a0922ad	a4b0a0388b27d3bc312069f128f79825af2d34ed	yes	yes	0	present_clean_r4	local_peeled_tag
prebuilts/rust	platform/prebuilts/rust	refs/tags/android-16.0.0_r4	06a4f29f8512c6b77bdce81dd036a3e39954803b	06a4f29f8512c6b77bdce81dd036a3e39954803b	b35251143babdcbe0b863457db0a6bd0cf311d02	yes	yes	0	present_clean_r4	local_peeled_tag
prebuilts/r8	platform/prebuilts/r8	refs/tags/android-16.0.0_r4	9a1c3c8fba7f65fba7f2ebceaa4af40bc79d3257	9a1c3c8fba7f65fba7f2ebceaa4af40bc79d3257	a25c6120c85357c764570ae999c3411b91f70a8f	yes	yes	0	present_clean_r4	local_peeled_tag
prebuilts/sdk	platform/prebuilts/sdk	refs/tags/android-16.0.0_r4	8c36435476cbaea0a4170a327e55dd4775cd60b9	8c36435476cbaea0a4170a327e55dd4775cd60b9	0348a182903065a14d190eb1aa670246c3c2106d	yes	yes	0	present_clean_r4	local_peeled_tag
prebuilts/tools	platform/prebuilts/tools	refs/tags/android-16.0.0_r4	d732589d65deb9fc28d6f8271a790afff10984b0	d732589d65deb9fc28d6f8271a790afff10984b0	fc9bc834c837ba85814072fef5e6826006786b74	yes	yes	0	present_clean_r4	local_peeled_tag
prebuilts/vndk/v31	platform/prebuilts/vndk/v31	refs/tags/android-16.0.0_r4	1a059a5a203352d3e0c2fd3ccff5719cc37fc340	1a059a5a203352d3e0c2fd3ccff5719cc37fc340	73f484c83bf828ae1da2d14f1651a0b1f6d5f40f	yes	yes	0	present_clean_r4	local_peeled_tag
prebuilts/vndk/v32	platform/prebuilts/vndk/v32	refs/tags/android-16.0.0_r4	e1ba8043f8368220b412c18ee8392850ab009aae	e1ba8043f8368220b412c18ee8392850ab009aae	97810fe34a164f502300235e2b274b4a5325e782	yes	yes	0	present_clean_r4	local_peeled_tag
prebuilts/vndk/v33	platform/prebuilts/vndk/v33	refs/tags/android-16.0.0_r4	7e8b409cb621f72e4d751b923051eb54620bd25f	7e8b409cb621f72e4d751b923051eb54620bd25f	1fabb1370bae402354dab28676ce04ab8ed061a1	yes	yes	0	present_clean_r4	local_peeled_tag
prebuilts/vndk/v34	platform/prebuilts/vndk/v34	refs/tags/android-16.0.0_r4	90559258d3ae430c36eca7f6761058ef07905a86	90559258d3ae430c36eca7f6761058ef07905a86	beb5b4b61969248462f51f187d8d6b3e139f27f7	yes	yes	0	present_clean_r4	local_peeled_tag
sdk	platform/sdk	refs/tags/android-16.0.0_r4	4d155d6c08932904384ba2f5198dcc984e32501b	4d155d6c08932904384ba2f5198dcc984e32501b	a01cc5f114b5c39279c7d23a2d08de64eb89f37e	yes	yes	0	present_clean_r4	local_peeled_tag
system/apex	platform/system/apex	refs/tags/android-16.0.0_r4	97548ed51112062a4d1762a7dffa0cadcc09bda9	97548ed51112062a4d1762a7dffa0cadcc09bda9	32c68ee5609e728b323d131d97f44926d70a53bd	yes	yes	0	present_clean_r4	local_peeled_tag
system/authgraph	platform/system/authgraph	refs/tags/android-16.0.0_r4	a1d78c5ea9e2a9268d66f044c3985c2962eded7a	a1d78c5ea9e2a9268d66f044c3985c2962eded7a	d0c2576a3b9e4ab8e8b7d810b12001ebbad7ed57	yes	yes	0	present_clean_r4	local_peeled_tag
system/bpf	platform/system/bpf	refs/tags/android-16.0.0_r4	0021d8d13eb1f603db6b1fa61b6d8ae4b65023db	0021d8d13eb1f603db6b1fa61b6d8ae4b65023db	89bbe667c5f070e2df861470271318599a2c2ffb	yes	yes	0	present_clean_r4	local_peeled_tag
system/bpfprogs	platform/system/bpfprogs	refs/tags/android-16.0.0_r4	b49bbc9c1c937d5bdd48e4c937f7ca2f61481a9a	b49bbc9c1c937d5bdd48e4c937f7ca2f61481a9a	c3cccc90bd4123710cc40ccb2eea9d171dd35d30	yes	yes	0	present_clean_r4	local_peeled_tag
system/ca-certificates	platform/system/ca-certificates	refs/tags/android-16.0.0_r4	2a664186cce10593cd726fa682f6236becff1589	2a664186cce10593cd726fa682f6236becff1589	c71dbdbbe52b758e2389023628b753634d916d73	yes	yes	0	present_clean_r4	local_peeled_tag
system/chre	platform/system/chre	refs/tags/android-16.0.0_r4	8845bc1271be36fc5e5ebb7d48b88441bbf96dcc	8845bc1271be36fc5e5ebb7d48b88441bbf96dcc	88d47b182cfcd18d17379047daa31bdf5e989f9f	yes	yes	0	present_clean_r4	local_peeled_tag
system/connectivity/wificond	platform/system/connectivity/wificond	refs/tags/android-16.0.0_r4	ae46055bcbddf8a3122833133c2ac87220cb2ef7	ae46055bcbddf8a3122833133c2ac87220cb2ef7	11fb931a090e325edfdf388a7949c3db5662fb9a	yes	yes	0	present_clean_r4	local_peeled_tag
system/core	platform/system/core	refs/tags/android-16.0.0_r4	e9d1fa3705d7fbd0ac1c942bc4c276161bfbfed1	e9d1fa3705d7fbd0ac1c942bc4c276161bfbfed1	d620c7ba1da8299d097b623f7a820b65466f558b	yes	yes	0	present_clean_r4	local_peeled_tag
system/cros-codecs	platform/system/cros-codecs	refs/tags/android-16.0.0_r4	8eb679687f6355f8630194f789356b3244b4fe0c	8eb679687f6355f8630194f789356b3244b4fe0c	38c5c60ff107832be4ae619fc810dafc9727441d	yes	yes	0	present_clean_r4	local_peeled_tag
system/dmesgd	platform/system/dmesgd	refs/tags/android-16.0.0_r4	6c6e778a3d3ba58573aba7eb112cd0595f8033a9	6c6e778a3d3ba58573aba7eb112cd0595f8033a9	146736f4084801412463f1dbfc7ef5d6fd079961	yes	yes	0	present_clean_r4	local_peeled_tag
system/extras	platform/system/extras	refs/tags/android-16.0.0_r4	3f52a5ab49ba53bc463de658db1d112e001c0280	3f52a5ab49ba53bc463de658db1d112e001c0280	059df3d8215fa88e61d34d8b2451b69877617434	yes	yes	0	present_clean_r4	local_peeled_tag
system/gatekeeper	platform/system/gatekeeper	refs/tags/android-16.0.0_r4	604418333097ac26ab0ba51319221bf2bb2b6d2f	604418333097ac26ab0ba51319221bf2bb2b6d2f	3455074e900919582aed6b9ba02b6b8d581bc5bd	yes	yes	0	present_clean_r4	local_peeled_tag
system/gsid	platform/system/gsid	refs/tags/android-16.0.0_r4	c3bb36a46918c3cd6667857bc84367597c455a52	c3bb36a46918c3cd6667857bc84367597c455a52	b9d18233588764a53079fe42f9481b235b62ed33	yes	yes	0	present_clean_r4	local_peeled_tag
system/hardware/interfaces	platform/system/hardware/interfaces	refs/tags/android-16.0.0_r4	8266ce79ba801eb1cb71f123651ab083ad1c1044	8266ce79ba801eb1cb71f123651ab083ad1c1044	3ed1cfbf4ebd12bac511f1ad0965389d07af23b1	yes	yes	0	present_clean_r4	local_peeled_tag
system/hwservicemanager	platform/system/hwservicemanager	refs/tags/android-16.0.0_r4	21b593ef1d78e8fd23140bac5255bcbc51d5aea0	21b593ef1d78e8fd23140bac5255bcbc51d5aea0	dd698c47de5c68e6305c0fce9831fdd1cdc679a3	yes	yes	0	present_clean_r4	local_peeled_tag
system/incremental_delivery	platform/system/incremental_delivery	refs/tags/android-16.0.0_r4	6d8b9b339e7cc9abfeba475fc4c89984c2824cd9	6d8b9b339e7cc9abfeba475fc4c89984c2824cd9	d30b7a326afa56a148bb8b5d168d4bc9078648d1	yes	yes	0	present_clean_r4	local_peeled_tag
system/keymaster	platform/system/keymaster	refs/tags/android-16.0.0_r4	8cc6a41a78902d42efa1d7db5db44cd9ef810167	8cc6a41a78902d42efa1d7db5db44cd9ef810167	f9d5163c53c025d8317f658e5a2974b71cf4ddfc	yes	yes	0	present_clean_r4	local_peeled_tag
system/keymint	platform/system/keymint	refs/tags/android-16.0.0_r4	748182e106e68bb3661f733be3383a1b548fa51b	748182e106e68bb3661f733be3383a1b548fa51b	f59ab2aa876cc1e6768b7af310f34ce098073562	yes	yes	0	present_clean_r4	local_peeled_tag
system/libartpalette	platform/system/libartpalette	refs/tags/android-16.0.0_r4	04477914833f33d061ed37561eacaeb525dc2887	04477914833f33d061ed37561eacaeb525dc2887	8d0e9934bb2bff6def8ccd66cc40441f280e80f0	yes	yes	0	present_clean_r4	local_peeled_tag
system/libbase	platform/system/libbase	refs/tags/android-16.0.0_r4	bdf0f4db82fae78492c92a55d473aacc4e963e79	bdf0f4db82fae78492c92a55d473aacc4e963e79	d17b4b46f5f02cd67458218e8c6b64a539f33a1e	yes	yes	0	present_clean_r4	local_peeled_tag
system/libcppbor	platform/system/libcppbor	refs/tags/android-16.0.0_r4	93f3967a33aaba470449728abdb972834537b223	93f3967a33aaba470449728abdb972834537b223	d77790723fe1f66f2ab79eb8e18ea3ac7f432f96	yes	yes	0	present_clean_r4	local_peeled_tag
system/libueventd-rs	platform/system/libueventd-rs	refs/tags/android-16.0.0_r4	ad3966b6bea1cc61a38cf5b1cce6cf71c8669e4e	ad3966b6bea1cc61a38cf5b1cce6cf71c8669e4e	3a3bedb5afdeed53a860c40f5e43c4d4428964bd	yes	yes	0	present_clean_r4	local_peeled_tag
system/libfmq	platform/system/libfmq	refs/tags/android-16.0.0_r4	99d47692bc5fb1a967a0e5345164ffd9b4cf0c5b	99d47692bc5fb1a967a0e5345164ffd9b4cf0c5b	2a5b6bb5fb566704a592acff223c79bbe525b688	yes	yes	0	present_clean_r4	local_peeled_tag
system/libhidl	platform/system/libhidl	refs/tags/android-16.0.0_r4	d063c3a2bf981d8dab2ca60ea471f940d71167a6	d063c3a2bf981d8dab2ca60ea471f940d71167a6	b6dfe4fc42484ba085cb9e94b8cfeaf7ab7e17a6	yes	yes	0	present_clean_r4	local_peeled_tag
system/libhwbinder	platform/system/libhwbinder	refs/tags/android-16.0.0_r4	0e0fd15c90a55a45d2cc49b032c25b581d085912	0e0fd15c90a55a45d2cc49b032c25b581d085912	bacaf175f04c37ce5c4a6171b1291230887f17cf	yes	yes	0	present_clean_r4	local_peeled_tag
system/libprocinfo	platform/system/libprocinfo	refs/tags/android-16.0.0_r4	f29c3352895ef664ef31fcf6d1cfcd281297a4b1	f29c3352895ef664ef31fcf6d1cfcd281297a4b1	b262bbcdc572050ddc69a3dd9fe809d0a94a3d6a	yes	yes	0	present_clean_r4	local_peeled_tag
system/librustutils	platform/system/librustutils	refs/tags/android-16.0.0_r4	e5185f0b54a5869f71651e967b8676e928736c41	e5185f0b54a5869f71651e967b8676e928736c41	41575a478cecd89800cd15e58c3349a85bc3a730	yes	yes	0	present_clean_r4	local_peeled_tag
system/libsysprop	platform/system/libsysprop	refs/tags/android-16.0.0_r4	6fc4df7cbb05235f29ff313c9f43aafd02ef57a7	6fc4df7cbb05235f29ff313c9f43aafd02ef57a7	245d510515c8ce3ede6385bda3e8188a2ab3b556	yes	yes	0	present_clean_r4	local_peeled_tag
system/libufdt	platform/system/libufdt	refs/tags/android-16.0.0_r4	10c6b5f81069d6d78c7ef3833458f4d51d02e2a6	10c6b5f81069d6d78c7ef3833458f4d51d02e2a6	d39c0d8ca1bffcc34b6586b5c31df204d7782d27	yes	yes	0	present_clean_r4	local_peeled_tag
system/liburingutils	platform/system/liburingutils	refs/tags/android-16.0.0_r4	f0c0c5a9b817fbc39055dd0d37ee97096add193a	f0c0c5a9b817fbc39055dd0d37ee97096add193a	4b3520ea1dfa96c0eadac876d02b3888396ce2e2	yes	yes	0	present_clean_r4	local_peeled_tag
system/libvintf	platform/system/libvintf	refs/tags/android-16.0.0_r4	69c456ea4aa2f503a2904cfbc11f279a3b2efb09	69c456ea4aa2f503a2904cfbc11f279a3b2efb09	8b9bc687ddaef66d0cb027c8e7fe0e168fa3e0ed	yes	yes	0	present_clean_r4	local_peeled_tag
system/libziparchive	platform/system/libziparchive	refs/tags/android-16.0.0_r4	94db64a81930e4cc8bacca4010bf935f664c97e1	94db64a81930e4cc8bacca4010bf935f664c97e1	726a094cfa2c46d31f6b3be6927304d7cd9995fe	yes	yes	0	present_clean_r4	local_peeled_tag
system/linkerconfig	platform/system/linkerconfig	refs/tags/android-16.0.0_r4	12743643593c9f13784ed30424db2ea09a7bc65f	12743643593c9f13784ed30424db2ea09a7bc65f	868c8ffb7df1c91c6acb00d9fbd640c69007f17c	yes	yes	0	present_clean_r4	local_peeled_tag
system/logging	platform/system/logging	refs/tags/android-16.0.0_r4	58dac317ea08b8f275ebd01ce864acab2de30b93	58dac317ea08b8f275ebd01ce864acab2de30b93	55fdb686a886e51fa5992738a4f570e7aacab63d	yes	yes	0	present_clean_r4	local_peeled_tag
system/media	platform/system/media	refs/tags/android-16.0.0_r4	74807f54ac951b3e7064b8153ef900c6b387b7cf	74807f54ac951b3e7064b8153ef900c6b387b7cf	a930bf123532cca9ea1ea0f9c09dc4e6cbe6305f	yes	yes	0	present_clean_r4	local_peeled_tag
system/memory/libion	platform/system/memory/libion	refs/tags/android-16.0.0_r4	622d6495817e1468ed238c119fc0e0772e213000	622d6495817e1468ed238c119fc0e0772e213000	4921f1c16c3be89874d6a844ac6b548dfff6d220	yes	yes	0	present_clean_r4	local_peeled_tag
system/memory/libdmabufheap	platform/system/memory/libdmabufheap	refs/tags/android-16.0.0_r4	2b9dbd3bcb16fdc0336bb18fddcca6f95badc237	2b9dbd3bcb16fdc0336bb18fddcca6f95badc237	fa573a1c74cfca9bcc68a4636ea47b5609d3acad	yes	yes	0	present_clean_r4	local_peeled_tag
system/memory/libmeminfo	platform/system/memory/libmeminfo	refs/tags/android-16.0.0_r4	49326ec942a00db8994f2dc69796ea28c99643e1	49326ec942a00db8994f2dc69796ea28c99643e1	004f5647aae17d12dfc58f5e5635135ae68c363a	yes	yes	0	present_clean_r4	local_peeled_tag
system/memory/libmemtrack	platform/system/memory/libmemtrack	refs/tags/android-16.0.0_r4	79bee1fc6be158cd66298c02c5237d8bdfba5415	79bee1fc6be158cd66298c02c5237d8bdfba5415	37974a68507f61851840f2e2c2045e5d9ab1db84	yes	yes	0	present_clean_r4	local_peeled_tag
system/memory/libmemunreachable	platform/system/memory/libmemunreachable	refs/tags/android-16.0.0_r4	6417a0b4de782746ec1d68ca4b32b515255e6bb2	6417a0b4de782746ec1d68ca4b32b515255e6bb2	b31fb216c7c4957e2c4b88faed4f19eeeaa91d3f	yes	yes	0	present_clean_r4	local_peeled_tag
system/memory/lmkd	platform/system/memory/lmkd	refs/tags/android-16.0.0_r4	5352c3c8c9e26cadaf31a80b1223019b2898a385	5352c3c8c9e26cadaf31a80b1223019b2898a385	2a6f90183f5500bb14a60c2f51f5ab4b6436f75e	yes	yes	0	present_clean_r4	local_peeled_tag
system/memory/mmd	platform/system/memory/mmd	refs/tags/android-16.0.0_r4	5113e35f85c1d47153d8cdba64d4f10a36f91d2d	5113e35f85c1d47153d8cdba64d4f10a36f91d2d	9368d07b669eb3a3a09a65f565abbe9caf085038	yes	yes	0	present_clean_r4	local_peeled_tag
system/netd	platform/system/netd	refs/tags/android-16.0.0_r4	8d4a0b7420e67cec340dc37a88815d99a16abfa7	8d4a0b7420e67cec340dc37a88815d99a16abfa7	e715331f2d071b3c262e50c3b20caaa0eaec25bc	yes	yes	0	present_clean_r4	local_peeled_tag
system/nvram	platform/system/nvram	refs/tags/android-16.0.0_r4	e21a7a463a55ef9a247a5c2bf62cf12c36a0f5ff	e21a7a463a55ef9a247a5c2bf62cf12c36a0f5ff	e0cfbca49cc5ba374e8f73d40f72dde6320e49b5	yes	yes	0	present_clean_r4	local_peeled_tag
system/secretkeeper	platform/system/secretkeeper	refs/tags/android-16.0.0_r4	02a2af04f312501258394cbbd8476f1b1aa3143c	02a2af04f312501258394cbbd8476f1b1aa3143c	2f9beaacbfc7ea81364c19a7f357ed8433cea7c2	yes	yes	0	present_clean_r4	local_peeled_tag
system/secure_element	platform/system/secure_element	refs/tags/android-16.0.0_r4	624c716c4a5e5366de7d0ca2b090f31e5899b0a9	624c716c4a5e5366de7d0ca2b090f31e5899b0a9	79de14a320189a315f6a9eebf901b768a5614151	yes	yes	0	present_clean_r4	local_peeled_tag
system/security	platform/system/security	refs/tags/android-16.0.0_r4	882e4a2102348cf7c320737d4e21b39c25d3a422	882e4a2102348cf7c320737d4e21b39c25d3a422	25e37f30b9cd7b5ae21f7ad55b745c97b465e029	yes	yes	0	present_clean_r4	local_peeled_tag
system/see/authmgr	platform/system/see/authmgr	refs/tags/android-16.0.0_r4	269e143d063848a954e71b329cf85e80cf64eeb9	269e143d063848a954e71b329cf85e80cf64eeb9	9e97ebd0861196da89a39f46c781d678e9f8a3c4	yes	yes	0	present_clean_r4	local_peeled_tag
system/sepolicy	platform/system/sepolicy	refs/tags/android-16.0.0_r4	43e4494a5a78317819dcc2766a11927c12ef3dfd	43e4494a5a78317819dcc2766a11927c12ef3dfd	c76731bbf18c27491ee925791d6c49c93c3d54c7	yes	yes	0	present_clean_r4	local_peeled_tag
system/server_configurable_flags	platform/system/server_configurable_flags	refs/tags/android-16.0.0_r4	0a600db340a17175d0ac107c234e87724a9305ce	0a600db340a17175d0ac107c234e87724a9305ce	b17a1b3db758600ddb94817cf239729bbb85a6ef	yes	yes	0	present_clean_r4	local_peeled_tag
system/teeui	platform/system/teeui	refs/tags/android-16.0.0_r4	b38bd36e131321f42a4fc8e1e78e45cd619aa5f5	b38bd36e131321f42a4fc8e1e78e45cd619aa5f5	b5de54291133aaabf2487a98ac876768a0ec4da7	yes	yes	0	present_clean_r4	local_peeled_tag
system/testing/gtest_extras	platform/system/testing/gtest_extras	refs/tags/android-16.0.0_r4	bcd079a69b19521e10945d119819d6419fd0c0f5	bcd079a69b19521e10945d119819d6419fd0c0f5	d60e1cc3a4e0dd274bda811730cf47e0a49f990f	yes	yes	0	present_clean_r4	local_peeled_tag
system/timezone	platform/system/timezone	refs/tags/android-16.0.0_r4	eb1eda717eca4335d9f15109a86efe91fcb78c13	eb1eda717eca4335d9f15109a86efe91fcb78c13	3e27c409f5008ddc026fbfb76ca5d0048395ce0b	yes	yes	0	present_clean_r4	local_peeled_tag
system/tools/aidl	platform/system/tools/aidl	refs/tags/android-16.0.0_r4	3747384b876442e7ea0c355fe5adc75b29362833	3747384b876442e7ea0c355fe5adc75b29362833	b23fc12fb071f96a313c6ba70be2046726d13800	yes	yes	0	present_clean_r4	local_peeled_tag
system/tools/hidl	platform/system/tools/hidl	refs/tags/android-16.0.0_r4	9ea202c0fba585c2884a6bb2b1ba2dab46e98a8f	9ea202c0fba585c2884a6bb2b1ba2dab46e98a8f	8768c6f3dea007a396d8f4bf638079758d56ee0a	yes	yes	0	present_clean_r4	local_peeled_tag
system/tools/mkbootimg	platform/system/tools/mkbootimg	refs/tags/android-16.0.0_r4	954bc3ead5e679005fddf3484d247f2557b3c2c9	954bc3ead5e679005fddf3484d247f2557b3c2c9	f2e7356e539626ed5a3565d19f41687da9b1e387	yes	yes	0	present_clean_r4	local_peeled_tag
system/tools/sysprop	platform/system/tools/sysprop	refs/tags/android-16.0.0_r4	bd6e32a74ee891ec03c5b27c7f3c63501f4a623f	bd6e32a74ee891ec03c5b27c7f3c63501f4a623f	06baf1426697dfe829d1c778719e41e50ac64fc2	yes	yes	0	present_clean_r4	local_peeled_tag
system/tools/xsdc	platform/system/tools/xsdc	refs/tags/android-16.0.0_r4	ef55c63066afcba5fd8781c2b056ccbe4c6ce687	ef55c63066afcba5fd8781c2b056ccbe4c6ce687	bd73096b2ef43d5434f4a415d822fea6e65a5df8	yes	yes	0	present_clean_r4	local_peeled_tag
system/unwinding	platform/system/unwinding	refs/tags/android-16.0.0_r4	dca355ef5ab1af481f2eb0f249a87ad2e43f9fff	dca355ef5ab1af481f2eb0f249a87ad2e43f9fff	deade38f0e6eafb3ac89f9bc8e5871655c2a2b26	yes	yes	0	present_clean_r4	local_peeled_tag
system/update_engine	platform/system/update_engine	refs/tags/android-16.0.0_r4	2610dce0e54c7e4d2632b5abb49c55b80ef42be1	2610dce0e54c7e4d2632b5abb49c55b80ef42be1	ea5f87f286379bf0641054c976e98260399e4539	yes	yes	0	present_clean_r4	local_peeled_tag
system/usb_info_tools	platform/system/usb_info_tools	refs/tags/android-16.0.0_r4	2fdec8d588b69950a53a59283203edc4e3a31029	2fdec8d588b69950a53a59283203edc4e3a31029	824e3bdf4dd8b7f90691aded1b50d8bead679d58	yes	yes	0	present_clean_r4	local_peeled_tag
system/vold	platform/system/vold	refs/tags/android-16.0.0_r4	8f86f494ba75a2e37be55429018e9844de324461	8f86f494ba75a2e37be55429018e9844de324461	c38c2c2278edf85a537ed90dafd1aae6b5186dc4	yes	yes	0	present_clean_r4	local_peeled_tag
system/zygote	platform/system/zygote	refs/tags/android-16.0.0_r4	c2f43e2519e845d3e152dad0d539be8f03b0afa6	c2f43e2519e845d3e152dad0d539be8f03b0afa6	6a6ef9b7f395485210585ad2d63a02f989e004de	yes	yes	0	present_clean_r4	local_peeled_tag
test/dittosuite	platform/test/dittosuite	refs/tags/android-16.0.0_r4	c83401797947e2f1087e5d3127e58a3da0bb1b03	c83401797947e2f1087e5d3127e58a3da0bb1b03	16befe338e7f88e852ff12234ecdd04adbc9016a	yes	yes	0	present_clean_r4	local_peeled_tag
test/graphics	platform/test/graphics	refs/tags/android-16.0.0_r4	de0341a0330603adc7fa63d2826d84f4b793a509	de0341a0330603adc7fa63d2826d84f4b793a509	4b825dc642cb6eb9a060e54bf8d69288fbee4904	yes	yes	0	present_clean_r4	local_peeled_tag
test/robolectric-extensions	platform/test/robolectric-extensions	refs/tags/android-16.0.0_r4	0e88a5efadf17b4a89ba231ccf15ec3f57bf2a65	0e88a5efadf17b4a89ba231ccf15ec3f57bf2a65	1d7c758ca153cee3cfb3bbe2378ad8f40d90391b	yes	yes	0	present_clean_r4	local_peeled_tag
test/mlts/benchmark	platform/test/mlts/benchmark	refs/tags/android-16.0.0_r4	4617f7e28793f979153f3b088a79ba796e0268b3	4617f7e28793f979153f3b088a79ba796e0268b3	023bd0c13333c4d5ac7f0ec15f626dc8c7c016e5	yes	yes	0	present_clean_r4	local_peeled_tag
test/mlts/models	platform/test/mlts/models	refs/tags/android-16.0.0_r4	cbb1ae5cfde49ed06ccf4afaa2fae1054364d4f3	cbb1ae5cfde49ed06ccf4afaa2fae1054364d4f3	04b8608e50cb09f48cdb2555b2b5d0b1088d14a0	yes	yes	0	present_clean_r4	local_peeled_tag
test/app_compat/csuite	platform/test/app_compat/csuite	refs/tags/android-16.0.0_r4	0cf35be40138d364aa9048d948f6d8c50ec0ae73	0cf35be40138d364aa9048d948f6d8c50ec0ae73	932dca5b3e6bba9043ff66aec198259abb2a09fe	yes	yes	0	present_clean_r4	local_peeled_tag
test/cts-root	platform/test/cts-root	refs/tags/android-16.0.0_r4	b5af0e9781981fda46596e94fb26c2064cfd24b1	b5af0e9781981fda46596e94fb26c2064cfd24b1	fbd62975fa8a372ddd06c525c1b682d6b7bb3657	yes	yes	0	present_clean_r4	local_peeled_tag
test/mts	platform/test/mts	refs/tags/android-16.0.0_r4	1c8816dda505c04a1e0ae63973c2ff8753eae2ae	1c8816dda505c04a1e0ae63973c2ff8753eae2ae	0251fe0426445ee3f5ed31ee7de3da61115d8054	yes	yes	0	present_clean_r4	local_peeled_tag
test/suite_harness	platform/test/suite_harness	refs/tags/android-16.0.0_r4	76cb8a7eec4254999f2abe32a9f1931b07a40851	76cb8a7eec4254999f2abe32a9f1931b07a40851	cfec42a90eabc336b56701c88f396be3acfa3827	yes	yes	0	present_clean_r4	local_peeled_tag
test/vts	platform/test/vts	refs/tags/android-16.0.0_r4	d63829b1cce079648980ac01ceb363a99750ba78	d63829b1cce079648980ac01ceb363a99750ba78	76557c9b8e13c20180754ddebae9b0aa927a9908	yes	yes	0	present_clean_r4	local_peeled_tag
test/vts-testcase/hal	platform/test/vts-testcase/hal	refs/tags/android-16.0.0_r4	721972fce1b73f422621fdea3ee7cbc62f445df6	721972fce1b73f422621fdea3ee7cbc62f445df6	088c5cdba95d23e06b39c3861d38f1a22a1519ce	yes	yes	0	present_clean_r4	local_peeled_tag
test/vts-testcase/kernel	platform/test/vts-testcase/kernel	refs/tags/android-16.0.0_r4	8f4ac61303661ceb0d13609ba6007841ee4d17f2	8f4ac61303661ceb0d13609ba6007841ee4d17f2	ab7e8774b979b1afa6826b6572930fe39b66ee56	yes	yes	0	present_clean_r4	local_peeled_tag
test/vts-testcase/nbu	platform/test/vts-testcase/nbu	refs/tags/android-16.0.0_r4	72a3bd47e665633df281314fd6be8b3e7d642f2a	72a3bd47e665633df281314fd6be8b3e7d642f2a	d8db904ff542f4d6771c6b4f2098afc5338c8a28	yes	yes	0	present_clean_r4	local_peeled_tag
test/vts-testcase/performance	platform/test/vts-testcase/performance	refs/tags/android-16.0.0_r4	77fabc1c9f6e769a6eeaba4a7ccba9809247bbbd	77fabc1c9f6e769a6eeaba4a7ccba9809247bbbd	3064f700eb66f4607c800f027b0252226451c3e0	yes	yes	0	present_clean_r4	local_peeled_tag
test/vts-testcase/security	platform/test/vts-testcase/security	refs/tags/android-16.0.0_r4	cb1ab4b9ba3ef60cc389b1cf0c25d5245a23f779	cb1ab4b9ba3ef60cc389b1cf0c25d5245a23f779	09ab47ba7421083279a18e47b042bdac1656a89b	yes	yes	0	present_clean_r4	local_peeled_tag
test/vts-testcase/vndk	platform/test/vts-testcase/vndk	refs/tags/android-16.0.0_r4	9e348eb0a771570c08e41693bf83e499547f1321	9e348eb0a771570c08e41693bf83e499547f1321	7387653930e6a0c32067ebbcdc63c994c23f42e5	yes	yes	0	present_clean_r4	local_peeled_tag
test/catbox	platform/test/catbox	refs/tags/android-16.0.0_r4	91326e295ad276bb678e3bc269943a467fd6d922	91326e295ad276bb678e3bc269943a467fd6d922	b91ceb2b075779b860686b7ffed1cf7d7b663bf4	yes	yes	0	present_clean_r4	local_peeled_tag
toolchain/pgo-profiles	toolchain/pgo-profiles	refs/tags/android-16.0.0_r4	09143208038651bf107b8557d79a206b962cb7b6	09143208038651bf107b8557d79a206b962cb7b6	4834c2c30a4ccc48f8bfa0e98bd47b5fe30b002b	yes	yes	0	present_clean_r4	local_peeled_tag
tools/aadevtools	platform/tools/aadevtools	refs/tags/android-16.0.0_r4	b32fbb6340ee6fe4a25d7b39d84085c084465677	b32fbb6340ee6fe4a25d7b39d84085c084465677	29989ad8d4f5884cde2b70324c980fd8215c5e07	yes	yes	0	present_clean_r4	local_peeled_tag
tools/acloud	platform/tools/acloud	refs/tags/android-16.0.0_r4	bb03f41b5feb6719a71f637f59054c4593cfea91	bb03f41b5feb6719a71f637f59054c4593cfea91	115d0305fbb86d5994c669b855061bf51735b692	yes	yes	0	present_clean_r4	local_peeled_tag
tools/apifinder	platform/tools/apifinder	refs/tags/android-16.0.0_r4	ed3cc22572ea5fc243355a6e5093f0fcd823685c	ed3cc22572ea5fc243355a6e5093f0fcd823685c	5a98b842ac161e270817adccb77c647db62f43b0	yes	yes	0	present_clean_r4	local_peeled_tag
tools/apksig	platform/tools/apksig	refs/tags/android-16.0.0_r4	ba8f1f1c74b62b8742c9946b09d4a9c6ac7446ae	ba8f1f1c74b62b8742c9946b09d4a9c6ac7446ae	c1a55cfc27cdd1ee2933c816c9f129c0afcb1cdb	yes	yes	0	present_clean_r4	local_peeled_tag
tools/apkzlib	platform/tools/apkzlib	refs/tags/android-16.0.0_r4	9c3094a04dff8e70054da9eaa66b6011c81fa00d	9c3094a04dff8e70054da9eaa66b6011c81fa00d	28bf6d52bca2fcd8f5752b18019cd618df59db2e	yes	yes	0	present_clean_r4	local_peeled_tag
tools/asuite	platform/tools/asuite	refs/tags/android-16.0.0_r4	598fe1c31d57ea3934b55a8aeaf27cffe04a6ed2	598fe1c31d57ea3934b55a8aeaf27cffe04a6ed2	12eef4fe7e90b3f043de5d26eed5ea1729a4dd28	yes	yes	0	present_clean_r4	local_peeled_tag
tools/carrier_settings	platform/tools/carrier_settings	refs/tags/android-16.0.0_r4	cbb3c83aee762a0a632495295fa611560bca5df0	cbb3c83aee762a0a632495295fa611560bca5df0	5af5c2b3ecfbf4d034fac33cf9a7fb484d8bccce	yes	yes	0	present_clean_r4	local_peeled_tag
tools/content_addressed_storage/prebuilts	platform/tools/content_addressed_storage/prebuilts	refs/tags/android-16.0.0_r4	65bd5ff6af62654b11b42d91008b77751bd748f3	65bd5ff6af62654b11b42d91008b77751bd748f3	a150285f1b66fd42c640e4f22b3f8c536a40e21f	yes	yes	0	present_clean_r4	local_peeled_tag
tools/currysrc	platform/tools/currysrc	refs/tags/android-16.0.0_r4	95f68d6bb4e88c0e5739eb13d26ac5c5158c6f4b	95f68d6bb4e88c0e5739eb13d26ac5c5158c6f4b	1183ab49ff60497ff513c806895b7558361d3b96	yes	yes	0	present_clean_r4	local_peeled_tag
tools/deviceinfra/prebuilts	platform/tools/deviceinfra/prebuilts	refs/tags/android-16.0.0_r4	e6caee8816a8cb43ac979093ba494711c0904904	e6caee8816a8cb43ac979093ba494711c0904904	825984dbdeaa540645d678c48597f0c260a06350	yes	yes	0	present_clean_r4	local_peeled_tag
tools/dexter	platform/tools/dexter	refs/tags/android-16.0.0_r4	da7e3a761d4fee509ba68f139b15f034b1dd2344	da7e3a761d4fee509ba68f139b15f034b1dd2344	ff53e9d2c408c0a4497da1589e53130e9e170b0e	yes	yes	0	present_clean_r4	local_peeled_tag
tools/doc_generation	platform/tools/doc_generation	refs/tags/android-16.0.0_r4	08aac91132a0b7109130271c27717b07f80ff8c3	08aac91132a0b7109130271c27717b07f80ff8c3	7af75575a2fedf42c515e35c8810eb74a7823469	yes	yes	0	present_clean_r4	local_peeled_tag
tools/external_updater	platform/tools/external_updater	refs/tags/android-16.0.0_r4	d532d025f703b22fefa3a11d883a6f80e441a684	d532d025f703b22fefa3a11d883a6f80e441a684	e7a9ff3e12c1e98b0065d370dd20d8ac88f7463b	yes	yes	0	present_clean_r4	local_peeled_tag
tools/external/fat32lib	platform/tools/external/fat32lib	refs/tags/android-16.0.0_r4	11b1061d834666a605e7a02fe757341ef224a04d	11b1061d834666a605e7a02fe757341ef224a04d	4eb0655273eaa2e6a26d41de780d966c5123c9b5	yes	yes	0	present_clean_r4	local_peeled_tag
tools/lint_checks	platform/tools/lint_checks	refs/tags/android-16.0.0_r4	925ee2da6226009677934dc8aaa613e5e09272a3	925ee2da6226009677934dc8aaa613e5e09272a3	22cf79ce84a29e2b9245763e32b7b7f547c8f4b3	yes	yes	0	present_clean_r4	local_peeled_tag
tools/loganalysis	platform/tools/loganalysis	refs/tags/android-16.0.0_r4	9eede0caa62452b49c2e4ab24a69d7e87971b4df	9eede0caa62452b49c2e4ab24a69d7e87971b4df	e1a0b4fc71e048e87923fc47b47b41dbdae4dec0	yes	yes	0	present_clean_r4	local_peeled_tag
tools/metalava	platform/tools/metalava	refs/tags/android-16.0.0_r4	9809e0d70a5b807be3d7070d51f9c4714f2fdcb4	9809e0d70a5b807be3d7070d51f9c4714f2fdcb4	3fab207795b620a2a40d27ab3632f4b5bc3b637a	yes	yes	0	present_clean_r4	local_peeled_tag
tools/netsim	platform/tools/netsim	refs/tags/android-16.0.0_r4	bb4d3c897a084f0accbb91a6712f535c5e1cb6c9	bb4d3c897a084f0accbb91a6712f535c5e1cb6c9	6bc900ae1c3c8deec453ca3a0336a7eccc6a720e	yes	yes	0	present_clean_r4	local_peeled_tag
tools/platform-compat	tools/platform-compat	refs/tags/android-16.0.0_r4	4ab77c670ae118637c8f9d2aadc8885243449d07	4ab77c670ae118637c8f9d2aadc8885243449d07	3097e9d45c0ff0c647fe27a238abb29916918d3c	yes	yes	0	present_clean_r4	local_peeled_tag
tools/ndkports	platform/tools/ndkports	refs/tags/android-16.0.0_r4	2e149f73a8e792fff6dc6aadc18d0d919a071282	2e149f73a8e792fff6dc6aadc18d0d919a071282	72e099912b9a2ba6b031302cbf4b6167bca58c45	yes	yes	0	present_clean_r4	local_peeled_tag
tools/repohooks	platform/tools/repohooks	refs/tags/android-16.0.0_r4	fdf788032f92aa818e005d5ee6212b0137c3e888	fdf788032f92aa818e005d5ee6212b0137c3e888	260724413c138e62cf1971fa16effa591374a8b2	yes	yes	0	present_clean_r4	local_peeled_tag
tools/rootcanal	platform/tools/rootcanal	refs/tags/android-16.0.0_r4	fff26b87a3db4f4b8c6606373704f12ae9243dd8	fff26b87a3db4f4b8c6606373704f12ae9243dd8	7fbbff788e364da85c8a60eb634cc7fec844803f	yes	yes	0	present_clean_r4	local_peeled_tag
tools/security	platform/tools/security	refs/tags/android-16.0.0_r4	482c973369f4731aa87d96d77afba013d74c323d	482c973369f4731aa87d96d77afba013d74c323d	ecefe46d462a0970d43c47378b643383135e775f	yes	yes	0	present_clean_r4	local_peeled_tag
tools/test/connectivity	platform/tools/test/connectivity	refs/tags/android-16.0.0_r4	cab752f2bc66fad64154018fc75eabce94878434	cab752f2bc66fad64154018fc75eabce94878434	ff7dfca07d5d951655828226b7e2392eb672d479	yes	yes	0	present_clean_r4	local_peeled_tag
tools/test/mobly_extensions	platform/tools/test/mobly_extensions	refs/tags/android-16.0.0_r4	50be7d33a87a86928e5286b8aa2d4878933bddb9	50be7d33a87a86928e5286b8aa2d4878933bddb9	c279de82f3ddb3d1ce6676dc0a42a1c7635f7d19	yes	yes	0	present_clean_r4	local_peeled_tag
tools/test/mobly_snippets	platform/tools/test/mobly_snippets	refs/tags/android-16.0.0_r4	73a1aa2edf8cb9701c07f3d790914a374eaac6b8	73a1aa2edf8cb9701c07f3d790914a374eaac6b8	8eb81ec90adb8167631cbbbb53c78843784bdce9	yes	yes	0	present_clean_r4	local_peeled_tag
tools/test/openhst	platform/tools/test/openhst	refs/tags/android-16.0.0_r4	e9b360fda0dfcb530417610240484146b4dde2b4	e9b360fda0dfcb530417610240484146b4dde2b4	58ada290f109d984677ce6c1b4fefddaf3360c58	yes	yes	0	present_clean_r4	local_peeled_tag
tools/tradefederation/core	platform/tools/tradefederation	refs/tags/android-16.0.0_r4	5016e401dda81550fe37f761eebdbe200a080d7c	5016e401dda81550fe37f761eebdbe200a080d7c	24d902208177e4e100daba3aec727aefb23e88b6	yes	yes	0	present_clean_r4	local_peeled_tag
tools/tradefederation/contrib	platform/tools/tradefederation/contrib	refs/tags/android-16.0.0_r4	5196cc3f918c6b1351d6e02620d10e436be2f18d	5196cc3f918c6b1351d6e02620d10e436be2f18d	5b36053d0c0af4ce2c38c614e6b4272b6f86d25e	yes	yes	0	present_clean_r4	local_peeled_tag
tools/tradefederation/prebuilts	platform/tools/tradefederation/prebuilts	refs/tags/android-16.0.0_r4	0e7e8f36f6f7b391070dc4a3d644ab80d0763436	0e7e8f36f6f7b391070dc4a3d644ab80d0763436	f5428b57371f9a20bb54c5f8ed7c00b5316e455e	yes	yes	0	present_clean_r4	local_peeled_tag
tools/treble	platform/tools/treble	refs/tags/android-16.0.0_r4	f57d13e4bff65c8fc8e38a91868c08b2640f4c41	f57d13e4bff65c8fc8e38a91868c08b2640f4c41	fd4567dc29b1f95283dcad5c7025d028831a3db5	yes	yes	0	present_clean_r4	local_peeled_tag
tools/trebuchet	platform/tools/trebuchet	refs/tags/android-16.0.0_r4	8997121f6dd6dd50224ffa20ff83c1a45803fd78	8997121f6dd6dd50224ffa20ff83c1a45803fd78	6c963a4b0a512751e31d017c661bb882ef2a4375	yes	yes	0	present_clean_r4	local_peeled_tag
trusty/device/arm/generic-arm64	trusty/device/arm/generic-arm64	refs/tags/android-16.0.0_r4	337ab4e9079009e3e3079f8607fc3fd330473b7a	337ab4e9079009e3e3079f8607fc3fd330473b7a	1e02ae9ce0c435755939c2fb0d32e6e206d020ad	yes	yes	0	present_clean_r4	local_peeled_tag
trusty/device/arm/vexpress-a15	trusty/device/arm/vexpress-a15	refs/tags/android-16.0.0_r4	303ea92e4d6e24dc9225029a0e5130c2eeaf4f9a	303ea92e4d6e24dc9225029a0e5130c2eeaf4f9a	888101848b217f874c5c46fa0d0489979119785f	yes	yes	0	present_clean_r4	local_peeled_tag
trusty/device/common	trusty/device/common	refs/tags/android-16.0.0_r4	6b48a3e39a94093a693914779e9f9aa9859f5366	6b48a3e39a94093a693914779e9f9aa9859f5366	b3e3cad801f81eb6a651111a0808e03d3fee1c6e	yes	yes	0	present_clean_r4	local_peeled_tag
trusty/device/desktop	trusty/device/desktop	refs/tags/android-16.0.0_r4	14197c721d25b8d9746607f2acded59d165e9a3e	14197c721d25b8d9746607f2acded59d165e9a3e	3a862622b2d89c5b78981ade50b09734247d4a6c	yes	yes	0	present_clean_r4	local_peeled_tag
trusty/device/nxp/imx7d	trusty/device/nxp/imx7d	refs/tags/android-16.0.0_r4	b22c680157cb8b0bc688b19609144ebc0fe55a19	b22c680157cb8b0bc688b19609144ebc0fe55a19	bfbcbfdbe98b777a46cacb7365a9f046b9f5e686	yes	yes	0	present_clean_r4	local_peeled_tag
trusty/device/x86/generic-x86_64	trusty/device/x86/generic-x86_64	refs/tags/android-16.0.0_r4	5ae47b42ac9809339d68ce35450fb02350bb116d	5ae47b42ac9809339d68ce35450fb02350bb116d	fb50bd473dcd8f1e26478547af2a7c24b93d47aa	yes	yes	0	present_clean_r4	local_peeled_tag
trusty/hardware/nxp	trusty/lk/nxp	refs/tags/android-16.0.0_r4	b7edfedaf3b4660d1d1b57087424bb56e5f59bde	b7edfedaf3b4660d1d1b57087424bb56e5f59bde	a2107aeebdd280d7a31f4b07c0b5e1848ce40db3	yes	yes	0	present_clean_r4	local_peeled_tag
trusty/host/common	trusty/host/common	refs/tags/android-16.0.0_r4	6691e0c4c5ea1deeb0bde6b2deabe6e97265df9e	6691e0c4c5ea1deeb0bde6b2deabe6e97265df9e	d51a21cb9eb9172386ff33613d3b13d1654db933	yes	yes	0	present_clean_r4	local_peeled_tag
trusty/kernel	trusty/lk/trusty	refs/tags/android-16.0.0_r4	a90c6fecc7a66d1029b75422944579091e555b69	a90c6fecc7a66d1029b75422944579091e555b69	f9289b947ccaed1cbdb1bb0c5aebf445a987fec9	yes	yes	0	present_clean_r4	local_peeled_tag
trusty/user/app/authmgr	trusty/app/authmgr	refs/tags/android-16.0.0_r4	9173bc8978469080f97316388598585a6d971c59	9173bc8978469080f97316388598585a6d971c59	f08bb8ca52f29760362236e14e4d820f79772c70	yes	yes	0	present_clean_r4	local_peeled_tag
trusty/user/app/avb	trusty/app/avb	refs/tags/android-16.0.0_r4	c0c6bdc94ff55dbd91ebf867cf309fb0d6e8ee9c	c0c6bdc94ff55dbd91ebf867cf309fb0d6e8ee9c	0d09639817a8b30d7941af8fafa17de503906199	yes	yes	0	present_clean_r4	local_peeled_tag
trusty/user/app/cast-auth	trusty/app/cast-auth	refs/tags/android-16.0.0_r4	c3daf7761bc5da422a56c05da1170677beee9a08	c3daf7761bc5da422a56c05da1170677beee9a08	e18fb4f34911f871e81f2b1d27c1c97fe67e89bb	yes	yes	0	present_clean_r4	local_peeled_tag
trusty/user/app/confirmationui	trusty/app/confirmationui	refs/tags/android-16.0.0_r4	ff29a3a01fb0d0ea1e4eea76ab58a0168c54c45d	ff29a3a01fb0d0ea1e4eea76ab58a0168c54c45d	f5537fb5bca084943e7ff8853ad7cd64ea1d143b	yes	yes	0	present_clean_r4	local_peeled_tag
trusty/user/app/gatekeeper	trusty/app/gatekeeper	refs/tags/android-16.0.0_r4	b4a320d8575a75d93d2287a5d1fdd259f7ac316e	b4a320d8575a75d93d2287a5d1fdd259f7ac316e	47a39b59bd219da37f44775659b3c471924e7e6e	yes	yes	0	present_clean_r4	local_peeled_tag
trusty/user/app/keymaster	trusty/app/keymaster	refs/tags/android-16.0.0_r4	4788f11e1c8d6819bea2761593a72d655c34cdbd	4788f11e1c8d6819bea2761593a72d655c34cdbd	eeb3976846f9b693e537d89c9cfe2c02ff4eab5d	yes	yes	0	present_clean_r4	local_peeled_tag
trusty/user/app/keymint	trusty/app/keymint	refs/tags/android-16.0.0_r4	1ace198346e229417a213b74c7f0a267334ffd03	1ace198346e229417a213b74c7f0a267334ffd03	20e8d5d80bfc527e1a24b9aa81d8039415897b34	yes	yes	0	present_clean_r4	local_peeled_tag
trusty/user/app/sample	trusty/app/sample	refs/tags/android-16.0.0_r4	76d29d5cd4129487280b6631a529392ee6b2f001	76d29d5cd4129487280b6631a529392ee6b2f001	3843661687424d670699aa4e369409a34285411c	yes	yes	0	present_clean_r4	local_peeled_tag
trusty/user/app/secretkeeper	trusty/app/secretkeeper	refs/tags/android-16.0.0_r4	b320ac47c6130b60a98a159b9ec982065f8ed4e2	b320ac47c6130b60a98a159b9ec982065f8ed4e2	599dc9ee718df2dbe3935a48995a0aeff47e8a34	yes	yes	0	present_clean_r4	local_peeled_tag
trusty/user/app/storage	trusty/app/storage	refs/tags/android-16.0.0_r4	1c96f01ad7475a75545e34e493aa5704d301cba6	1c96f01ad7475a75545e34e493aa5704d301cba6	f8bf4a9bd130420434e0a459efe75c9119dc0720	yes	yes	0	present_clean_r4	local_peeled_tag
trusty/user/base	trusty/lib	refs/tags/android-16.0.0_r4	ecd3ec6263123df45f819a06592c3b9e214c6780	ecd3ec6263123df45f819a06592c3b9e214c6780	e8698147e0ca2a6c4c8963695cf707eb6daef752	yes	yes	0	present_clean_r4	local_peeled_tag
trusty/user/desktop	trusty/user/desktop	refs/tags/android-16.0.0_r4	a32b9a46e1d7637c6ecf8b72889efdf6d06e54ad	a32b9a46e1d7637c6ecf8b72889efdf6d06e54ad	e921eba293e7791d9e8c5885266b7982c601c15c	yes	yes	0	present_clean_r4	local_peeled_tag
trusty/vendor/google/aosp	trusty/vendor/google/aosp	refs/tags/android-16.0.0_r4	d7d9290a95487f224042ff08a374c4261940b15d	d7d9290a95487f224042ff08a374c4261940b15d	cda6af95cd881f57b6a691d15eb176b1af13bf42	yes	yes	0	present_clean_r4	local_peeled_tag
